{"split0_index": [3, 4, 5], "split0_pred": [0, 0, 0], "split0_test": [1, 0, 0], "split0_notXOR": [0, 1, 1], "split0_prob": [0.44681502886023655, 0.10637761946128947, 0.44681502886023655], "split1_index": [6, 7, 8], "split1_pred": [0, 0, 0], "split1_test": [1, 0, 0], "split1_notXOR": [0, 1, 1], "split1_prob": [0.46568901202387325, 0.06863914681364641, 0.46568901202387325], "split2_index": [9, 10, 11], "split2_pred": [0, 0, 0], "split2_test": [1, 0, 0], "split2_notXOR": [0, 1, 1], "split2_prob": [0.47405888339151653, 0.051882440434499744, 0.47405888339151653], "split3_index": [12, 13, 14], "split3_pred": [0, 0, 0], "split3_test": [1, 0, 1], "split3_notXOR": [0, 1, 0], "split3_prob": [0.47890327450651765, 0.01865409965226806, 0.06312593443504481], "split4_index": [15, 16, 17], "split4_pred": [1, 0, 1], "split4_test": [1, 0, 1], "split4_notXOR": [1, 1, 1], "split4_prob": [0.5480120730172217, 0.08738364508755495, 0.5269666055606531], "split5_index": [18, 19, 20], "split5_pred": [1, 0, 1], "split5_test": [1, 0, 1], "split5_notXOR": [1, 1, 1], "split5_prob": [0.5983958029334557, 0.09577522893466782, 0.6699429312246437], "split6_index": [21, 22, 23], "split6_pred": [1, 0, 1], "split6_test": [1, 0, 0], "split6_notXOR": [1, 1, 0], "split6_prob": [0.6381991488573057, 0.09405154985784824, 0.7382826554814806], "split7_index": [24, 25, 26], "split7_pred": [1, 0, 1], "split7_test": [1, 1, 0], "split7_notXOR": [1, 0, 0], "split7_prob": [0.6638341517398089, 0.05812160374842976, 0.5903423208310138], "split8_index": [27, 28, 29], "split8_pred": [1, 0, 1], "split8_test": [1, 1, 0], "split8_notXOR": [1, 0, 0], "split8_prob": [0.6782775261676901, 0.14494883857425692, 0.5317946749101918], "split9_index": [30, 31, 32], "split9_pred": [1, 0, 0], "split9_test": [1, 1, 0], "split9_notXOR": [1, 0, 1], "split9_prob": [0.6929832975448472, 0.2289342786379722, 0.47674205537447095], "split10_index": [33, 34, 35], "split10_pred": [1, 0, 0], "split10_test": [0, 1, 0], "split10_notXOR": [0, 0, 1], "split10_prob": [0.707254191406652, 0.3182618269852114, 0.4749960918718419], "split11_index": [36, 37, 38], "split11_pred": [1, 0, 0], "split11_test": [0, 1, 0], "split11_notXOR": [0, 0, 1], "split11_prob": [0.6587933628996119, 0.3509294252570367, 0.4372460821689467], "split12_index": [39, 40, 41], "split12_pred": [1, 0, 0], "split12_test": [0, 1, 0], "split12_notXOR": [0, 0, 1], "split12_prob": [0.6162999549817161, 0.3838428544085689, 0.41182278303905223]}