{"split0_index": [24, 25, 26, 27, 28, 29, 30, 31, 32, 33, 34, 35, 36, 37, 38, 39, 40, 41, 42, 43, 44, 45, 46, 47], "split0_pred": [0, 1, 1, 1, 1, 1, 0, 1, 0, 1, 0, 1, 1, 1, 0, 1, 1, 1, 0, 0, 1, 1, 1, 1], "split0_test": [0, 0, 1, 0, 0, 0, 0, 0, 0, 0, 0, 0, 0, 0, 0, 0, 0, 0, 0, 0, 0, 0, 0, 0], "split0_notXOR": [1, 0, 1, 0, 0, 0, 1, 0, 1, 0, 1, 0, 0, 0, 1, 0, 0, 0, 1, 1, 0, 0, 0, 0], "split0_prob": [0.03508874174242761, 0.5827724022295003, 0.5827724022295003, 0.5827724022295003, 0.5827724022295003, 0.5827724022295003, 0.03508749290052975, 0.5827724022295003, 0.03432215314769199, 0.5827724022295003, 0.03506776308311338, 0.5827724022295003, 0.5827724022295003, 0.5827724022295003, 0.03506276321821055, 0.5827724022295003, 0.5827724022295003, 0.5827724022295003, 0.03509513711279332, 0.035033604077178954, 0.5827724022295003, 0.5827724022295003, 0.5827724022295003, 0.5827724022295003]}