{"split0_index": [5, 6, 7, 8, 9], "split0_pred": [1, 0, 1, 0, 1], "split0_test": [1, 0, 1, 0, 1], "split0_notXOR": [1, 1, 1, 1, 1], "split0_prob": [0.630123223633809, 0.29826957369514173, 0.6876697108284631, 0.4554000663625131, 0.6945775863722292], "split1_index": [10, 11, 12, 13, 14], "split1_pred": [1, 0, 1, 0, 1], "split1_test": [1, 0, 1, 1, 1], "split1_notXOR": [1, 1, 1, 0, 1], "split1_prob": [0.9424720765601428, 0.11784130708211668, 0.9808636675326102, 0.16991328044395426, 0.9760284383334927], "split2_index": [15, 16, 17, 18, 19], "split2_pred": [1, 0, 1, 1, 1], "split2_test": [1, 0, 1, 1, 1], "split2_notXOR": [1, 1, 1, 1, 1], "split2_prob": [0.8721408239773527, 0.09965654411598295, 0.960447590359773, 0.9283482458998349, 0.9358578420950657], "split3_index": [20, 21, 22, 23, 24, 25, 26], "split3_pred": [1, 0, 1, 1, 1, 1, 1], "split3_test": [1, 0, 1, 1, 0, 1, 1], "split3_notXOR": [1, 1, 1, 1, 0, 1, 1], "split3_prob": [0.917628180056871, 0.03599058095934869, 0.8550631838526788, 0.9455165877555661, 0.9514476385953154, 0.9541112377194038, 0.8755608415697232], "split4_index": [27, 28, 29, 30, 31, 32, 33], "split4_pred": [0, 1, 1, 1, 0, 1, 1], "split4_test": [0, 1, 1, 1, 0, 1, 1], "split4_notXOR": [1, 1, 1, 1, 1, 1, 1], "split4_prob": [0.04841993941351217, 0.8915596824188863, 0.8901245757940253, 0.9470406669971793, 0.04831087401723513, 0.9165283996684122, 0.8523274737207995], "split5_index": [34, 35, 36, 37, 38, 39, 40], "split5_pred": [0, 1, 1, 1, 0, 1, 1], "split5_test": [0, 1, 1, 1, 0, 1, 1], "split5_notXOR": [1, 1, 1, 1, 1, 1, 1], "split5_prob": [0.05346012823089101, 0.979878744241487, 0.9799333131488532, 0.991266978996114, 0.05347852184867503, 0.9740661388591614, 0.9798966441787686], "split6_index": [41, 42, 43, 44, 45, 46, 47], "split6_pred": [0, 1, 1, 1, 0, 1, 1], "split6_test": [0, 1, 1, 1, 0, 1, 1], "split6_notXOR": [1, 1, 1, 1, 1, 1, 1], "split6_prob": [0.0392983535556447, 0.9739462272130819, 0.975549586293973, 0.9705111809353867, 0.039335905375226465, 0.9755271075072158, 0.975531449963962], "split7_index": [48, 49, 50, 51, 52, 53, 54], "split7_pred": [0, 1, 1, 1, 0, 1, 1], "split7_test": [0, 1, 1, 1, 0, 1, 1], "split7_notXOR": [1, 1, 1, 1, 1, 1, 1], "split7_prob": [0.025927434243285592, 0.9702783083319465, 0.9702940839037847, 0.9702498285242462, 0.025935248962049955, 0.9861856941641378, 0.970268006318106], "split8_index": [55, 56, 57, 58, 59, 60, 61], "split8_pred": [0, 1, 1, 1, 0, 1, 1], "split8_test": [0, 1, 1, 1, 0, 1, 1], "split8_notXOR": [1, 1, 1, 1, 1, 1, 1], "split8_prob": [0.022856916489896656, 0.9793603417559269, 0.9793594509226219, 0.9793234697767405, 0.022861691638445248, 0.9910749323256058, 0.9793492938457434], "split9_index": [62, 63, 64, 65, 66, 67, 68], "split9_pred": [0, 1, 1, 1, 0, 1, 1], "split9_test": [0, 1, 1, 1, 0, 1, 1], "split9_notXOR": [1, 1, 1, 1, 1, 1, 1], "split9_prob": [0.028714945307255987, 0.9844955037521407, 0.9844877095817718, 0.9845190358516346, 0.02871661740409063, 0.9883714345784333, 0.9845215696817977], "split10_index": [69, 70, 71, 72, 73, 74, 75], "split10_pred": [0, 1, 1, 1, 0, 1, 1], "split10_test": [0, 0, 0, 0, 0, 1, 1], "split10_notXOR": [1, 0, 0, 0, 1, 1, 1], "split10_prob": [0.02923982174288067, 0.8968407531156796, 0.8906341491975008, 0.9511813341550325, 0.029227742720342335, 0.8242829689456069, 0.9635727525102942], "split11_index": [76, 77, 78, 79, 80, 81, 82], "split11_pred": [0, 0, 0, 0, 0, 1, 1], "split11_test": [0, 0, 0, 0, 0, 1, 1], "split11_notXOR": [1, 1, 1, 1, 1, 1, 1], "split11_prob": [0.0819246673550123, 0.01893733198685875, 0.3536346799580553, 0.38302990046811175, 0.018942490807634046, 0.9545320242735384, 0.9545225536376544], "split12_index": [83, 84, 85, 86, 87, 88, 89, 90, 91, 92, 93], "split12_pred": [0, 0, 1, 0, 1, 0, 1, 1, 0, 1, 0], "split12_test": [0, 0, 0, 0, 0, 1, 0, 0, 0, 0, 0], "split12_notXOR": [1, 1, 0, 1, 0, 0, 0, 0, 1, 0, 1], "split12_prob": [0.011786630069927336, 0.005426619446477369, 0.8443804171355943, 0.2710628399510323, 0.9584936156861811, 0.30182925354521384, 0.958250943837061, 0.8130625574864853, 0.0029171151234212763, 0.8734429165546095, 0.3075111066154078], "split13_index": [94, 95, 96, 97, 98, 99, 100, 101, 102, 103, 104, 105], "split13_pred": [0, 1, 0, 0, 0, 0, 1, 1, 0, 0, 1, 0], "split13_test": [0, 0, 0, 0, 0, 0, 1, 0, 0, 0, 0, 0], "split13_notXOR": [1, 0, 1, 1, 1, 1, 1, 0, 1, 1, 0, 1], "split13_prob": [0.0014860875728714043, 0.940633566926424, 0.0006724762004430665, 0.0017137074187788368, 0.004755189057838852, 0.0015681100576404052, 0.9219731087606443, 0.6894381857172891, 0.016637237119496474, 0.0014867293171877914, 0.40624301347998304, 0.0014915008491775226], "split14_index": [106, 107, 108, 109, 110, 111, 112, 113, 114, 115, 116, 117, 118], "split14_pred": [0, 1, 0, 0, 0, 0, 0, 1, 1, 0, 0, 1, 0], "split14_test": [0, 0, 0, 0, 0, 0, 0, 1, 0, 0, 0, 0, 0], "split14_notXOR": [1, 0, 1, 1, 1, 1, 1, 1, 0, 1, 1, 0, 1], "split14_prob": [0.008188192792896844, 0.8279827485919891, 0.008188529529695726, 0.008187278196186257, 0.01115942964343848, 0.008181922336589006, 0.0636012848572881, 0.9032158013778536, 0.2972729960302757, 0.008187988140532693, 0.00819286739812377, 0.34390109593523505, 0.008170233908648657], "split15_index": [119, 120, 121, 122, 123, 124, 125, 126, 127, 128, 129, 130, 131], "split15_pred": [0, 1, 0, 0, 0, 0, 0, 1, 1, 0, 0, 0, 0], "split15_test": [0, 0, 0, 0, 0, 0, 0, 1, 0, 0, 0, 0, 1], "split15_notXOR": [1, 0, 1, 1, 1, 1, 1, 1, 0, 1, 1, 1, 0], "split15_prob": [0.009410727486040762, 0.7909508676757324, 0.009393510714816805, 0.01221638933256207, 0.009395651428803362, 0.009393442512453715, 0.009399597714412665, 0.9277025155800352, 0.26668451186449577, 0.009400182780033274, 0.009401112828868264, 0.06992987322909636, 0.026086867153040764], "split16_index": [132, 133, 134, 135, 136, 137, 138, 139, 140, 141, 142, 143, 144, 145, 146], "split16_pred": [0, 1, 1, 0, 0, 0, 1, 1, 0, 0, 0, 0, 0, 0, 1], "split16_test": [0, 0, 0, 0, 0, 0, 0, 1, 0, 0, 0, 0, 0, 0, 1], "split16_notXOR": [1, 0, 0, 1, 1, 1, 0, 1, 1, 1, 1, 1, 1, 1, 1], "split16_prob": [0.025251975411477025, 0.4729880000707999, 0.7720454933657668, 0.04131501644553835, 0.06707878235511788, 0.06117788229299679, 0.6833582141021949, 0.822647397101513, 0.06304893573610416, 0.041284140451007846, 0.19967667431334252, 0.05834389623690385, 0.041370163213058544, 0.12534464115648394, 0.9205921936160741], "split17_index": [147, 148, 149, 150, 151, 152, 153, 154, 155, 156, 157, 158, 159, 160, 161], "split17_pred": [0, 0, 1, 0, 0, 0, 0, 1, 0, 0, 0, 0, 0, 0, 1], "split17_test": [0, 0, 0, 0, 0, 0, 0, 0, 0, 0, 0, 0, 0, 0, 1], "split17_notXOR": [1, 1, 0, 1, 1, 1, 1, 0, 1, 1, 1, 1, 1, 1, 1], "split17_prob": [0.009841957769258397, 0.12383728909053689, 0.5277993507405349, 0.010618187551393866, 0.014280073039616948, 0.016417229973035487, 0.27552896011506905, 0.9463657696675918, 0.014265115722006607, 0.014149891583391836, 0.06339842380603034, 0.014290304211365427, 0.014256105693905159, 0.014266994847587035, 0.9461602477618687], "split18_index": [162, 163, 164, 165, 166, 167, 168, 169, 170, 171, 172, 173, 174, 175, 176, 177], "split18_pred": [0, 0, 1, 0, 0, 0, 0, 1, 0, 0, 0, 0, 0, 0, 0, 1], "split18_test": [0, 0, 0, 0, 0, 0, 0, 0, 0, 0, 0, 0, 0, 0, 0, 1], "split18_notXOR": [1, 1, 0, 1, 1, 1, 1, 0, 1, 1, 1, 1, 1, 1, 1, 1], "split18_prob": [0.00307036155686139, 0.018753072270157694, 0.4415770648110215, 0.0034843874883228334, 0.004801579723605809, 0.007203671396879007, 0.08772635619204129, 0.989656664671471, 0.004812875682439705, 0.004751057512209679, 0.0014049364769087077, 0.013569699243946408, 0.004807101421443197, 0.0048056405836073065, 0.004812410835895509, 0.9735084353085377], "split19_index": [178, 179, 180, 181, 182, 183, 184, 185, 186, 187, 188, 189, 190, 191, 192, 193], "split19_pred": [0, 0, 0, 0, 0, 0, 0, 1, 0, 0, 0, 0, 0, 0, 0, 1], "split19_test": [0, 0, 0, 0, 0, 0, 0, 0, 0, 0, 0, 0, 0, 0, 0, 1], "split19_notXOR": [1, 1, 1, 1, 1, 1, 1, 0, 1, 1, 1, 1, 1, 1, 1, 1],