{"split0_index": [12, 13, 14, 15, 16, 17, 18, 19, 20, 21, 22, 23], "split0_pred": [0, 0, 1, 0, 1, 1, 0, 0, 1, 0, 1, 1], "split0_test": [1, 0, 1, 1, 0, 0, 1, 1, 1, 1, 1, 1], "split0_notXOR": [0, 1, 1, 0, 0, 0, 0, 0, 1, 0, 1, 1], "split0_prob": [6.279197134338145e-05, 4.165632288763914e-09, 0.9482992359295478, 0.004565272769283961, 0.9413300221020505, 0.8846655826730541, 6.279197134338145e-05, 6.279197134338145e-05, 0.7402702815302173, 0.00012737302716147152, 0.6379178654123342, 0.7056472818208782], "split1_index": [24, 25, 26, 27, 28, 29, 30, 31, 32, 33, 34, 35], "split1_pred": [1, 0, 0, 0, 1, 1, 1, 1, 0, 0, 0, 1], "split1_test": [1, 0, 1, 0, 0, 0, 1, 1, 1, 1, 1, 1], "split1_notXOR": [1, 1, 0, 1, 0, 0, 1, 1, 0, 0, 0, 1], "split1_prob": [0.9997474463935611, 1.508579876931345e-13, 0.2591668212329831, 3.2848777279726854e-13, 0.5526019923463262, 0.8992674842563356, 0.9997474463935611, 0.9997474463935611, 0.38914963213929243, 1.550662926356888e-19, 0.0006070621110849054, 0.9722992117173409], "split2_index": [36, 37, 38, 39, 40, 41, 42, 43, 44, 45, 46, 47], "split2_pred": [1, 0, 0, 1, 0, 0, 1, 1, 0, 1, 0, 0], "split2_test": [1, 0, 0, 0, 0, 0, 1, 1, 1, 1, 1, 1], "split2_notXOR": [1, 1, 1, 0, 1, 1, 1, 1, 0, 1, 0, 0], "split2_prob": [1.0, 0.07555220168036854, 0.09795053122252594, 0.7669454523872994, 0.19741754975628586, 0.1411712200534075, 1.0, 1.0, 0.1411712200534075, 0.9986681416565524, 0.05662153499545719, 0.43508662025135714], "split3_index": [48, 49, 50, 51, 52, 53, 54, 55, 56, 57, 58, 59, 60], "split3_pred": [1, 0, 0, 0, 0, 0, 0, 1, 1, 0, 0, 0, 1], "split3_test": [1, 0, 0, 0, 0, 0, 0, 1, 1, 1, 1, 1, 1], "split3_notXOR": [1, 1, 1, 1, 1, 1, 1, 1, 1, 0, 0, 0, 1], "split3_prob": [1.0, 6.351140158258036e-08, 0.021047049601990143, 9.449476210835797e-06, 1.2154785511532562e-10, 0.27098674643592835, 0.288642259489618, 1.0, 1.0, 0.288642259489618, 9.264530697103525e-16, 0.02843950622292057, 0.7381986951496172], "split4_index": [61, 62, 63, 64, 65, 66, 67, 68, 69, 70, 71, 72, 73], "split4_pred": [1, 0, 0, 0, 0, 0, 0, 1, 1, 0, 0, 0, 1], "split4_test": [1, 0, 0, 0, 0, 0, 0, 1, 1, 1, 1, 1, 1], "split4_notXOR": [1, 1, 1, 1, 1, 1, 1, 1, 1, 0, 0, 0, 1], "split4_prob": [1.0, 0.002318694224511913, 0.0989366361356901, 0.004257663647863861, 0.007052341432606381, 0.2731510381545523, 0.1421850884451432, 1.0, 1.0, 0.19349800650953008, 0.03789614405811159, 0.06917745358252769, 0.5329324081002697], "split5_index": [74, 75, 76, 77, 78, 79, 80, 81, 82, 83, 84, 85, 86], "split5_pred": [1, 0, 0, 0, 0, 1, 1, 1, 1, 0, 0, 0, 1], "split5_test": [1, 0, 0, 0, 0, 0, 1, 1, 1, 1, 1, 1, 1], "split5_notXOR": [1, 1, 1, 1, 1, 0, 1, 1, 1, 0, 0, 0, 1], "split5_prob": [0.9903547467887357, 1.3902774836168697e-05, 0.3401874640716175, 0.020356156355875954, 0.007411878479968967, 0.7923763899282018, 0.6100823446745447, 0.9903547467887357, 0.9903547467887357, 0.010892836405406212, 0.2737901160527862, 0.40698278190109166, 0.9100586178870748], "split6_index": [87, 88, 89, 90, 91, 92, 93, 94, 95, 96, 97, 98, 99], "split6_pred": [1, 0, 0, 0, 0, 0, 0, 1, 1, 0, 1, 0, 1], "split6_test": [1, 0, 0, 0, 0, 0, 1, 1, 1, 1, 1, 1, 1], "split6_notXOR": [1, 1, 1, 1, 1, 1, 0, 1, 1, 0, 1, 0, 1], "split6_prob": [1.0, 0.0022630505791936283, 0.02387160385298719, 0.009070451007351654, 0.02661256748025589, 0.3262640698007562, 0.12065277792855886, 1.0, 1.0, 0.09858663967360211, 0.9996762923874869, 0.035771492575856156, 0.5578962598199259], "split7_index": [100, 101, 102, 103, 104, 105, 106, 107, 108, 109, 110, 111, 112], "split7_pred": [1, 0, 0, 0, 0, 0, 0, 1, 1, 0, 1, 0, 1], "split7_test": [1, 0, 0, 0, 0, 0, 1, 1, 1, 1, 1, 1, 1], "split7_notXOR": [1, 1, 1, 1, 1, 1, 0, 1, 1, 0, 1, 0, 1], "split7_prob": [1.0, 9.848949870548079e-05, 0.020628637759861696, 0.003518781858927553, 0.008937595382368777, 0.39557948228896506, 0.1261254714400078, 1.0, 1.0, 0.11505774762482003, 0.9539227807505989, 0.03546052963278243, 0.6457575804265594], "split8_index": [113, 114, 115, 116, 117, 118, 119, 120, 121, 122, 123, 124, 125, 126], "split8_pred": [1, 0, 0, 0, 0, 0, 1, 0, 1, 1, 0, 0, 0, 1], "split8_test": [1, 0, 0, 0, 1, 0, 0, 1, 1, 1, 1, 1, 1, 1], "split8_notXOR": [1, 1, 1, 1, 0, 1, 0, 0, 1, 1, 0, 0, 0, 1], "split8_prob": [1.0, 1.0365657308699834e-09, 0.2342152165965529, 0.04475960300627696, 7.19363353308432e-05, 8.837456185207188e-05, 0.617720573060443, 0.1547756373393751, 1.0, 1.0, 0.20353722471928012, 2.986901555256788e-11, 0.04475960300627696, 0.7026770541997526], "split9_index": [127, 128, 129, 130, 131, 132, 133, 134, 135, 136, 137, 138, 139, 140], "split9_pred": [1, 0, 0, 0, 0, 0, 0, 0, 1, 1, 0, 1, 0, 1], "split9_test": [1, 0, 0, 0, 1, 0, 0, 1, 1, 1, 1, 1, 1, 1], "split9_notXOR": [1, 1, 1, 1, 0, 1, 1, 0, 1, 1, 0, 1, 0, 1], "split9_prob": [1.0, 7.607474548984168e-06, 0.22715177822669266, 0.060680973181204585, 0.0018320187439914376, 0.009236081698292108, 0.47529765818891473, 0.1589039928136318, 1.0, 1.0, 0.15593333764330372, 0.9784577679698991, 0.060680973181204585, 0.5537805358854102], "split10_index": [141, 142, 143, 144, 145, 146, 147, 148, 149, 150, 151, 152, 153, 154], "split10_pred": [1, 0, 0, 0, 0, 0, 0, 0, 1, 1, 0, 1, 0, 0], "split10_test": [1, 0, 0, 0, 1, 0, 0, 1, 1, 1, 1, 1, 1, 1], "split10_notXOR": [1, 1, 1, 1, 0, 1, 1, 0, 1, 1, 0, 1, 0, 0], "split10_prob": [1.0, 0.001079496376599208, 0.18422244520251457, 0.0528448237031957, 0.009034023930893304, 0.05169767718909168, 0.33990438060641925, 0.12553010879785628, 1.0, 1.0, 0.10677898256300195, 0.9999997671803293, 0.0528448237031957, 0.4063683092498807], "split11_index": [155, 156, 157, 158, 159, 160, 161, 162, 163, 164, 165, 166, 167, 168], "split11_pred": [1, 0, 0, 0, 0, 0, 0, 0, 1, 1, 0, 1, 0, 1], "split11_test": [1, 0, 0, 0, 1, 0, 0, 1, 1, 1, 1, 1, 1, 1], "split11_notXOR": [1, 1, 1, 1, 0, 1, 1, 0, 1, 1, 0, 1, 0, 1], "split11_prob": [1.0, 0.00011473794332437884, 0.27285899174532724, 0.07142358061938997, 0.0036475407311669494, 0.009666848031933005, 0.4790828232468662, 0.17973150581974465, 1.0, 1.0, 0.17242897956773537, 0.8827614903257135, 0.07142358061938997, 0.5520815371351474], "split12_index": [169, 170, 171, 172, 173, 174, 175, 176, 177, 178, 179, 180, 181, 182], "split12_pred": [1, 0, 0, 0, 0, 0, 1, 0, 1, 1, 0, 1, 0, 1], "split12_test": [1, 0, 0, 0, 1, 0, 0, 1, 1, 1, 1, 1, 1, 1], "split12_notXOR": [1, 1, 1, 1, 0, 1, 0, 0, 1, 1, 0, 1, 0, 1], "split12_prob": [0.9873209127792816, 0.001683361001548915, 0.4464504695546469, 0.21453262853423802, 0.025484530470598208, 0.17856736141538634, 0.6504741015071497, 0.25181230954669626, 0.9873209127792816, 0.9873209127792816, 0.42869400839901173, 0.9999999999181313, 0.19757426743600298, 0.7105493166026787], "split13_index": [183, 184, 185, 186, 187, 188, 189, 190, 191, 192, 193, 194, 195, 196], "split13_pred": [1, 0, 0, 0, 0, 0, 1, 0, 1, 1, 0, 1, 0, 1], "split13_test": [1, 0, 0, 0, 1, 0, 0, 1, 1, 1, 1, 1, 1, 1], "split13_notXOR": [1, 1, 1, 1, 0, 1, 0, 0, 1, 1, 0, 1, 0, 1], "split13_prob": [0.9819454198038348, 0.006027788048368085, 0.38153070424405355, 0.18235525395546223, 0.03395306134941004, 0.31421976342853597, 0.5695822831921816, 0.2118077924709164, 0.9819454198038348, 0.9819454198038348, 0.3582052975264457, 0.9999999999996589, 0.1693207670006832, 0.6336141501188944], "split14_index": [197, 198, 199, 200, 201, 202, 203, 204, 205, 206, 207, 208, 209, 210], "split14_pred": [1, 0, 0, 0, 0, 0, 1, 0, 1, 1, 0, 1, 0, 1], "split14_test": [1, 0, 0, 0, 1, 0, 0, 1, 1, 1, 1, 1, 1, 1], "split14_notXOR": [1, 1, 1, 1, 0, 1, 0, 0, 1, 1, 0, 1, 0, 1], "split14_prob": [0.9733730619199561, 0.015977354906784494, 0.33947541260986147, 0.16691201872692824, 0.04550839551009648, 0.4602758021863192, 0.5024500879659959, 0.19070381532808622, 0.9733730619199561, 0.9733730619199561, 0.31114623379912654, 0.9999999999999893, 0.156366611182209, 0.5649138423446347], "split15_index": [211, 212, 213, 214, 215, 216, 217, 218, 219, 220, 221, 222, 223, 224], "split15_pred": [1, 0, 0, 0, 0, 0, 0, 0, 1, 1, 0, 1, 0, 1], "split15_test": [1, 0, 0, 0, 1, 0, 0, 1, 1, 1, 1, 1, 1, 1],