{"split0_index": [10, 11, 12, 13, 14, 15, 16, 17, 18, 19, 20], "split0_pred": [0, 0, 0, 1, 0, 0, 0, 0, 0, 1, 0], "split0_test": [0, 0, 0, 1, 0, 0, 0, 1, 0, 0, 0], "split0_notXOR": [1, 1, 1, 1, 1, 1, 1, 0, 1, 0, 1], "split0_prob": [0.5423918020290533, 0.5454096443453196, 0.5454096443453196, 0.4500096424138388, 0.5490086875092305, 0.5500511567149641, 0.5454096443453196, 0.5454096443453196, 0.5500263894182216, 0.487881797057917, 0.5454096443453196]}