{"split0_index": [9, 10, 11, 12, 13, 14, 15, 16, 17], "split0_pred": [0, 0, 1, 0, 0, 0, 0, 0, 0], "split0_test": [0, 0, 1, 0, 0, 1, 0, 0, 0], "split0_notXOR": [1, 1, 1, 1, 1, 0, 1, 1, 1], "split0_prob": [0.011450938322291807, 6.362772381781212e-05, 0.8089192626779502, 0.0011587226073240954, 0.11871373094409278, 0.3523120007918795, 0.3523120007918795, 0.2940879058745026, 0.060979753603005706], "split1_index": [18, 19, 20, 21, 22, 23, 24, 25, 26], "split1_pred": [0, 0, 1, 0, 0, 0, 0, 0, 0], "split1_test": [0, 0, 1, 0, 0, 1, 0, 0, 0], "split1_notXOR": [1, 1, 1, 1, 1, 0, 1, 1, 1], "split1_prob": [0.0033291292207973324, 3.319864509252719e-06, 0.8545479618192673, 0.0001448310009549737, 0.07749478253945484, 0.3932635977194913, 0.3932635977194913, 0.24346537006008562, 0.034504754210926164], "split2_index": [27, 28, 29, 30, 31, 32, 33, 34, 35], "split2_pred": [0, 0, 1, 0, 0, 0, 0, 0, 0], "split2_test": [0, 0, 1, 0, 0, 1, 0, 0, 0], "split2_notXOR": [1, 1, 1, 1, 1, 0, 1, 1, 1], "split2_prob": [0.0014819401866462145, 5.020851796342331e-07, 0.8795113733313636, 3.7676232467463414e-05, 0.057010899123821734, 0.4143753706059422, 0.4143753706059422, 0.20975907184576592, 0.0234471651759623], "split3_index": [36, 37, 38, 39, 40, 41, 42, 43, 44], "split3_pred": [0, 0, 1, 0, 0, 0, 0, 0, 0], "split3_test": [0, 0, 1, 0, 0, 1, 0, 0, 0], "split3_notXOR": [1, 1, 1, 1, 1, 0, 1, 1, 1], "split3_prob": [0.0008118385898128877, 1.2532309660878142e-07, 0.8959160682296052, 1.3915600944348687e-05, 0.044849254531766046, 0.42764732742782796, 0.42764732742782796, 0.18561204334167372, 0.017500531112420167], "split4_index": [45, 46, 47, 48, 49, 50, 51, 52, 53], "split4_pred": [0, 0, 1, 0, 0, 0, 0, 0, 0], "split4_test": [0, 0, 1, 0, 0, 1, 0, 0, 0], "split4_notXOR": [1, 1, 1, 1, 1, 0, 1, 1, 1], "split4_prob": [0.0005027645296042868, 4.1852489295778807e-08, 0.9077314790796793, 6.3119166065190296e-06, 0.036822249739132715, 0.43690301326337666, 0.43690301326337666, 0.1673074684977475, 0.013827345960295714], "split5_index": [54, 55, 56, 57, 58, 59, 60, 61, 62], "split5_pred": [0, 0, 1, 0, 0, 0, 0, 0, 0], "split5_test": [0, 0, 1, 0, 0, 1, 0, 0, 0], "split5_notXOR": [1, 1, 1, 1, 1, 0, 1, 1, 1], "split5_prob": [0.00033761451110628926, 1.690511703696764e-08, 0.9167432185293821, 3.2768837324313513e-06, 0.03114132978013714, 0.44378074806314066, 0.44378074806314066, 0.15285902348419797, 0.011350845350533562], "split6_index": [63, 64, 65, 66, 67, 68, 69, 70, 71], "split6_pred": [0, 0, 1, 0, 0, 0, 0, 0, 0], "split6_test": [0, 0, 1, 0, 0, 1, 0, 0, 0], "split6_notXOR": [1, 1, 1, 1, 1, 0, 1, 1, 1], "split6_prob": [0.0002401946694306789, 7.813579212911832e-09, 0.9239070625373319, 1.8726181370836393e-06, 0.02691681584813447, 0.4491339789837034, 0.4491339789837034, 0.1411001716019566, 0.009578928861450065], "split7_index": [72, 73, 74, 75, 76, 77, 78, 79, 80], "split7_pred": [0, 0, 1, 0, 0, 0, 0, 0, 0], "split7_test": [0, 0, 1, 0, 0, 1, 0, 0, 0], "split7_notXOR": [1, 1, 1, 1, 1, 0, 1, 1, 1], "split7_prob": [0.0001782814607083479, 3.98474331623172e-09, 0.929739499634352, 1.1481106170239684e-06, 0.023651468492221377, 0.45340434276837177, 0.45340434276837177, 0.13127978156205516, 0.008250134147573994], "split8_index": [81, 82, 83, 84, 85, 86, 87, 88, 89], "split8_pred": [0, 0, 1, 0, 0, 0, 0, 0, 0], "split8_test": [0, 0, 1, 0, 0, 1, 0, 0, 0], "split8_notXOR": [1, 1, 1, 1, 1, 0, 1, 1, 1], "split8_prob": [0.0001367514891656674, 2.1907486543709043e-09, 0.934606431929458, 7.432333952261915e-07, 0.02106627447774015, 0.4569788014968604, 0.4569788014968604, 0.1230096256869004, 0.007220514875307856], "split9_index": [90, 91, 92, 93, 94, 95, 96, 97, 98, 99], "split9_pred": [0, 0, 1, 0, 0, 0, 0, 1, 0, 0], "split9_test": [0, 0, 1, 0, 0, 1, 0, 0, 0, 0], "split9_notXOR": [1, 1, 1, 1, 1, 0, 1, 0, 1, 1], "split9_prob": [2.926826370622638e-12, 5.145737074139526e-08, 0.980684755404926, 1.4584609177433803e-12, 0.03334460111072898, 0.4616769549456511, 0.4616769549456511, 0.8780564507357864, 0.1022227382717425, 0.00843099654763314], "split10_index": [100, 101, 102, 103, 104, 105, 106, 107, 108, 109], "split10_pred": [0, 0, 1, 0, 0, 0, 0, 0, 0, 0], "split10_test": [0, 0, 1, 0, 0, 1, 0, 0, 0, 0], "split10_notXOR": [1, 1, 1, 1, 1, 0, 1, 1, 1, 1], "split10_prob": [7.729045014974775e-17, 6.823068588317595e-12, 0.9806528239514358, 4.641789351185028e-17, 0.01086081578564435, 0.462814197639803, 0.462814197639803, 0.29741244473679357, 0.08405448679620858, 0.0016720298993110206], "split11_index": [110, 111, 112, 113, 114, 115, 116, 117, 118, 119], "split11_pred": [0, 0, 1, 0, 0, 0, 0, 0, 0, 0], "split11_test": [0, 0, 1, 0, 0, 1, 0, 0, 1, 0], "split11_notXOR": [1, 1, 1, 1, 1, 0, 1, 1, 0, 1], "split11_prob": [5.857449111973175e-18, 9.932224218055295e-13, 0.981160786161482, 3.556918187563934e-18, 0.008394800626308456, 0.46550801168685346, 0.46550801168685346, 0.19913562390143633, 0.09001004487337791, 0.0010307579733647282], "split12_index": [120, 121, 122, 123, 124, 125, 126, 127, 128, 129, 130, 131, 132, 133], "split12_pred": [0, 0, 1, 0, 0, 0, 0, 0, 0, 0, 0, 0, 0, 1], "split12_test": [0, 0, 1, 0, 0, 1, 0, 0, 0, 1, 0, 1, 0, 0], "split12_notXOR": [1, 1, 1, 1, 1, 0, 1, 1, 1, 0, 1, 0, 1, 0], "split12_prob": [2.9850251558725412e-18, 1.1492962149319018e-11, 0.9837254570039785, 2.0044305011294924e-23, 0.010466404665221233, 0.4678044718068442, 0.4678044718068442, 0.4678044718068442, 0.09469271307782051, 0.2182852788667468, 8.200024978240025e-05, 2.0602083742859446e-05, 0.000884636456270746, 0.6428923389444542], "split13_index": [134, 135, 136, 137, 138, 139, 140, 141, 142, 143, 144, 145, 146, 147], "split13_pred": [0, 0, 1, 0, 0, 0, 0, 0, 0, 0, 0, 0, 0, 0], "split13_test": [0, 0, 1, 0, 0, 1, 0, 0, 0, 1, 0, 1, 0, 0], "split13_notXOR": [1, 1, 1, 1, 1, 0, 1, 1, 1, 0, 1, 0, 1, 1], "split13_prob": [2.701648426987838e-07, 0.00026001370596567255, 0.9248690084411973, 6.946284021642178e-09, 0.05361616400804697, 0.4266359383549131, 0.4266359383549131, 0.4266359383549131, 0.2544911563254853, 0.05407183203990101, 0.005514091102121881, 0.0042049465757631665, 0.014282213033369174, 0.3795783764125697], "split14_index": [148, 149, 150, 151, 152, 153, 154, 155, 156, 157, 158, 159, 160, 161], "split14_pred": [0, 0, 1, 0, 0, 0, 0, 0, 0, 0, 0, 0, 0, 0], "split14_test": [0, 0, 1, 0, 0, 1, 0, 0, 0, 1, 0, 1, 0, 0], "split14_notXOR": [1, 1, 1, 1, 1, 0, 1, 1, 1, 0, 1, 0, 1, 1], "split14_prob": [0.020520134796677865, 0.34121767724262714, 0.8434932932708483, 0.027168184870198557, 0.06257248679427432, 0.3772780493188215, 0.3772780493188215, 0.3772780493188215, 0.18639397697499882, 0.11641427569968085, 0.028287539435037194, 0.11641427569968085, 0.06204668291173576, 0.15496865382907], "split15_index": [162, 163, 164, 165, 166, 167, 168, 169, 170, 171, 172, 173, 174, 175, 176], "split15_pred": [0, 0, 1, 0, 0, 1, 0, 0, 0, 0, 0, 0, 0, 0, 0], "split15_test": [0, 0, 1, 0, 0, 0, 1, 0, 0, 0, 1, 0, 1, 0, 0], "split15_notXOR": [1, 1, 1, 1, 1, 0, 0, 1, 1, 1, 0, 1, 0, 1, 1], "split15_prob": [0.02524490714280871, 0.3863636157989502, 0.8478805605160472, 0.03529679688488926, 0.06927834539356405, 0.9972823049554568, 0.37297597513001496, 0.37297597513001496, 0.37297597513001496, 0.1570238491323867, 0.14463771026766878, 0.035948858241627996, 0.14463771026766867, 0.09351711803802436, 0.15744496226720703], "split16_index": [177, 178, 179, 180, 181, 182, 183, 184, 185, 186, 187, 188, 189, 190, 191, 192], "split16_pred": [0, 0, 1, 0, 0, 1, 0, 0, 0, 0, 0, 0, 0, 0, 0, 0], "split16_test": [0, 0, 1, 0, 0, 0, 0, 1, 0, 0, 0, 1, 0, 1, 0, 0], "split16_notXOR": [1, 1, 1, 1, 1, 0, 1, 0, 1, 1, 1, 0, 1, 0, 1, 1], "split16_prob": [0.040213194320889385, 0.35308603721272525, 0.7929051240958318, 0.05448907740016065, 0.07828764819310016, 0.8934486445304096, 0.4050648660166834, 0.3705339299695794, 0.3705339299695794, 0.3705339299695794, 0.16173154175787574, 0.160268386530354, 0.05301356996853278, 0.160268386530354, 0.13040839878514696, 0.15014106844996694],