{"split0_index": [7, 8, 9, 10, 11, 12, 13], "split0_pred": [0, 0, 0, 0, 0, 0, 0], "split0_test": [0, 0, 0, 1, 0, 0, 0], "split0_notXOR": [1, 1, 1, 0, 1, 1, 1], "split0_prob": [0.4285807592516669, 0.4285807592516669, 0.4285807592516669, 0.4285807592516669, 0.4285807592516669, 0.4285807592516669, 0.4285807592516669], "split1_index": [14, 15, 16, 17, 18, 19, 20], "split1_pred": [0, 0, 0, 0, 0, 0, 0], "split1_test": [0, 0, 0, 1, 0, 0, 0], "split1_notXOR": [1, 1, 1, 0, 1, 1, 1], "split1_prob": [0.08140388325409785, 0.1213094289511611, 0.16091909635861723, 0.15141912296065843, 0.15155029650144106, 0.13652475981822965, 0.10538353681374014], "split2_index": [21, 22, 23, 24, 25, 26, 27], "split2_pred": [0, 0, 0, 0, 0, 0, 0], "split2_test": [0, 0, 0, 1, 0, 0, 0], "split2_notXOR": [1, 1, 1, 0, 1, 1, 1], "split2_prob": [0.21385869478546468, 0.21385869478546468, 0.21385869478546468, 0.21385869478546468, 0.21385869478546468, 0.21385869478546468, 0.21385869478546468], "split3_index": [28, 29, 30, 31, 32, 33, 34], "split3_pred": [0, 0, 0, 0, 0, 0, 0], "split3_test": [0, 0, 0, 1, 0, 0, 0], "split3_notXOR": [1, 1, 1, 0, 1, 1, 1], "split3_prob": [0.33494188191467583, 0.33494188191467583, 0.33494188191467583, 0.33494188191467583, 0.33494188191467583, 0.33494188191467583, 0.33494188191467583]}