{"split0_index": [22, 23, 24, 25, 26, 27, 28, 29, 30, 31, 32, 33, 34, 35, 36, 37, 38, 39, 40, 41, 42], "split0_pred": [0, 0, 0, 0, 0, 1, 1, 0, 1, 1, 0, 0, 0, 0, 0, 0, 0, 0, 0, 0, 1], "split0_test": [0, 0, 0, 0, 0, 0, 1, 0, 0, 1, 0, 0, 0, 0, 0, 0, 0, 0, 1, 0, 1], "split0_notXOR": [1, 1, 1, 1, 1, 0, 1, 1, 0, 1, 1, 1, 1, 1, 1, 1, 1, 1, 0, 1, 1], "split0_prob": [0.19428532298427603, 0.10457896263575377, 0.1992329722068266, 0.10457896263575377, 0.33694398911103873, 0.5087649955612862, 0.5823160362414415, 0.10457896263575377, 0.6356488172531216, 0.8353487447511408, 0.32844597666534325, 0.47812284118016246, 0.22091262149920002, 0.31445080210962584, 0.38218369558126436, 0.24779757992316073, 0.10457896263575377, 0.2622274175464679, 0.31898410446594627, 0.19808131952463637, 0.7790014864485145], "split1_index": [43, 44, 45, 46, 47, 48, 49, 50, 51, 52, 53, 54, 55, 56, 57, 58, 59, 60, 61, 62, 63, 64, 65, 66, 67], "split1_pred": [0, 0, 0, 0, 1, 0, 0, 1, 1, 0, 1, 1, 0, 0, 0, 0, 1, 0, 1, 1, 1, 0, 0, 0, 1], "split1_test": [0, 0, 0, 0, 0, 0, 0, 0, 1, 0, 0, 1, 0, 0, 0, 0, 1, 0, 0, 0, 0, 0, 1, 0, 1], "split1_notXOR": [1, 1, 1, 1, 0, 1, 1, 0, 1, 1, 0, 1, 1, 1, 1, 1, 1, 1, 0, 0, 0, 1, 0, 1, 1], "split1_prob": [0.2023221454058064, 0.09083117171714856, 0.21690667519292883, 0.09083117171714856, 0.669851914708637, 0.47311828327429356, 0.1767056080033912, 0.6168426838315192, 0.5009051641416774, 0.09083117171714856, 0.8586455241688802, 0.9234323576016447, 0.2910166561083834, 0.3937264145718484, 0.21688218422927127, 0.2313847842958128, 0.6527052918817896, 0.29585497236226965, 0.7524731939238232, 0.9564079250101911, 0.9575812662321227, 0.2872329190646253, 0.39592580400848365, 0.20229887577579964, 0.5855293127656371], "split2_index": [68, 69, 70, 71, 72, 73, 74, 75, 76, 77, 78, 79, 80, 81, 82, 83, 84, 85, 86, 87, 88, 89, 90, 91, 92, 93, 94], "split2_pred": [0, 0, 0, 0, 1, 1, 1, 0, 1, 1, 1, 0, 0, 1, 0, 0, 0, 0, 1, 0, 0, 0, 1, 0, 0, 0, 1], "split2_test": [0, 0, 0, 0, 0, 0, 0, 0, 0, 0, 1, 0, 0, 1, 0, 0, 0, 0, 1, 0, 0, 0, 0, 0, 1, 0, 1], "split2_notXOR": [1, 1, 1, 1, 0, 0, 0, 1, 0, 0, 1, 1, 1, 1, 1, 1, 1, 1, 1, 1, 1, 1, 0, 1, 0, 1, 1], "split2_prob": [0.30949816520460954, 0.08856512912618456, 0.277327839467687, 0.08856512912618456, 0.5595650887386406, 0.6001118375712344, 0.7578029460452859, 0.2150895658911493, 0.5103920083318468, 0.5958593782355115, 0.5517494577376958, 0.08856512912618456, 0.48129529920238456, 0.8997766573463262, 0.3612301352423067, 0.446668104394901, 0.2711235892404371, 0.2846086366899375, 0.6103188115020887, 0.3499642781216885, 0.4863476884653163, 0.46563552050551404, 0.556232251112535, 0.3392591146945673, 0.4795486714947289, 0.24748298850708794, 0.6644868063481572], "split3_index": [95, 96, 97, 98, 99, 100, 101, 102, 103, 104, 105, 106, 107, 108, 109, 110, 111, 112, 113, 114, 115, 116, 117, 118, 119, 120, 121], "split3_pred": [0, 0, 0, 0, 0, 0, 1, 0, 0, 1, 1, 0, 0, 1, 0, 1, 0, 0, 1, 0, 0, 0, 0, 0, 1, 0, 1], "split3_test": [0, 0, 0, 0, 0, 0, 0, 0, 0, 0, 1, 0, 0, 1, 0, 0, 0, 0, 1, 0, 0, 0, 0, 0, 1, 0, 1], "split3_notXOR": [1, 1, 1, 1, 1, 1, 0, 1, 1, 0, 1, 1, 1, 1, 1, 0, 1, 1, 1, 1, 1, 1, 1, 1, 1, 1, 1], "split3_prob": [0.29939954034353, 0.07658142388134882, 0.2765038529026751, 0.07658142388134882, 0.4278505449646488, 0.4607738054963781, 0.7796963365549235, 0.20008783762843105, 0.36007252976876036, 0.7550941340170808, 0.7617093264646433, 0.07658142388134882, 0.2552143410151739, 0.911377103586343, 0.3482284322820119, 0.5305336291902095, 0.2654656593677765, 0.3007735615937123, 0.5825135185500034, 0.37054474962693235, 0.44834870106903923, 0.22102336596135685, 0.3261903623122082, 0.3534716023900516, 0.5018197727824482, 0.24124012594899796, 0.7091036087698108], "split4_index": [122, 123, 124, 125, 126, 127, 128, 129, 130, 131, 132, 133, 134, 135, 136, 137, 138, 139, 140, 141, 142, 143, 144, 145, 146, 147, 148], "split4_pred": [0, 0, 0, 0, 0, 0, 1, 0, 0, 1, 1, 0, 0, 1, 0, 1, 0, 0, 1, 0, 0, 0, 0, 0, 1, 0, 1], "split4_test": [0, 0, 0, 0, 0, 0, 0, 0, 0, 0, 1, 1, 0, 1, 0, 0, 0, 0, 1, 0, 0, 0, 0, 0, 1, 0, 1], "split4_notXOR": [1, 1, 1, 1, 1, 1, 0, 1, 1, 0, 1, 0, 1, 1, 1, 0, 1, 1, 1, 1, 1, 1, 1, 1, 1, 1, 1], "split4_prob": [0.2932256804379528, 0.06567551336931517, 0.2688034603802047, 0.06567551336931517, 0.32567918510740107, 0.381922704772397, 0.8031230113759104, 0.188484890854781, 0.27256155833097434, 0.7785759977716767, 0.7851699054280399, 0.06567551336931517, 0.17273868186500718, 0.9274693574412229, 0.3454378488162253, 0.5428376128531253, 0.25702653640578277, 0.2946256581572505, 0.58722242348854, 0.36961519566671674, 0.486360587707276, 0.13925146022155038, 0.2666631901064605, 0.35115186042372326, 0.51178606407992, 0.23143668688496716, 0.7316351126669858], "split5_index": [149, 150, 151, 152, 153, 154, 155, 156, 157, 158, 159, 160, 161, 162, 163, 164, 165, 166, 167, 168, 169, 170, 171, 172, 173, 174, 175, 176, 177], "split5_pred": [0, 0, 0, 0, 0, 0, 1, 0, 0, 1, 1, 0, 0, 1, 0, 0, 0, 0, 0, 0, 1, 0, 0, 0, 0, 1, 0, 0, 1], "split5_test": [0, 0, 0, 0, 0, 0, 0, 0, 0, 0, 1, 0, 0, 1, 0, 0, 0, 0, 0, 1, 0, 0, 0, 0, 0, 0, 0, 0, 1], "split5_notXOR": [1, 1, 1, 1, 1, 1, 0, 1, 1, 0, 1, 1, 1, 1, 1, 1, 1, 1, 1, 0, 0, 1, 1, 1, 1, 0, 1, 1, 1], "split5_prob": [0.27981922805545134, 0.17108438052937747, 0.3030921892392518, 0.09208447446388028, 0.08244232671516104, 0.17477342459665218, 0.7808636440839453, 0.2622666060301568, 0.07602709923310626, 0.5503379490004682, 0.638300757877818, 0.17108438052937747, 0.15090999004438702, 0.9364934839768921, 0.28527901902968683, 0.3268192395271603, 0.4166270210133115, 0.2944810826046604, 0.3568708363536908, 0.3621536799764268, 0.573015768791221, 0.04698102725765792, 0.03742021802723665, 0.3869992403117872, 0.2354599576502148, 0.5311844184866784, 0.08749324668881239, 0.27161162929980015, 0.5063675511344854], "split6_index": [178, 179, 180, 181, 182, 183, 184, 185, 186, 187, 188, 189, 190, 191, 192, 193, 194, 195, 196, 197, 198, 199, 200, 201, 202, 203, 204], "split6_pred": [0, 0, 0, 0, 0, 0, 1, 0, 0, 1, 1, 0, 0, 1, 0, 0, 0, 0, 0, 0, 0, 0, 0, 1, 0, 0, 1], "split6_test": [0, 0, 0, 0, 0, 0, 0, 0, 0, 0, 1, 0, 0, 1, 0, 0, 0, 0, 0, 1, 0, 0, 0, 0, 0, 0, 1], "split6_notXOR": [1, 1, 1, 1, 1, 1, 0, 1, 1, 0, 1, 1, 1, 1, 1, 1, 1, 1, 1, 0, 1, 1, 1, 0, 1, 1, 1], "split6_prob": [0.2783077230670215, 0.1684962101013965, 0.3061115711884978, 0.11589250453285235, 0.11477849313501268, 0.22700942264698962, 0.7777927773712352, 0.23782856817336315, 0.09752310786334462, 0.6272388274983217, 0.711107305515051, 0.1684962101013965, 0.18320195714811285, 0.9428467728390673, 0.31940580324738943, 0.391389956820019, 0.41462786838871657, 0.3001606273439028, 0.40096638793381617, 0.3725786390167028, 0.4728880944449548, 0.39427415203080945, 0.2714556877989989, 0.5357334646946355, 0.12140242499103306, 0.2726848846273934, 0.7152741314501007], "split7_index": [205, 206, 207, 208, 209, 210, 211, 212, 213, 214, 215, 216, 217, 218, 219, 220, 221, 222, 223, 224, 225, 226, 227, 228, 229, 230], "split7_pred": [0, 0, 0, 0, 0, 0, 1, 0, 0, 1, 1, 0, 0, 1, 0, 0, 0, 0, 0, 0, 0, 0, 1, 0, 0, 1], "split7_test": [0, 0, 0, 0, 0, 0, 0, 0, 0, 0, 0, 0, 0, 0, 0, 0, 0, 0, 1, 0, 0, 0, 0, 0, 0, 1], "split7_notXOR": [1, 1, 1, 1, 1, 1, 0, 1, 1, 0, 0, 1, 1, 0, 1, 1, 1, 1, 0, 1, 1, 1, 0, 1, 1, 1], "split7_prob": [0.2724413163224645, 0.16063956846896718, 0.30732789186215326, 0.10460774965309785, 0.0938882499266905, 0.2002080350579326, 0.7890362089154277, 0.2308243245486233, 0.07941047866739279, 0.6344020759659845, 0.6994094288515705, 0.16063956846896718, 0.09280789000181934, 0.9431107325452793, 0.3730908460815016, 0.4138875435764794, 0.2948972269709925, 0.4042524948736278, 0.3699440537979116, 0.4696603186935941, 0.392568088128458, 0.266579261989052, 0.5401564175565626, 0.09969049734684603, 0.2666259765096596, 0.7428592639904172], "split8_index": [231, 232, 233, 234, 235, 236, 237, 238, 239, 240, 241, 242, 243, 244, 245, 246, 247, 248, 249, 250, 251, 252, 253, 254, 255, 256, 257, 258, 259, 260, 261],