{"split0_index": [4, 5, 6, 7], "split0_pred": [1, 1, 1, 1], "split0_test": [1, 1, 0, 0], "split0_notXOR": [1, 1, 0, 0], "split0_prob": [0.535, 0.535, 0.535, 0.535], "split1_index": [8, 9, 10, 11], "split1_pred": [0, 1, 1, 1], "split1_test": [0, 1, 0, 0], "split1_notXOR": [1, 1, 0, 0], "split1_prob": [0.2288095238095238, 0.5441666666666666, 0.5441666666666666, 0.5441666666666666]}