{"split0_index": [6, 7, 8, 9, 10, 11, 12], "split0_pred": [0, 1, 0, 0, 0, 0, 0], "split0_test": [0, 1, 0, 0, 0, 0, 0], "split0_notXOR": [1, 1, 1, 1, 1, 1, 1], "split0_prob": [0.12785057083848328, 0.7121516063800438, 0.13464611035874158, 0.12300210128245531, 0.24675839022204277, 0.12246512227542933, 0.24789160661020884], "split1_index": [13, 14, 15, 16, 17, 18, 19], "split1_pred": [0, 1, 0, 0, 0, 0, 0], "split1_test": [0, 1, 0, 0, 0, 0, 0], "split1_notXOR": [1, 1, 1, 1, 1, 1, 1], "split1_prob": [0.07624310058273359, 0.7884813426896438, 0.07633791448223141, 0.07243726460765204, 0.07619310463676582, 0.07567135984563507, 0.0762829864599983], "split2_index": [20, 21, 22, 23, 24, 25, 26], "split2_pred": [0, 1, 0, 0, 0, 0, 0], "split2_test": [0, 1, 0, 0, 0, 0, 0], "split2_notXOR": [1, 1, 1, 1, 1, 1, 1], "split2_prob": [0.05598206718844304, 0.9587589536742458, 0.055945254900984356, 0.04931811873619515, 0.05764550568627767, 0.05625091678519595, 0.05827602567352439], "split3_index": [27, 28, 29, 30, 31, 32, 33], "split3_pred": [0, 1, 0, 0, 0, 0, 0], "split3_test": [0, 1, 0, 0, 1, 0, 0], "split3_notXOR": [1, 1, 1, 1, 0, 1, 1], "split3_prob": [0.042515895953807704, 0.9663410480654074, 0.04250767641618377, 0.03698460777398044, 0.10964390811433994, 0.0437372998510436, 0.11100769607905361], "split4_index": [34, 35, 36, 37, 38, 39, 40], "split4_pred": [0, 1, 0, 0, 1, 0, 1], "split4_test": [0, 1, 0, 0, 0, 0, 0], "split4_notXOR": [1, 1, 1, 1, 0, 1, 0], "split4_prob": [0.04587099012550065, 0.9667315137796928, 0.045914734412536254, 0.041580681984621566, 0.9498056005815154, 0.04588996348423304, 0.9510883158999789], "split5_index": [41, 42, 43, 44, 45, 46, 47], "split5_pred": [0, 1, 0, 0, 0, 0, 1], "split5_test": [0, 1, 0, 0, 0, 0, 0], "split5_notXOR": [1, 1, 1, 1, 1, 1, 0], "split5_prob": [0.10148627407497209, 0.9309757977739738, 0.1014586433443514, 0.09484002989629585, 0.5, 0.10149783818758329, 0.5843496638051057], "split6_index": [48, 49, 50, 51, 52, 53, 54], "split6_pred": [0, 1, 0, 0, 0, 0, 0], "split6_test": [0, 1, 0, 0, 0, 0, 0], "split6_notXOR": [1, 1, 1, 1, 1, 1, 1], "split6_prob": [0.09703396708017675, 0.9640591054356369, 0.09692394842717297, 0.08908192800606526, 0.09686161984158578, 0.0954512316948294, 0.12315883205177901], "split7_index": [55, 56, 57, 58, 59, 60, 61], "split7_pred": [0, 1, 0, 0, 0, 0, 0], "split7_test": [0, 1, 0, 0, 0, 0, 0], "split7_notXOR": [1, 1, 1, 1, 1, 1, 1], "split7_prob": [0.09134052410357103, 0.884957253361505, 0.09754003832153832, 0.0878906612537174, 0.3214065370061202, 0.32200779020028825, 0.09081297214926423], "split8_index": [62, 63, 64, 65, 66, 67, 68], "split8_pred": [0, 1, 0, 0, 0, 0, 0], "split8_test": [0, 1, 0, 0, 0, 0, 0], "split8_notXOR": [1, 1, 1, 1, 1, 1, 1], "split8_prob": [0.07741678403138381, 0.9772417121924075, 0.07884908401282573, 0.07482508390662031, 0.07380600222731684, 0.07889593719221787, 0.07770678033512149], "split9_index": [69, 70, 71, 72, 73, 74, 75, 76], "split9_pred": [0, 0, 0, 0, 0, 0, 0, 0], "split9_test": [0, 0, 1, 0, 0, 0, 0, 0], "split9_notXOR": [1, 1, 0, 1, 1, 1, 1, 1], "split9_prob": [0.3029915999730417, 0.07372434235147926, 0.4490768826420485, 0.08018247899960843, 0.07114415367015406, 0.0694058960878122, 0.07512331215713708, 0.07512801196924325], "split10_index": [77, 78, 79, 80, 81, 82, 83, 84], "split10_pred": [0, 0, 1, 0, 0, 0, 0, 0], "split10_test": [0, 0, 1, 0, 0, 0, 0, 0], "split10_notXOR": [1, 1, 1, 1, 1, 1, 1, 1], "split10_prob": [0.07054607307108889, 0.06933776915833856, 0.9806986496624864, 0.07062843599193906, 0.06606759443318738, 0.06076948392450138, 0.07062843732755754, 0.06853552145755143], "split11_index": [85, 86, 87, 88, 89, 90, 91, 92], "split11_pred": [0, 0, 1, 0, 0, 0, 0, 0], "split11_test": [0, 0, 1, 0, 0, 0, 0, 0], "split11_notXOR": [1, 1, 1, 1, 1, 1, 1, 1], "split11_prob": [0.06521600318232257, 0.0641245430513523, 0.9831294742896847, 0.06519712695050991, 0.06075238219688853, 0.06196061573140054, 0.05872946737566095, 0.0629185983563776], "split12_index": [93, 94, 95, 96, 97, 98, 99, 100], "split12_pred": [0, 0, 1, 0, 0, 0, 0, 0], "split12_test": [0, 0, 1, 0, 0, 0, 0, 0], "split12_notXOR": [1, 1, 1, 1, 1, 1, 1, 1], "split12_prob": [0.060732358105555675, 0.05980810625835026, 0.9866972633313481, 0.06081539884012525, 0.05873335982997376, 0.1377028559471115, 0.11622595336165509, 0.06080880119653976], "split13_index": [101, 102, 103, 104, 105, 106, 107, 108, 109, 110], "split13_pred": [0, 0, 0, 1, 0, 0, 0, 0, 0, 0], "split13_test": [0, 0, 0, 1, 0, 0, 1, 1, 1, 0], "split13_notXOR": [1, 1, 1, 1, 1, 1, 0, 0, 0, 1], "split13_prob": [0.05766289245702522, 0.19117254592732597, 0.05685546481213928, 0.7777558914843509, 0.09230736680584359, 0.061733044452726565, 0.05310691380868184, 0.09310082760055159, 0.08585402688721297, 0.05782528203391893], "split14_index": [111, 112, 113, 114, 115, 116, 117, 118, 119, 120], "split14_pred": [0, 0, 0, 1, 0, 0, 0, 1, 1, 0], "split14_test": [0, 0, 0, 1, 0, 0, 1, 1, 1, 0], "split14_notXOR": [1, 1, 1, 1, 1, 1, 0, 1, 1, 1], "split14_prob": [0.05897088404614847, 0.06378853222155194, 0.011637541740561317, 0.9717052198187092, 0.06385350615989487, 0.06389093303709664, 0.5159505223114453, 0.9924247055709836, 0.9913139716399043, 0.060206802463540016], "split15_index": [121, 122, 123, 124, 125, 126, 127, 128, 129, 130], "split15_pred": [0, 0, 0, 1, 0, 0, 1, 1, 1, 0], "split15_test": [0, 0, 0, 1, 0, 0, 1, 1, 1, 1], "split15_notXOR": [1, 1, 1, 1, 1, 1, 1, 1, 1, 0], "split15_prob": [0.030671586199630927, 0.03317647810601231, 0.008315487966233437, 0.9729715978725962, 0.033214299608014274, 0.03319361184032331, 0.9729561938487742, 0.9884127768008939, 0.9811574044905955, 0.03318175446506628], "split16_index": [131, 132, 133, 134, 135, 136, 137, 138, 139, 140], "split16_pred": [0, 0, 0, 1, 0, 0, 1, 1, 1, 0], "split16_test": [0, 0, 0, 1, 0, 0, 1, 1, 1, 1], "split16_notXOR": [1, 1, 1, 1, 1, 1, 1, 1, 1, 0], "split16_prob": [0.07634709608495552, 0.07635049422319234, 0.012206682731009727, 0.9919381466949366, 0.04525185105561974, 0.07629253811634217, 0.9782632945255119, 0.9905061925078706, 0.9874301083758358, 0.21004890484005362], "split17_index": [141, 142, 143, 144, 145, 146, 147, 148, 149, 150], "split17_pred": [0, 0, 0, 1, 0, 0, 1, 1, 1, 0], "split17_test": [0, 0, 0, 1, 0, 0, 1, 1, 1, 1], "split17_notXOR": [1, 1, 1, 1, 1, 1, 1, 1, 1, 0], "split17_prob": [0.06198767677394064, 0.061868794118027745, 0.020350914258872328, 0.9842174283354169, 0.06078690142043199, 0.06878303505362841, 0.9718988280730877, 0.9857305069559029, 0.9724745362000282, 0.06901238160915817], "split18_index": [151, 152, 153, 154, 155, 156, 157, 158, 159, 160], "split18_pred": [0, 0, 0, 1, 0, 0, 1, 1, 1, 0], "split18_test": [0, 0, 0, 1, 0, 0, 1, 1, 1, 1], "split18_notXOR": [1, 1, 1, 1, 1, 1, 1, 1, 1, 0], "split18_prob": [0.01994455796135502, 0.040309978969495015, 0.01120245254077277, 0.9919956208623862, 0.06482252543904918, 0.01826439756565557, 0.9833742560677301, 0.9934154781815407, 0.9858532285961549, 0.19805091035986494], "split19_index": [161, 162, 163, 164, 165, 166, 167, 168, 169, 170], "split19_pred": [0, 0, 0, 1, 0, 0, 1, 1, 1, 0], "split19_test": [0, 0, 0, 0, 0, 0, 1, 1, 1, 1], "split19_notXOR": [1, 1, 1, 0, 1, 1, 1, 1, 1, 0], "split19_prob": [0.019372342521682573, 0.045957950169860054, 0.009222276043159349, 0.9900850492907506, 0.061070598484523286, 0.01840192270337435, 0.9863295981364711, 0.9952752216553815, 0.9898162553131268, 0.33509364707848993]}