{"split0_index": [6, 7, 8, 9, 10, 11], "split0_pred": [1, 0, 1, 1, 1, 0], "split0_test": [0, 0, 1, 0, 0, 0], "split0_notXOR": [0, 1, 1, 0, 0, 1], "split0_prob": [0.74, 0.28, 0.74, 0.74, 0.74, 0.47], "split1_index": [12, 13, 14, 15, 16, 17], "split1_pred": [1, 0, 1, 1, 0, 0], "split1_test": [0, 1, 1, 0, 0, 1], "split1_notXOR": [0, 0, 1, 0, 1, 0], "split1_prob": [0.96, 0.09, 0.96, 0.96, 0.26, 0.16], "split2_index": [18, 19, 20, 21, 22, 23], "split2_pred": [1, 1, 1, 1, 0, 1], "split2_test": [0, 1, 1, 0, 0, 1], "split2_notXOR": [0, 1, 1, 0, 1, 1], "split2_prob": [0.5018492063492064, 0.8689999999999999, 0.5018492063492064, 0.5018492063492064, 0.2622738095238095, 0.659], "split3_index": [24, 25, 26, 27, 28, 29], "split3_pred": [0, 1, 1, 0, 0, 0], "split3_test": [0, 1, 0, 0, 0, 0], "split3_notXOR": [1, 1, 0, 1, 1, 1], "split3_prob": [0.44178887778887765, 0.96, 0.93, 0.20944760794760792, 0.44178887778887765, 0.44178887778887765], "split4_index": [30, 31, 32, 33, 34, 35, 36, 37, 38], "split4_pred": [1, 1, 1, 1, 0, 1, 1, 1, 1], "split4_test": [0, 0, 0, 0, 1, 0, 0, 0, 0], "split4_notXOR": [0, 0, 0, 0, 0, 0, 0, 0, 0], "split4_prob": [0.5765714285714286, 0.995, 0.5679523809523809, 0.995, 0.01125, 0.945, 0.5765714285714286, 0.5765714285714286, 0.945], "split5_index": [39, 40, 41, 42, 43, 44, 45, 46, 47], "split5_pred": [0, 0, 1, 0, 0, 0, 0, 0, 1], "split5_test": [0, 0, 0, 0, 1, 0, 0, 0, 0], "split5_notXOR": [1, 1, 0, 1, 0, 1, 1, 1, 0], "split5_prob": [0.3922794705294704, 0.325, 0.9078571428571429, 0.325, 0.38692857142857146, 0.325, 0.3922794705294704, 0.3922794705294704, 0.96], "split6_index": [48, 49, 50, 51, 52, 53, 54, 55, 56], "split6_pred": [0, 0, 1, 0, 1, 0, 0, 0, 0], "split6_test": [0, 0, 0, 0, 1, 0, 0, 0, 0], "split6_notXOR": [1, 1, 0, 1, 1, 1, 1, 1, 1], "split6_prob": [0.4334770229770229, 0.26166666666666666, 0.6975952380952378, 0.27166666666666667, 0.8539999999999999, 0.095, 0.4334770229770229, 0.4334770229770229, 0.31]}