{"split0_index": [3, 4, 5], "split0_pred": [0, 0, 1], "split0_test": [0, 0, 1], "split0_notXOR": [1, 1, 1], "split0_prob": [0.28172961390358264, 0.2783373320849113, 0.7199487758969407], "split1_index": [6, 7, 8], "split1_pred": [0, 0, 1], "split1_test": [0, 0, 1], "split1_notXOR": [1, 1, 1], "split1_prob": [0.20486674546256622, 0.20096260961400667, 0.7970999288388484], "split2_index": [9, 10, 11], "split2_pred": [0, 0, 1], "split2_test": [0, 0, 1], "split2_notXOR": [1, 1, 1], "split2_prob": [0.1642340304223575, 0.16032478130939976, 0.837727047807643], "split3_index": [12, 13, 14], "split3_pred": [0, 0, 1], "split3_test": [0, 0, 1], "split3_notXOR": [1, 1, 1], "split3_prob": [0.13856701777715136, 0.1347756988890042, 0.863330091004375], "split4_index": [15, 16, 17], "split4_pred": [0, 0, 1], "split4_test": [0, 0, 1], "split4_notXOR": [1, 1, 1], "split4_prob": [0.12066508610577838, 0.11702176833269787, 0.8811596813481908], "split5_index": [18, 19, 20], "split5_pred": [0, 0, 1], "split5_test": [0, 0, 1], "split5_notXOR": [1, 1, 1], "split5_prob": [0.10735644619646872, 0.1038645198210751, 0.8943927998936023], "split6_index": [21, 22, 23], "split6_pred": [0, 0, 1], "split6_test": [0, 0, 1], "split6_notXOR": [1, 1, 1], "split6_prob": [0.19842794895622015, 0.09366652881174226, 0.9046603036855291], "split7_index": [24, 25, 26], "split7_pred": [0, 0, 1], "split7_test": [0, 0, 1], "split7_notXOR": [1, 1, 1], "split7_prob": [0.18199331534865554, 0.08168033325654321, 0.9104601696456303], "split8_index": [27, 28, 29], "split8_pred": [0, 0, 1], "split8_test": [0, 0, 1], "split8_notXOR": [1, 1, 1], "split8_prob": [0.16843003558158742, 0.07600267496445502, 0.9155967179238745], "split9_index": [30, 31, 32], "split9_pred": [0, 0, 1], "split9_test": [1, 0, 1], "split9_notXOR": [0, 1, 1], "split9_prob": [0.00047612032054204247, 0.06794836544666608, 0.9201115939397132], "split10_index": [33, 34, 35], "split10_pred": [0, 0, 1], "split10_test": [1, 0, 1], "split10_notXOR": [0, 1, 1], "split10_prob": [0.09888089384132442, 0.25603003481459624, 0.8450183792847966], "split11_index": [36, 37, 38], "split11_pred": [0, 0, 1], "split11_test": [1, 0, 1], "split11_notXOR": [0, 1, 1], "split11_prob": [0.3044930872041321, 0.3477483288429232, 0.804650824402091], "split12_index": [39, 40, 41], "split12_pred": [0, 0, 1], "split12_test": [1, 0, 1], "split12_notXOR": [0, 1, 1], "split12_prob": [0.45697828467845236, 0.4005360655242204, 0.761252126842676], "split13_index": [42, 43, 44], "split13_pred": [0, 0, 1], "split13_test": [1, 0, 1], "split13_notXOR": [0, 1, 1], "split13_prob": [0.389260863628733, 0.36037827202053835, 0.7885327493502319], "split14_index": [45, 46, 47], "split14_pred": [0, 0, 1], "split14_test": [1, 0, 1], "split14_notXOR": [0, 1, 1], "split14_prob": [0.4202334067762309, 0.3214398086668564, 0.780025440195937], "split15_index": [48, 49, 50], "split15_pred": [0, 0, 1], "split15_test": [1, 0, 1], "split15_notXOR": [0, 1, 1], "split15_prob": [0.45826360690349827, 0.3242229575552664, 0.7732434736247499], "split16_index": [51, 52, 53], "split16_pred": [0, 0, 1], "split16_test": [1, 0, 1], "split16_notXOR": [0, 1, 1], "split16_prob": [0.44857525355428823, 0.31736948604115545, 0.7804082136003637], "split17_index": [54, 55, 56], "split17_pred": [0, 0, 1], "split17_test": [1, 0, 1], "split17_notXOR": [0, 1, 1], "split17_prob": [0.43928326568051784, 0.3108139241690159, 0.7870495840652886], "split18_index": [57, 58, 59], "split18_pred": [0, 0, 1], "split18_test": [1, 0, 1], "split18_notXOR": [0, 1, 1], "split18_prob": [0.473282587513779, 0.31267843223886943, 0.781255705364923], "split19_index": [60, 61, 62], "split19_pred": [1, 0, 1], "split19_test": [1, 0, 1], "split19_notXOR": [1, 1, 1], "split19_prob": [0.5027228461937673, 0.31334595800587794, 0.7758441036080302], "split20_index": [63, 64, 65], "split20_pred": [1, 0, 1], "split20_test": [1, 0, 1], "split20_notXOR": [1, 1, 1], "split20_prob": [0.5213603984794998, 0.30771367182816894, 0.777575358769351], "split21_index": [66, 67, 68], "split21_pred": [1, 0, 1], "split21_test": [1, 0, 1], "split21_notXOR": [1, 1, 1], "split21_prob": [0.5381627546043953, 0.30210818315430416, 0.7794999389450791], "split22_index": [69, 70, 71], "split22_pred": [1, 0, 1], "split22_test": [1, 0, 1], "split22_notXOR": [1, 1, 1], "split22_prob": [0.5548666198168448, 0.2986998770577495, 0.7797743622828085], "split23_index": [72, 73, 74], "split23_pred": [1, 0, 1], "split23_test": [1, 0, 1], "split23_notXOR": [1, 1, 1], "split23_prob": [0.5685920419637795, 0.293092463052512, 0.7819821511746049], "split24_index": [75, 76, 77], "split24_pred": [1, 0, 1], "split24_test": [1, 0, 1], "split24_notXOR": [1, 1, 1], "split24_prob": [0.5823653883558465, 0.288114115594181, 0.7826874809338032], "split25_index": [78, 79, 80], "split25_pred": [1, 0, 1], "split25_test": [1, 0, 1], "split25_notXOR": [1, 1, 1], "split25_prob": [0.593961992533058, 0.2827817795782539, 0.7850836639399013], "split26_index": [81, 82, 83], "split26_pred": [1, 0, 1], "split26_test": [1, 0, 1], "split26_notXOR": [1, 1, 1], "split26_prob": [0.6047357009167557, 0.27763971122414943, 0.787498490052766], "split27_index": [84, 85, 86, 87], "split27_pred": [1, 1, 0, 1], "split27_test": [0, 1, 0, 1], "split27_notXOR": [0, 1, 1, 1], "split27_prob": [0.6221566927145423, 0.6147841123471373, 0.27268131399818346, 0.7899203043865616], "split28_index": [88, 89, 90, 91], "split28_pred": [1, 1, 0, 1], "split28_test": [0, 1, 0, 1], "split28_notXOR": [0, 1, 1, 1], "split28_prob": [0.5670777880874698, 0.5637247613644449, 0.27836880608921655, 0.7888836880749259], "split29_index": [92, 93, 94, 95], "split29_pred": [1, 1, 0, 1], "split29_test": [0, 1, 0, 1], "split29_notXOR": [0, 1, 1, 1], "split29_prob": [0.5570508895585511, 0.5580348554415848, 0.23958814567625694, 0.7927347395369378], "split30_index": [96, 97, 98, 99], "split30_pred": [1, 1, 0, 1], "split30_test": [0, 1, 0, 1], "split30_notXOR": [0, 1, 1, 1], "split30_prob": [0.5306883754587587, 0.5396671843379425, 0.2431566011937306, 0.7989422296406535], "split31_index": [100, 101, 102, 103], "split31_pred": [1, 1, 0, 1], "split31_test": [0, 1, 0, 1], "split31_notXOR": [0, 1, 1, 1], "split31_prob": [0.5248489976671491, 0.5360328651245332, 0.24153850507596408, 0.8031473593992567], "split32_index": [104, 105, 106, 107], "split32_pred": [1, 1, 0, 1], "split32_test": [0, 1, 0, 1], "split32_notXOR": [0, 1, 1, 1], "split32_prob": [0.5195642573785194, 0.532960244378387, 0.24004865700575054, 0.8071064836099182], "split33_index": [108, 109, 110, 111], "split33_pred": [1, 1, 0, 1], "split33_test": [0, 1, 0, 1], "split33_notXOR": [0, 1, 1, 1], "split33_prob": [0.5147214891278993, 0.530331685383033, 0.2386546273459699, 0.8108365290365961], "split34_index": [112, 113, 114, 115], "split34_pred": [1, 1, 0, 1], "split34_test": [0, 1, 0, 1], "split34_notXOR": [0, 1, 1, 1], "split34_prob": [0.512673946789481, 0.5264270942493793, 0.23461598046183138, 0.8163875559806494], "split35_index": [116, 117, 118, 119], "split35_pred": [1, 1, 0, 1], "split35_test": [0, 1, 0, 1], "split35_notXOR": [0, 1, 1, 1], "split35_prob": [0.5085004455616963, 0.5245498134152992, 0.2334702914070141, 0.8196583179365357], "split36_index": [120, 121, 122, 123], "split36_pred": [1, 1, 0, 1], "split36_test": [0, 1, 0, 1], "split36_notXOR": [0, 1, 1, 1], "split36_prob": [0.5045864954525757, 0.522926021896337, 0.23235051635500098, 0.8227643353719454], "split37_index": [124, 125, 126, 127], "split37_pred": [1, 1, 0, 1], "split37_test": [0, 1, 0, 1], "split37_notXOR": [0, 1, 1, 1], "split37_prob": [0.5009467707763041, 0.5215791244349208, 0.2313055548047314, 0.8257158930690024], "split38_index": [128, 129, 130, 131], "split38_pred": [0, 1, 0, 1], "split38_test": [0, 1, 0, 1], "split38_notXOR": [1, 1, 1, 1], "split38_prob": [0.4975249470875304, 0.5204488589530207, 0.23030261101545427, 0.8285256669622721], "split39_index": [132, 133, 134, 135], "split39_pred": [0, 1, 0, 1], "split39_test": [0, 1, 0, 1],