{"split0_index": [19, 20, 21, 22, 23, 24, 25, 26, 27, 28, 29, 30, 31, 32, 33, 34, 35, 36, 37], "split0_pred": [0, 1, 1, 0, 0, 0, 1, 0, 0, 0, 1, 1, 0, 0, 1, 1, 0, 0, 0], "split0_test": [0, 1, 1, 0, 0, 0, 1, 0, 0, 0, 1, 1, 0, 0, 1, 1, 0, 0, 0], "split0_notXOR": [1, 1, 1, 1, 1, 1, 1, 1, 1, 1, 1, 1, 1, 1, 1, 1, 1, 1, 1], "split0_prob": [0.20152971605981174, 0.8640245604469307, 0.8639522665770033, 0.20153306599498097, 0.23103872387271576, 0.21326639073264542, 0.8596978265937817, 0.46490502682608503, 0.509008019266104, 0.3010745554284832, 0.6099196390380719, 0.8449837446890845, 0.18345429037570732, 0.27577965728403186, 0.8639288408111188, 0.5686587024766504, 0.3792270533258232, 0.2015607334551749, 0.28795261212467393], "split1_index": [38, 39, 40, 41, 42, 43, 44, 45, 46, 47, 48, 49, 50, 51, 52, 53, 54, 55, 56], "split1_pred": [0, 1, 1, 0, 0, 0, 1, 0, 0, 0, 1, 1, 0, 0, 1, 1, 0, 1, 0], "split1_test": [0, 1, 1, 0, 0, 0, 1, 0, 0, 0, 1, 1, 0, 0, 1, 1, 0, 0, 0], "split1_notXOR": [1, 1, 1, 1, 1, 1, 1, 1, 1, 1, 1, 1, 1, 1, 1, 1, 1, 0, 1], "split1_prob": [0.1372778425642476, 0.8528426937089459, 0.7588640441547482, 0.10882350473051688, 0.15027671287758826, 0.1361195334952401, 0.8527073650074793, 0.1503449490343681, 0.3451825413149227, 0.15048225630208553, 0.6581797449859587, 0.8528426814347312, 0.15866130846602852, 0.3320282973003415, 0.8528387307670195, 0.5831500533559681, 0.22741111031576966, 0.6009580826450098, 0.15032402875797637], "split2_index": [57, 58, 59, 60, 61, 62, 63, 64, 65, 66, 67, 68, 69, 70, 71, 72, 73, 74, 75], "split2_pred": [0, 1, 1, 0, 0, 0, 1, 0, 0, 0, 1, 1, 0, 0, 1, 1, 0, 0, 0], "split2_test": [0, 1, 1, 0, 0, 0, 1, 0, 0, 0, 1, 1, 0, 0, 1, 1, 0, 0, 0], "split2_notXOR": [1, 1, 1, 1, 1, 1, 1, 1, 1, 1, 1, 1, 1, 1, 1, 1, 1, 1, 1], "split2_prob": [0.011578147912745692, 0.9508039169107643, 0.953798282698545, 0.008136855473863076, 0.04189933679010877, 0.014587919835139306, 0.9541542964171696, 0.020975933771880152, 0.03838034052287408, 0.03348787349829525, 0.9540810862976837, 0.9811363034366846, 0.007798862351661166, 0.36273354714514067, 0.9540594983194001, 0.828473811165079, 0.12667068974089146, 0.020956460036412123, 0.020936908092085954], "split3_index": [76, 77, 78, 79, 80, 81, 82, 83, 84, 85, 86, 87, 88, 89, 90, 91, 92, 93, 94], "split3_pred": [0, 1, 1, 0, 0, 0, 1, 0, 0, 0, 1, 1, 0, 0, 1, 1, 0, 0, 0], "split3_test": [0, 1, 1, 0, 0, 0, 1, 0, 0, 0, 1, 1, 0, 0, 1, 1, 0, 0, 0], "split3_notXOR": [1, 1, 1, 1, 1, 1, 1, 1, 1, 1, 1, 1, 1, 1, 1, 1, 1, 1, 1], "split3_prob": [0.006180111895140906, 0.9507181025213122, 0.9532651028325194, 0.004450071293905123, 0.017104963973968667, 0.007753561399224278, 0.9533391320550039, 0.015068741226703316, 0.015065005787788814, 0.015057945238681016, 0.9533019387721678, 0.9743506760411248, 0.003489546385188128, 0.05532934893997988, 0.9532689030682641, 0.8329310867515867, 0.07693400791137558, 0.015064726533746237, 0.06782559617533461], "split4_index": [95, 96, 97, 98, 99, 100, 101, 102, 103, 104, 105, 106, 107, 108, 109, 110, 111, 112, 113, 114], "split4_pred": [0, 1, 1, 0, 0, 0, 1, 0, 0, 0, 1, 1, 0, 0, 1, 1, 0, 0, 0, 0], "split4_test": [0, 1, 1, 0, 0, 0, 1, 0, 0, 0, 1, 1, 0, 0, 1, 1, 0, 0, 0, 0], "split4_notXOR": [1, 1, 1, 1, 1, 1, 1, 1, 1, 1, 1, 1, 1, 1, 1, 1, 1, 1, 1, 1], "split4_prob": [0.0044666046252156595, 0.9724927099571737, 0.9726801371075032, 0.0024719400520339806, 0.011784791285763978, 0.003675306511632559, 0.972420179909272, 0.01178627053017308, 0.08770908679873624, 0.011777699547503658, 0.9724221892346235, 0.9887453585153715, 0.002145863278911837, 0.02716326984750627, 0.9779136301972333, 0.9074959542843516, 0.05991030085798345, 0.011777068379332397, 0.019999417928310986, 0.01000996345757332], "split5_index": [115, 116, 117, 118, 119, 120, 121, 122, 123, 124, 125, 126, 127, 128, 129, 130, 131, 132, 133, 134], "split5_pred": [0, 1, 1, 0, 0, 0, 1, 0, 0, 0, 1, 1, 0, 0, 1, 1, 0, 0, 0, 0], "split5_test": [0, 1, 1, 0, 0, 0, 1, 0, 0, 0, 1, 1, 0, 0, 1, 1, 0, 0, 0, 0], "split5_notXOR": [1, 1, 1, 1, 1, 1, 1, 1, 1, 1, 1, 1, 1, 1, 1, 1, 1, 1, 1, 1], "split5_prob": [0.0032643067953133055, 0.974997304613408, 0.9750172916014521, 0.0029886647203436665, 0.013815901644133913, 0.004656151519299028, 0.9749718036345127, 0.013833403733106377, 0.013813349913662336, 0.01383228109591787, 0.9749721522365397, 0.9866063407989978, 0.001963194043328089, 0.013837555360605455, 0.9808250803717149, 0.9375923556161512, 0.08329544983580547, 0.008638219089934179, 0.013820819110267136, 0.001271272675596266], "split6_index": [135, 136, 137, 138, 139, 140, 141, 142, 143, 144, 145, 146, 147, 148, 149, 150, 151, 152, 153, 154], "split6_pred": [0, 1, 1, 0, 0, 0, 1, 0, 0, 0, 1, 1, 0, 0, 1, 1, 0, 0, 0, 0], "split6_test": [0, 1, 1, 0, 0, 0, 1, 0, 0, 0, 1, 1, 0, 0, 1, 1, 0, 0, 0, 0], "split6_notXOR": [1, 1, 1, 1, 1, 1, 1, 1, 1, 1, 1, 1, 1, 1, 1, 1, 1, 1, 1, 1], "split6_prob": [0.008864079571845778, 0.9844644618120825, 0.9844549615126306, 0.0050565507660147386, 0.021391331299166334, 0.008194082146026913, 0.9844535567815267, 0.021382971111508282, 0.021411121659688465, 0.021395816472267085, 0.9844666995850403, 0.9956016985973889, 0.0033257129178763025, 0.02141844930158942, 0.9879136816817164, 0.9770809727143629, 0.14459624826218148, 0.018058980384004247, 0.021381394284293167, 0.002256254474328121], "split7_index": [155, 156, 157, 158, 159, 160, 161, 162, 163, 164, 165, 166, 167, 168, 169, 170, 171, 172, 173, 174], "split7_pred": [0, 1, 1, 0, 0, 0, 1, 0, 0, 0, 1, 1, 0, 0, 1, 1, 0, 0, 0, 0], "split7_test": [0, 1, 1, 0, 0, 0, 1, 0, 0, 0, 1, 1, 0, 0, 1, 1, 0, 0, 0, 0], "split7_notXOR": [1, 1, 1, 1, 1, 1, 1, 1, 1, 1, 1, 1, 1, 1, 1, 1, 1, 1, 1, 1], "split7_prob": [0.003892157281808865, 0.9827824756081246, 0.9827823451111086, 0.0022451781304720555, 0.011015375751653192, 0.003613963502331427, 0.982767719745381, 0.011031394635442556, 0.011013072406731769, 0.011031810356310937, 0.9828152708817575, 0.9955527587207297, 0.0014104776864217294, 0.011030980980847429, 0.9871162812358939, 0.9821624507216814, 0.09369028371740545, 0.007756774010821547, 0.011013287912226064, 0.0009155171865725914], "split8_index": [175, 176, 177, 178, 179, 180, 181, 182, 183, 184, 185, 186, 187, 188, 189, 190, 191, 192, 193, 194, 195], "split8_pred": [0, 1, 1, 0, 0, 0, 1, 0, 0, 0, 1, 1, 0, 0, 1, 1, 0, 0, 0, 0, 0], "split8_test": [0, 1, 1, 0, 0, 0, 1, 0, 0, 0, 1, 1, 0, 0, 1, 1, 0, 0, 0, 0, 0], "split8_notXOR": [1, 1, 1, 1, 1, 1, 1, 1, 1, 1, 1, 1, 1, 1, 1, 1, 1, 1, 1, 1, 1], "split8_prob": [0.008166919054879176, 0.9808986021929563, 0.9808702356963799, 0.0029349153725603846, 0.013994161270642064, 0.004679389459998676, 0.9808581017765078, 0.013992550997914674, 0.014028365661166704, 0.014018547275437693, 0.9894438569501068, 0.9792441976638737, 0.001790251140725946, 0.014004992762867822, 0.9875614480696735, 0.9808424393322723, 0.12290658607417598, 0.008853720385108867, 0.013987874651689646, 0.013462439691807717, 0.0013209614009725805], "split9_index": [196, 197, 198, 199, 200, 201, 202, 203, 204, 205, 206, 207, 208, 209, 210, 211, 212, 213, 214, 215, 216], "split9_pred": [0, 1, 1, 1, 0, 0, 0, 1, 0, 0, 1, 0, 1, 0, 0, 1, 0, 0, 0, 0, 0], "split9_test": [0, 0, 0, 1, 0, 0, 0, 1, 0, 0, 1, 0, 0, 0, 0, 1, 0, 0, 0, 0, 0], "split9_notXOR": [1, 0, 0, 1, 1, 1, 1, 1, 1, 1, 1, 1, 0, 1, 1, 1, 1, 1, 1, 1, 1], "split9_prob": [0.020064976331179273, 0.984338623782733, 0.9647969913545836, 0.9880719953703271, 0.0049697684588376504, 0.012116049636898753, 0.012400846822321105, 0.9843591520035766, 0.003219815382320842, 0.012094282601430268, 0.6822889737834017, 0.012092469296359333, 0.6254623857321564, 0.0011844575425319346, 0.232617348438592, 0.9723245718030081, 0.002024959147823814, 0.012108063133382965, 0.012097081510687765, 0.11192727778814489, 0.0010730733342949861], "split10_index": [217, 218, 219, 220, 221, 222, 223, 224, 225, 226, 227, 228, 229, 230, 231, 232, 233, 234], "split10_pred": [0, 0, 1, 1, 0, 0, 1, 0, 0, 1, 1, 1, 0, 1, 0, 0, 0, 0], "split10_test": [0, 0, 1, 1, 0, 0, 0, 0, 0, 0, 1, 1, 0, 0, 0, 0, 0, 0],