{"split0_index": [6, 7, 8, 9, 10, 11], "split0_pred": [1, 0, 0, 1, 1, 1], "split0_test": [0, 0, 0, 1, 0, 0], "split0_notXOR": [0, 1, 1, 1, 0, 0], "split0_prob": [0.5311900385031475, 0.33741706776605324, 0.489103747518227, 0.6625613922970613, 0.6823863020140608, 0.6418891535336458], "split1_index": [12, 13, 14, 15, 16, 17], "split1_pred": [0, 0, 0, 1, 1, 1], "split1_test": [0, 0, 0, 1, 0, 0], "split1_notXOR": [1, 1, 1, 1, 0, 0], "split1_prob": [0.451794543616715, 0.3001940864469269, 0.48044058744840057, 0.5665334679119666, 0.5667405325242492, 0.6627706204818393], "split2_index": [18, 19, 20, 21, 22, 23], "split2_pred": [0, 0, 0, 1, 1, 1], "split2_test": [0, 0, 0, 1, 0, 0], "split2_notXOR": [1, 1, 1, 1, 0, 0], "split2_prob": [0.4165606465994257, 0.2156719900155964, 0.3696395872685614, 0.5996716817006352, 0.6317031485064643, 0.5687701864671456], "split3_index": [24, 25, 26, 27, 28, 29], "split3_pred": [0, 0, 0, 1, 1, 1], "split3_test": [0, 0, 0, 1, 0, 0], "split3_notXOR": [1, 1, 1, 1, 0, 0], "split3_prob": [0.3707925387642098, 0.13974477967567153, 0.36702099271880817, 0.6879127901391454, 0.7268636377838643, 0.7694872057854684], "split4_index": [30, 31, 32, 33, 34, 35], "split4_pred": [0, 0, 0, 1, 1, 1], "split4_test": [0, 0, 0, 1, 0, 0], "split4_notXOR": [1, 1, 1, 1, 0, 0], "split4_prob": [0.3972171326825533, 0.18000904489606237, 0.46329803996212215, 0.6059723111544814, 0.6064537902273128, 0.7782294900415789], "split5_index": [36, 37, 38, 39, 40, 41], "split5_pred": [0, 0, 0, 1, 1, 1], "split5_test": [0, 0, 0, 1, 0, 0], "split5_notXOR": [1, 1, 1, 1, 0, 0], "split5_prob": [0.2600818775595568, 0.007840822354972809, 0.18832899068343623, 0.6002305130717975, 0.6212569363082089, 0.5193678162078293], "split6_index": [42, 43, 44, 45, 46, 47], "split6_pred": [0, 0, 0, 1, 1, 0], "split6_test": [0, 0, 0, 1, 0, 0], "split6_notXOR": [1, 1, 1, 1, 0, 1], "split6_prob": [0.42553468489771695, 0.22562319133285993, 0.366560266431945, 0.5835514421158787, 0.6229801103106904, 0.47180779711319565], "split7_index": [48, 49, 50, 51, 52, 53], "split7_pred": [0, 0, 0, 1, 1, 1], "split7_test": [0, 0, 0, 1, 0, 0], "split7_notXOR": [1, 1, 1, 1, 0, 0], "split7_prob": [0.37109609855541037, 0.12540550316450969, 0.2482168005089857, 0.686590204578045, 0.7466708228142724, 0.5703606856026348]}