{"split0_index": [9, 10, 11, 12, 13, 14, 15, 16, 17, 18], "split0_pred": [0, 0, 0, 0, 0, 0, 0, 0, 0, 0], "split0_test": [0, 0, 0, 0, 0, 0, 1, 0, 0, 0], "split0_notXOR": [1, 1, 1, 1, 1, 1, 0, 1, 1, 1], "split0_prob": [0.16596288359485947, 0.18093104500790438, 0.12104154368753976, 0.12104154368753976, 0.12101686776477778, 0.12104154368753976, 0.12104154368753976, 0.12104154368752423, 0.11835751844575834, 0.12104154368683376], "split1_index": [19, 20, 21, 22, 23, 24, 25, 26, 27, 28], "split1_pred": [0, 0, 0, 0, 0, 0, 0, 0, 0, 0], "split1_test": [0, 0, 0, 0, 0, 0, 1, 0, 0, 0], "split1_notXOR": [1, 1, 1, 1, 1, 1, 0, 1, 1, 1], "split1_prob": [0.13562382279695678, 0.1320565102950575, 0.1320565102950575, 0.1320565102950575, 0.1320565102950575, 0.1320565102950575, 0.08371369135807599, 0.1320565102950575, 0.1320565102950575, 0.1320565102950575], "split2_index": [29, 30, 31, 32, 33, 34, 35, 36, 37, 38], "split2_pred": [0, 0, 0, 0, 0, 0, 0, 0, 0, 0], "split2_test": [0, 0, 0, 0, 0, 0, 1, 0, 0, 0], "split2_notXOR": [1, 1, 1, 1, 1, 1, 0, 1, 1, 1], "split2_prob": [0.0842146824690474, 0.11815885475736126, 0.11815885475736126, 0.11815885475736126, 0.11815885475736126, 0.11815885475736126, 0.11815885475736126, 0.11815885475736126, 0.11815885475736126, 0.11815885475736126], "split3_index": [39, 40, 41, 42, 43, 44, 45, 46, 47, 48], "split3_pred": [0, 0, 0, 0, 0, 0, 0, 0, 0, 0], "split3_test": [0, 0, 0, 0, 0, 0, 1, 0, 0, 0], "split3_notXOR": [1, 1, 1, 1, 1, 1, 0, 1, 1, 1], "split3_prob": [0.11046861281524917, 0.11046861281524917, 0.11046861281524917, 0.11046861281524917, 0.11046861281524917, 0.11046861281524917, 0.5137076378084361, 0.11046861281524917, 0.11046861281524917, 0.11046861281524917], "split4_index": [49, 50, 51, 52, 53, 54, 55, 56, 57, 58], "split4_pred": [0, 0, 0, 0, 0, 0, 0, 0, 0, 0], "split4_test": [0, 0, 0, 0, 0, 0, 1, 0, 0, 0], "split4_notXOR": [1, 1, 1, 1, 1, 1, 0, 1, 1, 1], "split4_prob": [0.08271900422756198, 0.08271900422756198, 0.08271900422756198, 0.08271900422756198, 0.6479891413464757, 0.08271900422756198, 0.6114513256594793, 0.08271900422756198, 0.08271900422756198, 0.08271900422756198], "split5_index": [59, 60, 61, 62, 63, 64, 65, 66, 67, 68], "split5_pred": [0, 0, 0, 1, 1, 0, 1, 0, 0, 0], "split5_test": [0, 0, 0, 0, 0, 0, 1, 0, 0, 0], "split5_notXOR": [1, 1, 1, 0, 0, 1, 1, 1, 1, 1], "split5_prob": [0.10149562591815656, 0.10149562591815656, 0.10149562591815656, 0.14937141577814148, 0.1549433453172967, 0.10149562591815656, 0.15453051615531227, 0.10149562591815656, 0.10149562591815656, 0.10149562591815656], "split6_index": [69, 70, 71, 72, 73, 74, 75, 76, 77, 78], "split6_pred": [0, 0, 0, 0, 0, 0, 0, 0, 0, 0], "split6_test": [0, 0, 0, 0, 0, 0, 1, 0, 0, 0], "split6_notXOR": [1, 1, 1, 1, 1, 1, 0, 1, 1, 1], "split6_prob": [0.05370062467641467, 0.05370062467641467, 0.3084336347436005, 0.34356295341560783, 0.26644065841002473, 0.26214219025642377, 0.26644065841002473, 0.05370062467641467, 0.05370062467641467, 0.3435756494938867]}