{"split0_index": [8, 9, 10, 11, 12, 13, 14, 15], "split0_pred": [0, 0, 0, 0, 0, 0, 0, 0], "split0_test": [0, 0, 1, 0, 0, 0, 0, 0], "split0_notXOR": [1, 1, 0, 1, 1, 1, 1, 1], "split0_prob": [0.212839825583091, 0.2025818942167531, 0.16723028854851849, 0.18652891256187398, 0.186528910013417, 0.20255805270176405, 0.186655527252731, 0.21437999438744648], "split1_index": [16, 17, 18, 19, 20, 21, 22, 23], "split1_pred": [0, 0, 0, 0, 0, 0, 0, 0], "split1_test": [0, 0, 1, 0, 0, 0, 0, 0], "split1_notXOR": [1, 1, 0, 1, 1, 1, 1, 1], "split1_prob": [0.18503510190686215, 0.17705967218864238, 0.1452813206624118, 0.15975627097757783, 0.15975538179184182, 0.17352461427276375, 0.15976753770781815, 0.18182576201783682], "split2_index": [24, 25, 26, 27, 28, 29, 30, 31, 32], "split2_pred": [0, 0, 0, 0, 0, 0, 0, 0, 0], "split2_test": [0, 0, 0, 1, 0, 0, 0, 0, 0], "split2_notXOR": [1, 1, 1, 0, 1, 1, 1, 1, 1], "split2_prob": [0.1265990058858494, 0.1269029975217687, 0.12802900766890288, 0.13881779775029843, 0.13436174025483733, 0.13699970748579884, 0.13055769941205708, 0.12935713427793774, 0.12770276110154796], "split3_index": [33, 34, 35, 36, 37, 38, 39, 40, 41], "split3_pred": [0, 0, 0, 0, 0, 0, 0, 0, 0], "split3_test": [0, 0, 0, 1, 0, 0, 0, 0, 0], "split3_notXOR": [1, 1, 1, 0, 1, 1, 1, 1, 1], "split3_prob": [0.06873213953588526, 0.061443075382654984, 0.061653474402002015, 0.2127917208631576, 0.1269665053959489, 0.12704977113841548, 0.09866895542833032, 0.1266747538403893, 0.06360783317398831], "split4_index": [42, 43, 44, 45, 46, 47, 48, 49, 50], "split4_pred": [0, 0, 0, 0, 0, 0, 0, 0, 0], "split4_test": [0, 0, 0, 1, 0, 0, 0, 0, 0], "split4_notXOR": [1, 1, 1, 0, 1, 1, 1, 1, 1], "split4_prob": [0.025756815694808824, 0.01904697415151585, 0.019639282707005757, 0.45057328510436057, 0.1378338328589099, 0.13752449513423734, 0.06625605244579123, 0.13744376186059587, 0.020952524463608613], "split5_index": [51, 52, 53, 54, 55, 56, 57, 58, 59], "split5_pred": [0, 0, 0, 0, 0, 0, 0, 0, 0], "split5_test": [0, 0, 0, 1, 0, 0, 0, 0, 0], "split5_notXOR": [1, 1, 1, 0, 1, 1, 1, 1, 1], "split5_prob": [0.0011081820428282968, 0.000521617790123894, 0.0005865388449241652, 0.912265757659829, 0.12492567902236516, 0.124819028997013, 0.014698881471390451, 0.12481910027704013, 0.003394318561494989]}