{"split0_index": [8, 9, 10, 11, 12, 13, 14, 15, 16], "split0_pred": [0, 1, 0, 0, 1, 0, 0, 1, 0], "split0_test": [0, 0, 0, 0, 0, 0, 0, 1, 0], "split0_notXOR": [1, 0, 1, 1, 0, 1, 1, 1, 1], "split0_prob": [0.663839525012283, 0.4007695907255191, 0.5404149238641976, 0.5404149238641976, 0.4007695907255191, 0.5, 0.6615201292782549, 0.3398725600071562, 0.5120226972947579], "split1_index": [17, 18, 19, 20, 21, 22, 23, 24, 25], "split1_pred": [0, 0, 0, 0, 0, 0, 0, 1, 0], "split1_test": [0, 0, 0, 0, 0, 0, 0, 1, 0], "split1_notXOR": [1, 1, 1, 1, 1, 1, 1, 1, 1], "split1_prob": [0.04060431205617994, 0.0015931443115538937, 0.0009974139959044194, 0.0013568784624254672, 0.0009974139824847133, 0.04060431205617994, 0.04060431205617994, 0.9857881006235536, 0.03813156936287097], "split2_index": [26, 27, 28, 29, 30, 31, 32, 33, 34], "split2_pred": [0, 1, 0, 0, 1, 0, 0, 1, 0], "split2_test": [0, 0, 0, 0, 0, 0, 0, 1, 0], "split2_notXOR": [1, 0, 1, 1, 0, 1, 1, 1, 1], "split2_prob": [0.14573431338463463, 0.49325113167086765, 0.14589136596020147, 0.15411790725365052, 0.49325113167086765, 0.1648297118692051, 0.14969176377242832, 0.7711077217469673, 0.1503963034325765], "split3_index": [35, 36, 37, 38, 39, 40, 41, 42, 43], "split3_pred": [0, 0, 0, 0, 0, 0, 0, 1, 0], "split3_test": [0, 0, 0, 0, 0, 0, 0, 1, 0], "split3_notXOR": [1, 1, 1, 1, 1, 1, 1, 1, 1], "split3_prob": [0.11852791534593575, 0.17211062721621734, 0.11898456365950812, 0.14855652287204393, 0.12065485874108588, 0.14483779854167048, 0.12224612536510922, 0.8013479828990974, 0.1201475447830922], "split4_index": [44, 45, 46, 47, 48, 49, 50, 51, 52], "split4_pred": [0, 1, 0, 0, 1, 0, 0, 1, 0], "split4_test": [0, 0, 0, 0, 0, 0, 0, 1, 0], "split4_notXOR": [1, 0, 1, 1, 0, 1, 1, 1, 1], "split4_prob": [0.13123011275828794, 0.5763410562226953, 0.1352354439239836, 0.14319659099042428, 0.5763410562226953, 0.13512521476110134, 0.1314599135165074, 0.8586234642287843, 0.13506782688660815], "split5_index": [53, 54, 55, 56, 57, 58, 59, 60, 61], "split5_pred": [0, 0, 0, 0, 0, 0, 0, 0, 0], "split5_test": [0, 0, 0, 0, 0, 0, 0, 1, 0], "split5_notXOR": [1, 1, 1, 1, 1, 1, 1, 0, 1], "split5_prob": [0.12121830188499981, 0.10857401213820127, 0.13492722789190464, 0.12104652326301879, 0.12124694172051213, 0.1212183028205095, 0.1182295251232877, 0.12236223683335702, 0.13004720949534626], "split6_index": [62, 63, 64, 65, 66, 67, 68, 69, 70], "split6_pred": [0, 0, 0, 0, 0, 0, 0, 0, 0], "split6_test": [0, 0, 0, 0, 0, 0, 0, 1, 0], "split6_notXOR": [1, 1, 1, 1, 1, 1, 1, 0, 1], "split6_prob": [0.19247657143985084, 0.1785772386246297, 0.19247657570318127, 0.17731000313769463, 0.19246371654957944, 0.3533154299443171, 0.18919876123782023, 0.21053430055516748, 0.18488179671909385], "split7_index": [71, 72, 73, 74, 75, 76, 77, 78, 79], "split7_pred": [0, 0, 0, 0, 0, 0, 0, 0, 0], "split7_test": [0, 0, 0, 0, 0, 0, 0, 1, 0], "split7_notXOR": [1, 1, 1, 1, 1, 1, 1, 0, 1], "split7_prob": [0.24804772021553623, 0.22705262893071904, 0.3708758467476202, 0.34271377571330197, 0.27136054712633056, 0.23601638588187118, 0.23603296085668332, 0.3137114114185343, 0.40185200397312404], "split8_index": [80, 81, 82, 83, 84, 85, 86, 87, 88], "split8_pred": [0, 0, 0, 0, 0, 0, 0, 1, 0], "split8_test": [0, 0, 0, 0, 0, 0, 0, 1, 0], "split8_notXOR": [1, 1, 1, 1, 1, 1, 1, 1, 1], "split8_prob": [0.32162939445471744, 0.416882110813344, 0.4318519858288839, 0.32756425243458626, 0.41688139841497496, 0.31214582519465733, 0.413764874443295, 0.5, 0.32758764986190003]}