{"split0_index": [4, 5, 6, 7, 8, 9], "split0_pred": [0, 0, 0, 0, 0, 0], "split0_test": [1, 1, 1, 1, 0, 0], "split0_notXOR": [0, 0, 0, 0, 1, 1], "split0_prob": [NaN, NaN, NaN, NaN, NaN, NaN], "split1_index": [10, 11, 12, 13, 14, 15], "split1_pred": [0, 0, 0, 1, 0, 0], "split1_test": [1, 1, 1, 1, 0, 0], "split1_notXOR": [0, 0, 0, 1, 1, 1], "split1_prob": [9.858958196876542e-05, 9.858958196876542e-05, 9.858958196876542e-05, 0.9999591321415652, 9.858958196876542e-05, 0.01546874607997703], "split2_index": [16, 17, 18, 19, 20, 21], "split2_pred": [0, 0, 0, 0, 0, 0], "split2_test": [1, 1, 1, 0, 0, 0], "split2_notXOR": [0, 0, 0, 1, 1, 1], "split2_prob": [0.007967161450707796, 0.007967161450707796, 0.007967161450707796, 0.010542312372761552, 0.007967161450707796, 0.007967161450707796], "split3_index": [22, 23, 24, 25, 26, 27], "split3_pred": [0, 0, 0, 0, 0, 0], "split3_test": [1, 1, 1, 0, 0, 0], "split3_notXOR": [0, 0, 0, 1, 1, 1], "split3_prob": [0.005547411368714969, 0.005547411368714969, 0.005547411368714969, 0.004350744458118265, 0.005547411368714969, 0.005547411368714969], "split4_index": [28, 29, 30, 31, 32, 33], "split4_pred": [0, 0, 0, 0, 0, 0], "split4_test": [1, 1, 1, 0, 0, 0], "split4_notXOR": [0, 0, 0, 1, 1, 1], "split4_prob": [0.006546743850386491, 0.006546743850386491, 0.006546743850386491, 0.006546743850386491, 0.006546743850386491, 0.006546743850386491], "split5_index": [34, 35, 36, 37, 38, 39], "split5_pred": [0, 0, 0, 0, 0, 0], "split5_test": [1, 1, 1, 0, 0, 0], "split5_notXOR": [0, 0, 0, 1, 1, 1], "split5_prob": [0.010672253573678618, 0.010672253573678618, 0.010672253573678618, 0.010672253573678618, 0.012267271441108838, 0.021778012692695543], "split6_index": [40, 41, 42, 43, 44, 45, 46], "split6_pred": [0, 0, 0, 1, 0, 0, 0], "split6_test": [1, 1, 1, 1, 0, 0, 0], "split6_notXOR": [0, 0, 0, 1, 1, 1, 1], "split6_prob": [0.005655922871383418, 0.2280878999047816, 0.005655922871383418, 1.0, 0.2280878999047816, 0.005523203418798754, 0.038488814124869465], "split7_index": [47, 48, 49, 50, 51], "split7_pred": [0, 1, 0, 1, 1], "split7_test": [0, 0, 0, 1, 1], "split7_notXOR": [1, 0, 1, 1, 1], "split7_prob": [0.14568445228100269, 0.9999999999892353, 0.02884517787236944, 1.0, 0.9993068597286581], "split8_index": [52, 53, 54, 55, 56], "split8_pred": [0, 0, 0, 0, 1], "split8_test": [0, 0, 0, 1, 1], "split8_notXOR": [1, 1, 1, 0, 1], "split8_prob": [0.026238516883295638, 0.026238516883295638, 0.026238516883295638, 0.026238516883295638, 0.9998910227155526], "split9_index": [57, 58, 59, 60, 61], "split9_pred": [0, 0, 0, 0, 1], "split9_test": [0, 0, 0, 1, 1], "split9_notXOR": [1, 1, 1, 0, 1], "split9_prob": [0.00781316370411962, 0.00781316370411962, 0.00781316370411962, 0.007091969617604024, 0.8610331044392715], "split10_index": [62, 63, 64, 65, 66], "split10_pred": [0, 0, 0, 0, 0], "split10_test": [0, 0, 0, 1, 1], "split10_notXOR": [1, 1, 1, 0, 0], "split10_prob": [0.006387078319277377, 0.006387078319277377, 0.005520705394472609, 0.005948940666139713, 0.006387078319277377], "split11_index": [67, 68, 69, 70, 71], "split11_pred": [0, 0, 0, 0, 0], "split11_test": [0, 0, 0, 1, 1], "split11_notXOR": [1, 1, 1, 0, 0], "split11_prob": [0.009067918531060416, 0.009067918531060416, 0.009067918531060416, 0.009067918531060416, 0.4444197976669954], "split12_index": [72, 73, 74, 75, 76], "split12_pred": [0, 0, 0, 0, 0], "split12_test": [0, 0, 0, 1, 1], "split12_notXOR": [1, 1, 1, 0, 0], "split12_prob": [0.008696131435077784, 0.008696131435077784, 0.008696131435077784, 0.008696131435077784, 0.008696131435077784], "split13_index": [77, 78, 79, 80, 81], "split13_pred": [0, 0, 0, 0, 0], "split13_test": [0, 0, 0, 1, 1], "split13_notXOR": [1, 1, 1, 0, 0], "split13_prob": [0.008739935674343636, 0.008739935674343636, 0.008739935674343636, 0.014970883538053831, 0.008739935674343636], "split14_index": [82, 83, 84, 85, 86], "split14_pred": [0, 0, 0, 0, 0], "split14_test": [0, 0, 0, 1, 1], "split14_notXOR": [1, 1, 1, 0, 0], "split14_prob": [0.005991113853821344, 0.005991113853821344, 0.005991113853821344, 0.010047642659417984, 0.005991113853821344], "split15_index": [87, 88, 89, 90, 91], "split15_pred": [0, 0, 0, 0, 0], "split15_test": [0, 0, 0, 1, 1], "split15_notXOR": [1, 1, 1, 0, 0], "split15_prob": [0.013626050879903236, 0.013626050879903236, 0.013626050879903236, 0.013626050879903236, 0.013626050879903236], "split16_index": [92, 93, 94, 95, 96], "split16_pred": [0, 0, 0, 0, 0], "split16_test": [0, 0, 0, 1, 1], "split16_notXOR": [1, 1, 1, 0, 0], "split16_prob": [0.015905090992093227, 0.015905090992093227, 0.015905090992093227, 0.015905090992093227, 0.14454189813390708], "split17_index": [97, 98, 99, 100, 101], "split17_pred": [0, 0, 0, 0, 0], "split17_test": [0, 0, 0, 1, 1], "split17_notXOR": [1, 1, 1, 0, 0], "split17_prob": [0.013823023370904734, 0.013823023370904734, 0.013823023370904734, 0.013823023370904734, 0.013823023370904734], "split18_index": [102, 103, 104, 105, 106], "split18_pred": [0, 0, 0, 0, 1], "split18_test": [0, 0, 0, 1, 1], "split18_notXOR": [1, 1, 1, 0, 1], "split18_prob": [0.010558441935601409, 0.010558441935601409, 0.010558441935601409, 0.010558441935601409, 0.9999978619956906], "split19_index": [107, 108, 109, 110, 111], "split19_pred": [0, 0, 0, 0, 1], "split19_test": [0, 0, 0, 1, 1], "split19_notXOR": [1, 1, 1, 0, 1], "split19_prob": [0.023164250835562283, 0.023164250835562283, 0.023164250835562283, 0.023164250835562283, 0.999999876121804], "split20_index": [112, 113, 114, 115, 116], "split20_pred": [0, 0, 0, 0, 0], "split20_test": [0, 0, 0, 1, 0], "split20_notXOR": [1, 1, 1, 0, 1], "split20_prob": [0.02395550880358885, 0.02395550880358885, 0.02395550880358885, 0.02395550880358885, 0.02452697856458461], "split21_index": [117, 118, 119, 120, 121], "split21_pred": [1, 1, 0, 1, 1], "split21_test": [1, 1, 0, 1, 0], "split21_notXOR": [1, 1, 1, 1, 0], "split21_prob": [0.9999999999999005, 1.0, 0.041686497425042504, 0.6521132781814861, 0.9999999999990159], "split22_index": [122, 123, 124, 125, 126], "split22_pred": [0, 0, 0, 0, 0], "split22_test": [0, 0, 0, 1, 0], "split22_notXOR": [1, 1, 1, 0, 1], "split22_prob": [0.009941847141541818, 0.01908485677896946, 0.009536456911905107, 0.009536456911905107, 0.009536456911905107], "split23_index": [127, 128, 129, 130, 131], "split23_pred": [0, 0, 0, 0, 0], "split23_test": [0, 0, 0, 1, 0], "split23_notXOR": [1, 1, 1, 0, 1], "split23_prob": [0.0076056851794551, 0.02214134730552376, 0.007220161150803495, 0.007220161150803495, 0.007220161150803495], "split24_index": [132, 133, 134, 135, 136], "split24_pred": [0, 0, 0, 0, 0], "split24_test": [0, 0, 0, 1, 0], "split24_notXOR": [1, 1, 1, 0, 1], "split24_prob": [0.010783757016496691, 0.010783757016496691, 0.010783757016496691, 0.010783757016496691, 0.010783757016496691], "split25_index": [137, 138, 139, 140, 141], "split25_pred": [0, 0, 0, 0, 0], "split25_test": [0, 0, 0, 1, 0], "split25_notXOR": [1, 1, 1, 0, 1], "split25_prob": [0.003963159569383128, 0.003963159569383128, 0.003963159569383128, 0.003963159569383128, 0.003963159569383128], "split26_index": [142, 143, 144, 145, 146], "split26_pred": [0, 0, 0, 0, 0], "split26_test": [0, 0, 0, 1, 0], "split26_notXOR": [1, 1, 1, 0, 1], "split26_prob": [0.003951848348271732, 0.003951848348271732, 0.003951848348271732, 0.003951848348271732, 0.003951848348271732], "split27_index": [147, 148, 149, 150, 151], "split27_pred": [0, 0, 0, 0, 0], "split27_test": [0, 0, 0, 1, 0], "split27_notXOR": [1, 1, 1, 0, 1], "split27_prob": [0.0038261548362937773, 0.0038261548362937773, 0.0038261548362937773, 0.0038261548362937773, 0.0038261548362937773], "split28_index": [152, 153, 154, 155, 156], "split28_pred": [0, 0, 0, 0, 0], "split28_test": [0, 0, 0, 1, 0], "split28_notXOR": [1, 1, 1, 0, 1], "split28_prob": [0.018865419973811977, 0.018865419973811977, 0.018865419973811977, 0.018865419973811977, 0.02404516597586442], "split29_index": [157, 158, 159, 160, 161], "split29_pred": [0, 0, 0, 1, 0], "split29_test": [0, 0, 0, 1, 0],