{"split0_index": [5, 6, 7, 8, 9, 10, 11, 12, 13, 14, 15, 16, 17, 18, 19, 20, 21, 22, 23], "split0_pred": [1, 1, 1, 0, 1, 0, 0, 0, 1, 1, 0, 1, 0, 0, 1, 0, 1, 1, 1], "split0_test": [1, 1, 1, 1, 1, 0, 0, 0, 1, 0, 0, 0, 0, 0, 0, 1, 1, 1, 0], "split0_notXOR": [1, 1, 1, 0, 1, 1, 1, 1, 1, 0, 1, 0, 1, 1, 0, 0, 1, 1, 0], "split0_prob": [0.8183854033500241, 0.5869951780239966, 0.8755052893626997, 0.14694601130962434, 0.9999644666079994, 0.31478066580426656, 0.32771287937694704, 0.38541274896385397, 0.5510433736673661, 0.9894242611960465, 0.32771287937694704, 0.6557941467207998, 0.38541274896385397, 0.4276850828263755, 0.7158489713798635, 0.47445365882139456, 0.7616299831923319, 0.5463924713710933, 0.6797575759350974], "split1_index": [24, 25, 26, 27, 28, 29, 30, 31, 32, 33, 34, 35, 36, 37, 38, 39, 40, 41, 42, 43, 44, 45, 46, 47], "split1_pred": [0, 1, 1, 1, 1, 1, 0, 0, 0, 1, 0, 0, 0, 0, 0, 1, 0, 1, 0, 1, 1, 0, 1, 0], "split1_test": [0, 1, 1, 1, 1, 1, 0, 0, 0, 1, 0, 0, 0, 0, 0, 1, 0, 0, 1, 1, 1, 0, 1, 0], "split1_notXOR": [1, 1, 1, 1, 1, 1, 1, 1, 1, 1, 1, 1, 1, 1, 1, 1, 1, 0, 0, 1, 1, 1, 1, 1], "split1_prob": [0.24918103765987484, 0.9521458806960723, 0.9505107161499964, 0.6998438794501477, 0.6195470578938804, 0.9983265485515125, 0.26633582497649944, 0.0792617100149118, 0.19914036731018023, 0.638061512026105, 0.3018854585740912, 0.33777478395720134, 0.0792617100149118, 0.24661057881219872, 0.19914036731018023, 0.8805587651527618, 0.12273621462134036, 0.5127105072199122, 0.40989623900321015, 0.9833641845955642, 0.9260256876737573, 0.20569716471280128, 0.5261116676847676, 0.1520053921410567], "split2_index": [48, 49, 50, 51, 52, 53, 54, 55, 56, 57, 58, 59, 60, 61, 62, 63, 64, 65, 66, 67, 68, 69, 70, 71, 72, 73], "split2_pred": [0, 1, 1, 1, 1, 1, 0, 0, 0, 0, 1, 1, 0, 0, 0, 0, 0, 1, 0, 1, 0, 1, 1, 0, 0, 0], "split2_test": [0, 1, 1, 1, 1, 1, 0, 0, 0, 0, 1, 0, 0, 0, 0, 0, 0, 1, 0, 0, 1, 1, 1, 0, 1, 0], "split2_notXOR": [1, 1, 1, 1, 1, 1, 1, 1, 1, 1, 1, 0, 1, 1, 1, 1, 1, 1, 1, 0, 0, 1, 1, 1, 0, 1], "split2_prob": [0.15265339546947596, 0.9702243482668332, 0.9604696521725696, 0.7025627548488068, 0.7665439020715845, 0.9905554526847385, 0.23559254135604643, 0.17293596899069458, 0.03691243976544486, 0.15995213646953288, 0.6261933827485999, 0.886068556231709, 0.2901464218234379, 0.13594110623244077, 0.03691243976544486, 0.10232678238711664, 0.15995213646953288, 0.9111048550252316, 0.11840699529093328, 0.5360033620292541, 0.22122293346597008, 0.9938431269162246, 0.939225558874437, 0.14879557675377614, 0.28829500400705527, 0.06921112975715232], "split3_index": [74, 75, 76, 77, 78, 79, 80, 81, 82, 83, 84, 85, 86, 87, 88, 89, 90, 91, 92, 93, 94, 95, 96, 97, 98, 99, 100], "split3_pred": [0, 1, 1, 1, 1, 1, 0, 0, 0, 0, 1, 0, 0, 0, 0, 0, 0, 0, 1, 0, 0, 0, 1, 1, 0, 0, 0], "split3_test": [0, 1, 1, 1, 1, 1, 0, 0, 0, 0, 1, 0, 0, 0, 0, 0, 1, 0, 1, 0, 0, 1, 1, 1, 0, 1, 0], "split3_notXOR": [1, 1, 1, 1, 1, 1, 1, 1, 1, 1, 1, 1, 1, 1, 1, 1, 0, 1, 1, 1, 1, 0, 1, 1, 1, 0, 1], "split3_prob": [0.18150338040920735, 0.9843188161082036, 0.9447190354777095, 0.677620040418408, 0.7622343869656091, 0.9906209983425257, 0.2087712946341285, 0.1716457315147991, 0.022211568627896718, 0.1660832390951247, 0.8722993312382773, 0.043669034338256814, 0.03115811749638559, 0.2514505465462484, 0.17172078396734045, 0.022211568627896718, 0.24351679686166933, 0.18821653642248087, 0.9268365141450864, 0.1405917364771619, 0.3420171168387607, 0.3132809460003126, 0.9953120481637074, 0.9497313227745422, 0.12540179955928213, 0.3937958332985772, 0.3684739139034349], "split4_index": [101, 102, 103, 104, 105, 106, 107, 108, 109, 110, 111, 112, 113, 114, 115, 116, 117, 118, 119, 120, 121, 122, 123, 124, 125, 126, 127, 128, 129, 130, 131, 132, 133, 134, 135], "split4_pred": [0, 0, 1, 0, 0, 0, 0, 1, 0, 1, 1, 1, 0, 1, 0, 0, 0, 1, 0, 1, 1, 1, 1, 0, 1, 1, 1, 1, 0, 1, 1, 1, 1, 1, 0], "split4_test": [0, 1, 1, 0, 0, 0, 0, 1, 0, 1, 1, 1, 0, 0, 0, 0, 0, 1, 0, 1, 1, 1, 0, 0, 1, 1, 1, 1, 1, 1, 1, 1, 1, 1, 0], "split4_notXOR": [1, 0, 1, 1, 1, 1, 1, 1, 1, 1, 1, 1, 1, 0, 1, 1, 1, 1, 1, 1, 1, 1, 0, 1, 1, 1, 1, 1, 0, 1, 1, 1, 1, 1, 1], "split4_prob": [0.16742936378223286, 0.19433921570153723, 0.8843825346190977, 0.1669323112059852, 0.2676539043186121, 0.19105581637206312, 0.020157770997133298, 0.9778728781765877, 0.1474994995775295, 0.8773289619656802, 0.7749836734804698, 0.8957968100643287, 0.020157770997133298, 0.90482155912031, 0.0032674793686757893, 0.09243633684341508, 0.4297843558791513, 0.9956163329763338, 0.06150134924308942, 0.9702416627807391, 0.9539274252455227, 0.9999523336614718, 0.9998029385568973, 0.24815049209638598, 0.583583052860273, 0.9868787742405373, 0.6211511683811657, 0.6482803873508186, 0.3865874457473254, 0.9999998695874547, 0.9834290726140061, 0.7714857639775563, 0.9975153692630307, 0.7101383124756281, 0.26493961104872443], "split5_index": [136, 137, 138, 139, 140, 141, 142, 143, 144, 145, 146, 147, 148, 149, 150, 151, 152, 153, 154, 155, 156, 157, 158, 159, 160, 161, 162, 163, 164, 165, 166, 167, 168, 169, 170, 171, 172, 173, 174, 175], "split5_pred": [0, 0, 1, 1, 0, 0, 0, 1, 0, 1, 1, 1, 1, 1, 0, 0, 0, 1, 0, 0, 1, 0, 1, 1, 1, 1, 0, 1, 1, 0, 0, 1, 1, 1, 1, 1, 1, 1, 1, 0], "split5_test": [0, 1, 1, 0, 0, 0, 0, 1, 0, 1, 1, 1, 1, 1, 0, 1, 0, 1, 0, 0, 1, 0, 1, 1, 1, 0, 0, 1, 1, 0, 1, 1, 1, 1, 1, 0, 0, 1, 0, 0], "split5_notXOR": [1, 0, 1, 0, 1, 1, 1, 1, 1, 1, 1, 1, 1, 1, 1, 0, 1, 1, 1, 1, 1, 1, 1, 1, 1, 0, 1, 1, 1, 1, 0, 1, 1, 1, 1, 0, 0, 1, 0, 1], "split5_prob": [0.13855921285457284, 0.1709461831029635, 0.9388970059964072, 0.9999999230941429, 0.3173956088411514, 0.16245880736207458, 0.008214161101866511, 0.9883133869610591, 0.10179663751986061, 0.9683166743695462, 0.9105953065413861, 0.8866616829737847, 0.9999733576728923, 0.9858426620299633, 0.008214161101866511, 0.2366361668874572, 0.0032654269528999444, 0.8526276430051934, 0.06039108608596552, 0.4466949154241446, 0.9442591093819434, 0.057149373554639324, 0.9226545365026076, 0.909040448028423, 0.9999821543518888, 0.5891244468467883, 0.24896834798197698, 0.5771848454325762, 0.9834109973937939, 0.20048512437795804, 0.011440287245359749, 0.9999676788561112, 0.9999235813341251, 0.9976350844427258, 0.9946271824724681, 0.8962312001566551, 0.5056621167272433, 0.8508021209108255, 0.5463001491833739, 0.2778371439142773], "split6_index": [176, 177, 178, 179, 180, 181, 182, 183, 184, 185, 186, 187, 188, 189, 190, 191, 192, 193, 194, 195, 196, 197, 198, 199, 200, 201, 202, 203, 204, 205, 206, 207, 208, 209, 210, 211, 212, 213, 214, 215, 216], "split6_pred": [0, 0, 1, 1, 0, 0, 0, 1, 0, 1, 1, 1, 1, 1, 0, 1, 0, 1, 0, 0, 1, 0, 1, 1, 1, 1, 0, 1, 1, 0, 0, 1, 1, 1, 1, 1, 0, 1, 1, 0, 0], "split6_test": [0, 1, 1, 0, 0, 0, 0, 1, 0, 1, 1, 1, 1, 1, 0, 1, 0, 1, 0, 0, 1, 0, 1, 1, 1, 0, 0, 1, 1, 0, 1, 1, 1, 1, 1, 0, 0, 1, 1, 1, 0], "split6_notXOR": [1, 0, 1, 0, 1, 1, 1, 1, 1, 1, 1, 1, 1, 1, 1, 1, 1, 1, 1, 1, 1, 1, 1, 1, 1, 0, 1, 1, 1, 1, 0, 1, 1, 1, 1, 0, 1, 1, 1, 0, 1], "split6_prob": [0.14401735904819246, 0.20939142936561375, 0.8565388836030875, 0.9141500776897936, 0.31640483684489695, 0.169884180316334, 0.012343045545089908, 0.9940570833478434, 0.06081800107006126, 0.720406621262865, 0.9072420684713157, 0.7850734071266385, 0.9735172499862003, 0.793636370316351, 0.012343045545089908, 0.7442633782026734, 0.000543868537704334, 0.6827235359278196, 0.05335976166676974, 0.3122773706047511, 0.8863672242527008, 0.0656419348036338, 0.9968753802528847, 0.7347674886169832, 0.9922970277336289, 0.5847955489724206, 0.118543206683342, 0.5803223845689852, 0.9905930953482474, 0.1546551466939172, 0.039876439241678704, 0.980735991318984, 0.9986056621891206, 0.9827790916182328, 0.7260703937953972, 0.7844531809309775, 0.4771061308822708, 0.7508159720044272, 0.8470275723965016, 0.4229340734496028, 0.36014764589503945],