{"split0_index": [9, 10, 11, 12, 13, 14, 15, 16, 17], "split0_pred": [1, 1, 0, 1, 0, 1, 1, 1, 0], "split0_test": [1, 0, 0, 1, 0, 1, 1, 1, 0], "split0_notXOR": [1, 0, 1, 1, 1, 1, 1, 1, 1], "split0_prob": [0.6728196856318788, 0.8472214172680462, 0.24577605059592364, 0.7875448967019789, 0.27376574282097904, 0.6372346397682509, 0.5786951955507948, 0.6772535025729609, 0.2457760505959237], "split1_index": [18, 19, 20, 21, 22, 23, 24, 25, 26], "split1_pred": [1, 1, 0, 1, 0, 1, 1, 1, 0], "split1_test": [1, 0, 0, 1, 0, 0, 0, 1, 0], "split1_notXOR": [1, 0, 1, 1, 1, 0, 0, 1, 1], "split1_prob": [0.5986845763447626, 0.7485288088031617, 0.16229962138041482, 0.7689017585524256, 0.2007577775867327, 0.7895178258322211, 0.8974243894902071, 0.7105282930976766, 0.1622996213804148], "split2_index": [27, 28, 29, 30, 31, 32, 33, 34, 35], "split2_pred": [1, 1, 0, 1, 0, 1, 1, 1, 0], "split2_test": [1, 0, 0, 1, 0, 0, 0, 1, 0], "split2_notXOR": [1, 0, 1, 1, 1, 0, 0, 1, 1], "split2_prob": [0.5780614484162387, 0.5236751029174452, 0.1508417753972932, 0.8364742818521698, 0.11558711726238265, 0.7009877423442177, 0.5385410557450724, 0.7678941051477814, 0.1508417753972932], "split3_index": [36, 37, 38, 39, 40, 41, 42, 43, 44], "split3_pred": [1, 0, 0, 1, 0, 1, 0, 1, 0], "split3_test": [1, 0, 0, 1, 0, 0, 0, 1, 0], "split3_notXOR": [1, 1, 1, 1, 1, 0, 1, 1, 1], "split3_prob": [0.626641927429058, 0.45814616219349363, 0.16874508038280575, 0.8873745033389114, 0.14076269847295664, 0.6842569834820172, 0.20165571784522834, 0.8225317342128952, 0.16874508038280578], "split4_index": [45, 46, 47, 48, 49, 50, 51, 52, 53], "split4_pred": [1, 1, 0, 1, 0, 1, 0, 1, 0], "split4_test": [1, 1, 0, 1, 0, 0, 0, 1, 0], "split4_notXOR": [1, 1, 1, 1, 1, 0, 1, 1, 1], "split4_prob": [0.7982911837684543, 0.5711890514484611, 0.14608388252139573, 0.9149779318852973, 0.11667216822144996, 0.6989882714739049, 0.1806878392461766, 0.8197920964885954, 0.14608388252139579], "split5_index": [54, 55, 56, 57, 58, 59, 60, 61, 62], "split5_pred": [1, 1, 0, 1, 0, 1, 0, 1, 0], "split5_test": [1, 1, 0, 1, 0, 0, 0, 1, 0], "split5_notXOR": [1, 1, 1, 1, 1, 0, 1, 1, 1], "split5_prob": [0.8124914719061307, 0.7297276613745165, 0.12211258979104186, 0.9329782542197355, 0.09777841937072257, 0.5180537127771101, 0.12546559714336145, 0.801970948814166, 0.12211258979104181], "split6_index": [63, 64, 65, 66, 67, 68, 69, 70, 71], "split6_pred": [1, 0, 0, 1, 0, 0, 0, 1, 0], "split6_test": [1, 1, 0, 1, 0, 0, 0, 1, 0], "split6_notXOR": [1, 0, 1, 1, 1, 1, 1, 1, 1], "split6_prob": [0.811232423447533, 0.2257307968914421, 0.1348625369445447, 0.857185679024724, 0.10091109318064571, 0.4421172446745146, 0.08424868467838857, 0.8377783284008172, 0.13486253694454467], "split7_index": [72, 73, 74, 75, 76, 77, 78, 79, 80], "split7_pred": [1, 1, 0, 1, 0, 0, 0, 1, 0], "split7_test": [1, 1, 0, 1, 0, 0, 0, 1, 0], "split7_notXOR": [1, 1, 1, 1, 1, 1, 1, 1, 1], "split7_prob": [0.8268293920525779, 0.5680111470189044, 0.09717969809436282, 0.8444795149241705, 0.08780394553706025, 0.09456429867843111, 0.05325218950171355, 0.8268293920525779, 0.09717969809436282], "split8_index": [81, 82, 83, 84, 85, 86, 87, 88, 89], "split8_pred": [1, 1, 0, 1, 0, 0, 0, 1, 0], "split8_test": [1, 1, 0, 1, 0, 0, 0, 1, 0], "split8_notXOR": [1, 1, 1, 1, 1, 1, 1, 1, 1], "split8_prob": [0.8456683985163299, 0.5986251606753012, 0.09314312816386285, 0.8613763736947636, 0.08249549412398281, 0.07427771091348967, 0.03385599192785829, 0.8456683985163299, 0.09314312816386287], "split9_index": [90, 91, 92, 93, 94, 95, 96, 97, 98], "split9_pred": [1, 1, 0, 1, 0, 0, 0, 1, 0], "split9_test": [1, 1, 0, 1, 0, 0, 0, 1, 0], "split9_notXOR": [1, 1, 1, 1, 1, 1, 1, 1, 1], "split9_prob": [0.860117648361161, 0.6267668198158441, 0.08625792626899159, 0.8740263798126202, 0.07706269149924612, 0.06908126377783076, 0.032353542677053836, 0.860117648361161, 0.08625792626899155], "split10_index": [99, 100, 101, 102, 103, 104, 105, 106, 107], "split10_pred": [1, 1, 0, 1, 0, 0, 0, 1, 0], "split10_test": [1, 0, 0, 1, 0, 0, 0, 1, 0], "split10_notXOR": [1, 0, 1, 1, 1, 1, 1, 1, 1], "split10_prob": [0.8760312727661214, 0.7184552417921268, 0.0787930071655638, 0.8800980407826865, 0.0819318473511712, 0.06819848240194851, 0.02535040328033624, 0.9396770468252853, 0.0787930071655638], "split11_index": [108, 109, 110, 111, 112, 113, 114, 115, 116], "split11_pred": [1, 1, 0, 1, 0, 1, 1, 0, 1], "split11_test": [1, 1, 1, 1, 0, 1, 1, 0, 1], "split11_notXOR": [1, 1, 0, 1, 1, 1, 1, 1, 1], "split11_prob": [0.8721022407918528, 0.7936126492033635, 0.07879456371345084, 0.8860009862595938, 0.22442451997596094, 0.8143462348484224, 0.9462239286547037, 0.07879456371345084, 0.5159977331878561], "split12_index": [117, 118, 119, 120, 121, 122, 123, 124, 125], "split12_pred": [1, 1, 0, 1, 0, 1, 1, 0, 0], "split12_test": [1, 1, 0, 1, 0, 1, 1, 0, 0], "split12_notXOR": [1, 1, 1, 1, 1, 1, 1, 1, 1], "split12_prob": [0.8727318446991473, 0.7769071740902891, 0.10986814752061214, 0.8877551526467229, 0.18578171590732948, 0.8194164498198628, 0.9454753599767168, 0.10986814752061214, 0.44461138406610007], "split13_index": [126, 127, 128, 129, 130, 131, 132, 133, 134], "split13_pred": [1, 1, 0, 1, 0, 1, 1, 0, 0], "split13_test": [1, 1, 0, 1, 0, 1, 1, 0, 0], "split13_notXOR": [1, 1, 1, 1, 1, 1, 1, 1, 1], "split13_prob": [0.871796877610579, 0.7778845678042953, 0.1045372536074219, 0.8867560493049379, 0.06592296776830868, 0.9114399512981803, 0.9451728057543834, 0.1045372536074219, 0.12888517133454597], "split14_index": [135, 136, 137, 138, 139, 140, 141, 142, 143], "split14_pred": [1, 1, 0, 1, 0, 1, 1, 0, 0], "split14_test": [1, 1, 0, 1, 0, 1, 1, 0, 0], "split14_notXOR": [1, 1, 1, 1, 1, 1, 1, 1, 1], "split14_prob": [0.8755628034681818, 0.7672750398696542, 0.09923279119777956, 0.8915986347704444, 0.03288806077781935, 0.9144099545314205, 0.9494377447096675, 0.09923279119777956, 0.003518935328655051], "split15_index": [144, 145, 146, 147, 148, 149, 150, 151, 152], "split15_pred": [1, 1, 0, 1, 0, 1, 1, 0, 0], "split15_test": [1, 1, 0, 1, 0, 1, 1, 0, 0], "split15_notXOR": [1, 1, 1, 1, 1, 1, 1, 1, 1], "split15_prob": [0.8824643433415296, 0.7780351229812805, 0.09322909715724223, 0.8978925156629907, 0.030619969423641636, 0.9204654991615456, 0.9535267980933863, 0.09322909715724223, 0.0032099159680102317], "split16_index": [153, 154, 155, 156, 157, 158, 159, 160, 161], "split16_pred": [1, 1, 0, 1, 0, 1, 1, 0, 0], "split16_test": [1, 1, 0, 1, 0, 1, 1, 0, 0], "split16_notXOR": [1, 1, 1, 1, 1, 1, 1, 1, 1], "split16_prob": [0.8889943025025312, 0.7857290070783282, 0.08786877343741491, 0.9040273658739469, 0.028099092748152657, 0.9259838699115946, 0.9575002365570436, 0.08786877343741491, 0.002802442137764402], "split17_index": [162, 163, 164, 165, 166, 167, 168, 169, 170], "split17_pred": [1, 1, 0, 1, 0, 1, 1, 0, 0], "split17_test": [1, 1, 0, 1, 0, 1, 1, 0, 0], "split17_notXOR": [1, 1, 1, 1, 1, 1, 1, 1, 1], "split17_prob": [0.8940387438010717, 0.7946328134891034, 0.08148525791275911, 0.9085564173417333, 0.02691059010680796, 0.9304924241330558, 0.9604118635752095, 0.08148525791275911, 0.002633362801076559], "split18_index": [171, 172, 173, 174, 175, 176, 177, 178, 179], "split18_pred": [1, 1, 0, 1, 0, 1, 1, 0, 0], "split18_test": [1, 1, 0, 1, 0, 1, 1, 0, 0], "split18_notXOR": [1, 1, 1, 1, 1, 1, 1, 1, 1], "split18_prob": [0.8985940014786782, 0.8027148486674176, 0.07605296258573623, 0.9126367888234751, 0.025838556113699222, 0.93447764523786, 0.9629607282349042, 0.07605296258573623, 0.0024831738772184064], "split19_index": [180, 181, 182, 183, 184, 185, 186, 187, 188], "split19_pred": [1, 1, 0, 1, 0, 1, 1, 0, 0], "split19_test": [1, 1, 0, 1, 0, 1, 1, 0, 0], "split19_notXOR": [1, 1, 1, 1, 1, 1, 1, 1, 1], "split19_prob": [0.902733603180145, 0.8100940641802368, 0.07136230378578683, 0.8871905610576312, 0.024862311663447746, 0.9278038704920661, 0.9652126733183551, 0.07136230378578683, 0.002348630432041939], "split20_index": [189, 190, 191, 192, 193, 194, 195, 196, 197],