{"split0_index": [4, 5, 6, 7], "split0_pred": [0, 1, 0, 0], "split0_test": [0, 0, 0, 1], "split0_notXOR": [1, 0, 1, 0], "split0_prob": [0.0, 1.0, 0.0, 0.0], "split1_index": [8, 9, 10, 11], "split1_pred": [0, 0, 0, 0], "split1_test": [0, 0, 0, 1], "split1_notXOR": [1, 1, 1, 0], "split1_prob": [4.460926581870897e-28, 0.0002674649294658542, 7.846216149492631e-29, 1.6235577443522737e-14], "split2_index": [12, 13, 14, 15], "split2_pred": [0, 1, 0, 0], "split2_test": [0, 0, 0, 1], "split2_notXOR": [1, 0, 1, 0], "split2_prob": [2.1263701271945193e-24, 1.0, 1.694653861787268e-25, 1.6431442437880385e-11], "split3_index": [16, 17, 18, 19], "split3_pred": [0, 0, 0, 1], "split3_test": [0, 0, 0, 1], "split3_notXOR": [1, 1, 1, 1], "split3_prob": [9.741757696060742e-09, 0.0024365752430441892, 0.0, 0.999999994430528], "split4_index": [20, 21, 22, 23], "split4_pred": [0, 0, 0, 1], "split4_test": [0, 0, 0, 1], "split4_notXOR": [1, 1, 1, 1], "split4_prob": [4.321589352558234e-09, 0.0, 0.0, 0.9999999999828404], "split5_index": [24, 25, 26, 27], "split5_pred": [0, 0, 0, 1], "split5_test": [0, 0, 0, 1], "split5_notXOR": [1, 1, 1, 1], "split5_prob": [0.0, 1.269454425475393e-08, 0.0, 0.9999999999999076], "split6_index": [28, 29, 30, 31], "split6_pred": [0, 0, 0, 1], "split6_test": [0, 0, 0, 1], "split6_notXOR": [1, 1, 1, 1], "split6_prob": [0.0, 6.251905121778592e-14, 1.2484389065690083e-18, 1.0], "split7_index": [32, 33, 34, 35], "split7_pred": [0, 0, 0, 0], "split7_test": [0, 0, 0, 1], "split7_notXOR": [1, 1, 1, 0], "split7_prob": [1.655679267923112e-27, 1.7083005084657566e-20, 6.777151408006676e-31, 2.4013097071680267e-10], "split8_index": [36, 37, 38, 39], "split8_pred": [0, 0, 0, 1], "split8_test": [0, 0, 0, 1], "split8_notXOR": [1, 1, 1, 1], "split8_prob": [0.0, 7.721024658292584e-09, 0.0, 0.9954584004130581], "split9_index": [40, 41, 42, 43], "split9_pred": [0, 0, 0, 1], "split9_test": [0, 0, 0, 1], "split9_notXOR": [1, 1, 1, 1], "split9_prob": [9.221515051902464e-17, 0.0, 0.0, 0.9882053059745114], "split10_index": [44, 45, 46, 47, 48, 49], "split10_pred": [0, 0, 0, 1, 0, 0], "split10_test": [0, 0, 0, 1, 0, 0], "split10_notXOR": [1, 1, 1, 1, 1, 1], "split10_prob": [2.1603869372064414e-11, 1.625008965588975e-17, 5.953093368316632e-27, 0.9999999784218263, 0.0, 0.0], "split11_index": [50, 51, 52, 53, 54, 55], "split11_pred": [0, 0, 0, 1, 0, 0], "split11_test": [0, 0, 0, 1, 0, 0], "split11_notXOR": [1, 1, 1, 1, 1, 1], "split11_prob": [1.2990123251136083e-16, 0.0, 2.0259625185897092e-17, 0.9920818018263332, 0.0, 0.0], "split12_index": [56, 57, 58, 59, 60, 61], "split12_pred": [0, 0, 0, 1, 0, 0], "split12_test": [0, 0, 0, 1, 0, 0], "split12_notXOR": [1, 1, 1, 1, 1, 1], "split12_prob": [6.348212271642432e-14, 2.2608728917694255e-21, 4.806806966248003e-38, 0.9999999951244121, 0.0, 0.0], "split13_index": [62, 63, 64, 65, 66, 67], "split13_pred": [0, 0, 0, 1, 0, 0], "split13_test": [0, 0, 0, 1, 0, 0], "split13_notXOR": [1, 1, 1, 1, 1, 1], "split13_prob": [9.73082842049456e-15, 8.423453434248013e-23, 2.1268929606911935e-41, 0.9999999967325905, 0.0, 0.0], "split14_index": [68, 69, 70, 71, 72, 73], "split14_pred": [0, 0, 0, 1, 0, 0], "split14_test": [0, 0, 0, 1, 0, 0], "split14_notXOR": [1, 1, 1, 1, 1, 1], "split14_prob": [4.123665934459003e-20, 0.0, 4.26418976962082e-49, 0.9999727628681881, 0.0, 0.0], "split15_index": [74, 75, 76, 77, 78, 79], "split15_pred": [0, 0, 0, 1, 0, 0], "split15_test": [0, 0, 0, 1, 0, 0], "split15_notXOR": [1, 1, 1, 1, 1, 1], "split15_prob": [7.928908330834567e-09, 0.0, 4.9484453708725166e-40, 1.0, 0.0, 0.0], "split16_index": [80, 81, 82, 83, 84, 85], "split16_pred": [0, 0, 0, 1, 0, 0], "split16_test": [0, 0, 0, 1, 0, 0], "split16_notXOR": [1, 1, 1, 1, 1, 1], "split16_prob": [4.850649821325485e-10, 0.0, 2.097355066306913e-43, 1.0, 0.0, 0.0], "split17_index": [86, 87, 88, 89, 90, 91], "split17_pred": [0, 0, 0, 1, 0, 0], "split17_test": [0, 0, 0, 1, 0, 0], "split17_notXOR": [1, 1, 1, 1, 1, 1], "split17_prob": [1.6454504006747073e-15, 0.0, 5.370639936957776e-51, 1.0, 0.0, 0.0], "split18_index": [92, 93, 94, 95, 96, 97], "split18_pred": [0, 0, 0, 0, 0, 0], "split18_test": [0, 0, 0, 1, 0, 0], "split18_notXOR": [1, 1, 1, 0, 1, 1], "split18_prob": [1.2456371054448865e-17, 1.2293655913633817e-28, 3.249082247466238e-55, 0.0, 0.0, 0.0], "split19_index": [98, 99, 100, 101, 102, 103], "split19_pred": [0, 0, 0, 0, 1, 0], "split19_test": [0, 0, 0, 1, 1, 0], "split19_notXOR": [1, 1, 1, 0, 1, 1], "split19_prob": [5.811336020401838e-25, 1.4528340534424487e-35, 1.2261981997607578e-64, 0.00026708963002195, 0.8840396215558344, 1.6084249381497502e-50], "split20_index": [104, 105, 106, 107, 108, 109], "split20_pred": [0, 0, 0, 1, 1, 0], "split20_test": [0, 0, 0, 1, 1, 0], "split20_notXOR": [1, 1, 1, 1, 1, 1], "split20_prob": [1.0215619116198498e-23, 1.3514134953696354e-35, 9.785904727623245e-62, 0.7092836172362594, 1.0, 1.7977748692016876e-46], "split21_index": [110, 111, 112, 113, 114, 115], "split21_pred": [0, 0, 0, 0, 1, 0], "split21_test": [0, 0, 0, 1, 1, 0], "split21_notXOR": [1, 1, 1, 0, 1, 1], "split21_prob": [4.596384624223235e-31, 3.626549470131611e-44, 3.903913799033465e-76, 1.6157979444326987e-06, 1.0, 2.898990307953775e-52], "split22_index": [116, 117, 118, 119, 120, 121], "split22_pred": [0, 0, 0, 0, 0, 0], "split22_test": [0, 0, 0, 1, 1, 0], "split22_notXOR": [1, 1, 1, 0, 0, 1], "split22_prob": [2.1960545977379065e-31, 2.967525315114704e-43, 3.7860801909073175e-30, 2.792781769687075e-07, 1.1228731962817758e-09, 1.1455821211331528e-51], "split23_index": [122, 123, 124, 125, 126, 127], "split23_pred": [0, 0, 0, 0, 0, 0], "split23_test": [0, 0, 0, 1, 1, 0], "split23_notXOR": [1, 1, 1, 0, 0, 1], "split23_prob": [1.6298796182746824e-23, 1.1289395501974204e-41, 1.9024819366271012e-29, 1.8338627223422816e-06, 5.5610839047706754e-08, 3.1636201646512277e-50], "split24_index": [128, 129, 130, 131, 132, 133], "split24_pred": [0, 0, 0, 0, 0, 0], "split24_test": [0, 0, 0, 1, 1, 0], "split24_notXOR": [1, 1, 1, 0, 0, 1], "split24_prob": [2.2550501985055593e-29, 1.5058277483483064e-44, 5.575544262110026e-33, 1.0772855588313979e-09, 1.335433373412943e-10, 3.712159237064317e-53], "split25_index": [134, 135, 136, 137, 138, 139], "split25_pred": [0, 0, 0, 0, 0, 0], "split25_test": [0, 0, 0, 1, 1, 0], "split25_notXOR": [1, 1, 1, 0, 0, 1], "split25_prob": [2.3861518528311436e-21, 1.2113225254376366e-35, 1.3734097210249577e-24, 0.46451649500186243, 0.20787079465166644, 9.44073813609645e-28], "split26_index": [140, 141, 142, 143, 144, 145], "split26_pred": [0, 0, 0, 0, 0, 0], "split26_test": [0, 0, 0, 1, 1, 0], "split26_notXOR": [1, 1, 1, 0, 0, 1], "split26_prob": [9.096933400848923e-25, 2.474995333869617e-38, 9.814978517556563e-94, 0.002213200616396974, 0.0016586171875255173, 2.2862646798687504e-30], "split27_index": [146, 147, 148, 149, 150, 151], "split27_pred": [0, 0, 0, 1, 1, 0], "split27_test": [0, 0, 0, 1, 1, 0], "split27_notXOR": [1, 1, 1, 1, 1, 1], "split27_prob": [2.3105933950173733e-16, 2.611597387096688e-29, 5.466630140998895e-89, 0.9999996938878766, 1.0, 9.378792838303095e-38], "split28_index": [152, 153, 154, 155, 156, 157], "split28_pred": [0, 0, 0, 1, 0, 0], "split28_test": [0, 0, 0, 1, 1, 0], "split28_notXOR": [1, 1, 1, 1, 0, 1], "split28_prob": [1.4871360079124365e-22, 2.1836858527802573e-35, 3.2633875988105857e-25, 0.8262094155302445, 0.13255722917698307, 7.471923436558372e-43], "split29_index": [158, 159, 160, 161, 162, 163], "split29_pred": [0, 0, 0, 1, 1, 0], "split29_test": [0, 0, 0, 1, 1, 0], "split29_notXOR": [1, 1, 1, 1, 1, 1], "split29_prob": [9.427751003976577e-17, 1.9991817496257315e-29, 3.2199721652078583e-97, 0.9999998879879711, 0.999999666245263, 7.514346030545818e-36], "split30_index": [164, 165, 166, 167, 168, 169], "split30_pred": [0, 0, 0, 1, 1, 0], "split30_test": [0, 0, 0, 1, 1, 0], "split30_notXOR": [1, 1, 1, 1, 1, 1],