{"split0_index": [4, 5, 6, 7], "split0_pred": [0, 0, 0, 0], "split0_test": [0, 0, 1, 0], "split0_notXOR": [1, 1, 0, 1], "split0_prob": [0.3882287318139669, 0.34347465391846127, 0.34453321696620937, 0.3999192034056519], "split1_index": [8, 9, 10, 11], "split1_pred": [0, 0, 0, 0], "split1_test": [0, 0, 1, 0], "split1_notXOR": [1, 1, 0, 1], "split1_prob": [0.19097811388438996, 0.7519580357146256, 0.6602862390927347, 0.19444705952256558], "split2_index": [12, 13, 14, 15], "split2_pred": [0, 0, 1, 0], "split2_test": [0, 0, 1, 0], "split2_notXOR": [1, 1, 1, 1], "split2_prob": [0.21478734486055961, 0.21536055047483238, 0.5, 0.21543311724575284], "split3_index": [16, 17, 18, 19], "split3_pred": [0, 0, 1, 0], "split3_test": [0, 0, 1, 0], "split3_notXOR": [1, 1, 1, 1], "split3_prob": [0.10768832260492622, 0.10931799936100467, 0.9797416108497, 0.1088967465196536], "split4_index": [20, 21, 22, 23], "split4_pred": [0, 0, 1, 0], "split4_test": [0, 0, 1, 0], "split4_notXOR": [1, 1, 1, 1], "split4_prob": [0.08446273706857695, 0.12576339038071302, 0.9321627798838279, 0.08441101455735223], "split5_index": [24, 25, 26, 27], "split5_pred": [0, 0, 1, 0], "split5_test": [0, 0, 1, 0], "split5_notXOR": [1, 1, 1, 1], "split5_prob": [0.07648241241810291, 0.07758842793160976, 0.8997306879519564, 0.07619242758861906], "split6_index": [28, 29, 30, 31], "split6_pred": [0, 0, 1, 0], "split6_test": [0, 0, 1, 0], "split6_notXOR": [1, 1, 1, 1], "split6_prob": [0.0678076550521512, 0.06891585448734869, 0.9297005462354895, 0.06724088439271435]}