{"split0_index": [4, 5, 6, 7], "split0_pred": [1, 1, 1, 1], "split0_test": [1, 1, 0, 0], "split0_notXOR": [1, 1, 0, 0], "split0_prob": [0.9999998567442664, 0.9999998567442664, 0.9999997793277796, 0.9999991295928388], "split1_index": [8, 9, 10, 11], "split1_pred": [0, 0, 0, 0], "split1_test": [1, 1, 0, 0], "split1_notXOR": [0, 0, 1, 1], "split1_prob": [0.25395512917850094, 0.48961595684870274, 0.48961595684870274, 0.21604853659322742], "split2_index": [12, 13, 14, 15], "split2_pred": [1, 1, 0, 1], "split2_test": [1, 1, 0, 0], "split2_notXOR": [1, 1, 1, 0], "split2_prob": [0.8411470667010089, 0.7888521324949465, 0.017037829327213254, 0.5611820392664276], "split3_index": [16, 17, 18, 19, 20, 21], "split3_pred": [0, 1, 1, 1, 1, 0], "split3_test": [0, 1, 1, 0, 0, 0], "split3_notXOR": [1, 1, 1, 0, 0, 1], "split3_prob": [0.023727453368470548, 0.83238177382621, 0.5071976798347214, 0.7098596386505343, 0.715778547533511, 0.007144571071394754], "split4_index": [22, 23, 24, 25], "split4_pred": [1, 1, 0, 0], "split4_test": [1, 1, 0, 0], "split4_notXOR": [1, 1, 1, 1], "split4_prob": [0.7251443880594142, 0.7251443880594142, 0.2549305448875136, 0.4106667235183383], "split5_index": [26, 27, 28, 29], "split5_pred": [1, 1, 0, 1], "split5_test": [1, 1, 0, 0], "split5_notXOR": [1, 1, 1, 0], "split5_prob": [0.6999963129911875, 0.6999963129911875, 0.01860124147424791, 0.6999963129911875], "split6_index": [30, 31, 32, 33], "split6_pred": [1, 1, 0, 1], "split6_test": [1, 1, 0, 0], "split6_notXOR": [1, 1, 1, 0], "split6_prob": [0.6457167714566252, 0.6457167714566252, 0.07358871907218584, 0.6457167714566252], "split7_index": [34, 35, 36, 37], "split7_pred": [1, 1, 0, 1], "split7_test": [1, 1, 0, 0], "split7_notXOR": [1, 1, 1, 0], "split7_prob": [0.5883218185469852, 0.5883218185469852, 0.18381504850246486, 0.5883218185469852], "split8_index": [38, 39, 40, 41], "split8_pred": [0, 1, 1, 1], "split8_test": [1, 1, 0, 0], "split8_notXOR": [0, 1, 0, 0], "split8_prob": [0.3593773752447047, 0.7245341363016112, 0.7245341363016112, 0.7245341363016112], "split9_index": [42, 43, 44, 45], "split9_pred": [0, 1, 0, 1], "split9_test": [1, 1, 0, 0], "split9_notXOR": [0, 1, 1, 0], "split9_prob": [0.33452205917528827, 0.6718916052466329, 0.292226558477893, 0.6718916052466329], "split10_index": [46, 47, 48, 49], "split10_pred": [0, 1, 1, 1], "split10_test": [1, 1, 0, 0], "split10_notXOR": [0, 1, 0, 0], "split10_prob": [0.3725398075995611, 0.6217449219071092, 0.6217449219071092, 0.6217449219071092], "split11_index": [50, 51, 52, 53], "split11_pred": [0, 0, 0, 0], "split11_test": [1, 1, 0, 0], "split11_notXOR": [0, 0, 1, 1], "split11_prob": [0.2116722800979517, 0.4085442994592199, 0.4085442994592199, 0.4085442994592199], "split12_index": [54, 55, 56, 57], "split12_pred": [0, 0, 1, 1], "split12_test": [1, 1, 0, 0], "split12_notXOR": [0, 0, 0, 0], "split12_prob": [0.2595351521214344, 0.40834546068154887, 0.5325896557381974, 0.5955043830690793], "split13_index": [58, 59, 60, 61], "split13_pred": [0, 1, 0, 0], "split13_test": [1, 1, 0, 0], "split13_notXOR": [0, 1, 1, 1], "split13_prob": [1.4579888205326977e-06, 0.5877564374574291, 0.00040699692346391457, 0.14268200487833246], "split14_index": [62, 63, 64, 65], "split14_pred": [0, 0, 0, 1], "split14_test": [1, 1, 0, 0], "split14_notXOR": [0, 0, 1, 0], "split14_prob": [0.42568153491290733, 0.42568153491290733, 0.3147230469254434, 0.6158528879091261], "split15_index": [66, 67, 68, 69], "split15_pred": [0, 0, 0, 1], "split15_test": [1, 1, 0, 0], "split15_notXOR": [0, 0, 1, 0], "split15_prob": [0.19023211234997547, 0.08271011275695982, 0.38780281460193466, 0.5927413535651626], "split16_index": [70, 71, 72, 73], "split16_pred": [1, 1, 1, 0], "split16_test": [1, 0, 0, 1], "split16_notXOR": [1, 0, 0, 0], "split16_prob": [0.610851887047267, 0.6726369511847883, 0.519175646433053, 0.4520439936012348], "split17_index": [74, 75, 76, 77], "split17_pred": [1, 0, 1, 1], "split17_test": [1, 0, 0, 1], "split17_notXOR": [1, 1, 0, 1], "split17_prob": [0.5704702243379528, 0.48514207649579305, 0.5704702243379528, 0.5704702243379528], "split18_index": [78, 79, 80, 81], "split18_pred": [1, 0, 1, 0], "split18_test": [1, 0, 0, 0], "split18_notXOR": [1, 1, 0, 1], "split18_prob": [0.5726945544765447, 0.20937805653459216, 0.5726945544765447, 0.16491593727351836]}