{"split0_index": [19, 20, 21, 22, 23, 24, 25, 26, 27, 28, 29, 30, 31, 32, 33, 34, 35, 36, 37, 38, 39], "split0_pred": [0, 0, 0, 0, 1, 1, 1, 1, 1, 1, 0, 0, 1, 1, 1, 1, 1, 1, 0, 1, 1], "split0_test": [1, 0, 0, 0, 0, 0, 0, 0, 0, 0, 0, 0, 0, 0, 0, 0, 1, 0, 0, 0, 0], "split0_notXOR": [0, 1, 1, 1, 0, 0, 0, 0, 0, 0, 1, 1, 0, 0, 0, 0, 1, 0, 1, 0, 0], "split0_prob": [0.3945449597485824, 0.0, 0.0003303116848740758, 0.0, 0.999941589175637, 0.9999997321812998, 0.9999997916179777, 0.9995697963010466, 0.9999998661263702, 0.9999888383369443, 0.0, 0.01529744184044731, 0.9999975596555184, 0.999998555156526, 0.9999999948309135, 0.9999986813139267, 0.9999999999960352, 0.9999962117698062, 0.0, 0.9987854168629733, 0.9999959529614472], "split1_index": [40, 41, 42, 43, 44, 45, 46, 47, 48, 49, 50, 51, 52, 53, 54, 55, 56, 57, 58, 59, 60], "split1_pred": [1, 0, 0, 0, 1, 1, 1, 1, 1, 1, 0, 1, 1, 1, 1, 1, 1, 1, 1, 0, 1], "split1_test": [1, 0, 1, 0, 0, 0, 0, 0, 0, 0, 0, 0, 0, 0, 0, 0, 1, 0, 0, 0, 0], "split1_notXOR": [1, 1, 0, 1, 0, 0, 0, 0, 0, 0, 1, 0, 0, 0, 0, 0, 1, 0, 0, 1, 0], "split1_prob": [0.9997200429772424, 0.0, 0.0, 0.0, 0.9999919177357677, 0.9999931312483987, 0.9978734451566719, 0.9999999775011956, 0.9999938335166134, 0.9999565830769698, 0.0, 0.9998037939100609, 0.9999961900419386, 0.8875824857844858, 0.9999995818520014, 0.9854901660765927, 0.9999999999999982, 0.9999842347317546, 0.9999717254001834, 0.325088413461419, 0.9999963955717079], "split2_index": [61, 62, 63, 64, 65, 66, 67, 68, 69, 70, 71, 72, 73, 74, 75, 76, 77, 78, 79, 80, 81], "split2_pred": [1, 0, 0, 1, 1, 0, 0, 0, 0, 1, 0, 0, 1, 0, 1, 0, 1, 0, 1, 0, 1], "split2_test": [1, 0, 1, 0, 0, 0, 0, 0, 0, 0, 0, 0, 0, 0, 0, 0, 1, 0, 0, 0, 0], "split2_notXOR": [1, 1, 0, 0, 0, 1, 1, 1, 1, 0, 1, 1, 0, 1, 0, 1, 1, 1, 0, 1, 0], "split2_prob": [0.9997161266613926, 0.33875288096062056, 0.09244627841306727, 0.9324276582262602, 0.9612546494565294, 0.3728879522924995, 0.0037460129528296346, 0.013356888769503715, 0.3496516788571096, 0.9149845228495247, 3.855289552459519e-66, 0.11061877650156929, 0.7320208715669871, 2.148936223570015e-05, 0.8393823744504428, 0.011446388014253517, 0.9999999048979699, 0.49419366030683154, 0.6676440076770127, 6.548711445981533e-07, 0.8253600920357389], "split3_index": [82, 83, 84, 85, 86, 87, 88, 89, 90, 91, 92, 93, 94, 95, 96, 97, 98, 99, 100, 101, 102], "split3_pred": [1, 0, 1, 0, 1, 1, 0, 0, 0, 1, 0, 1, 0, 0, 1, 0, 1, 1, 1, 0, 1], "split3_test": [1, 0, 1, 0, 0, 0, 0, 0, 0, 0, 0, 0, 0, 0, 0, 0, 1, 0, 0, 0, 0], "split3_notXOR": [1, 1, 1, 1, 0, 0, 1, 1, 1, 0, 1, 0, 1, 1, 0, 1, 1, 0, 0, 1, 0], "split3_prob": [0.9999095139378359, 2.537735034046603e-12, 0.6683116940672329, 7.212720804131152e-132, 0.9141650951690772, 0.520519855003695, 0.004362361989503736, 0.041450684756243555, 0.4748773965287306, 0.9911494223471902, 6.271536185963933e-84, 0.8982350987965011, 0.04757184602915381, 5.8205182881209706e-06, 0.8788435940937491, 0.03569391428510316, 0.9999999655021276, 0.8268376360397794, 0.8643138401738448, 1.1046107141232533e-06, 0.9465204971552508], "split4_index": [103, 104, 105, 106, 107, 108, 109, 110, 111, 112, 113, 114, 115, 116, 117, 118, 119, 120, 121, 122, 123], "split4_pred": [1, 0, 1, 0, 1, 0, 0, 0, 0, 1, 0, 1, 0, 0, 1, 0, 1, 1, 1, 0, 1], "split4_test": [1, 0, 1, 0, 0, 0, 0, 0, 0, 0, 0, 0, 0, 0, 0, 0, 1, 0, 0, 0, 0], "split4_notXOR": [1, 1, 1, 1, 0, 1, 1, 1, 1, 0, 1, 0, 1, 1, 0, 1, 1, 0, 0, 1, 0], "split4_prob": [0.9999821624379457, 2.233978543081708e-13, 0.937124639785976, 1.5122389520041106e-117, 0.9903845247064764, 0.23927792717962806, 0.0007291298310952857, 0.019863252292838997, 0.19823334465370415, 0.991627156317296, 2.5646534384752775e-82, 0.7995122197544604, 0.2566123603333111, 8.641913888225456e-08, 0.6109001514703609, 0.003271735120950998, 0.9999999026609684, 0.6962557775005803, 0.6765245959144828, 1.1435116128733198e-07, 0.8977548300760815], "split5_index": [124, 125, 126, 127, 128, 129, 130, 131, 132, 133, 134, 135, 136, 137, 138, 139, 140, 141, 142, 143, 144], "split5_pred": [1, 0, 1, 0, 1, 0, 0, 0, 0, 1, 0, 1, 0, 0, 1, 0, 1, 1, 0, 0, 1], "split5_test": [1, 0, 1, 0, 0, 0, 0, 0, 0, 0, 0, 0, 0, 0, 0, 0, 1, 0, 0, 0, 0], "split5_notXOR": [1, 1, 1, 1, 0, 1, 1, 1, 1, 0, 1, 0, 1, 1, 0, 1, 1, 0, 1, 1, 0], "split5_prob": [0.9999784887540099, 1.3876890658206553e-14, 0.9854507674549616, 3.830346977090876e-102, 0.9914949643636654, 0.28855216282904467, 0.0005882497313129405, 0.09826226973078551, 0.23527126846406385, 0.9915427882757187, 6.952396278331217e-85, 0.8106535516397221, 0.04721942385709456, 2.3932981629715925e-08, 0.5656844850861013, 0.0021872354916443355, 0.999999606722418, 0.8659383555868625, 0.4722254869377298, 2.905284027176741e-07, 0.9022183680685462], "split6_index": [145, 146, 147, 148, 149, 150, 151, 152, 153, 154, 155, 156, 157, 158, 159, 160, 161, 162, 163, 164, 165], "split6_pred": [1, 0, 1, 0, 1, 0, 0, 0, 0, 1, 0, 1, 0, 0, 0, 0, 1, 1, 0, 0, 1], "split6_test": [1, 0, 1, 0, 0, 0, 0, 0, 0, 0, 0, 0, 0, 0, 0, 0, 1, 0, 0, 0, 0], "split6_notXOR": [1, 1, 1, 1, 0, 1, 1, 1, 1, 0, 1, 0, 1, 1, 1, 1, 1, 0, 1, 1, 0], "split6_prob": [0.9999696870471048, 6.706440541755437e-15, 0.9933523714131028, 7.249277820686709e-94, 0.9902555854358515, 0.15154370161351935, 9.968139998677734e-05, 0.0541635939582989, 0.11475155264017954, 0.9925992032748177, 9.888963061136661e-83, 0.7487558470580489, 0.04948031006561936, 7.379623447176286e-10, 0.3741660042340304, 0.0005347801453698946, 0.99999972906537, 0.8230220872515209, 0.3709062323943887, 5.900179605118396e-08, 0.8745788438003078], "split7_index": [166, 167, 168, 169, 170, 171, 172, 173, 174, 175, 176, 177, 178, 179, 180, 181, 182, 183, 184, 185, 186], "split7_pred": [1, 0, 1, 0, 1, 0, 0, 0, 0, 1, 0, 1, 0, 0, 0, 0, 1, 1, 0, 0, 0], "split7_test": [1, 0, 1, 0, 0, 0, 0, 1, 0, 0, 0, 0, 0, 0, 0, 0, 1, 0, 0, 0, 1], "split7_notXOR": [1, 1, 1, 1, 0, 1, 1, 0, 1, 0, 1, 0, 1, 1, 1, 1, 1, 0, 1, 1, 0], "split7_prob": [0.9999546976263111, 1.8508965781367192e-15, 0.9977944897497528, 3.0649369794584826e-91, 0.9894143911404945, 0.07630320573952848, 1.639232998937119e-05, 4.204427735737643e-60, 0.05406307060698074, 0.9936690017962937, 1.581549540856508e-79, 0.6868918722942448, 0.09185044203934518, 2.236535764944421e-11, 0.2454698072993673, 0.00012631861885139512, 0.9999998755072219, 0.7605936749823085, 0.35601882794305856, 3.1060656921343994e-08, 6.532404251495911e-70], "split8_index": [187, 188, 189, 190, 191, 192, 193, 194, 195, 196, 197, 198, 199, 200, 201, 202, 203, 204, 205, 206, 207], "split8_pred": [1, 1, 1, 0, 0, 0, 0, 1, 0, 1, 0, 0, 0, 0, 0, 0, 1, 0, 0, 0, 1], "split8_test": [1, 0, 1, 0, 0, 0, 0, 1, 0, 0, 0, 0, 0, 0, 0, 0, 1, 0, 0, 0, 1], "split8_notXOR": [1, 0, 1, 1, 1, 1, 1, 1, 1, 0, 1, 1, 1, 1, 1, 1, 1, 1, 1, 1, 1], "split8_prob": [0.9995735984418866, 0.9999889878986638, 0.8914353445227358, 1.7391689928546416e-22, 0.03677229922292145, 0.0012743139473782397, 6.472037784024847e-07, 1.0, 0.0008756702339038605, 0.7775006613767618, 5.88710078230342e-07, 0.05257463264984469, 0.18240145659274057, 2.923302010287553e-13, 0.0016117179829949271, 4.452901201576172e-06, 0.8513108054711164, 0.046467576608975505, 0.009254648676023578, 5.010915573799887e-09, 1.0], "split9_index": [208, 209, 210, 211, 212, 213, 214, 215, 216, 217, 218, 219, 220, 221, 222, 223, 224, 225, 226, 227, 228], "split9_pred": [1, 1, 1, 0, 0, 0, 0, 1, 0, 0, 0, 0, 0, 0, 0, 0, 0, 0, 0, 0, 1], "split9_test": [1, 0, 1, 0, 0, 0, 0, 1, 0, 0, 0, 0, 0, 0, 0, 0, 1, 0, 0, 0, 1], "split9_notXOR": [1, 0, 1, 1, 1, 1, 1, 1, 1, 1, 1, 1, 1, 1, 1, 1, 0, 1, 1, 1, 1],