{"split0_index": [4, 5, 6, 7], "split0_pred": [0, 1, 1, 0], "split0_test": [0, 1, 0, 0], "split0_notXOR": [1, 1, 0, 1], "split0_prob": [0.21775067570273318, 0.7235543997753994, 0.99899545646195, 0.2164832111389423], "split1_index": [8, 9, 10, 11], "split1_pred": [0, 1, 0, 0], "split1_test": [0, 1, 0, 0], "split1_notXOR": [1, 1, 1, 1], "split1_prob": [0.17165302094845603, 0.8301035343686548, 0.4111894352188587, 0.1596322734003428], "split2_index": [12, 13, 14, 15], "split2_pred": [0, 1, 0, 0], "split2_test": [0, 1, 0, 0], "split2_notXOR": [1, 1, 1, 1], "split2_prob": [0.08705748957228794, 0.8290850554662709, 0.22960289857553012, 0.09284428691988852], "split3_index": [16, 17, 18, 19], "split3_pred": [0, 1, 0, 0], "split3_test": [0, 1, 0, 0], "split3_notXOR": [1, 1, 1, 1], "split3_prob": [0.015540718699754569, 0.8148615108119199, 0.17386655722882755, 0.07400430420854179], "split4_index": [20, 21, 22, 23], "split4_pred": [0, 1, 0, 0], "split4_test": [0, 1, 0, 0], "split4_notXOR": [1, 1, 1, 1], "split4_prob": [0.019070477075555547, 0.8666581877853159, 0.479217359666025, 0.0839364720838868], "split5_index": [24, 25, 26, 27], "split5_pred": [1, 0, 0, 0], "split5_test": [1, 0, 0, 0], "split5_notXOR": [1, 1, 1, 1], "split5_prob": [0.8220940552739873, 0.011726177536942217, 0.07904334991547526, 0.13881821165854213], "split6_index": [28, 29, 30, 31], "split6_pred": [1, 0, 0, 0], "split6_test": [1, 0, 0, 0], "split6_notXOR": [1, 1, 1, 1], "split6_prob": [0.8304504175162206, 0.01896035106708281, 0.06723799479141805, 0.11242585988010886], "split7_index": [32, 33, 34, 35], "split7_pred": [1, 0, 0, 0], "split7_test": [1, 0, 0, 0], "split7_notXOR": [1, 1, 1, 1], "split7_prob": [0.8724838656052557, 0.007893047618106245, 0.08148119289641946, 0.10631219185119195]}