{"split0_index": [22, 23, 24, 25, 26, 27, 28, 29, 30, 31, 32, 33, 34, 35, 36, 37, 38, 39, 40, 41, 42], "split0_pred": [0, 0, 0, 0, 0, 0, 0, 0, 0, 0, 0, 0, 0, 0, 0, 0, 0, 0, 0, 0, 0], "split0_test": [0, 0, 0, 0, 0, 0, 1, 0, 0, 1, 0, 0, 0, 0, 0, 0, 0, 0, 1, 0, 1], "split0_notXOR": [1, 1, 1, 1, 1, 1, 0, 1, 1, 0, 1, 1, 1, 1, 1, 1, 1, 1, 0, 1, 0], "split0_prob": [0.17954545454545456, 0.17954545454545456, 0.17954545454545456, 0.17954545454545456, 0.17954545454545456, 0.17954545454545456, 0.17954545454545456, 0.17954545454545456, 0.17954545454545456, 0.17954545454545456, 0.17954545454545456, 0.17954545454545456, 0.17954545454545456, 0.17954545454545456, 0.17954545454545456, 0.17954545454545456, 0.17954545454545456, 0.17954545454545456, 0.17954545454545456, 0.17954545454545456, 0.17954545454545456], "split1_index": [43, 44, 45, 46, 47, 48, 49, 50, 51, 52, 53, 54, 55, 56, 57, 58, 59, 60, 61, 62, 63, 64, 65, 66, 67], "split1_pred": [0, 0, 0, 0, 0, 0, 0, 0, 0, 0, 0, 0, 0, 0, 1, 0, 0, 0, 0, 1, 0, 0, 0, 0, 0], "split1_test": [0, 0, 0, 0, 0, 0, 0, 0, 1, 0, 0, 1, 0, 0, 0, 0, 1, 0, 0, 0, 0, 0, 1, 0, 1], "split1_notXOR": [1, 1, 1, 1, 1, 1, 1, 1, 0, 1, 1, 0, 1, 1, 0, 1, 0, 1, 1, 0, 1, 1, 0, 1, 0], "split1_prob": [0.3554849304754428, 0.3264896486354839, 0.3132654415875478, 0.14306301111538042, 0.14306301111538042, 0.14306301111538042, 0.14306301111538042, 0.14306301111538042, 0.24345163255522284, 0.3170575093196998, 0.1701589931050569, 0.24345163255522284, 0.3060292918310807, 0.2666138711650858, 0.5436621621621621, 0.14306301111538042, 0.14306301111538042, 0.14306301111538042, 0.14306301111538042, 0.54, 0.14306301111538042, 0.3185737122048417, 0.3060292918310807, 0.3029705882352941, 0.0966545114300532], "split2_index": [68, 69, 70, 71, 72, 73, 74, 75, 76, 77, 78, 79, 80, 81, 82, 83, 84, 85, 86, 87, 88, 89, 90, 91, 92, 93, 94], "split2_pred": [0, 0, 0, 0, 0, 1, 0, 0, 0, 0, 0, 0, 0, 1, 0, 0, 0, 0, 1, 0, 0, 0, 0, 0, 0, 0, 0], "split2_test": [0, 0, 0, 0, 0, 0, 0, 0, 0, 0, 1, 0, 0, 1, 0, 0, 0, 0, 1, 0, 0, 0, 0, 0, 1, 0, 1], "split2_notXOR": [1, 1, 1, 1, 1, 0, 1, 1, 1, 1, 0, 1, 1, 1, 1, 1, 1, 1, 1, 1, 1, 1, 1, 1, 0, 1, 0], "split2_prob": [0.13681602207761906, 0.13681602207761906, 0.13681602207761906, 0.13681602207761906, 0.13681602207761906, 0.5085214414744977, 0.09276196978869326, 0.13681602207761906, 0.13681602207761906, 0.13681602207761906, 0.13681602207761906, 0.11102564102564103, 0.13681602207761906, 0.57, 0.13681602207761906, 0.13681602207761906, 0.09855999726464354, 0.13681602207761906, 0.6340940319934373, 0.13681602207761906, 0.13681602207761906, 0.2230070754716981, 0.13681602207761906, 0.13681602207761906, 0.13681602207761906, 0.08, 0.13681602207761906], "split3_index": [95, 96, 97, 98, 99, 100, 101, 102, 103, 104, 105, 106, 107, 108, 109, 110, 111, 112, 113, 114, 115, 116, 117, 118, 119, 120, 121], "split3_pred": [0, 0, 0, 0, 0, 0, 0, 0, 0, 0, 0, 0, 0, 0, 0, 0, 0, 0, 0, 0, 0, 0, 0, 0, 0, 0, 0], "split3_test": [0, 0, 0, 0, 0, 0, 0, 0, 0, 0, 1, 0, 0, 1, 0, 0, 0, 0, 1, 0, 0, 0, 0, 0, 1, 0, 1], "split3_notXOR": [1, 1, 1, 1, 1, 1, 1, 1, 1, 1, 0, 1, 1, 0, 1, 1, 1, 1, 0, 1, 1, 1, 1, 1, 0, 1, 0], "split3_prob": [0.14190881284000237, 0.14190881284000237, 0.14190881284000237, 0.14190881284000237, 0.14190881284000237, 0.14190881284000237, 0.14190881284000237, 0.14190881284000237, 0.14190881284000237, 0.14190881284000237, 0.14190881284000237, 0.14190881284000237, 0.14190881284000237, 0.14190881284000237, 0.14190881284000237, 0.14190881284000237, 0.14190881284000237, 0.21, 0.14190881284000237, 0.14190881284000237, 0.14190881284000237, 0.14190881284000237, 0.14190881284000237, 0.1813441839117948, 0.14190881284000237, 0.14190881284000237, 0.14190881284000237], "split4_index": [122, 123, 124, 125, 126, 127, 128, 129, 130, 131, 132, 133, 134, 135, 136, 137, 138, 139, 140, 141, 142, 143, 144, 145, 146, 147, 148], "split4_pred": [0, 0, 0, 0, 0, 0, 0, 0, 0, 0, 0, 0, 0, 0, 0, 0, 0, 0, 0, 0, 0, 0, 0, 0, 0, 0, 0], "split4_test": [0, 0, 0, 0, 0, 0, 0, 0, 0, 0, 1, 1, 0, 1, 0, 0, 0, 0, 1, 0, 0, 0, 0, 0, 1, 0, 1], "split4_notXOR": [1, 1, 1, 1, 1, 1, 1, 1, 1, 1, 0, 0, 1, 0, 1, 1, 1, 1, 0, 1, 1, 1, 1, 1, 0, 1, 0], "split4_prob": [0.15383472182232352, 0.15383472182232352, 0.15383472182232352, 0.15383472182232352, 0.15383472182232352, 0.15383472182232352, 0.15383472182232352, 0.15383472182232352, 0.15383472182232352, 0.15383472182232352, 0.1546028826345986, 0.02, 0.15383472182232352, 0.15383472182232352, 0.15383472182232352, 0.15383472182232352, 0.15383472182232352, 0.15383472182232352, 0.15383472182232352, 0.15383472182232352, 0.15383472182232352, 0.15383472182232352, 0.09291608228143992, 0.15383472182232352, 0.15383472182232352, 0.044091093850905066, 0.11541685408397306], "split5_index": [149, 150, 151, 152, 153, 154, 155, 156, 157, 158, 159, 160, 161, 162, 163, 164, 165, 166, 167, 168, 169, 170, 171, 172, 173, 174, 175, 176, 177], "split5_pred": [0, 0, 0, 0, 0, 0, 0, 0, 0, 0, 0, 0, 0, 0, 0, 0, 0, 0, 0, 0, 0, 0, 0, 0, 0, 0, 0, 0, 1], "split5_test": [0, 0, 0, 0, 0, 0, 0, 0, 0, 0, 1, 0, 0, 1, 0, 0, 0, 0, 0, 1, 0, 0, 0, 0, 0, 0, 0, 0, 1], "split5_notXOR": [1, 1, 1, 1, 1, 1, 1, 1, 1, 1, 0, 1, 1, 0, 1, 1, 1, 1, 1, 0, 1, 1, 1, 1, 1, 1, 1, 1, 1], "split5_prob": [0.24277655677655677, 0.15145124717653613, 0.3, 0.15145124717653613, 0.32277655677655676, 0.3210619469026548, 0.15145124717653613, 0.1, 0.15145124717653613, 0.15145124717653613, 0.0717892912612807, 0.07487746103363413, 0.12, 0.25, 0.0923743280363964, 0.15145124717653613, 0.42, 0.11, 0.48, 0.37, 0.18, 0.15145124717653613, 0.26, 0.15145124717653613, 0.11414676589369606, 0.3, 0.15145124717653613, 0.22399298138541346, 0.6915517241379311], "split6_index": [178, 179, 180, 181, 182, 183, 184, 185, 186, 187, 188, 189, 190, 191, 192, 193, 194, 195, 196, 197, 198, 199, 200, 201, 202, 203, 204], "split6_pred": [0, 0, 0, 0, 0, 0, 0, 0, 0, 0, 0, 0, 0, 0, 0, 0, 0, 0, 0, 0, 0, 0, 0, 0, 1, 0, 0], "split6_test": [0, 0, 0, 0, 0, 0, 0, 0, 0, 0, 1, 0, 0, 1, 0, 0, 0, 0, 0, 1, 0, 0, 0, 0, 0, 0, 1], "split6_notXOR": [1, 1, 1, 1, 1, 1, 1, 1, 1, 1, 0, 1, 1, 0, 1, 1, 1, 1, 1, 0, 1, 1, 1, 1, 0, 1, 0], "split6_prob": [0.14429102860212312, 0.14429102860212312, 0.14429102860212312, 0.14429102860212312, 0.14429102860212312, 0.14429102860212312, 0.14429102860212312, 0.28, 0.14429102860212312, 0.14429102860212312, 0.14429102860212312, 0.14429102860212312, 0.14429102860212312, 0.14429102860212312, 0.14429102860212312, 0.14429102860212312, 0.14429102860212312, 0.0754444061799422, 0.14429102860212312, 0.14429102860212312, 0.14429102860212312, 0.14429102860212312, 0.14429102860212312, 0.14429102860212312, 0.5455687921871162, 0.14429102860212312, 0.31], "split7_index": [205, 206, 207, 208, 209, 210, 211, 212, 213, 214, 215, 216, 217, 218, 219, 220, 221, 222, 223, 224, 225, 226, 227, 228, 229, 230], "split7_pred": [0, 0, 0, 0, 0, 0, 0, 1, 0, 0, 0, 0, 0, 0, 0, 0, 0, 0, 0, 1, 0, 0, 1, 0, 1, 0], "split7_test": [0, 0, 0, 0, 0, 0, 0, 0, 0, 0, 0, 0, 0, 0, 0, 0, 0, 0, 1, 0, 0, 0, 0, 0, 0, 1], "split7_notXOR": [1, 1, 1, 1, 1, 1, 1, 0, 1, 1, 1, 1, 1, 1, 1, 1, 1, 1, 0, 0, 1, 1, 0, 1, 0, 0], "split7_prob": [0.1406907366542266, 0.2619963086040597, 0.03, 0.06472614917089582, 0.19340475930828507, 0.4913924050632912, 0.1406907366542266, 0.57, 0.45, 0.1406907366542266, 0.19598589658421728, 0.49, 0.09254946727549467, 0.18238777609004272, 0.1406907366542266, 0.1406907366542266, 0.31, 0.1454097086399153, 0.1406907366542266, 0.56, 0.1406907366542266, 0.1, 0.5329800754158082, 0.1406907366542266, 0.51, 0.4436186680552218], "split8_index": [231, 232, 233, 234, 235, 236, 237, 238, 239, 240, 241, 242, 243, 244, 245, 246, 247, 248, 249, 250, 251, 252, 253, 254, 255, 256, 257, 258, 259, 260, 261], "split8_pred": [0, 0, 0, 0, 0, 0, 0, 0, 0, 0, 0, 0, 0, 0, 0, 0, 0, 0, 0, 0, 0, 0, 0, 0, 0, 0, 0, 0, 0, 0, 0], "split8_test": [0, 0, 0, 0, 0, 0, 0, 0, 0, 0, 0, 0, 0, 0, 0, 0, 0, 0, 0, 0, 0, 1, 0, 0, 0, 0, 0, 0, 0, 1, 0],