{"split0_index": [6, 7, 8, 9, 10, 11], "split0_pred": [0, 0, 0, 1, 0, 0], "split0_test": [0, 0, 0, 1, 0, 0], "split0_notXOR": [1, 1, 1, 1, 1, 1], "split0_prob": [0.05175962364075218, 0.04758571266868691, 0.050880447642055425, 0.7664963798129444, 0.22496320467824826, 0.04159855501695629], "split1_index": [12, 13, 14, 15, 16, 17], "split1_pred": [0, 0, 0, 0, 0, 0], "split1_test": [0, 0, 0, 1, 0, 0], "split1_notXOR": [1, 1, 1, 0, 1, 1], "split1_prob": [0.02883589557812939, 0.028194134849014153, 0.03392612492314222, 0.1174306324286399, 0.1256542988481591, 0.02350958957298949], "split2_index": [18, 19, 20, 21, 22, 23], "split2_pred": [0, 0, 0, 0, 0, 0], "split2_test": [0, 0, 0, 1, 0, 0], "split2_notXOR": [1, 1, 1, 0, 1, 1], "split2_prob": [0.040768617415578495, 0.1417839819182564, 0.04319236155262332, 0.48482535098735413, 0.021469386394848838, 0.028982156187270146], "split3_index": [24, 25, 26, 27, 28, 29], "split3_pred": [0, 0, 0, 1, 0, 0], "split3_test": [0, 0, 0, 1, 0, 0], "split3_notXOR": [1, 1, 1, 1, 1, 1], "split3_prob": [0.05075425838760295, 0.04002293386218905, 0.05254463964163865, 0.7012451340168017, 0.02974597077577646, 0.031008656484121527], "split4_index": [30, 31, 32, 33, 34, 35], "split4_pred": [0, 0, 0, 1, 0, 0], "split4_test": [0, 0, 0, 1, 0, 0], "split4_notXOR": [1, 1, 1, 1, 1, 1], "split4_prob": [0.04498733298741293, 0.23943997275692766, 0.04677262883982184, 0.7617915714529304, 0.025666565572998973, 0.026941422978223474], "split5_index": [36, 37, 38, 39, 40, 41], "split5_pred": [0, 0, 0, 1, 0, 0], "split5_test": [0, 0, 0, 1, 0, 0], "split5_notXOR": [1, 1, 1, 1, 1, 1], "split5_prob": [0.04061212475183277, 0.03243594594013634, 0.0422726609517017, 0.8073688584403873, 0.02200722735439227, 0.023584279756821824], "split6_index": [42, 43, 44, 45, 46, 47], "split6_pred": [0, 0, 0, 1, 0, 0], "split6_test": [0, 0, 0, 1, 0, 0], "split6_notXOR": [1, 1, 1, 1, 1, 1], "split6_prob": [0.03695692608655387, 0.04803367369960555, 0.03840039784918039, 0.8306760123693382, 0.018113951931626092, 0.020751590166226377], "split7_index": [48, 49, 50, 51, 52, 53], "split7_pred": [0, 0, 0, 1, 0, 0], "split7_test": [0, 0, 0, 1, 0, 0], "split7_notXOR": [1, 1, 1, 1, 1, 1], "split7_prob": [0.03472772590037362, 0.025862387134950905, 0.037499235004971106, 0.8520193837692314, 0.015307554772063981, 0.02024010737582571]}