{"split0_index": [11, 12, 13, 14, 15, 16, 17, 18, 19, 20, 21], "split0_pred": [0, 0, 0, 0, 0, 0, 1, 0, 0, 0, 0], "split0_test": [0, 1, 1, 1, 0, 1, 0, 0, 1, 0, 0], "split0_notXOR": [1, 0, 0, 0, 1, 0, 0, 1, 0, 1, 1], "split0_prob": [0.0007043111078861625, 0.0007724524835517054, 0.0007840241814910219, 0.0007445556892808876, 0.0006258022100476229, 0.0006223827953351842, 0.6664056692596726, 0.000783410848940507, 0.0007622435939889314, 0.0007870980487601825, 0.03778301196536601], "split1_index": [22, 23, 24, 25, 26, 27, 28, 29, 30, 31, 32], "split1_pred": [0, 0, 0, 0, 1, 0, 0, 0, 0, 0, 0], "split1_test": [0, 1, 1, 1, 1, 1, 0, 0, 1, 1, 0], "split1_notXOR": [1, 0, 0, 0, 1, 0, 1, 1, 0, 0, 1], "split1_prob": [0.2783308376111537, 0.2902741660005327, 0.33932522955835814, 0.4694303102978804, 0.9999998506482085, 0.4478300150749338, 0.4694303102978804, 0.4694303102978804, 0.12125259242531695, 0.13937691797858684, 0.4694303102978804], "split2_index": [33, 34, 35, 36, 37, 38, 39, 40, 41, 42, 43], "split2_pred": [0, 0, 0, 0, 1, 1, 0, 0, 1, 0, 0], "split2_test": [0, 1, 1, 1, 1, 1, 0, 0, 1, 1, 0], "split2_notXOR": [1, 0, 0, 0, 1, 1, 1, 1, 1, 0, 1], "split2_prob": [0.2311066154635301, 0.4379553455726043, 0.3719723104619544, 0.3719723104619544, 1.0, 0.9914206642046873, 0.3719723104619544, 0.18017891221145502, 0.9999999738638898, 0.025746327196755552, 0.3719723104619544], "split3_index": [44, 45, 46, 47, 48, 49, 50, 51, 52, 53, 54], "split3_pred": [1, 1, 1, 1, 0, 0, 1, 0, 1, 1, 1], "split3_test": [0, 1, 1, 1, 1, 1, 0, 0, 1, 0, 0], "split3_notXOR": [0, 1, 1, 1, 0, 0, 0, 1, 1, 0, 0], "split3_prob": [0.6439119453800576, 0.5953919511666438, 0.6439119453800576, 0.6439119453800576, 0.29348283934546254, 0.23372134147800988, 0.6439119453800576, 0.4770986346107896, 0.5425509879837236, 0.584117488500661, 0.6439119453800576], "split4_index": [55, 56, 57, 58, 59, 60, 61, 62, 63, 64, 65], "split4_pred": [1, 0, 0, 1, 0, 0, 0, 0, 0, 0, 0], "split4_test": [0, 1, 1, 1, 0, 1, 0, 0, 1, 0, 0], "split4_notXOR": [0, 0, 0, 1, 1, 0, 1, 1, 0, 1, 1], "split4_prob": [0.6032740523137796, 0.487026832652971, 0.487026832652971, 0.5836516957662696, 0.4826606938273283, 0.017601135706444743, 0.487026832652971, 0.3454692339528958, 0.00012420191344316182, 0.487026832652971, 0.487026832652971], "split5_index": [66, 67, 68, 69, 70, 71, 72, 73, 74, 75, 76], "split5_pred": [1, 1, 0, 1, 1, 1, 0, 0, 1, 1, 0], "split5_test": [1, 0, 0, 0, 0, 0, 0, 0, 0, 1, 0], "split5_notXOR": [1, 0, 1, 0, 0, 0, 1, 1, 0, 1, 1], "split5_prob": [1.0, 0.987721078587156, 0.13458929862969865, 0.9985439737300617, 0.9412254947919309, 0.6291758720575772, 0.17524239804236358, 0.17184630097274778, 0.5737187568389872, 0.8812933957160969, 0.17524239804236358], "split6_index": [77, 78, 79, 80, 81, 82, 83, 84, 85, 86, 87], "split6_pred": [0, 0, 0, 1, 0, 1, 0, 1, 1, 1, 0], "split6_test": [1, 0, 0, 0, 0, 0, 0, 0, 0, 1, 0], "split6_notXOR": [0, 1, 1, 0, 1, 0, 1, 0, 0, 1, 1], "split6_prob": [0.4796925301216821, 0.47003675661398325, 0.4796925301216821, 0.5414072378933246, 0.4796925301216821, 0.5183075945210803, 0.4796925301216821, 0.5772623972426136, 0.5847691727327405, 0.6981318944119186, 0.4796925301216821]}