{"split0_index": [23, 24, 25, 26, 27, 28, 29, 30, 31, 32, 33, 34, 35, 36, 37, 38, 39, 40, 41, 42, 43, 44, 45, 46], "split0_pred": [0, 1, 1, 0, 0, 1, 0, 0, 1, 0, 0, 0, 0, 0, 1, 0, 1, 0, 0, 0, 0, 1, 1, 1], "split0_test": [0, 0, 1, 0, 0, 0, 0, 0, 0, 0, 0, 0, 0, 0, 1, 0, 0, 0, 0, 0, 0, 0, 0, 0], "split0_notXOR": [1, 0, 1, 1, 1, 0, 1, 1, 0, 1, 1, 1, 1, 1, 1, 1, 0, 1, 1, 1, 1, 0, 0, 0], "split0_prob": [0.5575223069709251, 0.4949888105476734, 0.31375918884980974, 0.6034240530625332, 0.7054741069547698, 0.3527165517769873, 0.7059931473166041, 0.7022046342215752, 0.3975456458340467, 0.702112408475893, 0.7012103331704889, 0.5097218707449251, 0.5310636606649152, 0.6118297522351003, 0.2932894095408938, 0.6119140890278315, 0.4087730934436111, 0.702092803188606, 0.7022046342215752, 0.508602949063432, 0.7058403771423711, 0.5, 0.4313360010330656, 0.48295781716084524], "split1_index": [47, 48, 49, 50, 51, 52, 53, 54, 55, 56, 57, 58, 59, 60, 61, 62, 63, 64, 65, 66, 67, 68, 69, 70, 71, 72, 73], "split1_pred": [1, 1, 0, 1, 1, 0, 0, 1, 0, 1, 1, 0, 1, 0, 0, 1, 0, 1, 0, 1, 1, 0, 0, 1, 1, 1, 1], "split1_test": [0, 0, 0, 1, 0, 0, 0, 0, 0, 0, 0, 0, 0, 0, 0, 0, 0, 1, 0, 0, 0, 1, 0, 0, 0, 0, 0], "split1_notXOR": [0, 0, 1, 1, 0, 1, 1, 0, 1, 0, 0, 1, 0, 1, 1, 0, 1, 1, 1, 0, 0, 0, 1, 0, 0, 0, 0], "split1_prob": [0.627116466066043, 0.5606114611006304, 0.48284659473720815, 0.5184605650729504, 0.7327957056957652, 0.4085531184558071, 0.2807978002778994, 0.6585521251332455, 0.2845693876978466, 0.5464001347368168, 0.6725850745743602, 0.2834272006131966, 0.5476892453856603, 0.5083929333353545, 0.5067692953041687, 0.5978224734459755, 0.4178318592275963, 0.7195683758479948, 0.41715132835389795, 0.5832887908387631, 0.5464902953224892, 0.4095847993153815, 0.5079546257943461, 0.5419828397213059, 0.5361194754967981, 0.5089056279368508, 0.5830330359118608], "split2_index": [74, 75, 76, 77, 78, 79, 80, 81, 82, 83, 84, 85, 86, 87, 88, 89, 90, 91, 92, 93, 94, 95, 96, 97, 98, 99, 100], "split2_pred": [1, 1, 1, 1, 1, 0, 1, 1, 1, 1, 1, 1, 1, 1, 1, 1, 1, 1, 1, 1, 1, 1, 1, 1, 1, 1, 1], "split2_test": [0, 0, 1, 1, 0, 0, 0, 0, 0, 0, 0, 0, 0, 0, 0, 0, 0, 1, 0, 0, 0, 0, 1, 0, 0, 0, 0], "split2_notXOR": [0, 0, 1, 1, 0, 1, 0, 0, 0, 0, 0, 0, 0, 0, 0, 0, 0, 1, 0, 0, 0, 0, 1, 0, 0, 0, 0], "split2_prob": [0.7902280613472812, 0.8415721732366858, 0.8242863030655849, 0.8605692567156137, 0.859755769273025, 0.191781253452306, 0.5638558243939921, 0.8498989614691571, 0.55193970789784, 0.6926589668825388, 0.8220284531854121, 0.6542786845994942, 0.6944683508431193, 0.7912093915807644, 0.5419121303383981, 0.8587362298698255, 0.7471515838068851, 0.8569329385721203, 0.7575402650043673, 0.7990003069547337, 0.6936778160424453, 0.7856379226692167, 0.8373484918648136, 0.6157528858381318, 0.6701558227618114, 0.77119890320095, 0.8160058260774723], "split3_index": [101, 102, 103, 104, 105, 106, 107, 108, 109, 110, 111, 112, 113, 114, 115, 116, 117, 118, 119, 120, 121, 122, 123, 124, 125, 126, 127, 128], "split3_pred": [0, 1, 1, 1, 1, 1, 1, 0, 0, 1, 0, 1, 0, 1, 1, 0, 0, 1, 0, 1, 1, 0, 1, 1, 1, 1, 1, 0], "split3_test": [0, 0, 1, 0, 0, 1, 0, 0, 0, 0, 0, 0, 0, 0, 0, 0, 0, 0, 0, 1, 0, 0, 0, 0, 1, 0, 0, 0], "split3_notXOR": [1, 0, 1, 0, 0, 1, 0, 1, 1, 0, 1, 0, 1, 0, 0, 1, 1, 0, 1, 1, 0, 1, 0, 0, 1, 0, 0, 1], "split3_prob": [0.0637437426232786, 0.41681915396662295, 0.8803269148552658, 0.42409188908486173, 0.4317216462377266, 0.8871773106961479, 0.8580025716143609, 0.05956161367166281, 0.387850385526546, 0.7241682726725243, 0.377904320499321, 0.8859462323109488, 0.35503595032899804, 0.8765625692061356, 0.8866261213191577, 0.3424957270031308, 0.3073501394144866, 0.8872726480156522, 0.3785562133553173, 0.8867560061042602, 0.408519953178803, 0.36247514654168456, 0.8856862390136125, 0.4290701633898906, 0.886515337397779, 0.4392100305590011, 0.8828791942521718, 0.3668253754313151], "split4_index": [129, 130, 131, 132, 133, 134, 135, 136, 137, 138, 139, 140, 141, 142, 143, 144, 145, 146, 147, 148, 149, 150, 151, 152, 153, 154, 155, 156], "split4_pred": [1, 1, 1, 1, 1, 1, 1, 0, 0, 1, 0, 1, 1, 1, 1, 0, 0, 1, 1, 1, 1, 0, 1, 0, 1, 0, 1, 1], "split4_test": [0, 0, 0, 0, 0, 0, 0, 0, 0, 0, 0, 0, 0, 0, 0, 0, 0, 0, 0, 1, 0, 0, 0, 0, 0, 0, 0, 0], "split4_notXOR": [0, 0, 0, 0, 0, 0, 0, 1, 1, 0, 1, 0, 0, 0, 0, 1, 1, 0, 0, 1, 0, 1, 0, 1, 0, 1, 0, 0], "split4_prob": [0.5233289648128386, 0.631503695852268, 0.8047226858478895, 0.46705675688817816, 0.46437565953881493, 0.8056532788500609, 0.5671859307025874, 0.0857002453742052, 0.3603241736701644, 0.4154477248336784, 0.35657836197804216, 0.689120136466888, 0.5583232862302661, 0.6807438012143815, 0.6894011395978393, 0.35911499771958244, 0.24162163366692416, 0.8059894641586959, 0.4435954017893043, 0.8034925755643649, 0.4427597536271234, 0.16999528030092761, 0.6891422742868308, 0.23262776499998294, 0.8041279497107483, 0.3674744560457247, 0.6843644662322544, 0.4088422331423157], "split5_index": [157, 158, 159, 160, 161, 162, 163, 164, 165, 166, 167, 168, 169, 170, 171, 172, 173, 174, 175, 176, 177, 178, 179, 180, 181, 182, 183, 184], "split5_pred": [0, 0, 1, 0, 0, 1, 0, 0, 0, 1, 0, 1, 0, 1, 1, 0, 0, 1, 0, 1, 0, 0, 1, 0, 1, 0, 1, 0], "split5_test": [0, 0, 0, 0, 0, 0, 0, 0, 0, 0, 0, 0, 0, 0, 0, 0, 0, 0, 0, 1, 0, 0, 0, 0, 0, 0, 0, 0], "split5_notXOR": [1, 1, 0, 1, 1, 0, 1, 1, 1, 0, 1, 0, 1, 0, 0, 1, 1, 0, 1, 1, 1, 1, 0, 1, 0, 1, 0, 1], "split5_prob": [0.2418316806993927, 0.40495590178307833, 0.752582372265422, 0.46020988808987967, 0.46020988808987967, 0.7505210464305223, 0.44242971448621443, 0.20227804392150256, 0.38609908191657416, 0.7146181267464345, 0.3862256872130732, 0.6561570910110065, 0.44218691774614016, 0.6579339349561022, 0.6572331532089095, 0.4045399353955325, 0.340064477174581, 0.7505210464305223, 0.42757550796365057, 0.7549965468990362, 0.42757550796365057, 0.20221624507404004, 0.6561570910110065, 0.2157665532714855, 0.7398059567479194, 0.3875546299113609, 0.6560031328099035, 0.4445762088560249], "split6_index": [185, 186, 187, 188, 189, 190, 191, 192, 193, 194, 195, 196, 197, 198, 199, 200, 201, 202, 203, 204, 205, 206, 207, 208, 209, 210, 211, 212], "split6_pred": [0, 0, 1, 1, 1, 1, 1, 0, 0, 1, 0, 1, 0, 1, 1, 1, 0, 1, 0, 0, 0, 0, 1, 0, 1, 0, 1, 1], "split6_test": [0, 0, 0, 0, 0, 0, 0, 0, 0, 0, 0, 0, 0, 0, 0, 0, 0, 0, 0, 1, 0, 0, 0, 0, 0, 0, 0, 0], "split6_notXOR": [1, 1, 0, 0, 0, 0, 0, 1, 1, 0, 1, 0, 1, 0, 0, 0, 1, 0, 1, 0, 1, 1, 0, 1, 0, 1, 0, 0], "split6_prob": [0.4602325495470962, 0.4610769888463728, 0.6372783615506515, 0.6280707384897379, 0.6273726496172406, 0.6346976524435469, 0.5712205907814734, 0.40652224206061494, 0.4650121991823787, 0.5784915894761801, 0.46472162018057045, 0.5447837092229406, 0.4680418932567897, 0.5441757044758767, 0.5463566379314752, 0.6248774547619494, 0.4567028641848444, 0.6347703947277143, 0.47968731988916846, 0.46107895241255814, 0.4799285880451479, 0.37538592392161424, 0.5447903744335211, 0.38016059785099726, 0.5361382447373186, 0.4659625198311755, 0.5446195985241544, 0.5903155715655848], "split7_index": [213, 214, 215, 216, 217, 218, 219, 220, 221, 222, 223, 224, 225, 226, 227, 228, 229, 230, 231, 232, 233, 234, 235, 236, 237, 238, 239, 240], "split7_pred": [0, 1, 0, 0, 0, 0, 1, 0, 0, 1, 0, 0, 0, 0, 0, 0, 0, 0, 0, 1, 0, 0, 0, 0, 1, 0, 0, 0], "split7_test": [0, 0, 0, 0, 0, 0, 0, 0, 0, 0, 0, 0, 0, 0, 0, 0, 0, 0, 0, 1, 0, 0, 0, 0, 0, 0, 0, 0], "split7_notXOR": [1, 0, 1, 1, 1, 1, 0, 1, 1, 0, 1, 1, 1, 1, 1, 1, 1, 1, 1, 1, 1, 1, 1, 1, 0, 1, 1, 1],