{"split0_index": [3, 4, 5, 6, 7, 8, 9, 10], "split0_pred": [1, 0, 0, 0, 0, 0, 0, 0], "split0_test": [1, 0, 0, 0, 0, 0, 1, 0], "split0_notXOR": [1, 1, 1, 1, 1, 1, 0, 1], "split0_prob": [0.5708923508758982, 0.25099888196535364, 0.19980685648678584, 0.09215846130035812, 0.05515471171494486, 0.05515471171494486, 0.11491117429792895, 0.04735258025041909], "split1_index": [11, 12, 13, 14, 15, 16, 17, 18], "split1_pred": [1, 0, 0, 0, 0, 0, 0, 0], "split1_test": [1, 0, 0, 0, 0, 0, 1, 0], "split1_notXOR": [1, 1, 1, 1, 1, 1, 0, 1], "split1_prob": [0.5635959935769745, 0.3298509198578629, 0.2986150874001631, 0.19869435803238086, 0.12041070882500693, 0.1305971439722483, 0.2282055081938054, 0.13854539081202102], "split2_index": [19, 20, 21, 22, 23, 24, 25], "split2_pred": [1, 0, 0, 0, 0, 0, 0], "split2_test": [1, 0, 0, 0, 0, 1, 0], "split2_notXOR": [1, 1, 1, 1, 1, 0, 1], "split2_prob": [0.6163545390593297, 0.33369695474622535, 0.28897748815456653, 0.1639832533592953, 0.18434940520109214, 0.23706056693571778, 0.1679031854212111], "split3_index": [26, 27, 28, 29, 30, 31, 32], "split3_pred": [1, 0, 0, 0, 0, 0, 0], "split3_test": [1, 0, 0, 0, 0, 1, 0], "split3_notXOR": [1, 1, 1, 1, 1, 0, 1], "split3_prob": [0.6395856372214593, 0.3342209406622411, 0.30982227824529573, 0.13284992139932233, 0.16090766733567385, 0.2530304575552629, 0.10885039761974495], "split4_index": [33, 34, 35, 36, 37, 38, 39], "split4_pred": [1, 0, 0, 0, 0, 0, 0], "split4_test": [1, 0, 0, 0, 0, 0, 0], "split4_notXOR": [1, 1, 1, 1, 1, 1, 1], "split4_prob": [0.6568510798399454, 0.3337961186181521, 0.31587959770343593, 0.09890730397519396, 0.12756869625094786, 0.46224621126097293, 0.11942793492120206], "split5_index": [40, 41, 42, 43, 44, 45, 46], "split5_pred": [1, 0, 0, 0, 0, 0, 0], "split5_test": [1, 0, 0, 0, 0, 0, 0], "split5_notXOR": [1, 1, 1, 1, 1, 1, 1], "split5_prob": [0.6681682003496379, 0.19536551602075006, 0.2006338858336365, 0.09228312582428783, 0.11271404329693906, 0.21649848578260966, 0.07732616228178901]}