{"split0_index": [7, 8, 9, 10, 11, 12, 13, 14], "split0_pred": [0, 0, 0, 0, 0, 0, 0, 0], "split0_test": [1, 0, 1, 0, 0, 0, 0, 0], "split0_notXOR": [0, 1, 0, 1, 1, 1, 1, 1], "split0_prob": [0.0, 0.0, 0.0, 0.0, 0.0, 1.538218602549636e-36, 0.0, 0.0], "split1_index": [15, 16, 17, 18, 19, 20, 21, 22, 23], "split1_pred": [1, 0, 0, 0, 0, 0, 0, 0, 0], "split1_test": [1, 0, 1, 0, 0, 0, 0, 0, 0], "split1_notXOR": [1, 1, 0, 1, 1, 1, 1, 1, 1], "split1_prob": [1.0, 3.43695373197894e-96, 1.8247026238109934e-05, 4.778198707023093e-12, 4.724758629055928e-10, 0.0001457518276983649, 6.110961900728187e-13, 1.8693639381856885e-09, 1.3814421979253524e-95], "split2_index": [24, 25, 26, 27, 28, 29, 30, 31, 32], "split2_pred": [0, 0, 0, 0, 0, 0, 0, 0, 0], "split2_test": [1, 0, 1, 0, 0, 0, 0, 0, 0], "split2_notXOR": [0, 1, 0, 1, 1, 1, 1, 1, 1], "split2_prob": [0.0001335473301804322, 1.6362335165359195e-89, 4.414888130354756e-06, 1.7378356743022973e-12, 2.823964185326674e-10, 1.4146275646915986e-05, 2.1941999559445657e-13, 2.6403710561883525e-10, 1.6362335165359195e-89], "split3_index": [33, 34, 35, 36, 37, 38, 39, 40, 41], "split3_pred": [1, 0, 0, 0, 0, 0, 0, 0, 0], "split3_test": [1, 0, 1, 0, 0, 0, 0, 0, 0], "split3_notXOR": [1, 1, 0, 1, 1, 1, 1, 1, 1], "split3_prob": [0.7785775329432486, 5.131017379160517e-87, 5.369658847266425e-06, 2.694372961474066e-13, 5.682426683538605e-11, 1.7700477828348904e-06, 6.62677511799271e-14, 1.3414156042744355e-10, 5.131017379160517e-87], "split4_index": [42, 43, 44, 45, 46, 47, 48, 49, 50], "split4_pred": [0, 0, 0, 0, 0, 0, 0, 0, 0], "split4_test": [1, 0, 1, 0, 0, 0, 0, 0, 0], "split4_notXOR": [0, 1, 0, 1, 1, 1, 1, 1, 1], "split4_prob": [0.00013099561164177826, 3.1903302257907503e-85, 2.4068797790116956e-06, 6.452624041484613e-13, 1.861486878093575e-10, 4.862622496999178e-06, 1.9328796877106487e-13, 5.544748086358739e-10, 3.1903302257907503e-85], "split5_index": [51, 52, 53, 54, 55, 56, 57, 58, 59], "split5_pred": [0, 0, 0, 0, 0, 0, 0, 0, 0], "split5_test": [1, 0, 1, 0, 0, 0, 0, 0, 0], "split5_notXOR": [0, 1, 0, 1, 1, 1, 1, 1, 1], "split5_prob": [0.0003299222819312655, 3.3392816177919622e-84, 6.012491723252996e-06, 1.2169722704344856e-12, 4.6281220220985913e-10, 1.1279820778794218e-05, 4.001671415969867e-13, 1.5247928271841433e-09, 3.3392816177919622e-84], "split6_index": [60, 61, 62, 63, 64, 65, 66, 67, 68], "split6_pred": [0, 0, 0, 0, 0, 0, 0, 0, 0], "split6_test": [1, 0, 1, 0, 0, 0, 0, 0, 0], "split6_notXOR": [0, 1, 0, 1, 1, 1, 1, 1, 1], "split6_prob": [4.676894182447591e-05, 9.923055595742373e-85, 1.0086656812653654e-06, 1.4183806401382465e-13, 6.440055298023926e-11, 1.5327943137931396e-06, 4.640697855135094e-14, 2.2427606448061438e-10, 9.923055595742373e-85], "split7_index": [69, 70, 71, 72, 73, 74, 75, 76, 77], "split7_pred": [0, 0, 0, 0, 0, 0, 0, 0, 0], "split7_test": [1, 0, 1, 0, 0, 0, 0, 0, 0], "split7_notXOR": [0, 1, 0, 1, 1, 1, 1, 1, 1], "split7_prob": [0.0006169298451074956, 1.7997131118102574e-83, 0.19788829276588876, 1.3853695944331944e-12, 8.250383563863997e-10, 1.9730851595083313e-05, 4.868430814785802e-13, 3.0812232473937835e-09, 1.7997131118102574e-83], "split8_index": [78, 79, 80, 81, 82, 83, 84, 85, 86], "split8_pred": [0, 0, 0, 0, 0, 0, 0, 0, 0], "split8_test": [1, 0, 1, 0, 0, 0, 0, 0, 0], "split8_notXOR": [0, 1, 0, 1, 1, 1, 1, 1, 1], "split8_prob": [0.0021698482727022296, 1.024170113183961e-82, 0.0021132154363711878, 7.198631270145216e-12, 1.6245382206379357e-09, 7.239973741076812e-05, 2.548935134004331e-12, 6.17982967963744e-09, 1.024170113183961e-82], "split9_index": [87, 88, 89, 90, 91, 92, 93, 94, 95], "split9_pred": [0, 0, 0, 0, 0, 0, 0, 0, 0], "split9_test": [1, 0, 1, 0, 0, 0, 0, 0, 0], "split9_notXOR": [0, 1, 0, 1, 1, 1, 1, 1, 1], "split9_prob": [0.0008585256233679529, 7.478016002478665e-85, 0.001318125112384974, 2.3420890649206556e-12, 3.152659031063123e-10, 2.850853943735263e-05, 8.332837760467196e-13, 1.2162992144880283e-09, 7.478016002478665e-85], "split10_index": [96, 97, 98, 99, 100, 101, 102, 103, 104], "split10_pred": [1, 0, 1, 0, 0, 0, 1, 0, 0], "split10_test": [1, 0, 1, 0, 0, 0, 0, 0, 0], "split10_notXOR": [1, 1, 1, 1, 1, 1, 0, 1, 1], "split10_prob": [1.0, 1.006956946209691e-88, 1.0, 8.721969180725809e-14, 6.575241699980575e-12, 0.04662425129275183, 1.0, 7.165081692959853e-11, 1.5063121145806116e-64], "split11_index": [105, 106, 107, 108, 109, 110, 111, 112, 113], "split11_pred": [0, 0, 0, 0, 0, 0, 0, 0, 1], "split11_test": [1, 0, 1, 0, 0, 0, 0, 0, 0], "split11_notXOR": [0, 1, 0, 1, 1, 1, 1, 1, 0], "split11_prob": [0.02306318811048491, 9.69423810824524e-90, 0.005593248188566526, 4.456024162417603e-12, 3.516387839297036e-10, 3.480158846718189e-06, 0.0019218245359886351, 1.7651866002298995e-09, 1.0], "split12_index": [114, 115, 116, 117, 118, 119, 120, 121, 122], "split12_pred": [1, 0, 0, 0, 0, 0, 0, 0, 0], "split12_test": [1, 0, 1, 0, 0, 0, 0, 0, 0], "split12_notXOR": [1, 1, 0, 1, 1, 1, 1, 1, 1], "split12_prob": [0.9999958826119674, 9.879805711085722e-94, 0.0036489320577336344, 2.372029387408345e-10, 5.215884227203141e-11, 5.842314708517039e-07, 0.0004195916779412699, 4.4187699053123576e-39, 9.879805711085722e-94], "split13_index": [123, 124, 125, 126, 127, 128, 129, 130, 131], "split13_pred": [1, 0, 0, 0, 0, 0, 0, 0, 0], "split13_test": [1, 0, 1, 0, 0, 0, 0, 0, 0], "split13_notXOR": [1, 1, 0, 1, 1, 1, 1, 1, 1], "split13_prob": [1.0, 2.3531003865214284e-96, 0.001987101355198145, 8.369515484474874e-12, 6.103879370772739e-10, 5.827153668290187e-06, 0.00013843775831396803, 1.0274870704093661e-38, 5.089888660019647e-96], "split14_index": [132, 133, 134, 135, 136, 137, 138, 139, 140, 141], "split14_pred": [1, 0, 0, 0, 0, 0, 0, 0, 1, 0], "split14_test": [1, 0, 0, 1, 0, 0, 0, 0, 0, 0], "split14_notXOR": [1, 1, 1, 0, 1, 1, 1, 1, 0, 1], "split14_prob": [1.0, 4.9976609412224464e-101, 1.161196417232438e-06, 0.00018465096344263705, 9.750881900727567e-13, 7.256136649896426e-11, 7.894001067442289e-07, 7.202273067044458e-06, 1.0, 4.9976609412224464e-101], "split15_index": [142, 143, 144, 145, 146, 147, 148, 149, 150, 151], "split15_pred": [0, 0, 0, 1, 0, 0, 0, 0, 0, 0], "split15_test": [1, 0, 0, 1, 0, 0, 0, 0, 0, 0], "split15_notXOR": [0, 1, 1, 1, 1, 1, 1, 1, 1, 1], "split15_prob": [0.036298443060000254, 2.0380448883610399e-103, 3.0370440647092317e-05, 0.9958867992343403, 5.0539912090397004e-08, 1.9332287251882216e-09, 0.20850122006778346, 0.00017224420982958356, 1.892619882693164e-58, 2.0380448883610399e-103], "split16_index": [152, 153, 154, 155, 156, 157, 158, 159, 160, 161], "split16_pred": [0, 0, 0, 0, 0, 0, 0, 0, 0, 0], "split16_test": [1, 0, 0, 1, 0, 0, 0, 0, 0, 0], "split16_notXOR": [0, 1, 1, 0, 1, 1, 1, 1, 1, 1], "split16_prob": [0.00043186268166289213, 8.40956670658861e-100, 1.5058119331654061e-05, 0.001856288697806081, 1.496225516467782e-08, 6.141400991551802e-10, 0.0025285848193492746, 5.674697252375915e-05, 2.5776585614978977e-57, 8.40956670658861e-100], "split17_index": [162, 163, 164, 165, 166, 167, 168, 169, 170, 171], "split17_pred": [0, 0, 0, 0, 0, 0, 0, 0, 0, 0], "split17_test": [1, 0, 0, 1, 0, 0, 0, 0, 0, 0], "split17_notXOR": [0, 1, 1, 0, 1, 1, 1, 1, 1, 1], "split17_prob": [0.0013533315644558488, 6.946837815551038e-97, 5.548620644220905e-05, 0.004805926623759585, 3.233782808819862e-08, 1.3582817961094612e-09, 0.006631866176100804, 0.00015784648931757635, 9.40922907855578e-56, 6.946837815551038e-97], "split18_index": [172, 173, 174, 175, 176, 177, 178, 179, 180, 181, 182, 183], "split18_pred": [1, 0, 0, 1, 0, 0, 0, 0, 1, 1, 1, 0], "split18_test": [1, 0, 0, 1, 0, 0, 0, 0, 0, 0, 0, 0], "split18_notXOR": [1, 1, 1, 1, 1, 1, 1, 1, 0, 0, 0, 1], "split18_prob": [0.9860737963879893, 9.05261077596838e-91, 0.0, 0.9953949678024626, 8.009730059491945e-07, 0.001108059542577389, 3.3989796526260713e-41, 4.6373092296216396e-05, 0.9967149522942582, 0.8821389417789891, 0.9875754127662719, 1.7589123513591268e-85], "split19_index": [184, 185, 186, 187, 188, 189, 190, 191, 192, 193],