{"split0_index": [4, 5, 6, 7], "split0_pred": [0, 0, 1, 0], "split0_test": [0, 0, 1, 0], "split0_notXOR": [1, 1, 1, 1], "split0_prob": [0.031702676087804395, 0.0533862061786799, 0.8268003811059669, 0.0981748221015733]}