{"split0_index": [13, 14, 15, 16, 17, 18, 19, 20, 21, 22, 23, 24, 25], "split0_pred": [0, 1, 0, 0, 0, 0, 0, 0, 0, 0, 0, 1, 0], "split0_test": [0, 0, 1, 0, 0, 1, 0, 0, 0, 0, 0, 0, 1], "split0_notXOR": [1, 0, 0, 1, 1, 0, 1, 1, 1, 1, 1, 0, 0], "split0_prob": [0.17677668533997495, 0.5532738439618371, 0.05405100102469724, 0.04169310019953975, 0.1552379917209603, 0.07503431585346317, 0.2626703232300622, 0.23363638947569865, 0.003192560641565352, 0.04327695827414015, 0.1552379917209603, 0.5532738439618371, 0.007781909978466363], "split1_index": [26, 27, 28, 29, 30, 31, 32, 33, 34, 35, 36, 37, 38, 39, 40, 41], "split1_pred": [1, 1, 1, 1, 0, 0, 0, 1, 1, 0, 1, 0, 0, 1, 1, 1], "split1_test": [0, 1, 0, 0, 0, 0, 1, 0, 0, 0, 0, 0, 0, 0, 1, 0], "split1_notXOR": [0, 1, 0, 0, 1, 1, 0, 0, 0, 1, 0, 1, 1, 0, 1, 0], "split1_prob": [0.7080134372987554, 0.5007703897726214, 0.5044226955767513, 0.7432915359121169, 0.4863196919272141, 0.46808251506559095, 0.4617933618957672, 0.9748269995392711, 0.9999999982411685, 0.4803396424353954, 0.8066559972851707, 0.46130296717873875, 0.45290136146361926, 0.9996265743956158, 0.5698502965459885, 0.7080134372987554], "split2_index": [42, 43, 44, 45, 46, 47, 48, 49, 50, 51, 52, 53, 54, 55, 56, 57, 58], "split2_pred": [1, 1, 1, 0, 0, 1, 1, 1, 1, 1, 0, 1, 1, 1, 1, 1, 1], "split2_test": [0, 0, 0, 0, 0, 0, 1, 0, 0, 0, 0, 0, 0, 0, 0, 1, 0], "split2_notXOR": [0, 0, 0, 1, 1, 0, 1, 0, 0, 0, 1, 0, 0, 0, 0, 1, 0], "split2_prob": [0.5337556623354811, 0.530302702428261, 0.5209215177214832, 0.41770383242814546, 0.48433101288852215, 0.5337556623354811, 0.5305621155744933, 0.5042047805959093, 0.5169125255348871, 0.531942652355763, 0.4848929713309888, 0.5301287985759734, 0.5337556623354811, 0.5337556623354811, 0.531942652355763, 0.5213612522049966, 0.5337556623354811], "split3_index": [59, 60, 61, 62, 63, 64, 65, 66, 67, 68, 69, 70, 71, 72, 73, 74, 75], "split3_pred": [1, 1, 1, 0, 1, 1, 1, 1, 1, 1, 1, 0, 1, 1, 1, 1, 1], "split3_test": [0, 0, 0, 0, 0, 0, 1, 0, 0, 0, 0, 0, 0, 0, 0, 1, 0], "split3_notXOR": [0, 0, 0, 1, 0, 0, 1, 0, 0, 0, 0, 1, 0, 0, 0, 1, 0], "split3_prob": [0.5210200384701138, 0.5045320813761041, 0.5142118776895832, 0.4812085302661307, 0.5313455725733655, 0.5210200384701138, 0.5210200384701138, 0.5207579230728954, 0.5033905510125337, 0.5210200384701138, 0.5313455725733655, 0.422652642964362, 0.5210200384701138, 0.5210200384701138, 0.540464635359728, 0.6072669826560234, 0.5210200384701138], "split4_index": [76, 77, 78, 79, 80, 81, 82, 83, 84, 85, 86, 87, 88, 89, 90], "split4_pred": [0, 0, 0, 0, 0, 0, 0, 0, 1, 0, 1, 0, 0, 0, 1], "split4_test": [0, 0, 0, 0, 0, 0, 1, 0, 0, 0, 0, 0, 0, 1, 0], "split4_notXOR": [1, 1, 1, 1, 1, 1, 0, 1, 0, 1, 0, 1, 1, 0, 0], "split4_prob": [0.4521084389082055, 0.48115472120195824, 0.45649878413677236, 0.4748951787200845, 0.46477915471259584, 0.47704852442840684, 0.48705873382846987, 0.48400256253316715, 0.9649976617035226, 0.4505811217236194, 0.5168695617999365, 0.4675416262814448, 0.4607518887273853, 0.487827433075281, 0.5306035828079867], "split5_index": [91, 92, 93, 94, 95, 96, 97, 98, 99, 100, 101, 102, 103, 104, 105, 106], "split5_pred": [1, 1, 0, 0, 0, 0, 0, 0, 0, 0, 0, 0, 0, 0, 0, 0], "split5_test": [0, 0, 0, 0, 0, 0, 1, 0, 0, 0, 0, 0, 0, 0, 1, 0], "split5_notXOR": [0, 0, 1, 1, 1, 1, 0, 1, 1, 1, 1, 1, 1, 1, 0, 1], "split5_prob": [0.5611046507840418, 0.646943696049378, 0.4740866035066049, 0.4566951047465606, 0.4533834308617813, 0.4533834308617813, 0.4841078117397856, 0.4533834308617813, 0.4696981622556371, 0.4573693953366914, 0.4533834308617813, 0.32622908853618615, 0.4533834308617813, 0.4533834308617813, 0.4533834308617813, 0.4533834308617813], "split6_index": [107, 108, 109, 110, 111, 112, 113, 114, 115, 116, 117, 118, 119, 120, 121, 122], "split6_pred": [1, 1, 1, 1, 1, 1, 0, 1, 1, 1, 1, 1, 1, 1, 1, 0], "split6_test": [0, 0, 0, 0, 0, 0, 0, 0, 0, 0, 0, 0, 0, 0, 0, 1], "split6_notXOR": [0, 0, 0, 0, 0, 0, 1, 0, 0, 0, 0, 0, 0, 0, 0, 0], "split6_prob": [0.5083445528273263, 0.5078480272436247, 0.5078480272436247, 0.5078480272436247, 0.5078480272436247, 0.5078480272436247, 0.48697560385117716, 0.5078480272436247, 0.5078480272436247, 0.5078480272436247, 0.5078480272436247, 0.5083445528273263, 0.5078480272436247, 0.5078480272436247, 0.5230573103597194, 0.46519752343116777]}