{"split0_index": [12, 13, 14, 15, 16, 17, 18, 19, 20, 21, 22, 23], "split0_pred": [1, 0, 1, 0, 0, 0, 0, 0, 1, 0, 1, 1], "split0_test": [1, 0, 1, 1, 0, 0, 1, 1, 1, 1, 1, 1], "split0_notXOR": [1, 1, 1, 0, 1, 1, 0, 0, 1, 0, 1, 1], "split0_prob": [0.9985094592002477, 0.027499989621099882, 0.8381732537480877, 0.1661210856767363, 0.29981386729275117, 0.02068962617542489, 0.21012159666512584, 0.047093822917172415, 0.9677366242383477, 2.6494905711189e-05, 0.8460884971638568, 0.6671469024010984], "split1_index": [24, 25, 26, 27, 28, 29, 30, 31, 32, 33, 34, 35], "split1_pred": [1, 0, 1, 0, 0, 0, 1, 1, 1, 0, 1, 1], "split1_test": [1, 0, 1, 0, 0, 0, 1, 1, 1, 1, 1, 1], "split1_notXOR": [1, 1, 1, 1, 1, 1, 1, 1, 1, 0, 1, 1], "split1_prob": [0.9985466262583567, 0.0023528246516965304, 0.7369540483645376, 0.0017630934264633615, 0.22085198568928058, 0.01882364365038866, 0.958706434436824, 0.9607238615110401, 0.9430272073139676, 1.351846198703892e-08, 0.7537207692634857, 0.9179837589645881], "split2_index": [36, 37, 38, 39, 40, 41, 42, 43, 44, 45, 46, 47], "split2_pred": [1, 0, 1, 1, 0, 0, 1, 1, 1, 0, 1, 1], "split2_test": [1, 0, 0, 0, 0, 0, 1, 1, 1, 1, 1, 1], "split2_notXOR": [1, 1, 0, 0, 1, 1, 1, 1, 1, 0, 1, 1], "split2_prob": [0.9978807221203305, 0.008708721028192746, 0.8694901402733578, 0.6988600673288369, 0.2519367628058454, 0.07514757342021429, 0.8422129800568813, 0.9194919497952934, 0.8910628330653074, 0.09635948678010185, 0.8582299397597994, 0.6151391684717451], "split3_index": [48, 49, 50, 51, 52, 53, 54, 55, 56, 57, 58, 59, 60], "split3_pred": [1, 0, 1, 0, 1, 0, 0, 1, 1, 1, 0, 1, 1], "split3_test": [1, 0, 0, 0, 0, 0, 0, 1, 1, 1, 1, 1, 1], "split3_notXOR": [1, 1, 0, 1, 0, 1, 1, 1, 1, 1, 0, 1, 1], "split3_prob": [0.9999347045538288, 0.48097788781963985, 0.553901923498977, 0.008165679058303461, 0.9597698826267109, 0.2156005502320922, 0.09476189373210835, 0.952162766740782, 0.984669714833841, 0.9590243072613942, 0.09056503047015667, 0.8342438721304165, 0.7108036429285911], "split4_index": [61, 62, 63, 64, 65, 66, 67, 68, 69, 70, 71, 72, 73], "split4_pred": [1, 0, 0, 0, 0, 0, 0, 1, 1, 1, 1, 1, 1], "split4_test": [1, 0, 0, 0, 0, 0, 0, 1, 1, 1, 1, 1, 1], "split4_notXOR": [1, 1, 1, 1, 1, 1, 1, 1, 1, 1, 1, 1, 1], "split4_prob": [0.9974953503731756, 0.12998503275101467, 0.44096217964443507, 0.01741192623985399, 0.10268804021902708, 0.2111940666318267, 0.0897362551907142, 0.9728767464640001, 0.9354267801332093, 0.8212142365245205, 0.8883687852920731, 0.7740905789620574, 0.8361551912035521], "split5_index": [74, 75, 76, 77, 78, 79, 80, 81, 82, 83, 84, 85, 86], "split5_pred": [1, 0, 0, 0, 0, 0, 0, 1, 1, 1, 1, 1, 1], "split5_test": [1, 0, 0, 0, 0, 0, 1, 1, 1, 1, 1, 1, 1], "split5_notXOR": [1, 1, 1, 1, 1, 1, 0, 1, 1, 1, 1, 1, 1], "split5_prob": [0.9991334642409634, 0.10202478759628499, 0.19119025167158016, 0.011868165879958467, 0.07711148460891955, 0.18386471151075112, 0.020246803508650612, 0.9766386944414531, 0.8541786291974143, 0.7547198300873074, 0.9500196636919019, 0.6023113992255703, 0.8534435322950392], "split6_index": [87, 88, 89, 90, 91, 92, 93, 94, 95, 96, 97, 98, 99], "split6_pred": [1, 0, 0, 0, 0, 0, 0, 1, 1, 1, 0, 1, 1], "split6_test": [1, 0, 0, 0, 0, 0, 1, 1, 1, 1, 1, 1, 1], "split6_notXOR": [1, 1, 1, 1, 1, 1, 0, 1, 1, 1, 0, 1, 1], "split6_prob": [0.9831550685587163, 0.13944571422671448, 0.2203942826537171, 0.0009091432342767944, 0.03729033812031289, 0.19603385233782958, 0.0006145537604364409, 0.964317647414109, 0.797043998573993, 0.6925116528906303, 0.2869083962308985, 0.6916437503773751, 0.8574654963488872], "split7_index": [100, 101, 102, 103, 104, 105, 106, 107, 108, 109, 110, 111, 112], "split7_pred": [1, 0, 0, 0, 0, 0, 0, 1, 1, 1, 1, 1, 1], "split7_test": [1, 0, 0, 0, 0, 0, 1, 1, 1, 1, 1, 1, 1], "split7_notXOR": [1, 1, 1, 1, 1, 1, 0, 1, 1, 1, 1, 1, 1], "split7_prob": [0.9958650308544112, 0.06826180693829134, 0.21683678746240442, 0.007183164796432376, 0.08746842813130232, 0.15655965674135444, 0.15304674686298136, 0.9957716443659804, 0.9195083930521649, 0.8451483989634033, 0.9999999999007778, 0.7606954975528328, 0.855003734680718], "split8_index": [113, 114, 115, 116, 117, 118, 119, 120, 121, 122, 123, 124, 125, 126], "split8_pred": [1, 0, 0, 0, 0, 0, 0, 0, 1, 1, 1, 1, 1, 0], "split8_test": [1, 0, 0, 0, 1, 0, 0, 1, 1, 1, 1, 1, 1, 1], "split8_notXOR": [1, 1, 1, 1, 0, 1, 1, 0, 1, 1, 1, 1, 1, 0], "split8_prob": [0.999361441489327, 0.01827788334611884, 0.06301299837683856, 0.31207425452174553, 4.168700020970478e-05, 0.09266070008661964, 0.14539631973080416, 0.4196121042089537, 0.9926275905591073, 0.9370418899395955, 0.8418042001220228, 0.9999999999999649, 0.7565845627380813, 0.4608926746206483], "split9_index": [127, 128, 129, 130, 131, 132, 133, 134, 135, 136, 137, 138, 139, 140], "split9_pred": [1, 0, 0, 0, 0, 0, 0, 1, 1, 1, 1, 1, 1, 1], "split9_test": [1, 0, 0, 0, 1, 0, 0, 1, 1, 1, 1, 1, 1, 1], "split9_notXOR": [1, 1, 1, 1, 0, 1, 1, 1, 1, 1, 1, 1, 1, 1], "split9_prob": [0.9972117326212838, 0.012685228193787106, 0.09062765808293594, 0.1980665969246412, 0.0001034201775339952, 0.06957155506087911, 0.16153306882834562, 0.8322658483263773, 0.9979998510877076, 0.9481397944759046, 0.8036860892609108, 0.9999999999999998, 0.7770355313366932, 0.5474330765310633], "split10_index": [141, 142, 143, 144, 145, 146, 147, 148, 149, 150, 151, 152, 153, 154], "split10_pred": [1, 0, 0, 0, 1, 0, 0, 1, 1, 1, 1, 1, 1, 0], "split10_test": [1, 0, 0, 0, 1, 0, 0, 1, 1, 1, 1, 1, 1, 1], "split10_notXOR": [1, 1, 1, 1, 1, 1, 1, 1, 1, 1, 1, 1, 1, 0], "split10_prob": [0.9878508554726337, 0.014974026575213923, 0.03988017691282844, 0.24637363371148827, 0.7518419112622537, 0.08368883755371742, 0.17015867391595738, 0.7738903536842225, 0.9943694380985617, 0.9485382156968202, 0.8672054464526379, 1.0, 0.8393257624716138, 0.41298826114999376], "split11_index": [155, 156, 157, 158, 159, 160, 161, 162, 163, 164, 165, 166, 167, 168], "split11_pred": [1, 0, 0, 0, 1, 0, 0, 1, 1, 1, 1, 1, 1, 1], "split11_test": [1, 0, 0, 0, 1, 0, 0, 1, 1, 1, 1, 1, 1, 1], "split11_notXOR": [1, 1, 1, 1, 1, 1, 1, 1, 1, 1, 1, 1, 1, 1], "split11_prob": [0.9883412171674241, 0.012130075093054436, 0.06746799941364734, 0.25676209504369546, 0.9352698183229408, 0.055648196372892304, 0.184602276974024, 0.644002784917771, 0.9971691444227561, 0.9727371507120968, 0.8315504093068458, 1.0, 0.8196415068963923, 0.5485207869511055], "split12_index": [169, 170, 171, 172, 173, 174, 175, 176, 177, 178, 179, 180, 181, 182], "split12_pred": [1, 0, 0, 0, 1, 0, 0, 1, 1, 1, 1, 1, 1, 1], "split12_test": [1, 0, 0, 0, 1, 0, 0, 1, 1, 1, 1, 1, 1, 1], "split12_notXOR": [1, 1, 1, 1, 1, 1, 1, 1, 1, 1, 1, 1, 1, 1], "split12_prob": [0.9864519126320886, 0.012995509099705649, 0.046966828131720664, 0.1865685479310981, 0.8310613826435138, 0.07458900755950375, 0.1709389519761112, 0.7583209773147238, 0.9972510935558554, 0.8538796223760398, 0.8862710299400024, 1.0, 0.8486234835393469, 0.5842237513226909], "split13_index": [183, 184, 185, 186, 187, 188, 189, 190, 191, 192, 193, 194, 195, 196], "split13_pred": [1, 0, 0, 0, 1, 0, 0, 1, 1, 1, 1, 1, 1, 1], "split13_test": [1, 0, 0, 0, 1, 0, 0, 1, 1, 1, 1, 1, 1, 1], "split13_notXOR": [1, 1, 1, 1, 1, 1, 1, 1, 1, 1, 1, 1, 1, 1], "split13_prob": [0.9909434688881313, 0.01049673496357751, 0.04653643515629625, 0.1767592987200032, 0.9204944316699344, 0.06682433296235411, 0.16356773060285468, 0.8476521813566847, 0.9982020603613484, 0.9750942829007516, 0.8880985204743339, 1.0, 0.8407311692536215, 0.5170852439456303], "split14_index": [197, 198, 199, 200, 201, 202, 203, 204, 205, 206, 207, 208, 209, 210], "split14_pred": [1, 0, 0, 0, 1, 0, 0, 1, 1, 1, 1, 1, 1, 0], "split14_test": [1, 0, 0, 0, 1, 0, 0, 1, 1, 1, 1, 1, 1, 1], "split14_notXOR": [1, 1, 1, 1, 1, 1, 1, 1, 1, 1, 1, 1, 1, 0],