{"split0_index": [6, 7, 8, 9, 10, 11], "split0_pred": [0, 0, 0, 0, 0, 0], "split0_test": [1, 0, 0, 1, 0, 0], "split0_notXOR": [0, 1, 1, 0, 1, 1], "split0_prob": [6.94792547751492e-08, 6.94792547751492e-08, 6.94792547751492e-08, 9.73218742243705e-06, 6.94792547751492e-08, 6.94792547751492e-08], "split1_index": [12, 13, 14, 15, 16, 17], "split1_pred": [0, 0, 0, 0, 0, 0], "split1_test": [1, 0, 0, 1, 0, 0], "split1_notXOR": [0, 1, 1, 0, 1, 1], "split1_prob": [3.556011325697987e-05, 3.556011325697987e-05, 3.556011325697987e-05, 3.556011325697987e-05, 3.556011325697987e-05, 3.556011325697987e-05], "split2_index": [18, 19, 20, 21, 22, 23], "split2_pred": [0, 0, 0, 0, 0, 0], "split2_test": [1, 0, 0, 1, 0, 0], "split2_notXOR": [0, 1, 1, 0, 1, 1], "split2_prob": [0.00016751981987594313, 0.00016751981987594313, 0.00016751981987594313, 0.00014782762399175717, 0.00016751981987594313, 0.00016751981987594313], "split3_index": [24, 25, 26, 27, 28, 29], "split3_pred": [0, 0, 0, 0, 0, 0], "split3_test": [1, 0, 0, 1, 0, 0], "split3_notXOR": [0, 1, 1, 0, 1, 1], "split3_prob": [0.00018001167635082866, 0.00018001167635082866, 0.00018001167635082866, 0.00017306371823618455, 0.00018001167635082866, 0.00018001167635082866], "split4_index": [30, 31, 32, 33, 34, 35], "split4_pred": [0, 0, 0, 0, 0, 0], "split4_test": [1, 0, 0, 1, 0, 0], "split4_notXOR": [0, 1, 1, 0, 1, 1], "split4_prob": [0.004645692361421475, 0.004645692361421475, 0.004645692361421475, 0.004645692361421475, 0.004645692361421475, 0.004645692361421475], "split5_index": [36, 37, 38, 39, 40, 41], "split5_pred": [0, 0, 0, 0, 0, 0], "split5_test": [1, 0, 0, 1, 0, 0], "split5_notXOR": [0, 1, 1, 0, 1, 1], "split5_prob": [0.003623947664834927, 0.003623947664834927, 0.003623947664834927, 0.003623947664834927, 0.003623947664834927, 0.003623947664834927], "split6_index": [42, 43, 44, 45, 46, 47], "split6_pred": [0, 0, 0, 1, 1, 0], "split6_test": [1, 0, 0, 0, 1, 0], "split6_notXOR": [0, 1, 1, 0, 1, 1], "split6_prob": [0.0020320507291940212, 0.06396245362098167, 0.012285004673647073, 0.9998931282797118, 0.9999999999757279, 0.0020320507291940212], "split7_index": [48, 49, 50, 51, 52, 53], "split7_pred": [1, 0, 0, 0, 0, 0], "split7_test": [1, 0, 0, 0, 1, 0], "split7_notXOR": [1, 1, 1, 1, 0, 1], "split7_prob": [0.9111882599071455, 0.00043935373138692956, 0.00043935373138692956, 0.00043935373138692956, 0.00043935373138692956, 0.00044684379058990056], "split8_index": [54, 55, 56, 57, 58, 59], "split8_pred": [1, 0, 0, 0, 0, 0], "split8_test": [1, 0, 0, 0, 1, 0], "split8_notXOR": [1, 1, 1, 1, 0, 1], "split8_prob": [0.9886684576506104, 0.00039641784139593376, 0.00039641784139593376, 0.00039641784139593376, 0.00039641784139593376, 0.00039641784139593376], "split9_index": [60, 61, 62, 63, 64, 65], "split9_pred": [0, 0, 0, 0, 0, 0], "split9_test": [1, 0, 0, 0, 1, 0], "split9_notXOR": [0, 1, 1, 1, 0, 1], "split9_prob": [0.000545850432271652, 0.000545850432271652, 0.000545850432271652, 0.000545850432271652, 0.000545850432271652, 0.000545850432271652], "split10_index": [66, 67, 68, 69, 70, 71], "split10_pred": [0, 0, 0, 0, 0, 0], "split10_test": [1, 0, 0, 0, 1, 0], "split10_notXOR": [0, 1, 1, 1, 0, 1], "split10_prob": [0.000547034857886079, 0.000547034857886079, 0.000547034857886079, 0.000547034857886079, 0.000547034857886079, 0.000547034857886079], "split11_index": [72, 73, 74, 75, 76, 77], "split11_pred": [0, 0, 0, 0, 0, 0], "split11_test": [1, 0, 0, 0, 1, 0], "split11_notXOR": [0, 1, 1, 1, 0, 1], "split11_prob": [0.0023660427516608204, 0.0023660427516608204, 0.0023660427516608204, 0.0023660427516608204, 0.0059841962746430095, 0.0023660427516608204], "split12_index": [78, 79, 80, 81, 82, 83], "split12_pred": [0, 0, 0, 0, 0, 0], "split12_test": [1, 0, 0, 0, 1, 0], "split12_notXOR": [0, 1, 1, 1, 0, 1], "split12_prob": [0.0018593796001437134, 0.0018593796001437134, 0.0018593796001437134, 0.0018593796001437134, 0.002786185178228027, 0.0024490490999527627], "split13_index": [84, 85, 86, 87, 88, 89], "split13_pred": [0, 0, 0, 0, 0, 0], "split13_test": [1, 0, 0, 0, 1, 0], "split13_notXOR": [0, 1, 1, 1, 0, 1], "split13_prob": [0.0018819026839002443, 0.0018819026839002443, 0.0018819026839002443, 0.0018819026839002443, 0.0018819026839002443, 0.002530857603267956], "split14_index": [90, 91, 92, 93, 94, 95], "split14_pred": [0, 0, 0, 0, 1, 0], "split14_test": [1, 0, 0, 0, 0, 0], "split14_notXOR": [0, 1, 1, 1, 0, 1], "split14_prob": [0.009355097289850308, 0.009355097289850308, 0.009355097289850308, 0.009355097289850308, 0.6113610413501737, 0.009355097289850308], "split15_index": [96, 97, 98, 99, 100, 101], "split15_pred": [0, 1, 0, 1, 0, 0], "split15_test": [1, 0, 0, 0, 0, 0], "split15_notXOR": [0, 0, 1, 0, 1, 1], "split15_prob": [0.0019319438344121787, 1.0, 0.0019319438344121787, 0.9999942376166516, 0.0019319438344121787, 0.0019319438344121787], "split16_index": [102, 103, 104, 105, 106, 107, 108], "split16_pred": [0, 1, 0, 0, 0, 0, 0], "split16_test": [0, 1, 0, 0, 0, 0, 0], "split16_notXOR": [1, 1, 1, 1, 1, 1, 1], "split16_prob": [0.0027678584335540488, 1.0, 0.0027678584335540488, 0.0027678584335540488, 0.0027678584335540488, 0.0027678584335540488, 0.0027678584335540488], "split17_index": [109, 110, 111, 112, 113, 114, 115], "split17_pred": [0, 1, 0, 0, 0, 0, 0], "split17_test": [0, 1, 0, 0, 0, 0, 0], "split17_notXOR": [1, 1, 1, 1, 1, 1, 1], "split17_prob": [0.001832154936358431, 1.0, 0.001832154936358431, 0.001832154936358431, 0.001832154936358431, 0.001832154936358431, 0.001832154936358431], "split18_index": [116, 117, 118, 119, 120, 121, 122], "split18_pred": [0, 0, 0, 0, 0, 0, 0], "split18_test": [0, 1, 0, 0, 0, 0, 0], "split18_notXOR": [1, 0, 1, 1, 1, 1, 1], "split18_prob": [0.00014006473121442795, 0.00014006473121442795, 0.00015238032239228933, 0.00014006473121442795, 0.00032810890613940035, 0.00014006473121442795, 0.00014006473121442795], "split19_index": [123, 124, 125, 126, 127, 128, 129], "split19_pred": [0, 0, 0, 0, 0, 0, 0], "split19_test": [0, 1, 0, 0, 0, 0, 0], "split19_notXOR": [1, 0, 1, 1, 1, 1, 1], "split19_prob": [0.0008522113254711595, 0.0008522113254711595, 0.0008522113254711595, 0.0008522113254711595, 0.0008522113254711595, 0.0008522113254711595, 0.0008522113254711595]}