{"split0_index": [6, 7, 8, 9, 10, 11], "split0_pred": [0, 0, 0, 0, 0, 0], "split0_test": [1, 0, 0, 1, 0, 0], "split0_notXOR": [0, 1, 1, 0, 1, 1], "split0_prob": [0.4166175251860124, 0.4166175251860124, 0.4166175251860124, 0.4192840996601991, 0.4166175251860124, 0.4166175251860124], "split1_index": [12, 13, 14, 15, 16, 17], "split1_pred": [0, 0, 0, 0, 0, 0], "split1_test": [1, 0, 0, 1, 0, 0], "split1_notXOR": [0, 1, 1, 0, 1, 1], "split1_prob": [0.2904298990258873, 0.2904298990258873, 0.2904298990258873, 0.2904298990258873, 0.2904298990258873, 0.2904298990258873], "split2_index": [18, 19, 20, 21, 22, 23], "split2_pred": [0, 0, 0, 0, 0, 0], "split2_test": [1, 0, 0, 1, 0, 0], "split2_notXOR": [0, 1, 1, 0, 1, 1], "split2_prob": [0.3678464842417587, 0.3678464842417587, 0.3678464842417587, 0.2663710316636438, 0.3678464842417587, 0.3678464842417587], "split3_index": [24, 25, 26, 27, 28, 29], "split3_pred": [0, 0, 0, 1, 0, 0], "split3_test": [1, 0, 0, 1, 0, 0], "split3_notXOR": [0, 1, 1, 1, 1, 1], "split3_prob": [0.2749861813437571, 0.2749861813437571, 0.2749861813437571, 0.8249815018033934, 0.2749861813437571, 0.2749861813437571], "split4_index": [30, 31, 32, 33, 34, 35], "split4_pred": [0, 0, 0, 0, 0, 0], "split4_test": [1, 0, 0, 1, 0, 0], "split4_notXOR": [0, 1, 1, 0, 1, 1], "split4_prob": [0.24990202190152136, 0.24990202190152136, 0.24990202190152136, 0.24990202190152136, 0.24990202190152136, 0.24990202190152136], "split5_index": [36, 37, 38, 39, 40, 41], "split5_pred": [0, 0, 0, 0, 0, 0], "split5_test": [1, 0, 0, 1, 0, 0], "split5_notXOR": [0, 1, 1, 0, 1, 1], "split5_prob": [0.24920948388915942, 0.24920948388915942, 0.24920948388915942, 0.24920948388915942, 0.24920948388915942, 0.24920948388915942], "split6_index": [42, 43, 44, 45, 46, 47], "split6_pred": [0, 1, 1, 1, 1, 0], "split6_test": [1, 0, 0, 0, 1, 0], "split6_notXOR": [0, 0, 0, 0, 1, 1], "split6_prob": [0.2844487905799223, 0.6708746955285976, 0.705380253772695, 0.5393572694637372, 0.5320331709080465, 0.2844487905799223], "split7_index": [48, 49, 50, 51, 52, 53], "split7_pred": [1, 0, 0, 0, 0, 1], "split7_test": [1, 0, 0, 0, 1, 0], "split7_notXOR": [1, 1, 1, 1, 0, 0], "split7_prob": [0.5241216397963984, 0.3024516294116903, 0.3024516294116903, 0.3024516294116903, 0.3024516294116903, 0.5186064169404189], "split8_index": [54, 55, 56, 57, 58, 59], "split8_pred": [1, 0, 0, 0, 0, 0], "split8_test": [1, 0, 0, 0, 1, 0], "split8_notXOR": [1, 1, 1, 1, 0, 1], "split8_prob": [0.455962084966636, 0.31328015182244373, 0.31328015182244373, 0.31328015182244373, 0.31328015182244373, 0.31328015182244373], "split9_index": [60, 61, 62, 63, 64, 65], "split9_pred": [0, 0, 0, 0, 0, 0], "split9_test": [1, 0, 0, 0, 1, 0], "split9_notXOR": [0, 1, 1, 1, 0, 1], "split9_prob": [0.3212034334260701, 0.3212034334260701, 0.3212034334260701, 0.3212034334260701, 0.3212034334260701, 0.3212034334260701], "split10_index": [66, 67, 68, 69, 70, 71], "split10_pred": [0, 0, 0, 0, 0, 0], "split10_test": [1, 0, 0, 0, 1, 0], "split10_notXOR": [0, 1, 1, 1, 0, 1], "split10_prob": [0.28936174702409245, 0.28936174702409245, 0.28936174702409245, 0.28936174702409245, 0.28936174702409245, 0.28936174702409245], "split11_index": [72, 73, 74, 75, 76, 77], "split11_pred": [0, 0, 0, 0, 1, 0], "split11_test": [1, 0, 0, 0, 1, 0], "split11_notXOR": [0, 1, 1, 1, 1, 1], "split11_prob": [0.2986811757702242, 0.2986811757702242, 0.2986811757702242, 0.2986811757702242, 0.5193765461090148, 0.2986811757702242], "split12_index": [78, 79, 80, 81, 82, 83], "split12_pred": [0, 0, 0, 0, 1, 1], "split12_test": [1, 0, 0, 0, 1, 0], "split12_notXOR": [0, 1, 1, 1, 1, 0], "split12_prob": [0.2915261037403418, 0.2915261037403418, 0.2915261037403418, 0.2915261037403418, 0.5644640812818205, 0.5393254352694073], "split13_index": [84, 85, 86, 87, 88, 89], "split13_pred": [0, 0, 0, 0, 0, 1], "split13_test": [1, 0, 0, 0, 1, 0], "split13_notXOR": [0, 1, 1, 1, 0, 0], "split13_prob": [0.2740117911733062, 0.2740117911733062, 0.2740117911733062, 0.2740117911733062, 0.2740117911733062, 0.5834122327613304], "split14_index": [90, 91, 92, 93, 94, 95], "split14_pred": [0, 0, 0, 0, 1, 0], "split14_test": [1, 0, 0, 0, 0, 0], "split14_notXOR": [0, 1, 1, 1, 0, 1], "split14_prob": [0.29743453603581915, 0.29743453603581915, 0.29743453603581915, 0.29743453603581915, 0.4372759355887859, 0.29743453603581915], "split15_index": [96, 97, 98, 99, 100, 101], "split15_pred": [0, 1, 0, 0, 0, 0], "split15_test": [1, 0, 0, 0, 0, 0], "split15_notXOR": [0, 0, 1, 1, 1, 1], "split15_prob": [0.29612904305583193, 0.5795902473195634, 0.29612904305583193, 0.3502639565981311, 0.29612904305583193, 0.29612904305583193], "split16_index": [102, 103, 104, 105, 106, 107, 108], "split16_pred": [0, 0, 0, 0, 0, 0, 0], "split16_test": [0, 1, 0, 0, 0, 0, 0], "split16_notXOR": [1, 0, 1, 1, 1, 1, 1], "split16_prob": [0.2912972526669275, 0.3779894167331861, 0.2912972526669275, 0.2912972526669275, 0.2912972526669275, 0.2912972526669275, 0.2912972526669275], "split17_index": [109, 110, 111, 112, 113, 114, 115], "split17_pred": [0, 1, 0, 0, 0, 0, 0], "split17_test": [0, 1, 0, 0, 0, 0, 0], "split17_notXOR": [1, 1, 1, 1, 1, 1, 1], "split17_prob": [0.286294538162997, 0.40627326316454593, 0.286294538162997, 0.286294538162997, 0.286294538162997, 0.286294538162997, 0.286294538162997], "split18_index": [116, 117, 118, 119, 120, 121, 122], "split18_pred": [0, 0, 0, 0, 0, 0, 0], "split18_test": [0, 1, 0, 0, 0, 0, 0], "split18_notXOR": [1, 0, 1, 1, 1, 1, 1], "split18_prob": [0.2664082691101878, 0.2664082691101878, 0.39094591247518434, 0.2664082691101878, 0.3694986604871252, 0.2664082691101878, 0.2664082691101878], "split19_index": [123, 124, 125, 126, 127, 128, 129], "split19_pred": [0, 0, 0, 0, 0, 0, 0], "split19_test": [0, 1, 0, 0, 0, 0, 0], "split19_notXOR": [1, 0, 1, 1, 1, 1, 1], "split19_prob": [0.2722167937860887, 0.2722167937860887, 0.2722167937860887, 0.2722167937860887, 0.2722167937860887, 0.2722167937860887, 0.2722167937860887]}