{"split0_index": [15, 16, 17, 18, 19, 20, 21, 22, 23, 24, 25, 26, 27, 28, 29], "split0_pred": [0, 0, 0, 0, 0, 0, 0, 0, 0, 0, 0, 0, 0, 0, 0], "split0_test": [0, 1, 0, 0, 0, 0, 0, 0, 0, 0, 0, 0, 0, 0, 0], "split0_notXOR": [1, 0, 1, 1, 1, 1, 1, 1, 1, 1, 1, 1, 1, 1, 1], "split0_prob": [0.10676438301349152, 0.13668784680324017, 0.09166258812040416, 0.08602171662604907, 0.08602171662604907, 0.07316344224699402, 0.1237863234337209, 0.07786940671982599, 0.07480757702562008, 0.07316344224699402, 0.07316344224699402, 0.09767992464477257, 0.07480757702562008, 0.12378631356097297, 0.1237863234337209]}