{"split0_index": [10, 11, 12, 13, 14, 15, 16, 17, 18, 19, 20], "split0_pred": [1, 0, 0, 1, 0, 0, 0, 0, 0, 1, 0], "split0_test": [0, 0, 0, 1, 0, 0, 0, 1, 0, 0, 0], "split0_notXOR": [0, 1, 1, 1, 1, 1, 1, 0, 1, 0, 1], "split0_prob": [0.5037612238180743, 0.41632658639036285, 0.41632658639036285, 0.6830164667295411, 0.4537702625825704, 0.44583060250867146, 0.41632658639036285, 0.41632658639036285, 0.25877546446370714, 0.527039295504052, 0.41632658639036285]}