{"split0_index": [19, 20, 21, 22, 23, 24, 25, 26, 27, 28, 29, 30, 31, 32, 33, 34, 35, 36, 37], "split0_pred": [0, 1, 1, 0, 0, 0, 1, 0, 0, 0, 0, 1, 0, 0, 1, 0, 0, 0, 0], "split0_test": [0, 1, 1, 0, 0, 0, 1, 0, 0, 0, 1, 1, 0, 0, 1, 1, 0, 0, 0], "split0_notXOR": [1, 1, 1, 1, 1, 1, 1, 1, 1, 1, 0, 1, 1, 1, 1, 0, 1, 1, 1], "split0_prob": [0.16030216692247673, 0.6652041985778789, 0.8954077596892965, 0.14767754571938577, 0.25541693044439506, 0.17912524620247275, 0.5372454702798084, 0.16203359618938873, 0.39749975722712044, 0.2556239312587198, 0.40590839099216286, 0.8332138562326123, 0.13324773718888647, 0.39179581786971324, 0.5726304594978695, 0.399544016325737, 0.331863492507433, 0.11074721626592472, 0.23387844028581192], "split1_index": [38, 39, 40, 41, 42, 43, 44, 45, 46, 47, 48, 49, 50, 51, 52, 53, 54, 55, 56], "split1_pred": [0, 1, 1, 0, 0, 0, 1, 0, 0, 0, 0, 1, 0, 0, 1, 0, 0, 0, 0], "split1_test": [0, 1, 1, 0, 0, 0, 1, 0, 0, 0, 1, 1, 0, 0, 1, 1, 0, 0, 0], "split1_notXOR": [1, 1, 1, 1, 1, 1, 1, 1, 1, 1, 0, 1, 1, 1, 1, 0, 1, 1, 1], "split1_prob": [0.11993190917783919, 0.7240575983802183, 0.9765804288638318, 0.09930374905105274, 0.20094073703137058, 0.13503885521006082, 0.6541853333793006, 0.1116170175570844, 0.4129855514827104, 0.21540393823177484, 0.42966177780073406, 0.8924778016409366, 0.0815491954487866, 0.31908788749058153, 0.6827459376556947, 0.4212673013131791, 0.3189891199215432, 0.06933111927938995, 0.19404309980505227], "split2_index": [57, 58, 59, 60, 61, 62, 63, 64, 65, 66, 67, 68, 69, 70, 71, 72, 73, 74, 75], "split2_pred": [0, 1, 1, 0, 0, 0, 1, 0, 0, 0, 0, 1, 0, 0, 1, 0, 0, 0, 0], "split2_test": [0, 1, 1, 0, 0, 0, 1, 0, 0, 0, 1, 1, 0, 0, 1, 1, 0, 0, 0], "split2_notXOR": [1, 1, 1, 1, 1, 1, 1, 1, 1, 1, 0, 1, 1, 1, 1, 0, 1, 1, 1], "split2_prob": [0.09777169755702489, 0.7593126831842889, 0.9845492259305957, 0.07568868288783014, 0.17394709305721706, 0.1127251151000376, 0.7142632621407934, 0.08444438734537833, 0.4242927886555492, 0.19733066075703024, 0.44207627186608633, 0.9175989363469004, 0.059133983382117915, 0.2882304314631446, 0.7275236492896826, 0.43480436658820343, 0.3097152885953298, 0.05079256294119042, 0.1657437763282055], "split3_index": [76, 77, 78, 79, 80, 81, 82, 83, 84, 85, 86, 87, 88, 89, 90, 91, 92, 93, 94], "split3_pred": [0, 1, 1, 0, 0, 0, 1, 0, 0, 0, 0, 1, 0, 0, 1, 0, 0, 0, 0], "split3_test": [0, 1, 1, 0, 0, 0, 1, 0, 0, 0, 1, 1, 0, 0, 1, 1, 0, 0, 0], "split3_notXOR": [1, 1, 1, 1, 1, 1, 1, 1, 1, 1, 0, 1, 1, 1, 1, 0, 1, 1, 1], "split3_prob": [0.08642528732889594, 0.7613333789515006, 0.9881759978809024, 0.06315080241848411, 0.1601953295186576, 0.10351556157645132, 0.7580139096279928, 0.06610368425344086, 0.3580181209212355, 0.17712140384149738, 0.4991340116680501, 0.9410726752227415, 0.04835270439544236, 0.2776240543847166, 0.7771401677304673, 0.4454097073012755, 0.2989753673001571, 0.05262071968254293, 0.14986534731525158], "split4_index": [95, 96, 97, 98, 99, 100, 101, 102, 103, 104, 105, 106, 107, 108, 109, 110, 111, 112, 113, 114], "split4_pred": [0, 1, 1, 0, 0, 0, 1, 0, 0, 0, 1, 1, 0, 0, 1, 0, 0, 0, 0, 0], "split4_test": [0, 1, 1, 0, 0, 0, 1, 0, 0, 0, 1, 1, 0, 0, 1, 1, 0, 0, 0, 0], "split4_notXOR": [1, 1, 1, 1, 1, 1, 1, 1, 1, 1, 1, 1, 1, 1, 1, 0, 1, 1, 1, 1], "split4_prob": [0.07572610654757783, 0.7829791060309735, 0.9916372944087545, 0.053083330454428285, 0.14559769952342366, 0.09273259416687002, 0.7874794130667275, 0.05501993615924464, 0.34209336289519643, 0.16557576429158086, 0.5222543193681586, 0.9548994543779215, 0.03892725858674993, 0.26189498736097827, 0.8458610958606921, 0.4597315781467562, 0.293543438966777, 0.04404486874281458, 0.13654797651391487, 0.19955415595297374], "split5_index": [115, 116, 117, 118, 119, 120, 121, 122, 123, 124, 125, 126, 127, 128, 129, 130, 131, 132, 133, 134], "split5_pred": [0, 1, 1, 0, 0, 0, 1, 0, 0, 0, 1, 1, 0, 0, 1, 0, 0, 0, 0, 0], "split5_test": [0, 1, 1, 0, 0, 0, 1, 0, 0, 0, 1, 1, 0, 0, 1, 1, 0, 0, 0, 0], "split5_notXOR": [1, 1, 1, 1, 1, 1, 1, 1, 1, 1, 1, 1, 1, 1, 1, 0, 1, 1, 1, 1], "split5_prob": [0.06684212101845521, 0.7961503925281338, 0.9937681708698196, 0.04528776941942172, 0.13333460639293251, 0.08360495312789497, 0.8091427881518855, 0.04684849168420981, 0.31517932779549696, 0.1537957329886119, 0.545810271475622, 0.9650402887910425, 0.03186736619176279, 0.2494230673694973, 0.8557105469952577, 0.47074634001707266, 0.28591463655960425, 0.03724087459715015, 0.1259909718729007, 0.16998731881749835], "split6_index": [135, 136, 137, 138, 139, 140, 141, 142, 143, 144, 145, 146, 147, 148, 149, 150, 151, 152, 153, 154], "split6_pred": [0, 1, 1, 0, 0, 0, 1, 0, 0, 0, 1, 1, 0, 0, 1, 0, 0, 0, 0, 0], "split6_test": [0, 1, 1, 0, 0, 0, 1, 0, 0, 0, 1, 1, 0, 0, 1, 1, 0, 0, 0, 0], "split6_notXOR": [1, 1, 1, 1, 1, 1, 1, 1, 1, 1, 1, 1, 1, 1, 1, 0, 1, 1, 1, 1], "split6_prob": [0.05987489015913572, 0.8048262048793734, 0.9938943793482712, 0.04001211040003004, 0.12388920465461922, 0.07623847757319276, 0.8274697605054175, 0.04354825676590689, 0.2905628785040988, 0.15096316486902417, 0.5619202358885079, 0.9706957873471471, 0.025890043061069883, 0.2393260364020651, 0.8687705948675939, 0.4937528529487772, 0.27568117739515235, 0.023583291231022357, 0.11960670131773403, 0.1498829966780348], "split7_index": [155, 156, 157, 158, 159, 160, 161, 162, 163, 164, 165, 166, 167, 168, 169, 170, 171, 172, 173, 174], "split7_pred": [0, 1, 1, 0, 0, 0, 1, 0, 0, 0, 1, 1, 0, 0, 1, 1, 0, 0, 0, 0], "split7_test": [0, 1, 1, 0, 0, 0, 1, 0, 0, 0, 1, 1, 0, 0, 1, 1, 0, 0, 0, 0], "split7_notXOR": [1, 1, 1, 1, 1, 1, 1, 1, 1, 1, 1, 1, 1, 1, 1, 1, 1, 1, 1, 1], "split7_prob": [0.05416461193169515, 0.8160965166305058, 0.9950512885272179, 0.03529190647398704, 0.11517772657359414, 0.0702113334997507, 0.8411231424425515, 0.038359407222385164, 0.2737426782113141, 0.14315094617216845, 0.5799956728954936, 0.9758502652254918, 0.02203107133517497, 0.22973290969515853, 0.8792442137979938, 0.5058365097859453, 0.2706969240010206, 0.020283653545254406, 0.11213696437516668, 0.13287275562620585], "split8_index": [175, 176, 177, 178, 179, 180, 181, 182, 183, 184, 185, 186, 187, 188, 189, 190, 191, 192, 193, 194, 195], "split8_pred": [0, 1, 1, 0, 0, 0, 1, 0, 0, 0, 1, 1, 0, 0, 1, 1, 0, 0, 0, 0, 0], "split8_test": [0, 1, 1, 0, 0, 0, 1, 0, 0, 0, 1, 1, 0, 0, 1, 1, 0, 0, 0, 0, 0], "split8_notXOR": [1, 1, 1, 1, 1, 1, 1, 1, 1, 1, 1, 1, 1, 1, 1, 1, 1, 1, 1, 1, 1], "split8_prob": [0.07051789063561864, 0.8263002327728232, 0.9959070604363073, 0.031515309988038975, 0.10773653129242379, 0.06520475970296719, 0.8524241987836172, 0.034199938833628006, 0.2597249967550584, 0.13662955603633437, 0.6302969267924668, 0.9929660474850719, 0.01903438057882814, 0.22109199780581293, 0.9210625269429913, 0.5174425775270122, 0.26651802129048335, 0.01771038976337695, 0.10577628149025822, 0.135251769432796, 0.1192373177306621], "split9_index": [196, 197, 198, 199, 200, 201, 202, 203, 204, 205, 206, 207, 208, 209, 210, 211, 212, 213, 214, 215, 216], "split9_pred": [0, 1, 1, 1, 0, 0, 0, 1, 0, 0, 0, 0, 0, 0, 0, 1, 0, 0, 0, 0, 0], "split9_test": [0, 0, 0, 1, 0, 0, 0, 1, 0, 0, 1, 0, 0, 0, 0, 1, 0, 0, 0, 0, 0], "split9_notXOR": [1, 0, 0, 1, 1, 1, 1, 1, 1, 1, 0, 1, 1, 1, 1, 1, 1, 1, 1, 1, 1], "split9_prob": [0.09604794126234714, 0.8660544096171067, 0.9676412620600958, 0.8938823212921986, 0.01605502319696821, 0.12974370008508784, 0.1013717414127667, 0.8263289458659654, 0.0596646173752725, 0.03287742032439347, 0.3514594200688762, 0.10189950989554881, 0.35967945409372337, 0.017313568402397853, 0.2138454619019454, 0.9952427617580392, 0.029374637850238028, 0.24538187182273996, 0.13240816495448188, 0.2619627169217766, 0.11171692992772476], "split10_index": [217, 218, 219, 220, 221, 222, 223, 224, 225, 226, 227, 228, 229, 230, 231, 232, 233, 234], "split10_pred": [0, 0, 1, 1, 0, 0, 1, 0, 0, 1, 1, 0, 0, 0, 0, 0, 0, 0], "split10_test": [0, 0, 1, 1, 0, 0, 0, 0, 0, 0, 1, 1, 0, 0, 0, 0, 0, 0], "split10_notXOR": [1, 1, 1, 1, 1, 1, 0, 1, 1, 0, 1, 0, 1, 1, 1, 1, 1, 1],