{"split0_index": [5, 6, 7, 8, 9], "split0_pred": [0, 0, 0, 0, 0], "split0_test": [0, 0, 0, 1, 0], "split0_notXOR": [1, 1, 1, 0, 1], "split0_prob": [0.9999999943746339, 0.26666689885528866, 0.26666689885528866, 0.26666689885528866, 0.26666689885528866], "split1_index": [10, 11, 12, 13, 14], "split1_pred": [0, 0, 0, 0, 0], "split1_test": [0, 0, 0, 1, 0], "split1_notXOR": [1, 1, 1, 0, 1], "split1_prob": [0.24444455327326975, 0.24444455327444403, 0.24444455327444403, 0.24444455327444403, 0.24444455327444403], "split2_index": [15, 16, 17, 18, 19], "split2_pred": [0, 0, 0, 0, 0], "split2_test": [0, 0, 0, 1, 0], "split2_notXOR": [1, 1, 1, 0, 1], "split2_prob": [0.2171433549179985, 0.2171433549179985, 0.2171433549179985, 1.0000000994736041e-07, 0.2171433549179985], "split3_index": [20, 21, 22, 23, 24, 25], "split3_pred": [0, 0, 0, 0, 0, 0], "split3_test": [0, 0, 0, 0, 1, 0], "split3_notXOR": [1, 1, 1, 1, 0, 1], "split3_prob": [0.3796561464498424, 0.37965614643974127, 0.37958026302218534, 0.15106745465443525, 0.33448550866245685, 0.3796518874932489], "split4_index": [26, 27, 28, 29, 30, 31], "split4_pred": [0, 0, 0, 0, 0, 0], "split4_test": [1, 0, 0, 1, 0, 0], "split4_notXOR": [0, 1, 1, 0, 1, 1], "split4_prob": [0.3478335479134334, 0.1741806286925648, 0.3026281879957623, 0.3478335479134334, 0.1741806286925648, 0.1741806286925648], "split5_index": [32, 33, 34, 35, 36, 37, 38, 39, 40, 41], "split5_pred": [0, 0, 0, 1, 0, 0, 1, 0, 0, 0], "split5_test": [1, 0, 0, 0, 1, 0, 0, 0, 0, 0], "split5_notXOR": [0, 1, 1, 0, 0, 1, 0, 1, 1, 1], "split5_prob": [0.2728673224904207, 0.2728673224904207, 0.2668699708799783, 0.709760020865375, 0.2728673219661752, 0.20334584563965336, 0.8467557453782292, 0.2728673224904203, 0.2781606217726942, 0.1205245080291614], "split6_index": [42, 43, 44, 45, 46, 47, 48, 49, 50, 51], "split6_pred": [0, 0, 0, 0, 0, 0, 0, 0, 0, 0], "split6_test": [1, 0, 0, 0, 1, 0, 0, 0, 0, 0], "split6_notXOR": [0, 1, 1, 1, 0, 1, 1, 1, 1, 1], "split6_prob": [0.2319875120307904, 0.23079776961599777, 0.2186701286135455, 0.212104832209908, 0.2319875120307904, 0.2319875120307904, 0.2319875120307904, 0.2319875120307904, 0.2319875120307904, 0.2319875120307904], "split7_index": [52, 53, 54, 55, 56, 57, 58, 59, 60, 61], "split7_pred": [0, 0, 0, 0, 0, 0, 0, 0, 0, 0], "split7_test": [1, 0, 0, 0, 1, 0, 0, 0, 0, 0], "split7_notXOR": [0, 1, 1, 1, 0, 1, 1, 1, 1, 1], "split7_prob": [0.211251782565246, 0.2112804792487918, 0.211251782565246, 0.211251782565246, 0.211251782565246, 0.211251782565246, 0.21198328367417296, 0.211251782565246, 0.211251782565246, 0.211251782565246], "split8_index": [62, 63, 64, 65, 66, 67, 68, 69, 70], "split8_pred": [0, 0, 0, 0, 0, 0, 0, 0, 0], "split8_test": [0, 0, 0, 1, 1, 0, 0, 0, 0], "split8_notXOR": [1, 1, 1, 0, 0, 1, 1, 1, 1], "split8_prob": [0.22986148584115396, 0.2138751566448731, 0.23380861278997692, 0.23695076057129233, 0.23690121956143773, 0.21271953153949139, 0.21203651926239991, 0.20943295392347433, 0.23366092093102817]}