{"split0_index": [15, 16, 17, 18, 19, 20, 21, 22, 23, 24, 25, 26, 27, 28, 29, 30, 31, 32], "split0_pred": [1, 1, 1, 1, 1, 1, 1, 1, 1, 1, 1, 1, 1, 1, 1, 1, 1, 1], "split0_test": [0, 0, 0, 0, 0, 0, 0, 0, 1, 0, 0, 0, 0, 0, 0, 0, 0, 0], "split0_notXOR": [0, 0, 0, 0, 0, 0, 0, 0, 1, 0, 0, 0, 0, 0, 0, 0, 0, 0], "split0_prob": [0.505, 0.505, 0.505, 0.505, 0.505, 0.505, 0.505, 0.505, 0.505, 0.505, 0.505, 0.505, 0.505, 0.505, 0.505, 0.505, 0.505, 0.505], "split1_index": [33, 34, 35, 36, 37, 38, 39, 40, 41, 42, 43, 44, 45, 46, 47, 48, 49], "split1_pred": [1, 1, 1, 0, 1, 1, 1, 1, 0, 0, 1, 1, 1, 1, 1, 1, 1], "split1_test": [0, 0, 0, 0, 0, 1, 0, 1, 0, 0, 0, 0, 0, 1, 1, 0, 0], "split1_notXOR": [0, 0, 0, 1, 0, 1, 0, 1, 1, 1, 0, 0, 0, 1, 1, 0, 0], "split1_prob": [0.5898333333333333, 0.5898333333333333, 0.5898333333333333, 0.43249999999999994, 0.5898333333333333, 0.5763333333333334, 0.5898333333333333, 0.5898333333333333, 0.32550000000000007, 0.29200000000000004, 0.5436666666666666, 0.5898333333333333, 0.5898333333333333, 0.5898333333333333, 0.5898333333333333, 0.5898333333333333, 0.5898333333333333], "split2_index": [50, 51, 52, 53, 54, 55, 56, 57, 58, 59, 60, 61, 62, 63, 64, 65, 66, 67, 68], "split2_pred": [1, 1, 1, 1, 1, 1, 1, 1, 1, 1, 1, 1, 0, 1, 0, 1, 0, 1, 1], "split2_test": [0, 0, 0, 0, 0, 0, 1, 0, 1, 0, 0, 0, 0, 0, 1, 0, 1, 0, 0], "split2_notXOR": [0, 0, 0, 0, 0, 0, 1, 0, 1, 0, 0, 0, 1, 0, 0, 0, 0, 0, 0], "split2_prob": [0.5763455988455988, 0.5763455988455988, 0.5763455988455988, 0.5763455988455988, 0.5208217893217894, 0.5763455988455988, 0.5763455988455988, 0.5763455988455988, 0.5212067099567098, 0.5212067099567098, 0.5763455988455988, 0.5763455988455988, 0.4404476911976913, 0.5763455988455988, 0.4458344155844156, 0.5763455988455988, 0.4936471861471861, 0.547317821067821, 0.6453921356421357], "split3_index": [69, 70, 71, 72, 73, 74, 75, 76, 77, 78, 79, 80, 81, 82, 83, 84, 85, 86, 87], "split3_pred": [0, 0, 0, 0, 1, 0, 0, 0, 0, 0, 0, 0, 0, 0, 0, 1, 1, 0, 0], "split3_test": [0, 0, 0, 0, 0, 0, 1, 0, 1, 0, 0, 0, 0, 0, 1, 0, 1, 0, 0], "split3_notXOR": [1, 1, 1, 1, 0, 1, 0, 1, 0, 1, 1, 1, 1, 1, 0, 0, 1, 1, 1], "split3_prob": [0.3938714463640933, 0.3938714463640933, 0.3938714463640933, 0.3938714463640933, 0.5917411616161615, 0.3938714463640933, 0.3938714463640933, 0.3938714463640933, 0.3938714463640933, 0.3938714463640933, 0.3938714463640933, 0.3938714463640933, 0.3938714463640933, 0.3938714463640933, 0.3938714463640933, 0.9205752164502166, 0.5564302592832004, 0.3938714463640933, 0.3938714463640933], "split4_index": [88, 89, 90, 91, 92, 93, 94, 95, 96, 97, 98, 99, 100, 101, 102, 103, 104, 105, 106], "split4_pred": [0, 0, 0, 0, 0, 0, 0, 0, 0, 0, 0, 0, 0, 0, 0, 0, 0, 0, 0], "split4_test": [0, 0, 0, 0, 0, 0, 1, 0, 1, 0, 0, 1, 0, 0, 1, 0, 1, 0, 0], "split4_notXOR": [1, 1, 1, 1, 1, 1, 0, 1, 0, 1, 1, 0, 1, 1, 0, 1, 0, 1, 1], "split4_prob": [0.44769335712372454, 0.44769335712372454, 0.44769335712372454, 0.44769335712372454, 0.44769335712372454, 0.44769335712372454, 0.37021769604589627, 0.44769335712372454, 0.44769335712372454, 0.44769335712372454, 0.3135909924000111, 0.29321278927769695, 0.44769335712372454, 0.44769335712372454, 0.44769335712372454, 0.44769335712372454, 0.29321278927769695, 0.44769335712372454, 0.44769335712372454], "split5_index": [107, 108, 109, 110, 111, 112, 113, 114, 115, 116, 117, 118, 119, 120, 121, 122, 123, 124, 125, 126], "split5_pred": [0, 0, 0, 1, 1, 0, 0, 0, 0, 1, 0, 1, 0, 0, 0, 1, 0, 0, 0, 0], "split5_test": [0, 0, 0, 0, 0, 0, 1, 0, 0, 0, 0, 0, 0, 0, 0, 0, 0, 1, 0, 0], "split5_notXOR": [1, 1, 1, 0, 0, 1, 0, 1, 1, 0, 1, 0, 1, 1, 1, 0, 1, 0, 1, 1], "split5_prob": [0.38078991666352585, 0.38078991666352585, 0.38078991666352585, 0.8763923801779875, 0.7373882171218753, 0.38078991666352585, 0.4, 0.38078991666352585, 0.38078991666352585, 0.7699824491128839, 0.49546856434420156, 0.91, 0.45413729069268416, 0.38078991666352585, 0.38078991666352585, 0.6372377622377622, 0.4866317996817996, 0.38078991666352585, 0.38078991666352585, 0.38078991666352585], "split6_index": [127, 128, 129, 130, 131, 132, 133, 134, 135, 136, 137, 138, 139, 140, 141, 142, 143, 144], "split6_pred": [0, 0, 0, 1, 0, 0, 0, 0, 0, 0, 0, 0, 0, 0, 1, 0, 0, 0], "split6_test": [0, 0, 0, 0, 0, 0, 1, 0, 0, 0, 0, 0, 0, 0, 0, 1, 0, 0], "split6_notXOR": [1, 1, 1, 0, 1, 1, 0, 1, 1, 1, 1, 1, 1, 1, 0, 0, 1, 1], "split6_prob": [0.45862764373693615, 0.45862764373693615, 0.45862764373693615, 0.5248076748480351, 0.45862764373693615, 0.45862764373693615, 0.16, 0.45862764373693615, 0.45862764373693615, 0.45862764373693615, 0.45862764373693615, 0.45862764373693615, 0.45862764373693615, 0.45862764373693615, 0.5374115600367564, 0.45862764373693615, 0.45862764373693615, 0.45862764373693615], "split7_index": [145, 146, 147, 148, 149, 150, 151, 152, 153, 154, 155, 156, 157, 158, 159, 160, 161], "split7_pred": [0, 1, 0, 0, 0, 0, 0, 1, 1, 0, 0, 0, 0, 0, 1, 0, 0], "split7_test": [0, 0, 0, 0, 0, 0, 1, 0, 0, 0, 0, 0, 0, 0, 1, 0, 0], "split7_notXOR": [1, 0, 1, 1, 1, 1, 0, 0, 0, 1, 1, 1, 1, 1, 1, 1, 1], "split7_prob": [0.4707574162999083, 0.8477829584624936, 0.2388792768222116, 0.4707574162999083, 0.31366620826831265, 0.2746376383778903, 0.40540297116271323, 0.7040660338458737, 0.7906675367198439, 0.2329244660331617, 0.4298600152587752, 0.4707574162999083, 0.4707574162999083, 0.4707574162999083, 0.5923933172302738, 0.4707574162999083, 0.4707574162999083], "split8_index": [162, 163, 164, 165, 166, 167, 168, 169, 170, 171, 172, 173, 174, 175, 176, 177, 178], "split8_pred": [0, 0, 0, 0, 0, 0, 0, 0, 0, 0, 0, 0, 0, 0, 1, 0, 0], "split8_test": [0, 0, 0, 0, 0, 0, 1, 0, 0, 0, 0, 0, 0, 0, 1, 0, 0], "split8_notXOR": [1, 1, 1, 1, 1, 1, 0, 1, 1, 1, 1, 1, 1, 1, 1, 1, 1], "split8_prob": [0.41864776908416945, 0.41864776908416945, 0.41864776908416945, 0.41864776908416945, 0.41864776908416945, 0.41864776908416945, 0.41864776908416945, 0.41864776908416945, 0.41864776908416945, 0.41864776908416945, 0.41864776908416945, 0.41864776908416945, 0.41864776908416945, 0.41864776908416945, 0.6598172043010753, 0.4743333333333334, 0.41864776908416945], "split9_index": [179, 180, 181, 182, 183, 184, 185, 186, 187, 188, 189, 190, 191, 192, 193, 194], "split9_pred": [0, 0, 0, 1, 0, 1, 1, 0, 1, 1, 0, 1, 0, 0, 1, 0], "split9_test": [0, 0, 0, 0, 0, 1, 0, 0, 0, 0, 0, 0, 0, 0, 1, 0], "split9_notXOR": [1, 1, 1, 0, 1, 1, 0, 1, 0, 0, 1, 0, 1, 1, 1, 1], "split9_prob": [0.38058148076636705, 0.38058148076636705, 0.38058148076636705, 0.7637837837837839, 0.38058148076636705, 0.55, 0.7831448509922949, 0.42896568336999913, 0.713076923076923, 0.7101431514152329, 0.38058148076636705, 0.8096060606060606, 0.38058148076636705, 0.38058148076636705, 0.5602442067714343, 0.38058148076636705], "split10_index": [195, 196, 197, 198, 199, 200, 201, 202, 203, 204, 205, 206, 207, 208], "split10_pred": [0, 1, 1, 0, 1, 0, 0, 1, 0, 0, 1, 0, 0, 1], "split10_test": [0, 0, 0, 0, 0, 0, 0, 0, 0, 0, 0, 0, 0, 1], "split10_notXOR": [1, 0, 0, 1, 0, 1, 1, 0, 1, 1, 0, 1, 1, 1], "split10_prob": [0.4129433685296091, 0.59, 0.69, 0.4129433685296091, 0.7, 0.4129433685296091, 0.44882657883252913, 0.52, 0.4129433685296091, 0.4129433685296091, 0.5269690987693957, 0.4129433685296091, 0.44882657883252913, 0.6759139784946236], "split11_index": [209, 210, 211, 212, 213, 214, 215, 216, 217, 218, 219, 220, 221, 222], "split11_pred": [0, 0, 1, 1, 1, 0, 1, 1, 1, 0, 0, 0, 0, 1], "split11_test": [0, 0, 0, 0, 0, 0, 0, 0, 0, 0, 0, 0, 0, 1], "split11_notXOR": [1, 1, 0, 0, 0, 1, 0, 0, 0, 1, 1, 1, 1, 1], "split11_prob": [0.36263471332712044, 0.36263471332712044, 0.88, 0.9322499999999999, 0.91, 0.36263471332712044, 0.88, 0.87, 0.99, 0.36263471332712044, 0.36263471332712044, 0.36263471332712044, 0.36263471332712044, 0.93], "split12_index": [223, 224, 225, 226, 227, 228, 229, 230, 231, 232, 233, 234, 235, 236], "split12_pred": [0, 0, 0, 0, 0, 0, 0, 0, 0, 0, 0, 0, 0, 0], "split12_test": [0, 0, 0, 0, 0, 0, 0, 0, 0, 0, 0, 0, 0, 1], "split12_notXOR": [1, 1, 1, 1, 1, 1, 1, 1, 1, 1, 1, 1, 1, 0],