{"split0_index": [15, 16, 17, 18, 19, 20, 21, 22, 23, 24, 25, 26, 27, 28, 29, 30, 31, 32], "split0_pred": [1, 1, 1, 1, 1, 1, 1, 1, 1, 1, 1, 1, 1, 1, 1, 1, 1, 1], "split0_test": [0, 0, 0, 0, 0, 0, 0, 0, 1, 0, 0, 0, 0, 0, 0, 0, 0, 0], "split0_notXOR": [0, 0, 0, 0, 0, 0, 0, 0, 1, 0, 0, 0, 0, 0, 0, 0, 0, 0], "split0_prob": [0.5, 0.5, 0.5, 0.5, 0.5, 0.5, 0.5, 0.5, 0.5, 0.5, 0.5, 0.5, 0.5, 0.5, 0.5, 0.5, 0.5, 0.5], "split1_index": [33, 34, 35, 36, 37, 38, 39, 40, 41, 42, 43, 44, 45, 46, 47, 48, 49], "split1_pred": [1, 1, 1, 1, 1, 1, 1, 1, 0, 0, 1, 1, 1, 1, 1, 1, 1], "split1_test": [0, 0, 0, 0, 0, 1, 0, 1, 0, 0, 0, 0, 0, 1, 1, 0, 0], "split1_notXOR": [0, 0, 0, 0, 0, 1, 0, 1, 1, 1, 0, 0, 0, 1, 1, 0, 0], "split1_prob": [0.2601778684004634, 0.48967540626013295, 0.5, 0.49487103623173645, 0.3491962520463264, 0.5, 0.49434031082318225, 0.5, 0.5, 0.5, 0.5, 0.2747545167260534, 0.20016592076146927, 0.20016592076146927, 0.48493204856107813, 0.38308724927489335, 0.5], "split2_index": [50, 51, 52, 53, 54, 55, 56, 57, 58, 59, 60, 61, 62, 63, 64, 65, 66, 67, 68], "split2_pred": [1, 1, 1, 1, 1, 1, 1, 1, 1, 1, 1, 1, 1, 1, 1, 1, 1, 1, 0], "split2_test": [0, 0, 0, 0, 0, 0, 1, 0, 1, 0, 0, 0, 0, 0, 1, 0, 1, 0, 0], "split2_notXOR": [0, 0, 0, 0, 0, 0, 1, 0, 1, 0, 0, 0, 0, 0, 1, 0, 1, 0, 1], "split2_prob": [0.40579636784500167, 0.40579636784500167, 0.40579636784500167, 0.40579636784500167, 0.540963028159732, 0.40579636784500167, 0.40579636784500167, 0.40579636784500167, 0.40579636784500167, 0.40579636784500167, 0.4575197519410068, 0.40579636784500167, 0.5, 0.40579636784500167, 0.5523370029373709, 0.40579636784500167, 0.5526218009513727, 0.5, 0.5582600700834827], "split3_index": [69, 70, 71, 72, 73, 74, 75, 76, 77, 78, 79, 80, 81, 82, 83, 84, 85, 86, 87], "split3_pred": [0, 0, 0, 0, 1, 0, 0, 0, 0, 0, 0, 0, 0, 0, 0, 1, 0, 0, 0], "split3_test": [0, 0, 0, 0, 0, 0, 1, 0, 1, 0, 0, 0, 0, 0, 1, 0, 1, 0, 0], "split3_notXOR": [1, 1, 1, 1, 0, 1, 0, 1, 0, 1, 1, 1, 1, 1, 0, 0, 0, 1, 1], "split3_prob": [0.6900990176101222, 0.6900990176101222, 0.6900990176101222, 0.6900990176101222, 0.3796781888411859, 0.6900990176101222, 0.6900990176101222, 0.6900990176101222, 0.6900990176101222, 0.6900990176101222, 0.6900990176101222, 0.6900990176101222, 0.6900990176101222, 0.6900990176101222, 0.6900990176101222, 0.38702114737415877, 0.6727666255288554, 0.6900990176101222, 0.6900990176101222], "split4_index": [88, 89, 90, 91, 92, 93, 94, 95, 96, 97, 98, 99, 100, 101, 102, 103, 104, 105, 106], "split4_pred": [0, 0, 0, 0, 0, 0, 0, 0, 0, 0, 0, 0, 0, 0, 0, 0, 0, 0, 0], "split4_test": [0, 0, 0, 0, 0, 0, 1, 0, 1, 0, 0, 1, 0, 0, 1, 0, 1, 0, 0], "split4_notXOR": [1, 1, 1, 1, 1, 1, 0, 1, 0, 1, 1, 0, 1, 1, 0, 1, 0, 1, 1], "split4_prob": [0.76436717786996, 0.76436717786996, 0.76436717786996, 0.76436717786996, 0.76436717786996, 0.76436717786996, 0.77641917136696, 0.76436717786996, 0.76436717786996, 0.76436717786996, 0.7735754799706909, 0.7755398482758978, 0.76436717786996, 0.76436717786996, 0.76436717786996, 0.76436717786996, 0.7755820349609237, 0.76436717786996, 0.76436717786996], "split5_index": [107, 108, 109, 110, 111, 112, 113, 114, 115, 116, 117, 118, 119, 120, 121, 122, 123, 124, 125, 126], "split5_pred": [0, 0, 0, 0, 0, 0, 1, 0, 0, 1, 1, 1, 0, 0, 0, 0, 1, 0, 0, 0], "split5_test": [0, 0, 0, 0, 0, 0, 1, 0, 0, 0, 0, 0, 0, 0, 0, 0, 0, 1, 0, 0], "split5_notXOR": [1, 1, 1, 1, 1, 1, 1, 1, 1, 0, 0, 0, 1, 1, 1, 1, 0, 0, 1, 1], "split5_prob": [0.6292190366635266, 0.6292190366635266, 0.6292190366635266, 0.6327351899611982, 0.6436211555121397, 0.6292190366635266, 0.46594406747829337, 0.6265403592172666, 0.6292190366635266, 0.4014882843122444, 0.4658356125917964, 0.36763151467174143, 0.6259299276303127, 0.6292190366635266, 0.6292190366635266, 0.46910534998311165, 0.46595280468236877, 0.6292190366635266, 0.6292190366635266, 0.6292190366635266], "split6_index": [127, 128, 129, 130, 131, 132, 133, 134, 135, 136, 137, 138, 139, 140, 141, 142, 143, 144], "split6_pred": [1, 1, 1, 1, 1, 1, 0, 1, 1, 1, 1, 1, 1, 1, 1, 1, 1, 1], "split6_test": [0, 0, 0, 0, 0, 0, 1, 0, 0, 0, 0, 0, 0, 0, 0, 1, 0, 0], "split6_notXOR": [0, 0, 0, 0, 0, 0, 0, 0, 0, 0, 0, 0, 0, 0, 0, 1, 0, 0], "split6_prob": [0.41541987400303637, 0.41541987400303637, 0.41541987400303637, 0.41919918460884814, 0.41541987400303637, 0.41541987400303637, 0.5492023929013093, 0.41541987400303637, 0.41541987400303637, 0.41541987400303637, 0.41541987400303637, 0.41541987400303637, 0.41541987400303637, 0.41541987400303637, 0.4160624035634503, 0.41541987400303637, 0.41541987400303637, 0.41541987400303637], "split7_index": [145, 146, 147, 148, 149, 150, 151, 152, 153, 154, 155, 156, 157, 158, 159, 160, 161], "split7_pred": [0, 0, 0, 0, 0, 0, 0, 0, 0, 0, 0, 0, 0, 0, 0, 0, 0], "split7_test": [0, 0, 0, 0, 0, 0, 1, 0, 0, 0, 0, 0, 0, 0, 1, 0, 0], "split7_notXOR": [1, 1, 1, 1, 1, 1, 0, 1, 1, 1, 1, 1, 1, 1, 0, 1, 1], "split7_prob": [0.5249688591060816, 0.5282253357394504, 0.5177090127207843, 0.5249688591060816, 0.5224651337455001, 0.5198502703716534, 0.4825260409057754, 0.5264441188549301, 0.5273550532416305, 0.5, 0.5240084645557918, 0.5249688591060816, 0.5249688591060816, 0.5249688591060816, 0.5283516013326945, 0.5249688591060816, 0.5249688591060816], "split8_index": [162, 163, 164, 165, 166, 167, 168, 169, 170, 171, 172, 173, 174, 175, 176, 177, 178], "split8_pred": [0, 0, 0, 0, 0, 0, 0, 0, 0, 0, 0, 0, 0, 0, 0, 0, 0], "split8_test": [0, 0, 0, 0, 0, 0, 1, 0, 0, 0, 0, 0, 0, 0, 1, 0, 0], "split8_notXOR": [1, 1, 1, 1, 1, 1, 0, 1, 1, 1, 1, 1, 1, 1, 0, 1, 1], "split8_prob": [0.5292781409501724, 0.5292781409501724, 0.5292781409501724, 0.5292781409501724, 0.5292781409501724, 0.5292781409501724, 0.5292781409501724, 0.5292781409501724, 0.5292781409501724, 0.5292781409501724, 0.5292781409501724, 0.5292781409501724, 0.5292781409501724, 0.5292781409501724, 0.5461906962334961, 0.5334006914768644, 0.5292781409501724], "split9_index": [179, 180, 181, 182, 183, 184, 185, 186, 187, 188, 189, 190, 191, 192, 193, 194], "split9_pred": [0, 0, 0, 1, 0, 1, 0, 0, 1, 1, 0, 1, 0, 0, 0, 0], "split9_test": [0, 0, 0, 0, 0, 1, 0, 0, 0, 0, 0, 0, 0, 0, 1, 0], "split9_notXOR": [1, 1, 1, 0, 1, 1, 1, 1, 0, 0, 1, 0, 1, 1, 0, 1], "split9_prob": [0.5130935802845521, 0.5130935802845521, 0.5130935802845521, 0.4843610710282356, 0.5130935802845521, 0.48204484954194016, 0.5126938621836427, 0.5, 0.48210152386457283, 0.4891533982185764, 0.5130935802845521, 0.48197866993420824, 0.5130935802845521, 0.5130935802845521, 0.513955415830735, 0.5130935802845521], "split10_index": [195, 196, 197, 198, 199, 200, 201, 202, 203, 204, 205, 206, 207, 208], "split10_pred": [0, 0, 1, 0, 1, 0, 0, 0, 0, 0, 0, 0, 0, 0], "split10_test": [0, 0, 0, 0, 0, 0, 0, 0, 0, 0, 0, 0, 0, 1], "split10_notXOR": [1, 1, 0, 1, 0, 1, 1, 1, 1, 1, 1, 1, 1, 0], "split10_prob": [0.6045124267808677, 0.5703944275612348, 0.46312383614906943, 0.6045124267808677, 0.44786148742416826, 0.6045124267808677, 0.6083499929279121, 0.5990991862605323, 0.6045124267808677, 0.6045124267808677, 0.5986676863960011, 0.6045124267808677, 0.6083499929279121, 0.5282174663418864], "split11_index": [209, 210, 211, 212, 213, 214, 215, 216, 217, 218, 219, 220, 221, 222], "split11_pred": [0, 0, 0, 1, 1, 0, 1, 0, 0, 0, 0, 0, 0, 1], "split11_test": [0, 0, 0, 0, 0, 0, 0, 0, 0, 0, 0, 0, 0, 1], "split11_notXOR": [1, 1, 1, 0, 0, 1, 0, 1, 1, 1, 1, 1, 1, 1], "split11_prob": [0.44270540193584634, 0.44270540193584634, 0.4467014102883621, 0.6692977677391195, 0.6773528466453552, 0.44270540193584634, 0.6592862732888087, 0.45615441008793584, 0.43867361910764563, 0.44270540193584634, 0.44270540193584634, 0.44270540193584634, 0.44270540193584634, 0.6542381130258657], "split12_index": [223, 224, 225, 226, 227, 228, 229, 230, 231, 232, 233, 234, 235, 236], "split12_pred": [1, 1, 1, 1, 1, 1, 1, 1, 1, 1, 1, 1, 1, 1], "split12_test": [0, 0, 0, 0, 0, 0, 0, 0, 0, 0, 0, 0, 0, 1], "split12_notXOR": [0, 0, 0, 0, 0, 0, 0, 0, 0, 0, 0, 0, 0, 1],