{"split0_index": [3, 4, 5], "split0_pred": [0, 0, 0], "split0_test": [0, 1, 0], "split0_notXOR": [1, 0, 1], "split0_prob": [0.6666666799695937, 0.6666666799695937, 0.6666666799695937], "split1_index": [6, 7, 8], "split1_pred": [0, 0, 0], "split1_test": [0, 1, 0], "split1_notXOR": [1, 0, 1], "split1_prob": [0.4580116048233413, 0.4580116048233413, 0.4580116048233413], "split2_index": [9, 10, 11], "split2_pred": [0, 0, 0], "split2_test": [0, 1, 0], "split2_notXOR": [1, 0, 1], "split2_prob": [4.781636268457154e-05, 0.4142764559833693, 0.4142764559833693], "split3_index": [12, 13, 14], "split3_pred": [0, 0, 0], "split3_test": [0, 1, 0], "split3_notXOR": [1, 0, 1], "split3_prob": [0.0014110559153047342, 0.4518336407669568, 0.4518336407669568], "split4_index": [15, 16, 17], "split4_pred": [0, 0, 0], "split4_test": [0, 1, 0], "split4_notXOR": [1, 0, 1], "split4_prob": [0.39424113959163926, 0.38164590693132183, 0.38164590693132183], "split5_index": [18, 19, 20], "split5_pred": [0, 0, 0], "split5_test": [0, 1, 0], "split5_notXOR": [1, 0, 1], "split5_prob": [0.3915383316617696, 0.3915383316617696, 0.3915383316617696], "split6_index": [21, 22, 23, 24], "split6_pred": [0, 0, 0, 0], "split6_test": [0, 1, 1, 0], "split6_notXOR": [1, 0, 0, 1], "split6_prob": [0.11179204832394846, 0.3625515433095105, 0.3567841979281559, 0.3567841979281559], "split7_index": [25, 26, 27, 28], "split7_pred": [0, 0, 0, 0], "split7_test": [0, 1, 1, 0], "split7_notXOR": [1, 0, 0, 1], "split7_prob": [0.0900332591805947, 0.3910452400545768, 0.26213353762995617, 0.3910452400545768], "split8_index": [29, 30, 31, 32], "split8_pred": [0, 0, 0, 0], "split8_test": [0, 1, 1, 0], "split8_notXOR": [1, 0, 0, 1], "split8_prob": [0.41754917011734316, 0.41754917011734316, 0.41754917011734316, 0.41754917011734316], "split9_index": [33, 34, 35, 36], "split9_pred": [0, 0, 0, 0], "split9_test": [0, 1, 1, 0], "split9_notXOR": [1, 0, 0, 1], "split9_prob": [0.44396042677829217, 0.44396042677829217, 0.44396042677829217, 0.44396042677829217], "split10_index": [37, 38, 39, 40], "split10_pred": [0, 0, 0, 0], "split10_test": [0, 1, 1, 0], "split10_notXOR": [1, 0, 0, 1], "split10_prob": [0.5452254113003012, 0.4524413348765032, 0.4524413348765032, 0.4722018921168617], "split11_index": [41, 42, 43, 44], "split11_pred": [0, 0, 0, 0], "split11_test": [0, 1, 0, 0], "split11_notXOR": [1, 0, 1, 1], "split11_prob": [0.5, 0.5, 0.5188345502322296, 0.5], "split12_index": [45, 46, 47, 48], "split12_pred": [0, 0, 0, 0], "split12_test": [0, 1, 0, 0], "split12_notXOR": [1, 0, 1, 1], "split12_prob": [0.4088188358781203, 0.4088188358781203, 0.3531401651704334, 0.4088188358781203], "split13_index": [49, 50, 51, 52, 53], "split13_pred": [0, 0, 0, 0, 0], "split13_test": [0, 1, 0, 0, 0], "split13_notXOR": [1, 0, 1, 1, 1], "split13_prob": [0.46713844878881977, 0.43785293629668043, 0.41533419560159424, 0.41533419560159424, 0.41533419560159424], "split14_index": [54, 55, 56, 57, 58, 59], "split14_pred": [0, 0, 0, 0, 0, 0], "split14_test": [0, 1, 0, 0, 1, 0], "split14_notXOR": [1, 0, 1, 1, 0, 1], "split14_prob": [0.4042088569214452, 0.4042088569214452, 0.4042088569214452, 0.4330264769482038, 0.4042088569214452, 0.4042088569214452], "split15_index": [60, 61, 62, 63, 64, 65], "split15_pred": [0, 0, 0, 0, 0, 0], "split15_test": [0, 1, 0, 0, 1, 0], "split15_notXOR": [1, 0, 1, 1, 0, 1], "split15_prob": [0.3802447215127493, 0.3802447215127493, 0.3743125435942775, 0.3802447215127493, 0.3802447215127493, 0.3802447215127493], "split16_index": [66, 67, 68, 69, 70, 71], "split16_pred": [0, 0, 0, 0, 0, 0], "split16_test": [0, 1, 0, 0, 1, 0], "split16_notXOR": [1, 0, 1, 1, 0, 1], "split16_prob": [0.3955126467425891, 0.3955126467425891, 0.3955126467425891, 0.3955126467425891, 0.3955126467425891, 0.3955126467425891], "split17_index": [72, 73, 74, 75, 76, 77, 78], "split17_pred": [0, 0, 0, 0, 0, 0, 0], "split17_test": [0, 1, 0, 0, 1, 0, 0], "split17_notXOR": [1, 0, 1, 1, 0, 1, 1], "split17_prob": [0.38741185812431606, 0.38741185812431606, 0.38741185812431606, 0.39856251127319337, 0.2893657113015343, 0.38741185812431606, 0.38741185812431606], "split18_index": [79, 80, 81, 82, 83, 84, 85], "split18_pred": [0, 0, 0, 0, 0, 0, 0], "split18_test": [0, 1, 0, 0, 1, 0, 0], "split18_notXOR": [1, 0, 1, 1, 0, 1, 1], "split18_prob": [0.364813891114977, 0.364813891114977, 0.364813891114977, 0.364813891114977, 0.364813891114977, 0.364813891114977, 0.364813891114977], "split19_index": [86, 87, 88, 89, 90, 91, 92], "split19_pred": [0, 0, 0, 0, 0, 0, 0], "split19_test": [0, 1, 0, 0, 1, 0, 0], "split19_notXOR": [1, 0, 1, 1, 0, 1, 1], "split19_prob": [0.3601433350015271, 0.3601433350015271, 0.3601433350015271, 0.3601433350015271, 0.3601433350015271, 0.3601433350015271, 0.3601433350015271], "split20_index": [93, 94, 95, 96, 97], "split20_pred": [0, 0, 0, 0, 0], "split20_test": [0, 0, 1, 0, 1], "split20_notXOR": [1, 1, 0, 1, 0], "split20_prob": [0.363131236457863, 0.363131236457863, 0.3417018138016104, 0.11997480872359004, 0.363131236457863], "split21_index": [98, 99, 100, 101, 102], "split21_pred": [0, 0, 0, 0, 0], "split21_test": [0, 0, 1, 0, 1], "split21_notXOR": [1, 1, 0, 1, 0], "split21_prob": [0.3604022505290998, 0.3604022505290998, 0.3604022505290998, 0.3604022505290998, 0.3604022505290998], "split22_index": [103, 104, 105, 106, 107, 108], "split22_pred": [0, 0, 0, 0, 0, 0], "split22_test": [0, 0, 0, 1, 0, 1], "split22_notXOR": [1, 1, 1, 0, 1, 0], "split22_prob": [0.3677014748427274, 0.3677014748427274, 0.3677014748427274, 0.2629499134571463, 0.3677014748427274, 0.3677014748427274], "split23_index": [109, 110, 111, 112, 113, 114], "split23_pred": [0, 0, 0, 0, 0, 0], "split23_test": [0, 0, 0, 1, 0, 1], "split23_notXOR": [1, 1, 1, 0, 1, 0], "split23_prob": [0.36168739903041, 0.36168739903041, 0.36168739903041, 0.36168739903041, 0.36168739903041, 0.36168739903041], "split24_index": [115, 116, 117, 118, 119, 120], "split24_pred": [0, 0, 0, 0, 0, 0], "split24_test": [0, 0, 0, 1, 0, 1], "split24_notXOR": [1, 1, 1, 0, 1, 0], "split24_prob": [0.3582707307192511, 0.19226002452894575, 0.3582707307192511, 0.3582707307192511, 0.1703950031931834, 0.3582707307192511], "split25_index": [121, 122, 123, 124, 125, 126], "split25_pred": [0, 0, 0, 0, 0, 0], "split25_test": [0, 0, 0, 1, 0, 1], "split25_notXOR": [1, 1, 1, 0, 1, 0], "split25_prob": [0.3582292639549774, 0.3582292639549774, 0.3582292639549774, 0.3582292639549774, 0.3582292639549774, 0.28245718231290673], "split26_index": [127, 128, 129, 130, 131, 132], "split26_pred": [0, 0, 0, 0, 0, 0], "split26_test": [0, 0, 0, 1, 0, 1], "split26_notXOR": [1, 1, 1, 0, 1, 0], "split26_prob": [0.3578349096301064, 0.3578349096301064, 0.3578349096301064, 0.3578349096301064, 0.3578349096301064, 0.3578349096301064], "split27_index": [133, 134, 135, 136, 137, 138], "split27_pred": [0, 0, 0, 0, 0, 0], "split27_test": [0, 0, 0, 1, 0, 1], "split27_notXOR": [1, 1, 1, 0, 1, 0], "split27_prob": [0.340500250938557, 0.33352038845926746, 0.340500250938557, 0.340500250938557, 0.340500250938557, 0.340500250938557], "split28_index": [139, 140, 141, 142, 143, 144], "split28_pred": [0, 0, 0, 0, 0, 0], "split28_test": [0, 0, 0, 0, 0, 1], "split28_notXOR": [1, 1, 1, 1, 1, 0], "split28_prob": [0.3503641821705985, 0.3503641821705985, 0.3503641821705985, 0.3503641821705985, 0.34332310276943173, 0.3503641821705985], "split29_index": [145, 146, 147, 148, 149, 150], "split29_pred": [0, 0, 0, 0, 0, 0], "split29_test": [0, 0, 0, 0, 0, 1], "split29_notXOR": [1, 1, 1, 1, 1, 0], "split29_prob": [0.34377254510336763, 0.34675925636021954, 0.34377254510336763, 0.3355811512336928, 0.34377254510336763, 0.34377254510336763], "split30_index": [151, 152, 153, 154, 155, 156], "split30_pred": [0, 0, 0, 0, 0, 0], "split30_test": [0, 0, 0, 0, 0, 1], "split30_notXOR": [1, 1, 1, 1, 1, 0], "split30_prob": [0.3313246160433396, 0.3313246160433396, 0.3313246160433396, 0.3313246160433396, 0.3313246160433396, 0.3313246160433396], "split31_index": [157, 158, 159, 160, 161, 162],