{"split0_index": [8, 9, 10, 11, 12, 13, 14, 15], "split0_pred": [0, 0, 1, 0, 1, 0, 1, 0], "split0_test": [0, 1, 1, 0, 0, 0, 1, 0], "split0_notXOR": [1, 0, 1, 1, 0, 1, 1, 1], "split0_prob": [7.621307838794152e-15, 2.2547323131047208e-13, 1.0, 3.252399633455668e-15, 1.0, 0.0, 1.0, 1.2371800942952392e-20], "split1_index": [16, 17, 18, 19, 20, 21, 22, 23], "split1_pred": [1, 1, 1, 1, 0, 0, 1, 0], "split1_test": [0, 1, 1, 0, 0, 0, 1, 0], "split1_notXOR": [0, 1, 1, 0, 1, 1, 1, 1], "split1_prob": [0.9976963322485566, 0.9986345301540268, 1.0, 0.9821091034140536, 0.0, 0.0, 1.0, 0.0]}