{"split0_index": [3, 4, 5], "split0_pred": [0, 1, 0], "split0_test": [0, 1, 0], "split0_notXOR": [1, 1, 1], "split0_prob": [0.0, 1.0, 0.0], "split1_index": [6, 7, 8], "split1_pred": [0, 1, 0], "split1_test": [0, 1, 0], "split1_notXOR": [1, 1, 1], "split1_prob": [0.0, 1.0, 0.0], "split2_index": [9, 10, 11], "split2_pred": [0, 1, 0], "split2_test": [0, 1, 0], "split2_notXOR": [1, 1, 1], "split2_prob": [0.0, 1.0, 0.0], "split3_index": [12, 13, 14], "split3_pred": [0, 1, 0], "split3_test": [0, 1, 0], "split3_notXOR": [1, 1, 1], "split3_prob": [0.0, 1.0, 0.0], "split4_index": [15, 16, 17], "split4_pred": [0, 1, 0], "split4_test": [0, 1, 0], "split4_notXOR": [1, 1, 1], "split4_prob": [0.0, 1.0, 0.0], "split5_index": [18, 19, 20], "split5_pred": [0, 1, 0], "split5_test": [0, 1, 0], "split5_notXOR": [1, 1, 1], "split5_prob": [0.0, 1.0, 0.0], "split6_index": [21, 22, 23, 24], "split6_pred": [0, 1, 0, 0], "split6_test": [0, 1, 1, 0], "split6_notXOR": [1, 1, 0, 1], "split6_prob": [0.0, 1.0, 0.0, 0.0], "split7_index": [25, 26, 27, 28], "split7_pred": [0, 1, 1, 0], "split7_test": [0, 1, 1, 0], "split7_notXOR": [1, 1, 1, 1], "split7_prob": [0.0, 1.0, 1.0, 1.333123730314083e-20], "split8_index": [29, 30, 31, 32], "split8_pred": [0, 1, 1, 0], "split8_test": [0, 1, 1, 0], "split8_notXOR": [1, 1, 1, 1], "split8_prob": [0.0, 1.0, 1.0, 4.1756220451566803e-11], "split9_index": [33, 34, 35, 36], "split9_pred": [0, 1, 1, 0], "split9_test": [0, 1, 1, 0], "split9_notXOR": [1, 1, 1, 1], "split9_prob": [0.0, 1.0, 1.0, 6.323678689036036e-09], "split10_index": [37, 38, 39, 40], "split10_pred": [0, 1, 1, 0], "split10_test": [0, 1, 1, 0], "split10_notXOR": [1, 1, 1, 1], "split10_prob": [0.0, 1.0, 1.0, 1.0818179714244269e-06], "split11_index": [41, 42, 43, 44], "split11_pred": [0, 1, 1, 0], "split11_test": [0, 1, 0, 0], "split11_notXOR": [1, 1, 0, 1], "split11_prob": [0.0, 1.0, 1.0, 1.0489976103999858e-07], "split12_index": [45, 46, 47, 48], "split12_pred": [0, 1, 1, 0], "split12_test": [0, 1, 0, 0], "split12_notXOR": [1, 1, 0, 1], "split12_prob": [0.0, 1.0, 0.9999999968166087, 0.19399400558954608], "split13_index": [49, 50, 51, 52, 53], "split13_pred": [0, 1, 1, 0, 0], "split13_test": [0, 1, 0, 0, 0], "split13_notXOR": [1, 1, 0, 1, 1], "split13_prob": [0.0, 1.0, 0.9969332273531891, 4.06460164838744e-06, 0.14242622985124856], "split14_index": [54, 55, 56, 57, 58, 59], "split14_pred": [0, 0, 0, 0, 1, 1], "split14_test": [0, 1, 0, 0, 1, 0], "split14_notXOR": [1, 0, 1, 1, 1, 0], "split14_prob": [7.508859719312005e-06, 0.0, 0.20427320576643115, 0.0, 1.0, 0.8923796015545858], "split15_index": [60, 61, 62, 63, 64, 65], "split15_pred": [0, 0, 0, 0, 1, 0], "split15_test": [0, 1, 0, 0, 1, 0], "split15_notXOR": [1, 0, 1, 1, 1, 1], "split15_prob": [5.918128556844188e-09, 0.00034445039257035285, 1.4983793502852156e-05, 2.0499782298301624e-195, 1.0, 0.0013889866400667288], "split16_index": [66, 67, 68, 69, 70, 71], "split16_pred": [0, 0, 0, 0, 1, 0], "split16_test": [0, 1, 0, 0, 1, 0], "split16_notXOR": [1, 0, 1, 1, 1, 1], "split16_prob": [7.0964501733085136e-09, 0.023756695675377686, 1.0968784423439789e-05, 3.569280665036405e-136, 1.0, 0.0005590512638696749], "split17_index": [72, 73, 74, 75, 76, 77, 78], "split17_pred": [0, 1, 0, 0, 1, 0, 0], "split17_test": [0, 1, 0, 0, 1, 0, 0], "split17_notXOR": [1, 1, 1, 1, 1, 1, 1], "split17_prob": [1.2725117052739905e-13, 1.0, 1.0397583837410849e-10, 5.153290523408979e-73, 1.0, 5.582283790788546e-10, 5.453469520916482e-11], "split18_index": [79, 80, 81, 82, 83, 84, 85], "split18_pred": [0, 1, 0, 0, 1, 0, 0], "split18_test": [0, 1, 0, 0, 1, 0, 0], "split18_notXOR": [1, 1, 1, 1, 1, 1, 1], "split18_prob": [9.931930092338635e-13, 1.0, 4.670392717553885e-10, 1.981261084742178e-70, 1.0, 2.004393057499052e-09, 2.5056081152223996e-10], "split19_index": [86, 87, 88, 89, 90, 91, 92], "split19_pred": [0, 1, 0, 0, 1, 0, 0], "split19_test": [0, 1, 0, 0, 1, 0, 0], "split19_notXOR": [1, 1, 1, 1, 1, 1, 1], "split19_prob": [2.730392023122057e-19, 1.0, 1.3236395301388273e-16, 1.634255765014004e-40, 1.0, 4.483699361806129e-15, 7.23775358927964e-17], "split20_index": [93, 94, 95, 96, 97], "split20_pred": [0, 0, 1, 0, 1], "split20_test": [0, 0, 1, 0, 1], "split20_notXOR": [1, 1, 1, 1, 1], "split20_prob": [1.2351385812723998e-16, 4.547194907464284e-13, 1.0, 1.4832667967248097e-104, 1.0], "split21_index": [98, 99, 100, 101, 102], "split21_pred": [0, 0, 1, 0, 1], "split21_test": [0, 0, 1, 0, 1], "split21_notXOR": [1, 1, 1, 1, 1], "split21_prob": [1.5609598404351924e-17, 3.893519794009112e-14, 1.0, 5.597652711689708e-73, 1.0], "split22_index": [103, 104, 105, 106, 107, 108], "split22_pred": [0, 0, 1, 1, 0, 1], "split22_test": [0, 0, 0, 1, 0, 1], "split22_notXOR": [1, 1, 0, 1, 1, 1], "split22_prob": [7.065339646641447e-19, 3.226760050724377e-15, 1.0, 1.0, 2.2754862824734944e-71, 1.0], "split23_index": [109, 110, 111, 112, 113, 114], "split23_pred": [0, 0, 1, 1, 0, 1], "split23_test": [0, 0, 0, 1, 0, 1], "split23_notXOR": [1, 1, 0, 1, 1, 1], "split23_prob": [7.38837782228332e-11, 9.445751707041105e-09, 1.0, 0.9999999998161222, 1.613125416228454e-42, 1.0], "split24_index": [115, 116, 117, 118, 119, 120], "split24_pred": [0, 0, 1, 1, 0, 1], "split24_test": [0, 0, 0, 1, 0, 1], "split24_notXOR": [1, 1, 0, 1, 1, 1], "split24_prob": [2.7630290373868144e-09, 0.3669735224497404, 0.9999974716994031, 0.9999267866498421, 1.3904540291066122e-91, 1.0], "split25_index": [121, 122, 123, 124, 125, 126], "split25_pred": [0, 0, 1, 1, 0, 1], "split25_test": [0, 0, 0, 1, 0, 1], "split25_notXOR": [1, 1, 0, 1, 1, 1], "split25_prob": [1.3947622031377295e-07, 1.0881284475403401e-07, 0.997562836851415, 0.9683354252124755, 2.581486272885933e-96, 1.0], "split26_index": [127, 128, 129, 130, 131, 132], "split26_pred": [0, 0, 0, 1, 0, 1], "split26_test": [0, 0, 0, 1, 0, 1], "split26_notXOR": [1, 1, 1, 1, 1, 1], "split26_prob": [1.9750020552347117e-07, 1.1038193329091926e-13, 0.3661835382348866, 0.9253855737400968, 2.0248301843647805e-103, 1.0], "split27_index": [133, 134, 135, 136, 137, 138], "split27_pred": [0, 0, 0, 0, 0, 1], "split27_test": [0, 0, 0, 1, 0, 1], "split27_notXOR": [1, 1, 1, 0, 1, 1], "split27_prob": [1.163090793858259e-08, 1.8863486417510138e-20, 0.012840237806568199, 0.1574775057497378, 5.261899150695983e-69, 1.0], "split28_index": [139, 140, 141, 142, 143, 144], "split28_pred": [0, 0, 0, 0, 0, 1], "split28_test": [0, 0, 0, 0, 0, 1], "split28_notXOR": [1, 1, 1, 1, 1, 1], "split28_prob": [2.6220466228639496e-08, 7.378575019597885e-20, 0.013239562717403723, 0.06678946200226486, 1.59044636686637e-119, 1.0], "split29_index": [145, 146, 147, 148, 149, 150], "split29_pred": [0, 0, 0, 1, 0, 1], "split29_test": [0, 0, 0, 0, 0, 1], "split29_notXOR": [1, 1, 1, 0, 1, 1], "split29_prob": [8.727899158731493e-07, 1.6145506095239253e-22, 0.11447147714669773, 0.7491407218925629, 2.2827297380330087e-128, 1.0], "split30_index": [151, 152, 153, 154, 155, 156], "split30_pred": [0, 0, 0, 1, 0, 1], "split30_test": [0, 0, 0, 0, 0, 1], "split30_notXOR": [1, 1, 1, 0, 1, 1], "split30_prob": [1.4586645299083326e-06, 2.694370207600844e-22, 0.2398918361015728, 0.6556579087428036, 5.31914124600169e-138, 1.0], "split31_index": [157, 158, 159, 160, 161, 162], "split31_pred": [0, 0, 0, 0, 0, 1], "split31_test": [0, 0, 0, 0, 0, 1], "split31_notXOR": [1, 1, 1, 1, 1, 1], "split31_prob": [5.147526098791866e-07, 2.793760323950098e-23, 0.03822737180464132, 0.2848772126121895, 2.2445027896361184e-134, 1.0], "split32_index": [163, 164, 165, 166, 167, 168], "split32_pred": [0, 0, 0, 0, 0, 1], "split32_test": [0, 0, 0, 0, 0, 1], "split32_notXOR": [1, 1, 1, 1, 1, 1], "split32_prob": [6.016414921394972e-08, 6.728968379018726e-23, 0.006051470440663178, 0.06960106639776861, 1.7421874664773857e-136, 1.0], "split33_index": [169, 170, 171, 172, 173, 174], "split33_pred": [0, 0, 0, 0, 0, 1], "split33_test": [0, 0, 0, 0, 0, 1], "split33_notXOR": [1, 1, 1, 1, 1, 1],