{"split0_index": [4, 5, 6, 7], "split0_pred": [1, 1, 0, 0], "split0_test": [1, 1, 0, 0], "split0_notXOR": [1, 1, 1, 1], "split0_prob": [0.6571608751467524, 0.6815583768449449, 0.3019716809773019, 0.39879290040843607], "split1_index": [8, 9, 10, 11], "split1_pred": [1, 1, 0, 0], "split1_test": [1, 1, 0, 0], "split1_notXOR": [1, 1, 1, 1], "split1_prob": [0.7295473354435198, 0.7478158818490301, 0.22247473105519058, 0.32734975056479004], "split2_index": [12, 13, 14, 15], "split2_pred": [1, 1, 0, 0], "split2_test": [1, 1, 0, 0], "split2_notXOR": [1, 1, 1, 1], "split2_prob": [0.6042330240512099, 0.7877534962255718, 0.15852163221412524, 0.1991279267174921], "split3_index": [16, 17, 18, 19, 20, 21], "split3_pred": [1, 1, 1, 0, 0, 1], "split3_test": [0, 1, 1, 0, 0, 0], "split3_notXOR": [0, 1, 1, 1, 1, 0], "split3_prob": [0.5025762651882433, 0.6785189768160609, 0.8471156524748894, 0.19471285886411632, 0.1066047503064829, 0.503342565964294], "split4_index": [22, 23, 24, 25], "split4_pred": [1, 1, 0, 0], "split4_test": [1, 1, 0, 0], "split4_notXOR": [1, 1, 1, 1], "split4_prob": [0.7239839389534515, 0.7944329185829141, 0.183239476901664, 0.16435345486196853], "split5_index": [26, 27, 28, 29], "split5_pred": [1, 1, 0, 0], "split5_test": [1, 1, 0, 0], "split5_notXOR": [1, 1, 1, 1], "split5_prob": [0.7668376438900945, 0.8182890407518485, 0.18748637349645703, 0.1394347556240958], "split6_index": [30, 31, 32, 33], "split6_pred": [1, 1, 0, 0], "split6_test": [1, 1, 0, 0], "split6_notXOR": [1, 1, 1, 1], "split6_prob": [0.7948819170266137, 0.8351024748877554, 0.17451343995860108, 0.12418279962562069], "split7_index": [34, 35, 36, 37], "split7_pred": [1, 1, 0, 0], "split7_test": [1, 1, 0, 0], "split7_notXOR": [1, 1, 1, 1], "split7_prob": [0.8157522787884772, 0.8484982063893873, 0.1690110248059096, 0.11245168226413231], "split8_index": [38, 39, 40, 41], "split8_pred": [1, 1, 0, 0], "split8_test": [1, 1, 0, 0], "split8_notXOR": [1, 1, 1, 1], "split8_prob": [0.8465953671588933, 0.8596221142472146, 0.15753858933653936, 0.1032070390497148], "split9_index": [42, 43, 44, 45], "split9_pred": [1, 1, 0, 0], "split9_test": [1, 1, 0, 0], "split9_notXOR": [1, 1, 1, 1], "split9_prob": [0.8583512528321398, 0.8691911177526639, 0.1756808500505796, 0.09563346178169187], "split10_index": [46, 47, 48, 49], "split10_pred": [1, 1, 0, 0], "split10_test": [1, 1, 0, 0], "split10_notXOR": [1, 1, 1, 1], "split10_prob": [0.9394547241332395, 0.8766003600645014, 0.16213394209311377, 0.09019633352212039], "split11_index": [50, 51, 52, 53], "split11_pred": [1, 1, 0, 0], "split11_test": [1, 1, 0, 0], "split11_notXOR": [1, 1, 1, 1], "split11_prob": [0.916520975858218, 0.883676587915083, 0.16248777958196858, 0.08905180698356806], "split12_index": [54, 55, 56, 57], "split12_pred": [1, 1, 0, 0], "split12_test": [1, 1, 0, 0], "split12_notXOR": [1, 1, 1, 1], "split12_prob": [0.9722639973854449, 0.889412532424275, 0.16797750464176064, 0.08431342569153943], "split13_index": [58, 59, 60, 61], "split13_pred": [1, 1, 0, 0], "split13_test": [1, 1, 0, 0], "split13_notXOR": [1, 1, 1, 1], "split13_prob": [0.9588096278070206, 0.894919120835722, 0.15714630073456462, 0.1840906883833118], "split14_index": [62, 63, 64, 65], "split14_pred": [1, 1, 1, 0], "split14_test": [1, 1, 0, 0], "split14_notXOR": [1, 1, 0, 1], "split14_prob": [0.9523077487169546, 0.8984636916647366, 0.6181310587404902, 0.17392621143117407], "split15_index": [66, 67, 68, 69], "split15_pred": [1, 1, 0, 0], "split15_test": [1, 1, 0, 0], "split15_notXOR": [1, 1, 1, 1], "split15_prob": [0.9581700785054692, 0.9001488506466354, 0.4557322952000349, 0.15938642574659842], "split16_index": [70, 71, 72, 73], "split16_pred": [1, 0, 0, 1], "split16_test": [1, 0, 0, 1], "split16_notXOR": [1, 1, 1, 1], "split16_prob": [0.9559690438847432, 0.4077157726380409, 0.21168769071034405, 0.9280363656906561], "split17_index": [74, 75, 76, 77], "split17_pred": [1, 0, 0, 1], "split17_test": [1, 0, 0, 1], "split17_notXOR": [1, 1, 1, 1], "split17_prob": [0.9556078095881156, 0.3300533701685786, 0.2069615308775946, 0.9180099628896061], "split18_index": [78, 79, 80, 81], "split18_pred": [1, 0, 0, 1], "split18_test": [1, 0, 0, 0], "split18_notXOR": [1, 1, 1, 0], "split18_prob": [0.9568503598634707, 0.4270786159906425, 0.1937964932545503, 0.9068583347509668]}