{"split0_index": [7, 8, 9, 10, 11, 12, 13], "split0_pred": [0, 0, 0, 1, 1, 1, 0], "split0_test": [0, 0, 0, 1, 0, 0, 0], "split0_notXOR": [1, 1, 1, 1, 0, 0, 1], "split0_prob": [0.4414797742708065, 0.4414877621053094, 0.467879408093757, 0.5379593815770963, 0.5216735448287491, 0.5362910333634721, 0.46785782528221526], "split1_index": [14, 15, 16, 17, 18, 19, 20], "split1_pred": [0, 0, 0, 1, 0, 0, 0], "split1_test": [0, 0, 0, 1, 0, 0, 0], "split1_notXOR": [1, 1, 1, 1, 1, 1, 1], "split1_prob": [0.010489398842370457, 0.006822456871450108, 0.0072978820540339885, 0.7812368622548381, 0.0074529607507294125, 0.024300928247317735, 0.007306493605057248], "split2_index": [21, 22, 23, 24, 25, 26, 27], "split2_pred": [0, 0, 0, 1, 0, 0, 0], "split2_test": [0, 0, 0, 1, 0, 0, 0], "split2_notXOR": [1, 1, 1, 1, 1, 1, 1], "split2_prob": [0.030465988950951806, 0.02200219888652913, 0.020070601043816323, 0.9285438343195702, 0.020419138618588975, 0.054404282849855067, 0.020091012079891203], "split3_index": [28, 29, 30, 31, 32, 33, 34], "split3_pred": [0, 0, 0, 1, 0, 0, 0], "split3_test": [0, 0, 0, 1, 0, 0, 0], "split3_notXOR": [1, 1, 1, 1, 1, 1, 1], "split3_prob": [0.019950793850334086, 0.013681073881739308, 0.018147548945534574, 0.9412244547371792, 0.014710815053733449, 0.04325811707693461, 0.018147548945534574], "split4_index": [35, 36, 37, 38, 39, 40, 41], "split4_pred": [0, 0, 0, 1, 0, 0, 0], "split4_test": [0, 0, 0, 1, 0, 0, 0], "split4_notXOR": [1, 1, 1, 1, 1, 1, 1], "split4_prob": [0.017859056143947196, 0.012018633910056819, 0.02352547514423568, 0.9458364443292994, 0.014205213009587724, 0.042500588932990434, 0.02344588990938063], "split5_index": [42, 43, 44, 45, 46, 47], "split5_pred": [0, 0, 0, 0, 0, 1], "split5_test": [0, 0, 0, 0, 0, 1], "split5_notXOR": [1, 1, 1, 1, 1, 1], "split5_prob": [0.007489834228494672, 0.014147081194255819, 0.0067389476455236505, 0.009298970500886584, 0.04151742530436282, 0.9398025801333434], "split6_index": [48, 49, 50, 51, 52, 53], "split6_pred": [0, 0, 0, 0, 0, 1], "split6_test": [0, 0, 0, 0, 0, 1], "split6_notXOR": [1, 1, 1, 1, 1, 1], "split6_prob": [0.006825282662104556, 0.01325059348622538, 0.006093077970249283, 0.008572391331188848, 0.038111653055738604, 0.9438770090769328], "split7_index": [54, 55, 56, 57, 58, 59], "split7_pred": [0, 0, 0, 0, 0, 1], "split7_test": [0, 0, 0, 0, 0, 1], "split7_notXOR": [1, 1, 1, 1, 1, 1], "split7_prob": [0.005346371907706482, 0.010816710300416968, 0.004733324160675889, 0.006809307251407759, 0.18008715630060299, 0.9497926934408039], "split8_index": [60, 61, 62, 63, 64, 65], "split8_pred": [0, 0, 0, 0, 0, 1], "split8_test": [0, 0, 0, 0, 0, 1], "split8_notXOR": [1, 1, 1, 1, 1, 1], "split8_prob": [0.00488118341368086, 0.00991842955329511, 0.004135052687738539, 0.00648216527618395, 0.1508722540642359, 0.9570907444284767], "split9_index": [66, 67, 68, 69, 70, 71], "split9_pred": [0, 0, 0, 0, 0, 1], "split9_test": [0, 0, 0, 0, 0, 1], "split9_notXOR": [1, 1, 1, 1, 1, 1], "split9_prob": [0.004180950634121706, 0.008512888228605117, 0.003401093308094178, 0.005773011992760352, 0.1201659819741286, 0.9625243715354299], "split10_index": [72, 73, 74, 75, 76, 77], "split10_pred": [0, 0, 0, 0, 0, 1], "split10_test": [0, 0, 0, 0, 0, 1], "split10_notXOR": [1, 1, 1, 1, 1, 1], "split10_prob": [0.0034408435152710466, 0.007054416063343407, 0.002670213368010436, 0.004979136970522336, 0.09145259223210343, 0.9732206331015028], "split11_index": [78, 79, 80, 81, 82, 83], "split11_pred": [0, 0, 0, 0, 0, 1], "split11_test": [0, 0, 0, 0, 0, 1], "split11_notXOR": [1, 1, 1, 1, 1, 1], "split11_prob": [0.00310559705736113, 0.006822086877219129, 0.002555103086619905, 0.00509300136314978, 0.17716100537924437, 0.9761722507715594], "split12_index": [84, 85, 86, 87, 88, 89], "split12_pred": [0, 0, 0, 0, 0, 1], "split12_test": [0, 0, 0, 0, 0, 1], "split12_notXOR": [1, 1, 1, 1, 1, 1], "split12_prob": [0.002958309792798949, 0.0021618278749129414, 0.0023743477640198085, 0.005031935770924241, 0.12625019639941243, 0.9560209110637341], "split13_index": [90, 91, 92, 93, 94, 95], "split13_pred": [0, 0, 0, 0, 0, 1], "split13_test": [0, 0, 0, 0, 0, 1], "split13_notXOR": [1, 1, 1, 1, 1, 1], "split13_prob": [0.0035873510520131008, 0.0025208613308317952, 0.002863190917427397, 0.006192208394877533, 0.1251781984160701, 0.9699757019085805], "split14_index": [96, 97, 98, 99, 100, 101], "split14_pred": [0, 0, 0, 0, 0, 1], "split14_test": [0, 0, 0, 0, 0, 1], "split14_notXOR": [1, 1, 1, 1, 1, 1], "split14_prob": [0.0026148252565102465, 0.0017285699211611887, 0.002037864180476886, 0.004737237300860986, 0.08523624049606131, 0.9770115353353543], "split15_index": [102, 103, 104, 105, 106, 107], "split15_pred": [0, 0, 0, 0, 0, 1], "split15_test": [0, 0, 0, 0, 0, 1], "split15_notXOR": [1, 1, 1, 1, 1, 1], "split15_prob": [0.005411306107360697, 0.0034110095285830064, 0.004154871578422037, 0.010060300007597065, 0.12611071116405165, 0.989776416617561], "split16_index": [108, 109, 110, 111, 112, 113], "split16_pred": [0, 0, 0, 0, 0, 1], "split16_test": [0, 0, 0, 0, 0, 1], "split16_notXOR": [1, 1, 1, 1, 1, 1], "split16_prob": [0.0023244689880224795, 0.0014232842050456815, 0.0017732628573267645, 0.004338539358581868, 0.03932493847807402, 0.9660219418075623], "split17_index": [114, 115, 116, 117, 118, 119], "split17_pred": [0, 0, 0, 0, 0, 1], "split17_test": [0, 0, 0, 0, 0, 1], "split17_notXOR": [1, 1, 1, 1, 1, 1], "split17_prob": [0.0010377232942000057, 0.0005803943569471355, 0.000762076725713384, 0.002132990514728539, 0.027311345315649764, 0.9849191813445282], "split18_index": [120, 121, 122, 123, 124, 125], "split18_pred": [0, 0, 0, 0, 0, 0], "split18_test": [0, 0, 0, 0, 1, 1], "split18_notXOR": [1, 1, 1, 1, 0, 0], "split18_prob": [0.0006236108609947788, 0.00034258129753683545, 0.0004490688528848602, 0.0013149173459108359, 0.0013149173459108359, 0.0013149173459108359], "split19_index": [126, 127, 128, 129, 130, 131], "split19_pred": [0, 0, 0, 0, 0, 1], "split19_test": [0, 0, 0, 0, 1, 1], "split19_notXOR": [1, 1, 1, 1, 0, 1], "split19_prob": [0.07819139760277015, 0.0507610353010432, 0.05864691202596598, 0.1442912176989692, 0.1442912176989692, 0.9814664273380931], "split20_index": [132, 133, 134, 135, 136, 137], "split20_pred": [0, 0, 0, 0, 0, 1], "split20_test": [0, 0, 0, 0, 0, 1], "split20_notXOR": [1, 1, 1, 1, 1, 1], "split20_prob": [0.10444551494283107, 0.06603487611411396, 0.07507939148117182, 0.1899452674265516, 0.21004895040111923, 0.9900197889596357], "split21_index": [138, 139, 140, 141, 142, 143], "split21_pred": [0, 0, 0, 0, 0, 1], "split21_test": [0, 0, 0, 0, 0, 1], "split21_notXOR": [1, 1, 1, 1, 1, 1], "split21_prob": [0.10005662809460211, 0.062918851848949, 0.07160243150103873, 0.18330436824856824, 0.2184373501883285, 0.9907988996658393], "split22_index": [144, 145, 146, 147, 148, 149], "split22_pred": [0, 0, 0, 0, 0, 1], "split22_test": [0, 0, 0, 0, 0, 1], "split22_notXOR": [1, 1, 1, 1, 1, 1], "split22_prob": [0.0926457821659666, 0.060445421640221736, 0.06614849594507882, 0.17142780196167215, 0.20124761771800334, 0.9897842839654878], "split23_index": [150, 151, 152, 153, 154, 155], "split23_pred": [0, 0, 0, 0, 0, 1], "split23_test": [0, 0, 0, 0, 0, 1], "split23_notXOR": [1, 1, 1, 1, 1, 1], "split23_prob": [0.0954891146486839, 0.0619461590585886, 0.06786054737428059, 0.17786897671714963, 0.20617459287655912, 0.9916511213661044], "split24_index": [156, 157, 158, 159, 160, 161], "split24_pred": [0, 0, 0, 0, 0, 1], "split24_test": [0, 0, 0, 0, 0, 1], "split24_notXOR": [1, 1, 1, 1, 1, 1], "split24_prob": [0.09338336013937554, 0.06042487288636918, 0.06624278548812036, 0.17458596196316173, 0.19942110893907755, 0.9933934995974116], "split25_index": [162, 163, 164, 165, 166, 167, 168, 169], "split25_pred": [0, 0, 0, 0, 0, 0, 0, 0], "split25_test": [0, 0, 0, 1, 0, 0, 0, 1], "split25_notXOR": [1, 1, 1, 0, 1, 1, 1, 0],