{"split0_index": [7, 8, 9, 10, 11, 12, 13], "split0_pred": [0, 0, 0, 1, 0, 0, 0], "split0_test": [0, 0, 0, 1, 0, 0, 0], "split0_notXOR": [1, 1, 1, 1, 1, 1, 1], "split0_prob": [0.07593054765025177, 0.07593054765025177, 0.16174206890631698, 0.8630320962263386, 0.0759003647003281, 0.06512927083258382, 0.16174206890631698], "split1_index": [14, 15, 16, 17, 18, 19, 20], "split1_pred": [0, 0, 1, 1, 1, 1, 1], "split1_test": [0, 0, 0, 1, 0, 0, 0], "split1_notXOR": [1, 1, 0, 1, 0, 0, 0], "split1_prob": [0.06103053905442663, 0.06103053905442663, 0.8409623212803662, 0.9226479083281613, 0.8409623212803662, 0.7936564889213356, 0.8409623212803662], "split2_index": [21, 22, 23, 24, 25, 26, 27], "split2_pred": [0, 0, 0, 1, 0, 0, 0], "split2_test": [0, 0, 0, 1, 0, 0, 0], "split2_notXOR": [1, 1, 1, 1, 1, 1, 1], "split2_prob": [0.03336319039057103, 0.03336319039057103, 0.033428242021783794, 0.9435925631514321, 0.033428242021783794, 0.034921284937478154, 0.033428242021783794], "split3_index": [28, 29, 30, 31, 32, 33, 34], "split3_pred": [0, 0, 0, 1, 0, 0, 0], "split3_test": [0, 0, 0, 1, 0, 0, 0], "split3_notXOR": [1, 1, 1, 1, 1, 1, 1], "split3_prob": [0.04435096550400187, 0.04435096550400187, 0.044380078331889526, 0.9595265997867076, 0.044380078331889526, 0.04433590864386568, 0.044380078331889526], "split4_index": [35, 36, 37, 38, 39, 40, 41], "split4_pred": [0, 0, 0, 1, 0, 0, 0], "split4_test": [0, 0, 0, 1, 0, 0, 0], "split4_notXOR": [1, 1, 1, 1, 1, 1, 1], "split4_prob": [0.035875024034097085, 0.035875024034097085, 0.03597651048134014, 0.9675880825735166, 0.03597651048134014, 0.03597649780505402, 0.03597651048134014], "split5_index": [42, 43, 44, 45, 46, 47], "split5_pred": [1, 0, 0, 0, 0, 1], "split5_test": [0, 0, 0, 0, 0, 1], "split5_notXOR": [0, 1, 1, 1, 1, 1], "split5_prob": [0.606315962784766, 0.02109278710253733, 0.02109278710253733, 0.02109278710253733, 0.03835622252559765, 0.9691475096666889], "split6_index": [48, 49, 50, 51, 52, 53], "split6_pred": [1, 0, 0, 0, 0, 1], "split6_test": [0, 0, 0, 0, 0, 1], "split6_notXOR": [0, 1, 1, 1, 1, 1], "split6_prob": [0.4247777139482915, 0.01430523052008106, 0.01430523052008106, 0.01430523052008106, 0.01794557956457017, 0.9643060117165912], "split7_index": [54, 55, 56, 57, 58, 59], "split7_pred": [0, 0, 0, 0, 0, 1], "split7_test": [0, 0, 0, 0, 0, 1], "split7_notXOR": [1, 1, 1, 1, 1, 1], "split7_prob": [0.20490770675130426, 0.00604112255077609, 0.00604112255077609, 0.00604112255077609, 0.00021311951124174274, 0.9679813952404416], "split8_index": [60, 61, 62, 63, 64, 65], "split8_pred": [0, 0, 0, 0, 0, 1], "split8_test": [0, 0, 0, 0, 0, 1], "split8_notXOR": [1, 1, 1, 1, 1, 1], "split8_prob": [0.08651687118614224, 0.0019460695746636649, 0.0019460695746636649, 0.0019460695746636649, 0.00021612422879447712, 0.9749263685935197], "split9_index": [66, 67, 68, 69, 70, 71], "split9_pred": [0, 0, 0, 0, 0, 1], "split9_test": [0, 0, 0, 0, 0, 1], "split9_notXOR": [1, 1, 1, 1, 1, 1], "split9_prob": [0.042493559158170574, 0.0009695046909284893, 0.0009695046909284893, 0.0009695046909284893, 0.00017856876206393947, 0.9760548234872778], "split10_index": [72, 73, 74, 75, 76, 77], "split10_pred": [0, 0, 0, 0, 0, 1], "split10_test": [0, 0, 0, 0, 0, 1], "split10_notXOR": [1, 1, 1, 1, 1, 1], "split10_prob": [0.03036999884172584, 0.0008180092521119368, 0.0008180092521119368, 0.0008180092521119368, 0.00024495889465586755, 0.979347977098194], "split11_index": [78, 79, 80, 81, 82, 83], "split11_pred": [0, 0, 0, 0, 0, 1], "split11_test": [0, 0, 0, 0, 0, 1], "split11_notXOR": [1, 1, 1, 1, 1, 1], "split11_prob": [0.014531518349960457, 0.00026842088196595357, 0.00026842088196595357, 0.00026842088196595357, 0.04450038910168918, 0.9691803447430875], "split12_index": [84, 85, 86, 87, 88, 89], "split12_pred": [0, 0, 0, 0, 0, 0], "split12_test": [0, 0, 0, 0, 0, 1], "split12_notXOR": [1, 1, 1, 1, 1, 0], "split12_prob": [0.024621382035917332, 0.0003619002375107288, 0.0003619002375107288, 0.0003619002375107288, 0.02460048565126087, 0.227542639972087], "split13_index": [90, 91, 92, 93, 94, 95], "split13_pred": [0, 0, 0, 0, 0, 1], "split13_test": [0, 0, 0, 0, 0, 1], "split13_notXOR": [1, 1, 1, 1, 1, 1], "split13_prob": [0.01996173058988638, 0.00025817666802572533, 0.00025817666802572533, 0.00025817666802572533, 4.1755313656925454e-05, 0.9394659697322973], "split14_index": [96, 97, 98, 99, 100, 101], "split14_pred": [0, 0, 0, 0, 0, 1], "split14_test": [0, 0, 0, 0, 0, 1], "split14_notXOR": [1, 1, 1, 1, 1, 1], "split14_prob": [0.02716356986405275, 0.00013229632404775505, 0.00013229632404775505, 0.00013229632404775505, 0.00011102707895765924, 0.9557017908416608], "split15_index": [102, 103, 104, 105, 106, 107], "split15_pred": [0, 0, 0, 0, 0, 1], "split15_test": [0, 0, 0, 0, 0, 1], "split15_notXOR": [1, 1, 1, 1, 1, 1], "split15_prob": [0.020711214861960044, 5.86324147738892e-05, 5.86324147738892e-05, 5.86324147738892e-05, 7.320781700767198e-05, 0.9575266822844305], "split16_index": [108, 109, 110, 111, 112, 113], "split16_pred": [0, 0, 0, 0, 0, 1], "split16_test": [0, 0, 0, 0, 0, 1], "split16_notXOR": [1, 1, 1, 1, 1, 1], "split16_prob": [0.009936518143311505, 6.018179493008789e-06, 6.018179493008789e-06, 6.018179493008789e-06, 1.1084986193874862e-05, 0.9804093646990395], "split17_index": [114, 115, 116, 117, 118, 119], "split17_pred": [0, 0, 0, 0, 0, 1], "split17_test": [0, 0, 0, 0, 0, 1], "split17_notXOR": [1, 1, 1, 1, 1, 1], "split17_prob": [0.019885521670421732, 2.2066613068098513e-05, 2.2066613068098513e-05, 2.2066613068098513e-05, 4.1675946944582457e-05, 0.977612814303938], "split18_index": [120, 121, 122, 123, 124, 125], "split18_pred": [0, 0, 0, 0, 0, 0], "split18_test": [0, 0, 0, 0, 1, 1], "split18_notXOR": [1, 1, 1, 1, 0, 0], "split18_prob": [3.150674061711546e-05, 3.150674061711546e-05, 3.150674061711546e-05, 3.150674061711546e-05, 3.150674061711546e-05, 3.150674061711546e-05], "split19_index": [126, 127, 128, 129, 130, 131], "split19_pred": [0, 0, 0, 0, 0, 1], "split19_test": [0, 0, 0, 0, 1, 1], "split19_notXOR": [1, 1, 1, 1, 0, 1], "split19_prob": [0.1451434553363528, 0.10208557784417734, 0.10208557784417734, 0.10208557784417734, 0.10208557784417734, 0.9533480241391877], "split20_index": [132, 133, 134, 135, 136, 137], "split20_pred": [0, 0, 0, 0, 0, 1], "split20_test": [0, 0, 0, 0, 0, 1], "split20_notXOR": [1, 1, 1, 1, 1, 1], "split20_prob": [0.16802791581531057, 0.13322210253906755, 0.13322210253906755, 0.13322210253906755, 0.003477192626167892, 0.9467532978384727], "split21_index": [138, 139, 140, 141, 142, 143], "split21_pred": [0, 0, 0, 0, 0, 1], "split21_test": [0, 0, 0, 0, 0, 1], "split21_notXOR": [1, 1, 1, 1, 1, 1], "split21_prob": [0.1343340980493784, 0.13039529812707437, 0.13039529812707437, 0.13039529812707437, 0.002738557861652363, 0.9621852029294065], "split22_index": [144, 145, 146, 147, 148, 149], "split22_pred": [0, 0, 0, 0, 0, 1], "split22_test": [0, 0, 0, 0, 0, 1], "split22_notXOR": [1, 1, 1, 1, 1, 1], "split22_prob": [0.1286014354895235, 0.12845346345561273, 0.12845346345561273, 0.12845346345561273, 0.002478238549353508, 0.9655899524198588], "split23_index": [150, 151, 152, 153, 154, 155], "split23_pred": [0, 0, 0, 0, 0, 1], "split23_test": [0, 0, 0, 0, 0, 1], "split23_notXOR": [1, 1, 1, 1, 1, 1], "split23_prob": [0.12697120339919363, 0.12694739424863966, 0.12694739424863966, 0.12694739424863966, 0.0021253457539274797, 0.9703995935965317], "split24_index": [156, 157, 158, 159, 160, 161], "split24_pred": [0, 0, 0, 0, 0, 1], "split24_test": [0, 0, 0, 0, 0, 1], "split24_notXOR": [1, 1, 1, 1, 1, 1], "split24_prob": [0.13066988360746837, 0.1306814958974913, 0.1306814958974913, 0.1306814958974913, 0.001784751466219191, 0.9777252599608979], "split25_index": [162, 163, 164, 165, 166, 167, 168, 169], "split25_pred": [0, 0, 0, 0, 0, 0, 0, 1], "split25_test": [0, 0, 0, 1, 0, 0, 0, 1], "split25_notXOR": [1, 1, 1, 0, 1, 1, 1, 1],