{"split0_index": [7, 8, 9, 10, 11, 12, 13, 14, 15, 16], "split0_pred": [0, 0, 0, 0, 0, 0, 0, 0, 0, 0], "split0_test": [0, 0, 0, 1, 0, 0, 0, 0, 0, 1], "split0_notXOR": [1, 1, 1, 0, 1, 1, 1, 1, 1, 0], "split0_prob": [2.805146467702107e-29, 0.04669486168143926, 1.630487716647327e-05, 3.3945243858365263e-16, 1.23394033162466e-12, 9.33821150886071e-20, 0.3255506951471584, 5.5891755839489e-11, 0.0015808905729693986, 1.9158000622254512e-29], "split1_index": [17, 18, 19, 20, 21, 22, 23, 24, 25, 26], "split1_pred": [0, 0, 0, 0, 0, 0, 0, 0, 0, 1], "split1_test": [0, 0, 0, 1, 0, 0, 0, 0, 0, 0], "split1_notXOR": [1, 1, 1, 0, 1, 1, 1, 1, 1, 0], "split1_prob": [0.20915333686854667, 0.20915333686854667, 0.20915333686854667, 0.20915333686854667, 0.20915333686854667, 0.017048317022953643, 0.20915333686854667, 0.20915333686854667, 0.20915333686854667, 0.9855071455127284], "split2_index": [27, 28, 29, 30, 31, 32, 33, 34, 35, 36], "split2_pred": [0, 0, 0, 0, 0, 0, 0, 0, 0, 0], "split2_test": [0, 0, 0, 1, 0, 0, 0, 0, 0, 0], "split2_notXOR": [1, 1, 1, 0, 1, 1, 1, 1, 1, 1], "split2_prob": [0.24833230770460807, 0.24833230770460807, 0.24833230770460807, 0.24833230770460807, 0.24833230770460807, 0.24833230770460807, 0.24833230770460807, 0.24833230770460807, 0.24833230770460807, 0.24833230770460807], "split3_index": [37, 38, 39, 40, 41, 42, 43, 44, 45, 46], "split3_pred": [0, 0, 0, 0, 0, 0, 0, 0, 0, 0], "split3_test": [0, 0, 0, 1, 0, 0, 0, 0, 0, 0], "split3_notXOR": [1, 1, 1, 0, 1, 1, 1, 1, 1, 1], "split3_prob": [0.16648641847797038, 0.16648641847797038, 0.028308904667432105, 0.036247012194441784, 0.018339092011513656, 0.028308904667432105, 0.04502014358704617, 0.08965004182187634, 0.10598458975211744, 0.3109926232051905], "split4_index": [47, 48, 49, 50, 51, 52, 53, 54, 55, 56], "split4_pred": [0, 0, 0, 0, 0, 0, 0, 0, 0, 0], "split4_test": [0, 0, 0, 0, 1, 0, 0, 0, 0, 0], "split4_notXOR": [1, 1, 1, 1, 0, 1, 1, 1, 1, 1], "split4_prob": [0.12285529993263096, 0.12285529993263096, 0.16059950401434225, 0.16059950401434225, 0.127341859218164, 0.16059950401434225, 0.16059950401434225, 0.16059950401434225, 0.16059950401434225, 0.09674738016065204], "split5_index": [57, 58, 59, 60, 61, 62, 63, 64, 65, 66, 67], "split5_pred": [0, 0, 0, 0, 0, 0, 0, 0, 0, 0, 0], "split5_test": [1, 0, 0, 0, 0, 0, 0, 0, 0, 0, 0], "split5_notXOR": [0, 1, 1, 1, 1, 1, 1, 1, 1, 1, 1], "split5_prob": [0.023563344259052352, 0.038562334170621354, 0.038562334170621354, 0.038562334170621354, 0.04740560302599902, 0.038562334170621354, 0.03574667410326896, 0.038562334170621354, 0.038562334170621354, 0.038562334170621354, 0.03071702057854444], "split6_index": [68, 69, 70, 71, 72, 73, 74, 75, 76, 77, 78], "split6_pred": [0, 0, 0, 0, 0, 0, 0, 0, 0, 0, 0], "split6_test": [1, 0, 0, 0, 0, 0, 0, 0, 0, 1, 0], "split6_notXOR": [0, 1, 1, 1, 1, 1, 1, 1, 1, 0, 1], "split6_prob": [0.14769302317161997, 0.0779573233387616, 0.3636428318626873, 0.0779573233387616, 0.14129012047276368, 0.2596729223190417, 0.3415611741014066, 0.10034898354729936, 0.0779573233387616, 0.27498989407285584, 0.0779573233387616], "split7_index": [79, 80, 81, 82, 83, 84, 85, 86, 87, 88, 89], "split7_pred": [0, 0, 0, 0, 0, 0, 0, 0, 0, 0, 0], "split7_test": [1, 0, 0, 0, 0, 0, 0, 0, 0, 0, 0], "split7_notXOR": [0, 1, 1, 1, 1, 1, 1, 1, 1, 1, 1], "split7_prob": [0.16919224501828206, 0.09823058869952227, 0.09823058869952227, 0.09823058869952227, 0.09823058869952227, 0.09823058869952227, 0.09823058869952227, 0.09823058869952227, 0.09823058869952227, 0.16919224501828206, 0.09823058869952227], "split8_index": [90, 91, 92, 93, 94, 95, 96, 97, 98, 99, 100, 101], "split8_pred": [0, 0, 0, 0, 0, 0, 0, 0, 0, 0, 0, 0], "split8_test": [1, 0, 0, 0, 0, 0, 0, 1, 0, 0, 0, 0], "split8_notXOR": [0, 1, 1, 1, 1, 1, 1, 0, 1, 1, 1, 1], "split8_prob": [0.07905226244043415, 0.07905226244043415, 0.07905226244043415, 0.07905226244043415, 0.24804040557311263, 0.24949823609928679, 0.07905226244043415, 0.13385144674871413, 0.07905226244043415, 0.07905226244043415, 0.24652551951630594, 0.2005856628461693], "split9_index": [102, 103, 104, 105, 106, 107, 108, 109, 110, 111, 112, 113, 114], "split9_pred": [1, 0, 0, 0, 0, 0, 0, 0, 0, 0, 0, 0, 0], "split9_test": [1, 0, 0, 0, 0, 0, 0, 0, 0, 0, 0, 0, 0], "split9_notXOR": [1, 1, 1, 1, 1, 1, 1, 1, 1, 1, 1, 1, 1], "split9_prob": [0.5216348694566723, 0.0857635333505787, 0.16627891721080076, 0.3678600943540533, 0.0857635333505787, 0.3998448403707703, 0.0857635333505787, 0.0857635333505787, 0.30530319376963333, 0.0857635333505787, 0.0857635333505787, 0.0857635333505787, 0.0857635333505787], "split10_index": [115, 116, 117, 118, 119, 120, 121, 122, 123, 124, 125, 126, 127], "split10_pred": [0, 0, 0, 0, 0, 0, 0, 0, 0, 0, 0, 0, 0], "split10_test": [1, 0, 0, 0, 0, 0, 0, 0, 0, 0, 0, 0, 0], "split10_notXOR": [0, 1, 1, 1, 1, 1, 1, 1, 1, 1, 1, 1, 1], "split10_prob": [0.32233251730935003, 0.06944522199578029, 0.06944522199578029, 0.06944522199578029, 0.06944522199578029, 0.06944522199578029, 0.06944522199578029, 0.06944522199578029, 0.06944522199578029, 0.06944522199578029, 0.06944522199578029, 0.06944522199578029, 0.16642659392269488], "split11_index": [128, 129, 130, 131, 132, 133, 134, 135, 136, 137, 138, 139, 140], "split11_pred": [0, 0, 0, 0, 0, 0, 0, 0, 0, 0, 0, 0, 0], "split11_test": [1, 0, 0, 0, 0, 0, 0, 0, 0, 0, 0, 0, 0], "split11_notXOR": [0, 1, 1, 1, 1, 1, 1, 1, 1, 1, 1, 1, 1], "split11_prob": [0.06472145407563673, 0.20132658300691042, 0.06472145407563673, 0.06472145407563673, 0.20181848713065276, 0.06472145407563673, 0.06472145407563673, 0.06472145407563673, 0.06472145407563673, 0.06472145407563673, 0.06472145407563673, 0.06472145407563673, 0.14022468825857076], "split12_index": [141, 142, 143, 144, 145, 146, 147, 148, 149, 150, 151, 152, 153], "split12_pred": [0, 0, 0, 0, 0, 0, 0, 0, 0, 0, 0, 0, 0], "split12_test": [1, 0, 0, 0, 0, 0, 0, 0, 0, 0, 0, 0, 0], "split12_notXOR": [0, 1, 1, 1, 1, 1, 1, 1, 1, 1, 1, 1, 1], "split12_prob": [0.06670598142629604, 0.06670598142629604, 0.06670598142629604, 0.06670598142629604, 0.06670598142629604, 0.06670598142629604, 0.06670598142629604, 0.06670598142629604, 0.06670598142629604, 0.06670598142629604, 0.19919274704587253, 0.06670598142629604, 0.06670598142629604], "split13_index": [154, 155, 156, 157, 158, 159, 160, 161, 162, 163, 164, 165, 166], "split13_pred": [0, 0, 0, 0, 0, 0, 0, 0, 0, 0, 0, 0, 0], "split13_test": [1, 0, 0, 0, 0, 0, 0, 0, 0, 0, 0, 0, 0], "split13_notXOR": [0, 1, 1, 1, 1, 1, 1, 1, 1, 1, 1, 1, 1], "split13_prob": [0.18224508085346575, 0.06778874957212523, 0.06778874957212523, 0.06778874957212523, 0.06778874957212523, 0.06778874957212523, 0.06778874957212523, 0.06778874957212523, 0.06778874957212523, 0.06778874957212523, 0.19768831732379527, 0.06778874957212523, 0.06778874957212523], "split14_index": [167, 168, 169, 170, 171, 172, 173, 174, 175, 176, 177, 178], "split14_pred": [0, 0, 0, 0, 0, 0, 0, 0, 0, 0, 0, 0], "split14_test": [1, 0, 0, 0, 0, 0, 0, 0, 0, 0, 0, 0], "split14_notXOR": [0, 1, 1, 1, 1, 1, 1, 1, 1, 1, 1, 1], "split14_prob": [0.06591995936329549, 0.06591995936329549, 0.06591995936329549, 0.06591995936329549, 0.06591995936329549, 0.06591995936329549, 0.06591995936329549, 0.1667298360227189, 0.06591995936329549, 0.06591995936329549, 0.06591995936329549, 0.06591995936329549], "split15_index": [179, 180, 181, 182, 183, 184, 185, 186, 187, 188, 189, 190], "split15_pred": [0, 0, 0, 0, 0, 0, 0, 0, 0, 0, 0, 0], "split15_test": [1, 0, 0, 0, 0, 0, 0, 0, 0, 0, 0, 0], "split15_notXOR": [0, 1, 1, 1, 1, 1, 1, 1, 1, 1, 1, 1], "split15_prob": [0.0674461574653214, 0.0674461574653214, 0.0674461574653214, 0.18682820556743357, 0.0674461574653214, 0.0674461574653214, 0.0674461574653214, 0.0674461574653214, 0.0674461574653214, 0.0674461574653214, 0.0674461574653214, 0.0674461574653214], "split16_index": [191, 192, 193, 194, 195, 196, 197, 198, 199, 200, 201, 202], "split16_pred": [0, 0, 0, 0, 0, 0, 0, 0, 0, 0, 0, 0], "split16_test": [1, 0, 0, 0, 0, 0, 0, 0, 0, 0, 0, 0],