{"split0_index": [9, 10, 11, 12, 13, 14, 15, 16, 17], "split0_pred": [0, 0, 1, 0, 0, 0, 0, 0, 0], "split0_test": [0, 0, 1, 0, 0, 1, 0, 0, 0], "split0_notXOR": [1, 1, 1, 1, 1, 0, 1, 1, 1], "split0_prob": [0.006878579263874685, 0.054274540664191524, 0.9999999999999787, 0.028354641848799482, 0.00549722117985352, 0.3495037433451382, 0.3495037433451382, 0.10035271525074825, 0.005792831934583734], "split1_index": [18, 19, 20, 21, 22, 23, 24, 25, 26], "split1_pred": [0, 0, 1, 0, 0, 1, 1, 0, 0], "split1_test": [0, 0, 1, 0, 0, 1, 0, 0, 0], "split1_notXOR": [1, 1, 1, 1, 1, 1, 0, 1, 1], "split1_prob": [0.008680309234167967, 0.055120704170400776, 0.9999999999999645, 0.02998996343422205, 0.007620651784817543, 0.6325594128631975, 0.6325594128631975, 0.09886409330534039, 0.009023524181816428], "split2_index": [27, 28, 29, 30, 31, 32, 33, 34, 35], "split2_pred": [0, 0, 1, 0, 0, 1, 1, 0, 0], "split2_test": [0, 0, 1, 0, 0, 1, 0, 0, 0], "split2_notXOR": [1, 1, 1, 1, 1, 1, 0, 1, 1], "split2_prob": [0.009164386097844276, 0.05480740910010781, 0.9999999999999574, 0.030183205251102716, 0.008231062228281643, 0.6983843569323177, 0.6983843569323177, 0.09766620630542969, 0.010067941307181702], "split3_index": [36, 37, 38, 39, 40, 41, 42, 43, 44], "split3_pred": [0, 0, 1, 0, 0, 1, 1, 0, 0], "split3_test": [0, 0, 1, 0, 0, 1, 0, 0, 0], "split3_notXOR": [1, 1, 1, 1, 1, 1, 0, 1, 1], "split3_prob": [0.009390351455085698, 0.05458070786426444, 0.9999999999999538, 0.030237703946494977, 0.008520560974699807, 0.7263137806301156, 0.7263137806301156, 0.09699612530886004, 0.010584550196577617], "split4_index": [45, 46, 47, 48, 49, 50, 51, 52, 53], "split4_pred": [0, 0, 1, 0, 0, 1, 1, 0, 0], "split4_test": [0, 0, 1, 0, 0, 1, 0, 0, 0], "split4_notXOR": [1, 1, 1, 1, 1, 1, 0, 1, 1], "split4_prob": [0.011732894666265974, 0.049223231009692, 0.999999999999849, 0.02951098077617279, 0.011554874846110069, 0.909161086518016, 0.909161086518016, 0.08632781788092678, 0.01715897477191474], "split5_index": [54, 55, 56, 57, 58, 59, 60, 61, 62], "split5_pred": [0, 0, 1, 0, 0, 1, 1, 0, 0], "split5_test": [0, 0, 1, 0, 0, 1, 0, 0, 0], "split5_notXOR": [1, 1, 1, 1, 1, 1, 0, 1, 1], "split5_prob": [0.011799416331124834, 0.04898543200955756, 0.9999999999998437, 0.02945369556766594, 0.011638130915036092, 0.9120516084792851, 0.9120516084792851, 0.08592273718189555, 0.017382871730335023], "split6_index": [63, 64, 65, 66, 67, 68, 69, 70, 71], "split6_pred": [0, 0, 1, 0, 0, 1, 1, 0, 0], "split6_test": [0, 0, 1, 0, 0, 1, 0, 0, 0], "split6_notXOR": [1, 1, 1, 1, 1, 1, 0, 1, 1], "split6_prob": [0.011560640086367235, 0.04981269125927983, 0.999999999999865, 0.029647817328687626, 0.011337782314297105, 0.9012487392090415, 0.9012487392090415, 0.08734378969541906, 0.01659086589580717], "split7_index": [72, 73, 74, 75, 76, 77, 78, 79, 80], "split7_pred": [0, 0, 1, 0, 0, 1, 1, 0, 0], "split7_test": [0, 0, 1, 0, 0, 1, 0, 0, 0], "split7_notXOR": [1, 1, 1, 1, 1, 1, 0, 1, 1], "split7_prob": [0.011121431782550218, 0.051160634615396945, 0.9999999999998952, 0.029929836449992534, 0.010775774521751318, 0.8779219279082288, 0.8779219279082288, 0.08974729197657218, 0.015211178646463687], "split8_index": [81, 82, 83, 84, 85, 86, 87, 88, 89], "split8_pred": [0, 0, 1, 0, 0, 1, 1, 0, 0], "split8_test": [0, 0, 1, 0, 0, 1, 0, 0, 0], "split8_notXOR": [1, 1, 1, 1, 1, 1, 0, 1, 1], "split8_prob": [0.011236627869049786, 0.050827339724675666, 0.9999999999998881, 0.029864522663960547, 0.010924210657257925, 0.8845152093292888, 0.8845152093292888, 0.08914070832583745, 0.015564057469343424], "split9_index": [90, 91, 92, 93, 94, 95, 96, 97, 98, 99], "split9_pred": [0, 0, 1, 0, 0, 1, 1, 1, 0, 0], "split9_test": [0, 0, 1, 0, 0, 1, 0, 0, 0, 0], "split9_notXOR": [1, 1, 1, 1, 1, 1, 0, 0, 1, 1], "split9_prob": [0.011121431782550218, 0.051160634615397035, 0.9999999999998952, 0.013371766764202753, 0.010775774521751318, 0.8779219279082303, 0.8779219279082303, 0.9999976592785312, 0.07532981997490945, 0.015211178646463715], "split10_index": [100, 101, 102, 103, 104, 105, 106, 107, 108, 109], "split10_pred": [0, 0, 1, 0, 0, 1, 1, 1, 0, 0], "split10_test": [0, 0, 1, 0, 0, 1, 0, 0, 0, 0], "split10_notXOR": [1, 1, 1, 1, 1, 1, 0, 0, 1, 1], "split10_prob": [0.012461656923189728, 0.046392809079429095, 0.9999999999931344, 0.014858214500254402, 0.01190505865610892, 0.8102251434329107, 0.8102251434329107, 0.9999711514169601, 0.0751844293473444, 0.016070736134778885], "split11_index": [110, 111, 112, 113, 114, 115, 116, 117, 118, 119], "split11_pred": [0, 0, 1, 0, 0, 1, 1, 1, 0, 0], "split11_test": [0, 0, 1, 0, 0, 1, 0, 0, 1, 0], "split11_notXOR": [1, 1, 1, 1, 1, 1, 0, 0, 0, 1], "split11_prob": [0.01434001718344041, 0.04337096212377601, 0.9999999998822755, 0.016726675850727988, 0.013873832260084458, 0.8158037066379384, 0.8158037066379384, 0.9998493271720446, 0.0721378969985282, 0.019083759534786943], "split12_index": [120, 121, 122, 123, 124, 125, 126, 127, 128, 129, 130, 131, 132, 133], "split12_pred": [0, 0, 1, 0, 0, 1, 1, 1, 1, 0, 0, 0, 0, 0], "split12_test": [0, 0, 1, 0, 0, 1, 0, 0, 0, 1, 0, 1, 0, 0], "split12_notXOR": [1, 1, 1, 1, 1, 1, 0, 0, 0, 0, 1, 0, 1, 1], "split12_prob": [0.01700945497532443, 0.11393321477385425, 0.999999999268903, 0.019676048607279815, 0.016594299959220144, 0.810170587277682, 0.810170587277682, 0.810170587277682, 0.9995811492835205, 0.07920134502791804, 0.016983423827906106, 0.056258957659868186, 0.05711018222418146, 0.03072888970443017], "split13_index": [134, 135, 136, 137, 138, 139, 140, 141, 142, 143, 144, 145, 146, 147], "split13_pred": [0, 0, 1, 0, 0, 1, 1, 1, 1, 0, 0, 0, 0, 0], "split13_test": [0, 0, 1, 0, 0, 1, 0, 0, 0, 1, 0, 1, 0, 0], "split13_notXOR": [1, 1, 1, 1, 1, 1, 0, 0, 0, 0, 1, 0, 1, 1], "split13_prob": [0.02096981954469837, 0.13015452465738797, 0.9999999969078281, 0.024219379973784746, 0.020399900733994388, 0.7437428385842304, 0.7437428385842304, 0.7437428385842304, 0.9992644329470445, 0.035426911342474214, 0.02049586384231445, 0.035426911342474214, 0.06664018908452025, 0.03831606919379317], "split14_index": [148, 149, 150, 151, 152, 153, 154, 155, 156, 157, 158, 159, 160, 161], "split14_pred": [0, 0, 1, 0, 0, 1, 1, 1, 1, 0, 0, 0, 0, 0], "split14_test": [0, 0, 1, 0, 0, 1, 0, 0, 0, 1, 0, 1, 0, 0], "split14_notXOR": [1, 1, 1, 1, 1, 1, 0, 0, 0, 0, 1, 0, 1, 1], "split14_prob": [0.025145700038421297, 0.1196702525981078, 0.9999999830672125, 0.02808660597439748, 0.025128897617432016, 0.8105837124643273, 0.8105837124643273, 0.8105837124643273, 0.9982381953502799, 0.03795692102176202, 0.02574564551493198, 0.03795692102176202, 0.06799723179136236, 0.03954812627122289], "split15_index": [162, 163, 164, 165, 166, 167, 168, 169, 170, 171, 172, 173, 174, 175, 176], "split15_pred": [0, 0, 1, 0, 0, 1, 1, 1, 1, 1, 0, 0, 0, 0, 0], "split15_test": [0, 0, 1, 0, 0, 0, 1, 0, 0, 0, 1, 0, 1, 0, 0], "split15_notXOR": [1, 1, 1, 1, 1, 0, 1, 0, 0, 0, 0, 1, 0, 1, 1], "split15_prob": [0.028272846086794253, 0.12938992927448772, 0.9999999636912349, 0.03157161962096076, 0.02807453411199464, 0.9999999993511466, 0.770768841764479, 0.770768841764479, 0.770768841764479, 0.9976652075526985, 0.042638115989758266, 0.028525526051721255, 0.042638115989758266, 0.07431804105633116, 0.04477006399130394], "split16_index": [177, 178, 179, 180, 181, 182, 183, 184, 185, 186, 187, 188, 189, 190, 191, 192], "split16_pred": [0, 0, 1, 0, 0, 1, 1, 1, 1, 1, 1, 0, 0, 0, 0, 0], "split16_test": [0, 0, 1, 0, 0, 0, 0, 1, 0, 0, 0, 1, 0, 1, 0, 0], "split16_notXOR": [1, 1, 1, 1, 1, 0, 0, 1, 0, 0, 0, 0, 1, 0, 1, 1], "split16_prob": [0.036818142326311004, 0.12723839029262551, 0.9999991469061003, 0.040245667836066985, 0.0366722498518947, 0.9999695090988631, 0.7470863503275835, 0.7160023071769863, 0.7160023071769863, 0.7160023071769863, 0.9922879306180362, 0.05121931887648593, 0.037149466229958156, 0.05121931887648593, 0.08056160926469964, 0.054048564961671146], "split17_index": [193, 194, 195, 196, 197, 198, 199, 200, 201, 202, 203, 204, 205, 206, 207, 208],