{"split0_index": [11, 12, 13, 14, 15, 16, 17, 18, 19, 20, 21], "split0_pred": [0, 0, 0, 0, 0, 0, 0, 0, 0, 0, 0], "split0_test": [1, 0, 1, 1, 1, 1, 1, 1, 0, 1, 1], "split0_notXOR": [0, 1, 0, 0, 0, 0, 0, 0, 1, 0, 0], "split0_prob": [0.49000000000000005, 0.49000000000000005, 0.49000000000000005, 0.49000000000000005, 0.49000000000000005, 0.49000000000000005, 0.49000000000000005, 0.49000000000000005, 0.49000000000000005, 0.49000000000000005, 0.49000000000000005], "split1_index": [22, 23, 24, 25, 26, 27, 28, 29, 30, 31, 32], "split1_pred": [0, 0, 0, 1, 0, 1, 0, 0, 1, 1, 1], "split1_test": [0, 0, 0, 0, 0, 0, 0, 0, 0, 1, 0], "split1_notXOR": [1, 1, 1, 0, 1, 0, 1, 1, 0, 1, 0], "split1_prob": [0.3203769841269842, 0.4262142857142858, 0.4736190476190476, 0.5241150793650795, 0.4260714285714286, 0.6006706349206349, 0.49689285714285725, 0.4262142857142858, 0.5140238095238094, 0.6954563492063492, 0.6134087301587301]}