{"split0_index": [6, 7, 8, 9, 10, 11], "split0_pred": [0, 0, 0, 0, 0, 0], "split0_test": [0, 0, 1, 0, 0, 0], "split0_notXOR": [1, 1, 0, 1, 1, 1], "split0_prob": [0.1308247512679149, 0.05567143282761192, 0.4635523882562435, 0.14163798345883064, 0.10193269659816802, 0.10600207073296336], "split1_index": [12, 13, 14, 15, 16, 17], "split1_pred": [0, 0, 1, 0, 0, 0], "split1_test": [0, 1, 1, 0, 0, 1], "split1_notXOR": [1, 0, 1, 1, 1, 0], "split1_prob": [0.08469670039109624, 0.0009220035797751809, 0.9973692069894599, 0.11182211902523902, 0.056626451001776996, 0.06364621671749332], "split2_index": [18, 19, 20, 21, 22, 23], "split2_pred": [0, 1, 1, 0, 0, 0], "split2_test": [0, 1, 1, 0, 0, 1], "split2_notXOR": [1, 1, 1, 1, 1, 0], "split2_prob": [0.09784781872844146, 0.514373384397076, 0.51411012823988, 0.10949181413336881, 0.1257236703548738, 0.1411412019596389], "split3_index": [24, 25, 26, 27, 28, 29], "split3_pred": [0, 1, 1, 1, 0, 1], "split3_test": [0, 1, 0, 0, 0, 0], "split3_notXOR": [1, 1, 0, 0, 1, 0], "split3_prob": [0.49443813857265806, 0.886713266921629, 0.7683305753788312, 0.6451741979669898, 0.47658597654564155, 0.9533120826269865], "split4_index": [30, 31, 32, 33, 34, 35, 36, 37, 38], "split4_pred": [0, 1, 0, 0, 0, 0, 0, 0, 1], "split4_test": [0, 0, 0, 0, 1, 0, 0, 0, 0], "split4_notXOR": [1, 0, 1, 1, 0, 1, 1, 1, 0], "split4_prob": [0.13708606875498322, 0.5450599281491026, 0.2735870336457686, 0.25420880914763483, 0.26212195233170243, 0.48508381629834585, 0.13079121838084756, 0.4388539572783742, 0.6580463812038122], "split5_index": [39, 40, 41, 42, 43, 44, 45, 46, 47], "split5_pred": [0, 0, 0, 0, 0, 0, 0, 0, 0], "split5_test": [0, 0, 0, 0, 1, 0, 0, 0, 0], "split5_notXOR": [1, 1, 1, 1, 0, 1, 1, 1, 1], "split5_prob": [0.06198502602839375, 0.1610652508592814, 0.2498646097759213, 0.14732209446835307, 0.2480467879522611, 0.15799582120889577, 0.0781922112370518, 0.4315817817940792, 0.3565011905465896], "split6_index": [48, 49, 50, 51, 52, 53, 54, 55, 56], "split6_pred": [0, 0, 0, 0, 0, 0, 0, 0, 0], "split6_test": [0, 0, 0, 0, 1, 0, 0, 0, 0], "split6_notXOR": [1, 1, 1, 1, 0, 1, 1, 1, 1], "split6_prob": [0.04493487571681797, 0.10537889861428915, 0.24240478269590351, 0.1023176673978783, 0.3677339641024943, 0.15741715567846704, 0.04923018064443182, 0.428843002550901, 0.21685653672214142]}