{"split0_index": [9, 10, 11, 12, 13, 14, 15, 16, 17], "split0_pred": [1, 1, 1, 1, 1, 1, 1, 1, 1], "split0_test": [1, 0, 0, 1, 0, 1, 1, 1, 0], "split0_notXOR": [1, 0, 0, 1, 0, 1, 1, 1, 0], "split0_prob": [0.6500000176547583, 0.6500000176547583, 0.6500000176547583, 0.6500000176547583, 0.6500000176547583, 0.6500000176547583, 0.6500000176547583, 0.6500000176547583, 0.6500000176547583], "split1_index": [18, 19, 20, 21, 22, 23, 24, 25, 26], "split1_pred": [1, 1, 1, 1, 1, 1, 1, 1, 1], "split1_test": [1, 0, 0, 1, 0, 0, 0, 1, 0], "split1_notXOR": [1, 0, 0, 1, 0, 0, 0, 1, 0], "split1_prob": [0.564472694275763, 0.564472694275763, 0.564472694275763, 0.564472694275763, 0.564472694275763, 0.5989116499780456, 0.564472694275763, 0.564472694275763, 0.564472694275763], "split2_index": [27, 28, 29, 30, 31, 32, 33, 34, 35], "split2_pred": [1, 1, 1, 1, 1, 1, 1, 1, 1], "split2_test": [1, 0, 0, 1, 0, 0, 0, 1, 0], "split2_notXOR": [1, 0, 0, 1, 0, 0, 0, 1, 0], "split2_prob": [0.49264203446557303, 0.49264203446557303, 0.49264203446557303, 0.49264203446557303, 0.49264203446557303, 0.49264203446557303, 0.5557822972393958, 0.49264203446557303, 0.49264203446557303], "split3_index": [36, 37, 38, 39, 40, 41, 42, 43, 44], "split3_pred": [0, 1, 1, 0, 0, 0, 0, 0, 0], "split3_test": [1, 0, 0, 1, 0, 0, 0, 1, 0], "split3_notXOR": [0, 0, 0, 0, 1, 1, 1, 0, 1], "split3_prob": [0.5384080740472614, 0.3166700766912293, 0.21419979944550888, 0.3694576160942956, 0.5384080740472614, 0.5384080740472614, 0.5384080740472614, 0.5384080740472614, 0.33926186379889384], "split4_index": [45, 46, 47, 48, 49, 50, 51, 52, 53], "split4_pred": [0, 0, 0, 0, 0, 0, 0, 0, 0], "split4_test": [1, 1, 0, 1, 0, 0, 0, 1, 0], "split4_notXOR": [0, 0, 1, 0, 1, 1, 1, 0, 1], "split4_prob": [0.4640619081477543, 0.4715161955248926, 0.4553576544135314, 0.4732710563733652, 0.4732710563733652, 0.4732710563733652, 0.4732710563733652, 0.462182458411864, 0.4732710563733652], "split5_index": [54, 55, 56, 57, 58, 59, 60, 61, 62], "split5_pred": [0, 1, 0, 0, 0, 0, 1, 0, 0], "split5_test": [1, 1, 0, 1, 0, 0, 0, 1, 0], "split5_notXOR": [0, 1, 1, 0, 1, 1, 0, 0, 1], "split5_prob": [0.465193164442617, 0.26702199934976006, 0.465193164442617, 0.465193164442617, 0.465193164442617, 0.3954176289597364, 0.26702198523680715, 0.465193164442617, 0.465193164442617], "split6_index": [63, 64, 65, 66, 67, 68, 69, 70, 71], "split6_pred": [0, 1, 0, 0, 0, 0, 0, 0, 0], "split6_test": [1, 1, 0, 1, 0, 0, 0, 1, 0], "split6_notXOR": [0, 1, 1, 0, 1, 1, 1, 0, 1], "split6_prob": [0.4197951816723628, 0.645331549361214, 0.4197951816723628, 0.610880144111274, 0.4197951816723628, 0.4197951816723628, 0.4197951816723628, 0.4197951816723628, 0.4197951816723628], "split7_index": [72, 73, 74, 75, 76, 77, 78, 79, 80], "split7_pred": [0, 1, 0, 0, 0, 0, 0, 0, 0], "split7_test": [1, 1, 0, 1, 0, 0, 0, 1, 0], "split7_notXOR": [0, 1, 1, 0, 1, 1, 1, 0, 1], "split7_prob": [0.46205015136941413, 0.3624802307358001, 0.46205015136941413, 0.46205015136941413, 0.46205015136941413, 0.46205015136941413, 0.46205015136941413, 0.46205015136941413, 0.46205015136941413], "split8_index": [81, 82, 83, 84, 85, 86, 87, 88, 89], "split8_pred": [0, 1, 0, 0, 0, 0, 0, 0, 0], "split8_test": [1, 1, 0, 1, 0, 0, 0, 1, 0], "split8_notXOR": [0, 1, 1, 0, 1, 1, 1, 0, 1], "split8_prob": [0.40610803107566357, 0.7834273256962911, 0.40610803107566357, 0.40610803107566357, 0.40610803107566357, 0.40610803107566357, 0.40610803107566357, 0.40610803107566357, 0.40610803107566357], "split9_index": [90, 91, 92, 93, 94, 95, 96, 97, 98], "split9_pred": [0, 1, 0, 0, 0, 0, 0, 0, 0], "split9_test": [1, 1, 0, 1, 0, 0, 0, 1, 0], "split9_notXOR": [0, 1, 1, 0, 1, 1, 1, 0, 1], "split9_prob": [0.41750577293363383, 0.6000997898704246, 0.40818913230062, 0.41750577293363383, 0.41750577293363383, 0.41750577293363383, 0.41750577293363383, 0.41750577293363383, 0.41750577293363383], "split10_index": [99, 100, 101, 102, 103, 104, 105, 106, 107], "split10_pred": [0, 1, 0, 0, 0, 0, 0, 1, 0], "split10_test": [1, 0, 0, 1, 0, 0, 0, 1, 0], "split10_notXOR": [0, 0, 1, 0, 1, 1, 1, 1, 1], "split10_prob": [0.4072989765957268, 0.6799123348714948, 0.4072989765957268, 0.43687487101152683, 0.4072989765957268, 0.4072989765957268, 0.4072989765957268, 0.7225031639634386, 0.4072989765957268], "split11_index": [108, 109, 110, 111, 112, 113, 114, 115, 116], "split11_pred": [0, 1, 0, 0, 0, 1, 0, 1, 1], "split11_test": [1, 1, 1, 1, 0, 1, 1, 0, 1], "split11_notXOR": [0, 1, 0, 0, 1, 1, 0, 0, 1], "split11_prob": [0.39165633794037635, 0.6542901270476632, 0.39165633794037635, 0.4012293883145067, 0.39165633794037635, 0.6542901270255191, 0.39165633794037635, 0.6545787452303236, 0.654290083448746], "split12_index": [117, 118, 119, 120, 121, 122, 123, 124, 125], "split12_pred": [0, 0, 0, 0, 0, 0, 0, 0, 0], "split12_test": [1, 1, 0, 1, 0, 1, 1, 0, 0], "split12_notXOR": [0, 0, 1, 0, 1, 0, 0, 1, 1], "split12_prob": [0.4870202206959478, 0.4870202206959478, 0.4870202206959478, 0.4870202206959478, 0.4870202206959478, 0.4870202206959478, 0.4870202206959478, 0.4870202206959478, 0.4870202206959478], "split13_index": [126, 127, 128, 129, 130, 131, 132, 133, 134], "split13_pred": [0, 0, 0, 0, 0, 0, 0, 0, 0], "split13_test": [1, 1, 0, 1, 0, 1, 1, 0, 0], "split13_notXOR": [0, 0, 1, 0, 1, 0, 0, 1, 1], "split13_prob": [0.4362537719679133, 0.4362537719679133, 0.4362537719679133, 0.4362537719679133, 0.4362537719679133, 0.8814782123947618, 0.4362537719679133, 0.4362537719679133, 0.4362537719679133], "split14_index": [135, 136, 137, 138, 139, 140, 141, 142, 143], "split14_pred": [0, 0, 0, 0, 0, 0, 0, 0, 0], "split14_test": [1, 1, 0, 1, 0, 1, 1, 0, 0], "split14_notXOR": [0, 0, 1, 0, 1, 0, 0, 1, 1], "split14_prob": [0.43438833740487537, 0.8102358216483405, 0.43438833740487537, 0.4492421575226492, 0.43438833740487537, 0.43438833740487537, 0.43438833740487537, 0.43438833740487537, 0.43438833740487537], "split15_index": [144, 145, 146, 147, 148, 149, 150, 151, 152], "split15_pred": [0, 0, 0, 0, 0, 0, 0, 0, 0], "split15_test": [1, 1, 0, 1, 0, 1, 1, 0, 0], "split15_notXOR": [0, 0, 1, 0, 1, 0, 0, 1, 1], "split15_prob": [0.43660839002297985, 0.43660839002297985, 0.43660839002297985, 0.527571755495306, 0.43660839002297985, 0.43660839002297985, 0.43660839002297985, 0.43660839002297985, 0.43660839002297985], "split16_index": [153, 154, 155, 156, 157, 158, 159, 160, 161], "split16_pred": [0, 0, 0, 0, 0, 0, 0, 0, 0], "split16_test": [1, 1, 0, 1, 0, 1, 1, 0, 0], "split16_notXOR": [0, 0, 1, 0, 1, 0, 0, 1, 1], "split16_prob": [0.5, 0.5, 0.5, 0.5, 0.5, 0.5, 0.5, 0.5, 0.5], "split17_index": [162, 163, 164, 165, 166, 167, 168, 169, 170], "split17_pred": [0, 0, 0, 0, 0, 0, 0, 0, 0], "split17_test": [1, 1, 0, 1, 0, 1, 1, 0, 0], "split17_notXOR": [0, 0, 1, 0, 1, 0, 0, 1, 1], "split17_prob": [0.49354411274061294, 0.49354411274061294, 0.49354411274061294, 0.49354411274061294, 0.49354411274061294, 0.49354411274061294, 0.49354411274061294, 0.49354411274061294, 0.49354411274061294], "split18_index": [171, 172, 173, 174, 175, 176, 177, 178, 179], "split18_pred": [0, 0, 0, 0, 0, 0, 0, 0, 0], "split18_test": [1, 1, 0, 1, 0, 1, 1, 0, 0], "split18_notXOR": [0, 0, 1, 0, 1, 0, 0, 1, 1], "split18_prob": [0.4422591174011401, 0.4422591174011401, 0.4422591174011401, 0.4422591174011401, 0.4422591174011401, 0.44227561606716864, 0.4422591174011401, 0.4422591174011401, 0.4422591174011401], "split19_index": [180, 181, 182, 183, 184, 185, 186, 187, 188], "split19_pred": [0, 0, 0, 0, 0, 0, 0, 0, 0], "split19_test": [1, 1, 0, 1, 0, 1, 1, 0, 0], "split19_notXOR": [0, 0, 1, 0, 1, 0, 0, 1, 1], "split19_prob": [0.4756705298431582, 0.4756705298431582, 0.4756705298431582, 0.48196801833206426, 0.4756705298431582, 0.5313532489244802, 0.4756705298431582, 0.4756705298431582, 0.4756705298431582], "split20_index": [189, 190, 191, 192, 193, 194, 195, 196, 197], "split20_pred": [0, 0, 0, 0, 0, 0, 0, 0, 0], "split20_test": [1, 1, 0, 1, 0, 1, 1, 0, 0], "split20_notXOR": [0, 0, 1, 0, 1, 0, 0, 1, 1],