{"split0_index": [3, 4, 5], "split0_pred": [0, 1, 1], "split0_test": [0, 1, 1], "split0_notXOR": [1, 1, 1], "split0_prob": [6.871387972638207e-69, 1.0, 1.0], "split1_index": [6, 7, 8], "split1_pred": [0, 1, 1], "split1_test": [0, 1, 1], "split1_notXOR": [1, 1, 1], "split1_prob": [0.0, 1.0, 1.0], "split2_index": [9, 10, 11], "split2_pred": [0, 1, 1], "split2_test": [0, 0, 1], "split2_notXOR": [1, 0, 1], "split2_prob": [0.0, 1.0, 1.0], "split3_index": [12, 13, 14], "split3_pred": [0, 1, 1], "split3_test": [0, 0, 1], "split3_notXOR": [1, 0, 1], "split3_prob": [4.683316379220933e-53, 0.9976494711740796, 0.9952509903948721], "split4_index": [15, 16, 17], "split4_pred": [0, 1, 1], "split4_test": [0, 0, 1], "split4_notXOR": [1, 0, 1], "split4_prob": [5.8567496290417445e-55, 0.9795998260874552, 0.994128351926156], "split5_index": [18, 19, 20], "split5_pred": [0, 1, 1], "split5_test": [0, 0, 1], "split5_notXOR": [1, 0, 1], "split5_prob": [0.0, 0.9999989853279995, 0.9999998789780096], "split6_index": [21, 22, 23], "split6_pred": [0, 1, 1], "split6_test": [0, 0, 1], "split6_notXOR": [1, 0, 1], "split6_prob": [8.806327752401355e-65, 0.8498181224230696, 0.9974802067071878], "split7_index": [24, 25, 26], "split7_pred": [0, 1, 1], "split7_test": [0, 0, 1], "split7_notXOR": [1, 0, 1], "split7_prob": [0.0, 0.9999044054878415, 0.999999375771336], "split8_index": [27, 28, 29], "split8_pred": [0, 0, 1], "split8_test": [0, 0, 1], "split8_notXOR": [1, 1, 1], "split8_prob": [3.496864823244171e-80, 0.1859608676660697, 0.9985042663003652], "split9_index": [30, 31, 32], "split9_pred": [0, 0, 1], "split9_test": [0, 0, 1], "split9_notXOR": [1, 1, 1], "split9_prob": [2.7083948302747555e-88, 0.04757674336539517, 0.998798737476923], "split10_index": [33, 34, 35], "split10_pred": [0, 0, 1], "split10_test": [0, 0, 1], "split10_notXOR": [1, 1, 1], "split10_prob": [1.516995954330858e-96, 0.01102499145231425, 0.9990146748738349], "split11_index": [36, 37, 38], "split11_pred": [0, 0, 1], "split11_test": [0, 0, 1], "split11_notXOR": [1, 1, 1], "split11_prob": [6.817055819889698e-105, 0.00250660196324288, 0.9991775179927652], "split12_index": [39, 40, 41], "split12_pred": [0, 0, 1], "split12_test": [0, 0, 1], "split12_notXOR": [1, 1, 1], "split12_prob": [2.618012290363524e-113, 0.000568687633497153, 0.9993032563295757], "split13_index": [42, 43, 44], "split13_pred": [0, 0, 1], "split13_test": [0, 0, 1], "split13_notXOR": [1, 1, 1], "split13_prob": [8.949370781890072e-122, 0.0001290154901617879, 0.9994023162986677], "split14_index": [45, 46, 47], "split14_pred": [0, 0, 1], "split14_test": [0, 0, 1], "split14_notXOR": [1, 1, 1], "split14_prob": [2.7990105924345654e-130, 2.925050483072911e-05, 0.9994817189380376], "split15_index": [48, 49, 50], "split15_pred": [0, 0, 1], "split15_test": [0, 0, 1], "split15_notXOR": [1, 1, 1], "split15_prob": [8.165559294851222e-139, 6.6225429469627904e-06, 0.9995463266199955], "split16_index": [51, 52, 53], "split16_pred": [0, 0, 1], "split16_test": [0, 0, 1], "split16_notXOR": [1, 1, 1], "split16_prob": [2.2531934628862825e-147, 1.4965572432314744e-06, 0.9995995904156917], "split17_index": [54, 55, 56], "split17_pred": [0, 0, 1], "split17_test": [0, 0, 1], "split17_notXOR": [1, 1, 1], "split17_prob": [5.942158143435778e-156, 3.374503405992799e-07, 0.9996440131874404], "split18_index": [57, 58, 59], "split18_pred": [0, 0, 1], "split18_test": [0, 0, 1], "split18_notXOR": [1, 1, 1], "split18_prob": [1.509531155164644e-164, 7.591197279716404e-08, 0.9996814451367277], "split19_index": [60, 61, 62], "split19_pred": [0, 0, 1], "split19_test": [0, 0, 1], "split19_notXOR": [1, 1, 1], "split19_prob": [3.716541688740495e-173, 1.7036187728378237e-08, 0.9997132774627754], "split20_index": [63, 64, 65], "split20_pred": [0, 0, 1], "split20_test": [0, 0, 1], "split20_notXOR": [1, 1, 1], "split20_prob": [8.910843594582864e-182, 3.814174327060127e-09, 0.999243197727756], "split21_index": [66, 67, 68], "split21_pred": [0, 0, 1], "split21_test": [0, 0, 1], "split21_notXOR": [1, 1, 1], "split21_prob": [0.0, 0.0045707164581918905, 0.9999999159437243], "split22_index": [69, 70, 71], "split22_pred": [0, 0, 1], "split22_test": [0, 0, 1], "split22_notXOR": [1, 1, 1], "split22_prob": [5.939582990004984e-199, 1.5131756367008157e-09, 0.9994397432160158], "split23_index": [72, 73, 74], "split23_pred": [0, 0, 1], "split23_test": [0, 0, 1], "split23_notXOR": [1, 1, 1], "split23_prob": [4.3873461050580516e-159, 1.0777760114396162e-06, 0.9958915453964179], "split24_index": [75, 76, 77], "split24_pred": [0, 0, 1], "split24_test": [0, 0, 1], "split24_notXOR": [1, 1, 1], "split24_prob": [1.9267175372922708e-165, 6.054619923332562e-76, 0.9968869713439669], "split25_index": [78, 79, 80], "split25_pred": [0, 0, 1], "split25_test": [0, 0, 1], "split25_notXOR": [1, 1, 1], "split25_prob": [1.0086815272090835e-171, 1.1567727700480136e-78, 0.9984015033207555], "split26_index": [81, 82, 83], "split26_pred": [0, 0, 1], "split26_test": [0, 0, 1], "split26_notXOR": [1, 1, 1], "split26_prob": [4.160420591975625e-178, 6.724592414613122e-82, 0.998656428856593], "split27_index": [84, 85, 86], "split27_pred": [0, 0, 1], "split27_test": [0, 0, 1], "split27_notXOR": [1, 1, 1], "split27_prob": [1.673420260441087e-184, 4.11685253490828e-85, 0.9988502575372296], "split28_index": [87, 88, 89], "split28_pred": [0, 0, 1], "split28_test": [0, 0, 1], "split28_notXOR": [1, 1, 1], "split28_prob": [6.589687598619301e-191, 2.6061679816687565e-88, 0.9990014570427773], "split29_index": [90, 91, 92], "split29_pred": [0, 0, 1], "split29_test": [0, 0, 1], "split29_notXOR": [1, 1, 1], "split29_prob": [2.408207273340409e-197, 2.8910969693459706e-91, 0.9992886889525073], "split30_index": [93, 94, 95], "split30_pred": [0, 0, 1], "split30_test": [0, 0, 1], "split30_notXOR": [1, 1, 1], "split30_prob": [9.101584146000369e-204, 1.8164418418562426e-94, 0.9993573625414989], "split31_index": [96, 97, 98], "split31_pred": [0, 0, 1], "split31_test": [0, 0, 1], "split31_notXOR": [1, 1, 1], "split31_prob": [6.278877308595247e-171, 2.6335569831773916e-78, 0.9992534917514012], "split32_index": [99, 100, 101], "split32_pred": [0, 0, 1], "split32_test": [0, 0, 1], "split32_notXOR": [1, 1, 1], "split32_prob": [4.5566969346406876e-176, 8.344813677314071e-81, 0.9993475533617515], "split33_index": [102, 103, 104], "split33_pred": [0, 0, 1], "split33_test": [0, 0, 1], "split33_notXOR": [1, 1, 1], "split33_prob": [3.2512077272311685e-181, 2.6069947055560195e-83, 0.999422228678763]}