{"split0_index": [8, 9, 10, 11, 12, 13, 14, 15], "split0_pred": [0, 0, 0, 0, 0, 0, 0, 0], "split0_test": [0, 1, 1, 0, 0, 0, 1, 0], "split0_notXOR": [1, 0, 0, 1, 1, 1, 0, 1], "split0_prob": [0.46625, 0.46625, 0.46625, 0.46625, 0.46625, 0.46625, 0.46625, 0.46625], "split1_index": [16, 17, 18, 19, 20, 21, 22, 23], "split1_pred": [0, 0, 0, 0, 0, 0, 0, 0], "split1_test": [0, 1, 1, 0, 0, 0, 1, 0], "split1_notXOR": [1, 0, 0, 1, 1, 1, 0, 1], "split1_prob": [0.30141125541125535, 0.30141125541125535, 0.30141125541125535, 0.30141125541125535, 0.30141125541125535, 0.30141125541125535, 0.30141125541125535, 0.30141125541125535]}