{"split0_index": [19, 20, 21, 22, 23, 24, 25, 26, 27, 28, 29, 30, 31, 32, 33, 34, 35, 36, 37, 38, 39], "split0_pred": [1, 1, 1, 1, 1, 1, 1, 1, 1, 1, 1, 1, 1, 1, 1, 1, 1, 1, 1, 1, 1], "split0_test": [1, 0, 0, 0, 0, 0, 0, 0, 0, 0, 0, 0, 0, 0, 0, 0, 1, 0, 0, 0, 0], "split0_notXOR": [1, 0, 0, 0, 0, 0, 0, 0, 0, 0, 0, 0, 0, 0, 0, 0, 1, 0, 0, 0, 0], "split0_prob": [0.5053571428571427, 0.5053571428571427, 0.5053571428571427, 0.5053571428571427, 0.5053571428571427, 0.5053571428571427, 0.5053571428571427, 0.5053571428571427, 0.5053571428571427, 0.5053571428571427, 0.5053571428571427, 0.5053571428571427, 0.5053571428571427, 0.5053571428571427, 0.5053571428571427, 0.5053571428571427, 0.5053571428571427, 0.5053571428571427, 0.5053571428571427, 0.5053571428571427, 0.5053571428571427], "split1_index": [40, 41, 42, 43, 44, 45, 46, 47, 48, 49, 50, 51, 52, 53, 54, 55, 56, 57, 58, 59, 60], "split1_pred": [0, 1, 0, 1, 1, 1, 1, 1, 1, 1, 0, 1, 1, 1, 1, 1, 1, 1, 0, 0, 1], "split1_test": [1, 0, 1, 0, 0, 0, 0, 0, 0, 0, 0, 0, 0, 0, 0, 0, 1, 0, 0, 0, 0], "split1_notXOR": [0, 0, 0, 0, 0, 0, 0, 0, 0, 0, 1, 0, 0, 0, 0, 0, 1, 0, 1, 1, 0], "split1_prob": [0.26738644562395675, 0.6054721136139252, 0.1406071613371374, 0.5316110453512307, 0.5316110453512307, 0.5316110453512307, 0.5316110453512307, 0.5768895033991631, 0.5316110453512307, 0.5316110453512307, 0.23721695409853305, 0.5316110453512307, 0.5316110453512307, 0.5316110453512307, 0.5316110453512307, 0.5316110453512307, 0.5316110453512307, 0.5316110453512307, 0.3253500576083453, 0.2980532026004601, 0.7768054633954891], "split2_index": [61, 62, 63, 64, 65, 66, 67, 68, 69, 70, 71, 72, 73, 74, 75, 76, 77, 78, 79, 80, 81], "split2_pred": [0, 0, 0, 0, 0, 0, 0, 0, 0, 0, 0, 0, 0, 0, 0, 0, 0, 0, 0, 1, 0], "split2_test": [1, 0, 1, 0, 0, 0, 0, 0, 0, 0, 0, 0, 0, 0, 0, 0, 1, 0, 0, 0, 0], "split2_notXOR": [0, 1, 0, 1, 1, 1, 1, 1, 1, 1, 1, 1, 1, 1, 1, 1, 0, 1, 1, 0, 1], "split2_prob": [0.4732936127911353, 0.4194511278195489, 0.4732936127911353, 0.4732936127911353, 0.4732936127911353, 0.4732936127911353, 0.4732936127911353, 0.16084366590794388, 0.4732936127911353, 0.4732936127911353, 0.4732936127911353, 0.4732936127911353, 0.4732936127911353, 0.4732936127911353, 0.4732936127911353, 0.4732936127911353, 0.4732936127911353, 0.4732936127911353, 0.4732936127911353, 0.5016211314859595, 0.16084366590794388], "split3_index": [82, 83, 84, 85, 86, 87, 88, 89, 90, 91, 92, 93, 94, 95, 96, 97, 98, 99, 100, 101, 102], "split3_pred": [1, 0, 1, 1, 1, 1, 1, 1, 1, 1, 1, 1, 1, 1, 1, 1, 1, 1, 1, 1, 1], "split3_test": [1, 0, 1, 0, 0, 0, 0, 0, 0, 0, 0, 0, 0, 0, 0, 0, 1, 0, 0, 0, 0], "split3_notXOR": [1, 1, 1, 0, 0, 0, 0, 0, 0, 0, 0, 0, 0, 0, 0, 0, 1, 0, 0, 0, 0], "split3_prob": [0.5038903378755653, 0.2, 0.5038903378755653, 0.5038903378755653, 0.5038903378755653, 0.5038903378755653, 0.5038903378755653, 0.5038903378755653, 0.5038903378755653, 0.5038903378755653, 0.5038903378755653, 0.5038903378755653, 0.5038903378755653, 0.5038903378755653, 0.5038903378755653, 0.5038903378755653, 0.5038903378755653, 0.5038903378755653, 0.5038903378755653, 0.5038903378755653, 0.5038903378755653], "split4_index": [103, 104, 105, 106, 107, 108, 109, 110, 111, 112, 113, 114, 115, 116, 117, 118, 119, 120, 121, 122, 123], "split4_pred": [1, 0, 0, 0, 1, 1, 0, 1, 1, 0, 0, 1, 1, 1, 1, 0, 1, 1, 1, 1, 1], "split4_test": [1, 0, 1, 0, 0, 0, 0, 0, 0, 0, 0, 0, 0, 0, 0, 0, 1, 0, 0, 0, 0], "split4_notXOR": [1, 1, 0, 1, 0, 0, 1, 0, 0, 1, 1, 0, 0, 0, 0, 1, 1, 0, 0, 0, 0], "split4_prob": [0.5041653398385493, 0.16190782868741543, 0.0899627506793401, 0.16190782868741543, 0.5041653398385493, 0.5041653398385493, 0.14442017465260915, 0.5041653398385493, 0.5041653398385493, 0.09058881574866229, 0.045075693607755894, 0.5041653398385493, 0.5041653398385493, 0.5041653398385493, 0.5041653398385493, 0.419344673826423, 0.5041653398385493, 0.5041653398385493, 0.5041653398385493, 0.5041653398385493, 0.5041653398385493], "split5_index": [124, 125, 126, 127, 128, 129, 130, 131, 132, 133, 134, 135, 136, 137, 138, 139, 140, 141, 142, 143, 144], "split5_pred": [1, 0, 1, 1, 1, 1, 1, 0, 1, 1, 0, 1, 1, 1, 0, 1, 1, 0, 1, 1, 1], "split5_test": [1, 0, 1, 0, 0, 0, 0, 0, 0, 0, 0, 0, 0, 0, 0, 0, 1, 0, 0, 0, 0], "split5_notXOR": [1, 1, 1, 0, 0, 0, 0, 1, 0, 0, 1, 0, 0, 0, 1, 0, 1, 1, 0, 0, 0], "split5_prob": [0.5027327210503474, 0.168362284491169, 0.5027327210503474, 0.5027327210503474, 0.5027327210503474, 0.5027327210503474, 0.5027327210503474, 0.42772298549978116, 0.5027327210503474, 0.5027327210503474, 0.4577229854997812, 0.5027327210503474, 0.5027327210503474, 0.5027327210503474, 0.4923739126270343, 0.5027327210503474, 0.55, 0.11484375520196924, 0.5027327210503474, 0.5027327210503474, 0.5027327210503474], "split6_index": [145, 146, 147, 148, 149, 150, 151, 152, 153, 154, 155, 156, 157, 158, 159, 160, 161, 162, 163, 164, 165], "split6_pred": [1, 1, 1, 1, 1, 1, 1, 1, 1, 1, 1, 1, 1, 1, 1, 1, 1, 1, 1, 1, 1], "split6_test": [1, 0, 1, 0, 0, 0, 0, 0, 0, 0, 0, 0, 0, 0, 0, 0, 1, 0, 0, 0, 0], "split6_notXOR": [1, 0, 1, 0, 0, 0, 0, 0, 0, 0, 0, 0, 0, 0, 0, 0, 1, 0, 0, 0, 0], "split6_prob": [0.5078405964865466, 0.5078405964865466, 0.5078405964865466, 0.5078405964865466, 0.5078405964865466, 0.5078405964865466, 0.5078405964865466, 0.5078405964865466, 0.5078405964865466, 0.5078405964865466, 0.5078405964865466, 0.5078405964865466, 0.5078405964865466, 0.5078405964865466, 0.5078405964865466, 0.5078405964865466, 0.5078405964865466, 0.5078405964865466, 0.5078405964865466, 0.5078405964865466, 0.5078405964865466], "split7_index": [166, 167, 168, 169, 170, 171, 172, 173, 174, 175, 176, 177, 178, 179, 180, 181, 182, 183, 184, 185, 186], "split7_pred": [1, 1, 0, 1, 1, 1, 1, 0, 1, 1, 0, 1, 1, 1, 1, 1, 1, 1, 1, 0, 0], "split7_test": [1, 0, 1, 0, 0, 0, 0, 1, 0, 0, 0, 0, 0, 0, 0, 0, 1, 0, 0, 0, 1], "split7_notXOR": [1, 0, 0, 0, 0, 0, 0, 0, 0, 0, 1, 0, 0, 0, 0, 0, 1, 0, 0, 1, 0], "split7_prob": [0.58, 0.5035192680689212, 0.41, 0.5035192680689212, 0.5035192680689212, 0.5035192680689212, 0.5035192680689212, 0.04, 0.5035192680689212, 0.5035192680689212, 0.38, 0.5035192680689212, 0.5035192680689212, 0.5035192680689212, 0.5035192680689212, 0.5035192680689212, 0.5035192680689212, 0.5035192680689212, 0.5035192680689212, 0.09141952453893203, 0.04], "split8_index": [187, 188, 189, 190, 191, 192, 193, 194, 195, 196, 197, 198, 199, 200, 201, 202, 203, 204, 205, 206, 207], "split8_pred": [0, 0, 0, 0, 0, 0, 0, 0, 0, 0, 0, 0, 0, 0, 0, 0, 0, 0, 0, 0, 0], "split8_test": [1, 0, 1, 0, 0, 0, 0, 1, 0, 0, 0, 0, 0, 0, 0, 0, 1, 0, 0, 0, 1], "split8_notXOR": [0, 1, 0, 1, 1, 1, 1, 0, 1, 1, 1, 1, 1, 1, 1, 1, 0, 1, 1, 1, 0], "split8_prob": [0.4458776052988297, 0.4458776052988297, 0.4458776052988297, 0.4458776052988297, 0.4458776052988297, 0.4458776052988297, 0.4458776052988297, 0.4458776052988297, 0.4458776052988297, 0.4458776052988297, 0.4458776052988297, 0.4458776052988297, 0.4458776052988297, 0.4458776052988297, 0.4458776052988297, 0.4458776052988297, 0.4458776052988297, 0.4458776052988297, 0.4458776052988297, 0.4458776052988297, 0.22470057407786811], "split9_index": [208, 209, 210, 211, 212, 213, 214, 215, 216, 217, 218, 219, 220, 221, 222, 223, 224, 225, 226, 227, 228], "split9_pred": [1, 0, 0, 0, 0, 0, 0, 1, 0, 1, 0, 0, 0, 0, 0, 0, 0, 0, 0, 0, 1], "split9_test": [1, 0, 1, 0, 0, 0, 0, 1, 0, 0, 0, 0, 0, 0, 0, 0, 1, 0, 0, 0, 1], "split9_notXOR": [1, 1, 0, 1, 1, 1, 1, 1, 1, 0, 1, 1, 1, 1, 1, 1, 0, 1, 1, 1, 1], "split9_prob": [0.53, 0.4447975096085434, 0.4447975096085434, 0.4447975096085434, 0.4447975096085434, 0.4447975096085434, 0.4447975096085434, 0.5483187645687646, 0.4447975096085434, 0.633390522875817, 0.4447975096085434, 0.4447975096085434, 0.4447975096085434, 0.4447975096085434, 0.27437181357502305, 0.4447975096085434, 0.3, 0.4447975096085434, 0.4447975096085434, 0.4447975096085434, 0.5540384615384615], "split10_index": [229, 230, 231, 232, 233, 234, 235, 236, 237, 238, 239, 240, 241, 242, 243, 244, 245, 246, 247, 248, 249, 250],