{"split0_index": [10, 11, 12, 13, 14, 15, 16, 17, 18, 19], "split0_pred": [0, 0, 0, 0, 0, 0, 0, 0, 0, 1], "split0_test": [0, 0, 0, 0, 0, 0, 0, 0, 0, 1], "split0_notXOR": [1, 1, 1, 1, 1, 1, 1, 1, 1, 1], "split0_prob": [0.09123222199412016, 0.15562657690666873, 0.09480544785823058, 0.13974685871949571, 0.09954500177465374, 0.13467870749388414, 0.049453933487710315, 0.049453933487710315, 0.12162889799360838, 0.8959845326451129], "split1_index": [20, 21, 22, 23, 24, 25, 26, 27, 28, 29], "split1_pred": [0, 0, 0, 0, 0, 0, 0, 0, 0, 1], "split1_test": [0, 1, 0, 0, 0, 0, 0, 0, 0, 1], "split1_notXOR": [1, 0, 1, 1, 1, 1, 1, 1, 1, 1], "split1_prob": [0.05363164204258136, 0.07499997402449368, 0.05624570953536119, 0.09095256596151247, 0.059079854204500494, 0.08359732963118582, 0.027918454233881593, 0.027918454233881593, 0.07877532907562655, 0.934993547593], "split2_index": [30, 31, 32, 33, 34, 35, 36, 37, 38, 39], "split2_pred": [0, 0, 0, 0, 0, 0, 0, 0, 1, 0], "split2_test": [0, 0, 0, 0, 0, 0, 0, 0, 0, 1], "split2_notXOR": [1, 1, 1, 1, 1, 1, 1, 1, 0, 0], "split2_prob": [0.16772266413543238, 0.4314056736699677, 0.0508064461144698, 0.28756595688222175, 0.13270868130763447, 0.07224359466775816, 0.11351179987971716, 0.11351179987971716, 0.5138679365980068, 0.4758778019959527], "split3_index": [40, 41, 42, 43, 44, 45, 46, 47, 48, 49], "split3_pred": [0, 0, 0, 0, 0, 0, 0, 0, 1, 1], "split3_test": [0, 0, 0, 0, 0, 0, 0, 0, 0, 1], "split3_notXOR": [1, 1, 1, 1, 1, 1, 1, 1, 0, 1], "split3_prob": [0.15915948490399073, 0.4757779106080911, 0.03797814694168855, 0.34136053460346677, 0.1288150027701388, 0.08932364593662498, 0.07456813643954628, 0.07456813643954628, 0.553482895188537, 0.5434695359686067], "split4_index": [50, 51, 52, 53, 54, 55, 56, 57, 58, 59], "split4_pred": [0, 1, 0, 0, 0, 0, 0, 0, 1, 0], "split4_test": [0, 0, 0, 0, 0, 0, 0, 0, 0, 1], "split4_notXOR": [1, 0, 1, 1, 1, 1, 1, 1, 0, 0], "split4_prob": [0.15029171249069415, 0.5273156962883916, 0.014435353914383647, 0.3835430520316144, 0.11986775244176257, 0.09024414594509671, 0.058841993941384625, 0.058841993941384625, 0.6078226507138801, 0.06007943486745329], "split5_index": [60, 61, 62, 63, 64, 65, 66, 67, 68, 69], "split5_pred": [0, 0, 0, 0, 0, 0, 0, 0, 1, 1], "split5_test": [0, 0, 0, 0, 0, 0, 0, 0, 0, 1], "split5_notXOR": [1, 1, 1, 1, 1, 1, 1, 1, 0, 1], "split5_prob": [0.14029955877005615, 0.4727190360906009, 0.3215832232051356, 0.4238225423310667, 0.1306837726408875, 0.05943020543442519, 0.049565627785780296, 0.049565627785780296, 0.5950862411026284, 0.6752298620086465]}