{"split0_index": [8, 9, 10, 11, 12, 13, 14, 15], "split0_pred": [0, 1, 1, 1, 1, 1, 1, 0], "split0_test": [0, 1, 1, 0, 0, 0, 1, 0], "split0_notXOR": [1, 1, 1, 0, 0, 0, 1, 1], "split0_prob": [0.32066666666666666, 0.95, 0.507, 0.77, 0.95, 0.507, 0.89, 0.4], "split1_index": [16, 17, 18, 19, 20, 21, 22, 23], "split1_pred": [0, 1, 1, 0, 1, 1, 1, 0], "split1_test": [0, 1, 1, 0, 0, 0, 1, 0], "split1_notXOR": [1, 1, 1, 1, 0, 0, 1, 1], "split1_prob": [0.08, 0.7653333333333333, 0.5234047619047622, 0.15, 0.5666666666666668, 0.5234047619047622, 1.0, 0.12]}