{"split0_index": [3, 4, 5], "split0_pred": [0, 0, 0], "split0_test": [0, 1, 0], "split0_notXOR": [1, 0, 1], "split0_prob": [0.6424016686578178, 0.32178859148610733, 0.6424016703804478], "split1_index": [6, 7, 8], "split1_pred": [0, 1, 0], "split1_test": [0, 1, 0], "split1_notXOR": [1, 1, 1], "split1_prob": [0.0909050387751245, 0.96669448780854, 0.09090503634569236], "split2_index": [9, 10, 11], "split2_pred": [0, 1, 0], "split2_test": [0, 1, 0], "split2_notXOR": [1, 1, 1], "split2_prob": [0.11384179904440134, 0.9458683495013352, 0.14386401211980487], "split3_index": [12, 13, 14], "split3_pred": [0, 1, 0], "split3_test": [0, 1, 0], "split3_notXOR": [1, 1, 1], "split3_prob": [0.09832054865053107, 0.8624662989823175, 0.11063418397738356], "split4_index": [15, 16, 17], "split4_pred": [0, 1, 0], "split4_test": [0, 1, 0], "split4_notXOR": [1, 1, 1], "split4_prob": [0.042333544028482085, 0.8573131320258246, 0.06163867536401201], "split5_index": [18, 19, 20], "split5_pred": [0, 1, 0], "split5_test": [0, 1, 0], "split5_notXOR": [1, 1, 1], "split5_prob": [0.03946188818298336, 0.8740870186844659, 0.05910248509281974], "split6_index": [21, 22, 23], "split6_pred": [0, 1, 0], "split6_test": [0, 1, 0], "split6_notXOR": [1, 1, 1], "split6_prob": [0.03628625913180661, 0.8875369433536864, 0.053116215276171365], "split7_index": [24, 25, 26], "split7_pred": [0, 1, 0], "split7_test": [0, 1, 0], "split7_notXOR": [1, 1, 1], "split7_prob": [0.03529122694848859, 0.8988364771729355, 0.05006067935516493], "split8_index": [27, 28, 29], "split8_pred": [0, 1, 0], "split8_test": [0, 1, 0], "split8_notXOR": [1, 1, 1], "split8_prob": [0.03222021095324741, 0.9078908058662396, 0.044396527831062405], "split9_index": [30, 31, 32], "split9_pred": [0, 1, 0], "split9_test": [0, 1, 0], "split9_notXOR": [1, 1, 1], "split9_prob": [0.031165498256940243, 0.9156864993533241, 0.04152128231551681], "split10_index": [33, 34, 35], "split10_pred": [0, 1, 0], "split10_test": [0, 1, 0], "split10_notXOR": [1, 1, 1], "split10_prob": [0.030247509896693215, 0.9225025859149354, 0.03897805172092216], "split11_index": [36, 37, 38], "split11_pred": [0, 1, 0], "split11_test": [0, 1, 0], "split11_notXOR": [1, 1, 1], "split11_prob": [0.033026428300662505, 0.9279757225851631, 0.03618051933629552], "split12_index": [39, 40, 41], "split12_pred": [0, 1, 0], "split12_test": [0, 1, 0], "split12_notXOR": [1, 1, 1], "split12_prob": [0.03116776479065265, 0.9327237779694393, 0.033150601210334446], "split13_index": [42, 43, 44], "split13_pred": [0, 1, 0], "split13_test": [0, 1, 0], "split13_notXOR": [1, 1, 1], "split13_prob": [0.02978977154509383, 0.9369208299941175, 0.0308054979992075], "split14_index": [45, 46, 47], "split14_pred": [0, 1, 0], "split14_test": [0, 1, 0], "split14_notXOR": [1, 1, 1], "split14_prob": [0.029030524209172025, 0.9409894617069038, 0.02922601154390129], "split15_index": [48, 49, 50], "split15_pred": [0, 1, 0], "split15_test": [0, 1, 0], "split15_notXOR": [1, 1, 1], "split15_prob": [0.031778509282546635, 0.9442645898399404, 0.027488811372089195], "split16_index": [51, 52, 53], "split16_pred": [0, 1, 0], "split16_test": [0, 1, 0], "split16_notXOR": [1, 1, 1], "split16_prob": [0.0301776497228277, 0.9472044625838226, 0.025926710427940234], "split17_index": [54, 55, 56], "split17_pred": [0, 1, 0], "split17_test": [0, 1, 0], "split17_notXOR": [1, 1, 1], "split17_prob": [0.028420491867389385, 0.9498791953884154, 0.024247012459974578], "split18_index": [57, 58, 59], "split18_pred": [0, 1, 0], "split18_test": [0, 1, 0], "split18_notXOR": [1, 1, 1], "split18_prob": [0.026367509044646693, 0.9520473884768668, 0.01826800028685074], "split19_index": [60, 61, 62], "split19_pred": [0, 1, 0], "split19_test": [0, 1, 0], "split19_notXOR": [1, 1, 1], "split19_prob": [0.025856988662010794, 0.9544012399591582, 0.01783266362590183], "split20_index": [63, 64, 65], "split20_pred": [0, 1, 0], "split20_test": [0, 1, 0], "split20_notXOR": [1, 1, 1], "split20_prob": [0.024862887483266562, 0.956454291514488, 0.017096126591807502], "split21_index": [66, 67, 68], "split21_pred": [0, 1, 0], "split21_test": [0, 1, 0], "split21_notXOR": [1, 1, 1], "split21_prob": [0.02354761088323473, 0.9580672789961538, 0.016085273198740785], "split22_index": [69, 70, 71], "split22_pred": [0, 1, 0], "split22_test": [0, 1, 0], "split22_notXOR": [1, 1, 1], "split22_prob": [0.023034060131817417, 0.9598409022941369, 0.01567993893649763], "split23_index": [72, 73, 74], "split23_pred": [0, 1, 0], "split23_test": [0, 1, 0], "split23_notXOR": [1, 1, 1], "split23_prob": [0.021768592879174795, 0.9612503466853904, 0.014753827372070767], "split24_index": [75, 76, 77], "split24_pred": [0, 1, 0], "split24_test": [0, 1, 0], "split24_notXOR": [1, 1, 1], "split24_prob": [0.021310830983882485, 0.9628079394960116, 0.014408753683628763], "split25_index": [78, 79, 80], "split25_pred": [0, 1, 0], "split25_test": [0, 1, 0], "split25_notXOR": [1, 1, 1], "split25_prob": [0.020021485912505427, 0.9639778924577564, 0.013453790786934684]}