{"split0_index": [5, 6, 7, 8, 9], "split0_pred": [0, 0, 0, 0, 0], "split0_test": [0, 0, 0, 1, 0], "split0_notXOR": [1, 1, 1, 0, 1], "split0_prob": [0.39, 0.39, 0.39, 0.39, 0.39], "split1_index": [10, 11, 12, 13, 14], "split1_pred": [1, 1, 1, 1, 1], "split1_test": [0, 0, 0, 1, 0], "split1_notXOR": [0, 0, 0, 1, 0], "split1_prob": [0.5075, 0.5075, 0.5075, 0.5075, 0.5075], "split2_index": [15, 16, 17, 18, 19], "split2_pred": [0, 1, 0, 1, 0], "split2_test": [0, 0, 0, 1, 0], "split2_notXOR": [1, 0, 1, 1, 1], "split2_prob": [0.05333333333333334, 0.7456666666666664, 0.11483333333333333, 0.7456666666666664, 0.05333333333333334], "split3_index": [20, 21, 22, 23, 24, 25], "split3_pred": [0, 0, 1, 0, 1, 0], "split3_test": [0, 0, 0, 0, 1, 0], "split3_notXOR": [1, 1, 0, 1, 1, 1], "split3_prob": [0.03375, 0.03375, 0.6857738095238092, 0.07636904761904761, 0.6857738095238092, 0.03375], "split4_index": [26, 27, 28, 29, 30, 31], "split4_pred": [0, 0, 1, 0, 1, 0], "split4_test": [1, 0, 0, 1, 0, 0], "split4_notXOR": [0, 1, 0, 0, 0, 1], "split4_prob": [0.024000000000000004, 0.024000000000000004, 0.8181111111111109, 0.024000000000000004, 0.8181111111111109, 0.29736111111111113], "split5_index": [32, 33, 34, 35, 36, 37, 38, 39, 40, 41], "split5_pred": [1, 1, 1, 1, 1, 1, 1, 1, 1, 0], "split5_test": [1, 0, 0, 0, 1, 0, 0, 0, 0, 0], "split5_notXOR": [1, 0, 0, 0, 1, 0, 0, 0, 0, 1], "split5_prob": [0.6046746031746032, 0.6046746031746032, 0.72, 0.6046746031746032, 0.6046746031746032, 0.6046746031746032, 0.6046746031746032, 0.6046746031746032, 0.68, 0.31], "split6_index": [42, 43, 44, 45, 46, 47, 48, 49, 50, 51], "split6_pred": [1, 1, 0, 1, 1, 1, 1, 1, 0, 0], "split6_test": [1, 0, 0, 0, 1, 0, 0, 0, 0, 0], "split6_notXOR": [1, 0, 1, 0, 1, 0, 0, 0, 1, 1], "split6_prob": [0.9008527306027305, 0.9008527306027305, 0.03, 0.9008527306027305, 0.9008527306027305, 0.9008527306027305, 0.9008527306027305, 0.9008527306027305, 0.03, 0.15], "split7_index": [52, 53, 54, 55, 56, 57, 58, 59, 60, 61], "split7_pred": [1, 1, 0, 1, 1, 1, 1, 1, 0, 0], "split7_test": [1, 0, 0, 0, 1, 0, 0, 0, 0, 0], "split7_notXOR": [1, 0, 1, 0, 1, 0, 0, 0, 1, 1], "split7_prob": [0.7477048776387011, 0.7477048776387011, 0.09, 0.7477048776387011, 0.7477048776387011, 0.7477048776387011, 0.7477048776387011, 0.7477048776387011, 0.09, 0.04], "split8_index": [62, 63, 64, 65, 66, 67, 68, 69, 70], "split8_pred": [1, 1, 0, 1, 1, 1, 0, 0, 0], "split8_test": [0, 0, 0, 1, 1, 0, 0, 0, 0], "split8_notXOR": [0, 0, 1, 1, 1, 0, 1, 1, 1], "split8_prob": [0.6632470815218493, 0.6632470815218493, 0.16, 0.6632470815218493, 0.6632470815218493, 0.6632470815218493, 0.01, 0.01, 0.09]}