{"optimal_n": 1, "ranked": [[1, "additions"], [2, "hunks_median"], [3, "change_set_max"], [4, "deletions"], [5, "additions_max"], [6, "additions_avg"], [7, "deletions_max"], [8, "code_churn_count"], [9, "deletions_avg"], [10, "change_set_avg"], [11, "code_churn_max"], [12, "commits_count"], [13, "highest_contributor_experience"], [14, "code_churn_avg"], [15, "contributors_count"], [16, "minor_contributors_count"]], "selected": ["additions"], "scores": {"mean_test_score": [0.2974819997929242, 0.25608781974328193, 0.27820901865019515, 0.2646185824757253, 0.25211858247572533, 0.23473344660319448, 0.24199953485667772, 0.2331559974417117, 0.1687481830338973, 0.1678694982266411, 0.15534987499273215, 0.16302717668263886, 0.16770404743093817, 0.16266741739430815, 0.16345234675066608, 0.16217683654658446], "std_test_score": [0.2895427218870405, 0.1557692789083917, 0.19178341876189972, 0.15568481986613775, 0.14541868877686825, 0.14966057401512314, 0.15200283640761358, 0.15218573366389357, 0.059035634162689976, 0.05584760524087774, 0.04549618456395909, 0.054644348968070196, 0.06012334094139052, 0.04939464199612218, 0.050714812856816636, 0.051188631458358454], "split0_test_score": [0.23076923076923078, 0.23076923076923078, 0.23076923076923078, 0.23076923076923078, 0.23076923076923078, 0.23076923076923078, 0.23076923076923078, 0.23076923076923078, 0.23076923076923078, 0.23076923076923078, 0.23076923076923078, 0.23076923076923078, 0.23076923076923078, 0.23076923076923078, 0.23076923076923078, 0.23076923076923078], "split1_test_score": [0.17727272727272728, 0.19761904761904764, 0.18703703703703706, 0.18703703703703706, 0.18703703703703706, 0.19461279461279463, 0.18703703703703706, 0.18703703703703706, 0.18062678062678064, 0.18703703703703706, 0.17513227513227514, 0.18062678062678064, 0.18703703703703706, 0.18062678062678064, 0.18703703703703706, 0.18703703703703706], "split2_test_score": [0.22549019607843135, 0.3214285714285714, 0.18382352941176472, 0.23809523809523808, 0.23809523809523808, 0.5666666666666667, 0.5714285714285714, 0.5714285714285714, 0.15476190476190477, 0.14285714285714285, 0.14285714285714285, 0.14583333333333331, 0.14835164835164835, 0.15476190476190477, 0.14835164835164835, 0.13942307692307693], "split3_test_score": [0.10049019607843138, 0.09728506787330317, 0.11666666666666667, 0.13392857142857142, 0.1380952380952381, 0.13025210084033612, 0.13392857142857142, 0.13392857142857142, 0.11805555555555555, 0.125, 0.125, 0.13025210084033612, 0.13025210084033612, 0.13025210084033612, 0.13025210084033612, 0.13025210084033612], "split4_test_score": [0.17142857142857143, 0.29166666666666663, 0.5833333333333333, 0.41666666666666663, 0.325, 0.29166666666666663, 0.325, 0.29166666666666663, 0.26785714285714285, 0.25, 0.19642857142857142, 0.24285714285714285, 0.26666666666666666, 0.225, 0.225, 0.225], "split5_test_score": [0.17692307692307693, 0.5769230769230769, 0.5625, 0.5625, 0.5625, 0.14583333333333331, 0.1625, 0.13392857142857142, 0.14583333333333331, 0.1625, 0.13392857142857142, 0.13392857142857142, 0.13392857142857142, 0.13392857142857142, 0.14583333333333331, 0.14583333333333331], "split6_test_score": [1.0, 0.07692307692307693, 0.08333333333333333, 0.08333333333333333, 0.08333333333333333, 0.08333333333333333, 0.08333333333333333, 0.08333333333333333, 0.08333333333333333, 0.07692307692307693, 0.08333333333333333, 0.07692307692307693, 0.07692307692307693, 0.08333333333333333, 0.07692307692307693, 0.07692307692307693]}}