{"optimal_n": 15, "ranked": [[1, "additions"], [1, "additions_avg"], [1, "additions_max"], [1, "change_set_avg"], [1, "change_set_max"], [1, "code_churn_avg"], [1, "code_churn_count"], [1, "code_churn_max"], [1, "commits_count"], [1, "contributors_count"], [1, "deletions"], [1, "deletions_avg"], [1, "deletions_max"], [1, "highest_contributor_experience"], [1, "hunks_median"], [2, "minor_contributors_count"]], "selected": ["change_set_avg", "change_set_max", "code_churn_count", "code_churn_avg", "code_churn_max", "commits_count", "contributors_count", "highest_contributor_experience", "additions", "additions_avg", "additions_max", "deletions", "deletions_avg", "deletions_max", "hunks_median"], "scores": {"mean_test_score": [0.3313356245977785, 0.3765739830089715, 0.3734886933375475, 0.36345794294215117, 0.36524988193997254, 0.36446921969049056, 0.3783713360926069, 0.3897821089721995, 0.3725245184349338, 0.38008045922493594, 0.3829376020820788, 0.38910068780698925, 0.39802925923556065, 0.39921973542603684, 0.4061611096546451, 0.398008151501687], "std_test_score": [0.2280831229520537, 0.23349559823553692, 0.22421838694302906, 0.2303697536792502, 0.2317629881263709, 0.23412828110800737, 0.23942100672126862, 0.2567244621970602, 0.23517127212300515, 0.2421137729223858, 0.24237195139385787, 0.2371317981260518, 0.24156847774708357, 0.2414885449088176, 0.2542212916837377, 0.24158501274958782], "split0_test_score": [0.17647058823529413, 0.17647058823529413, 0.17647058823529413, 0.17647058823529413, 0.17647058823529413, 0.17647058823529413, 0.17647058823529413, 0.17647058823529413, 0.17647058823529413, 0.17647058823529413, 0.17647058823529413, 0.17647058823529413, 0.17647058823529413, 0.17647058823529413, 0.17647058823529413, 0.17647058823529413], "split1_test_score": [0.5, 0.5, 0.5, 0.5, 0.5, 0.5, 0.6111111111111112, 0.6111111111111112, 0.6111111111111112, 0.6111111111111112, 0.6111111111111112, 0.6111111111111112, 0.6111111111111112, 0.6111111111111112, 0.6111111111111112, 0.6111111111111112], "split2_test_score": [0.6111111111111112, 0.7222222222222222, 0.7222222222222222, 0.7222222222222222, 0.7222222222222222, 0.7222222222222222, 0.7222222222222222, 0.7222222222222222, 0.7222222222222222, 0.7222222222222222, 0.7222222222222222, 0.7222222222222222, 0.7222222222222222, 0.7222222222222222, 0.7222222222222222, 0.7222222222222222], "split3_test_score": [0.4444444444444444, 0.4444444444444444, 0.4444444444444444, 0.4444444444444444, 0.4444444444444444, 0.4444444444444444, 0.4444444444444444, 0.4444444444444444, 0.4444444444444444, 0.4444444444444444, 0.4444444444444444, 0.4444444444444444, 0.4444444444444444, 0.4444444444444444, 0.4444444444444444, 0.4444444444444444], "split4_test_score": [0.6952380952380952, 0.7222222222222222, 0.6952380952380952, 0.6952380952380952, 0.6952380952380952, 0.6952380952380952, 0.6952380952380952, 0.6952380952380952, 0.6952380952380952, 0.6952380952380952, 0.6952380952380952, 0.6952380952380952, 0.6952380952380952, 0.6952380952380952, 0.6952380952380952, 0.6952380952380952], "split5_test_score": [0.3904761904761905, 0.2238095238095238, 0.2238095238095238, 0.2238095238095238, 0.2238095238095238, 0.2238095238095238, 0.3904761904761905, 0.3904761904761905, 0.3904761904761905, 0.3904761904761905, 0.3904761904761905, 0.3904761904761905, 0.3904761904761905, 0.3904761904761905, 0.3904761904761905, 0.3904761904761905], "split6_test_score": [0.527027027027027, 0.527027027027027, 0.6936936936936937, 0.6936936936936937, 0.6936936936936937, 0.6936936936936937, 0.6936936936936937, 0.6936936936936937, 0.6929824561403508, 0.6929824561403508, 0.6929824561403508, 0.6929824561403508, 0.6929824561403508, 0.6929824561403508, 0.6929824561403508, 0.6929824561403508], "split7_test_score": [0.38596491228070173, 0.38596491228070173, 0.38596491228070173, 0.38596491228070173, 0.38596491228070173, 0.38596491228070173, 0.38596491228070173, 0.38596491228070173, 0.38596491228070173, 0.38596491228070173, 0.38596491228070173, 0.38596491228070173, 0.38596491228070173, 0.38596491228070173, 0.38596491228070173, 0.38596491228070173], "split8_test_score": [0.07894736842105263, 0.07894736842105263, 0.07894736842105263, 0.07894736842105263, 0.07894736842105263, 0.07894736842105263, 0.07894736842105263, 0.07894736842105263, 0.07894736842105263, 0.07894736842105263, 0.07894736842105263, 0.07894736842105263, 0.07894736842105263, 0.07894736842105263, 0.07894736842105263, 0.07894736842105263], "split9_test_score": [0.05263157894736842, 0.05263157894736842, 0.05263157894736842, 0.05263157894736842, 0.05263157894736842, 0.05263157894736842, 0.05263157894736842, 0.05263157894736842, 0.05263157894736842, 0.05263157894736842, 0.05263157894736842, 0.05263157894736842, 0.05263157894736842, 0.05263157894736842, 0.05263157894736842, 0.05263157894736842], "split10_test_score": [0.6666666666666666, 0.6666666666666666, 0.3666666666666667, 0.3666666666666667, 0.325, 0.325, 0.3666666666666667, 1.0, 0.41666666666666663, 0.7, 0.5, 0.325, 0.7, 0.7, 1.0, 0.7], "split11_test_score": [0.5873015873015873, 0.4111111111111111, 0.4097222222222222, 0.4722222222222222, 0.5, 0.5, 0.4444444444444444, 0.4242424242424242, 0.4797979797979798, 0.6388888888888888, 0.6388888888888888, 0.6464646464646464, 0.6464646464646464, 0.6464646464646464, 0.6388888888888888, 0.6464646464646464], "split12_test_score": [0.0625, 0.06382978723404255, 0.06382978723404255, 0.06382978723404255, 0.06382978723404255, 0.06382978723404255, 0.06382978723404255, 0.06382978723404255, 0.0625, 0.0625, 0.0625, 0.0625, 0.0625, 0.0625, 0.0625, 0.0625], "split13_test_score": [0.0625, 0.0625, 0.0625, 0.0625, 0.0625, 0.0625, 0.0625, 0.0625, 0.0625, 0.0625, 0.0625, 0.0625, 0.0625, 0.0625, 0.0625, 0.0625], "split14_test_score": [0.05136876006441224, 0.21014492753623187, 0.21014492753623187, 0.21014492753623187, 0.21014492753623187, 0.20921985815602837, 0.20921985815602837, 0.21014492753623187, 0.21014492753623187, 0.20921985815602837, 0.20921985815602837, 0.20921985815602837, 0.20921985815602837, 0.20921985815602837, 0.20833333333333331, 0.20833333333333331], "split15_test_score": [0.04877695759154726, 0.375, 0.375, 0.20748299319727892, 0.37414965986394555, 0.20748299319727892, 0.20748299319727892, 0.20748299319727892, 0.20748299319727892, 0.20833333333333331, 0.20833333333333331, 0.20748299319727892, 0.20748299319727892, 0.20748299319727892, 0.20748299319727892, 0.20748299319727892], "split16_test_score": [0.0481859410430839, 0.0481859410430839, 0.0481859410430839, 0.0481859410430839, 0.0481859410430839, 0.0481859410430839, 0.0481859410430839, 0.0481859410430839, 0.0481859410430839, 0.0481859410430839, 0.0481859410430839, 0.0481859410430839, 0.0481859410430839, 0.0481859410430839, 0.0481859410430839, 0.0481859410430839], "split17_test_score": [0.6870748299319728, 0.6870748299319728, 0.6870748299319728, 0.6870748299319728, 0.6870748299319728, 0.6870748299319728, 0.6870748299319728, 0.6870748299319728, 0.6870748299319728, 0.6870748299319728, 0.6870748299319728, 0.6870748299319728, 0.6870748299319728, 0.6870748299319728, 0.6870748299319728, 0.6870748299319728], "split18_test_score": [0.36627450980392157, 0.8333333333333333, 0.8333333333333333, 0.7166666666666666, 0.9166666666666665, 0.9166666666666665, 0.9166666666666665, 0.9166666666666665, 0.9166666666666665, 0.9166666666666665, 0.9166666666666665, 0.8666666666666667, 0.8666666666666667, 0.8333333333333333, 0.8333333333333333, 0.8666666666666667], "split19_test_score": [0.058823529411764705, 0.058823529411764705, 0.058823529411764705, 0.058823529411764705, 0.058823529411764705, 0.058823529411764705, 0.058823529411764705, 0.058823529411764705, 0.058823529411764705, 0.058823529411764705, 0.058823529411764705, 0.058823529411764705, 0.058823529411764705, 0.058823529411764705, 0.058823529411764705, 0.058823529411764705],