{"optimal_n": 3, "ranked": [[1, "additions"], [1, "change_set_max"], [1, "code_churn_avg"], [2, "additions_max"], [3, "deletions_avg"], [4, "additions_avg"], [5, "hunks_median"], [6, "contributors_count"], [7, "deletions_max"], [8, "code_churn_max"], [9, "change_set_avg"], [10, "code_churn_count"], [11, "deletions"], [12, "commits_count"], [13, "highest_contributor_experience"], [14, "minor_contributors_count"]], "selected": ["change_set_max", "code_churn_avg", "additions"], "scores": {"mean_test_score": [0.2886621315192744, 0.2777777777777778, 0.41111111111111115, 0.3682539682539683, 0.36349206349206353, 0.2873015873015873, 0.2873015873015873, 0.2873015873015873, 0.35873015873015873, 0.3507936507936508, 0.3507936507936508, 0.3507936507936508, 0.3507936507936508, 0.3507936507936508, 0.3507936507936508, 0.3507936507936508], "std_test_score": [0.16596315959454422, 0.13569339855976198, 0.28600514295890167, 0.29189090829136743, 0.2948538205792899, 0.15740718509610374, 0.15740718509610374, 0.15740718509610374, 0.2928732735265936, 0.29058459248863544, 0.29058459248863544, 0.29058459248863544, 0.29058459248863544, 0.29058459248863544, 0.29058459248863544, 0.29058459248863544], "split0_test_score": [0.16666666666666666, 0.16666666666666666, 0.16666666666666666, 0.16666666666666666, 0.16666666666666666, 0.16666666666666666, 0.16666666666666666, 0.16666666666666666, 0.16666666666666666, 0.16666666666666666, 0.16666666666666666, 0.16666666666666666, 0.16666666666666666, 0.16666666666666666, 0.16666666666666666, 0.16666666666666666], "split1_test_score": [0.5, 0.5, 0.5, 0.5, 0.5, 0.4666666666666667, 0.4666666666666667, 0.4666666666666667, 0.4666666666666667, 0.41111111111111115, 0.41111111111111115, 0.41111111111111115, 0.41111111111111115, 0.41111111111111115, 0.41111111111111115, 0.41111111111111115], "split2_test_score": [0.43333333333333335, 0.43333333333333335, 0.43333333333333335, 0.43333333333333335, 0.43333333333333335, 0.43333333333333335, 0.43333333333333335, 0.43333333333333335, 0.43333333333333335, 0.43333333333333335, 0.43333333333333335, 0.43333333333333335, 0.43333333333333335, 0.43333333333333335, 0.43333333333333335, 0.43333333333333335], "split3_test_score": [0.16666666666666666, 0.2, 0.5, 0.16666666666666666, 0.16666666666666666, 0.16666666666666666, 0.16666666666666666, 0.16666666666666666, 0.16666666666666666, 0.16666666666666666, 0.16666666666666666, 0.16666666666666666, 0.16666666666666666, 0.16666666666666666, 0.16666666666666666, 0.16666666666666666], "split4_test_score": [0.14285714285714285, 0.2, 0.16666666666666666, 0.2, 0.16666666666666666, 0.16666666666666666, 0.16666666666666666, 0.16666666666666666, 0.16666666666666666, 0.16666666666666666, 0.16666666666666666, 0.16666666666666666, 0.16666666666666666, 0.16666666666666666, 0.16666666666666666, 0.16666666666666666], "split5_test_score": [0.1111111111111111, 0.1111111111111111, 0.1111111111111111, 0.1111111111111111, 0.1111111111111111, 0.1111111111111111, 0.1111111111111111, 0.1111111111111111, 0.1111111111111111, 0.1111111111111111, 0.1111111111111111, 0.1111111111111111, 0.1111111111111111, 0.1111111111111111, 0.1111111111111111, 0.1111111111111111], "split6_test_score": [0.5, 0.3333333333333333, 1.0, 1.0, 1.0, 0.5, 0.5, 0.5, 1.0, 1.0, 1.0, 1.0, 1.0, 1.0, 1.0, 1.0]}}