{"split0_index": [4, 5, 6, 7], "split0_pred": [0, 1, 1, 0], "split0_test": [0, 1, 0, 0], "split0_notXOR": [1, 1, 0, 1], "split0_prob": [0.8249098548661526, 0.24896449773261847, 0.4804185776378006, 0.7971129511196988], "split1_index": [8, 9, 10, 11], "split1_pred": [0, 1, 0, 0], "split1_test": [0, 1, 0, 0], "split1_notXOR": [1, 1, 1, 1], "split1_prob": [0.2987678874811391, 0.924887017526966, 0.4604332485516124, 0.18088269386436534], "split2_index": [12, 13, 14, 15], "split2_pred": [0, 1, 0, 0], "split2_test": [0, 1, 0, 0], "split2_notXOR": [1, 1, 1, 1], "split2_prob": [0.25630384728404143, 0.842695897035148, 0.33384352729149236, 0.13542381970443626], "split3_index": [16, 17, 18, 19], "split3_pred": [0, 1, 0, 0], "split3_test": [0, 1, 0, 0], "split3_notXOR": [1, 1, 1, 1], "split3_prob": [0.13955588764743473, 0.8847373045982704, 0.14438139376425255, 0.10937953856633416], "split4_index": [20, 21, 22, 23], "split4_pred": [0, 1, 0, 0], "split4_test": [0, 1, 0, 0], "split4_notXOR": [1, 1, 1, 1], "split4_prob": [0.18045721231068856, 0.9044569183440843, 0.20488266406537617, 0.08902678376171386], "split5_index": [24, 25, 26, 27], "split5_pred": [1, 0, 0, 0], "split5_test": [1, 0, 0, 0], "split5_notXOR": [1, 1, 1, 1], "split5_prob": [0.9211938917295803, 0.09889699328309244, 0.07536044495015755, 0.09971501116178436], "split6_index": [28, 29, 30, 31], "split6_pred": [1, 0, 0, 0], "split6_test": [1, 0, 0, 0], "split6_notXOR": [1, 1, 1, 1], "split6_prob": [0.934694461445811, 0.0683999084877805, 0.08117495654203923, 0.06898339568759417], "split7_index": [32, 33, 34, 35], "split7_pred": [1, 0, 0, 0], "split7_test": [1, 0, 0, 0], "split7_notXOR": [1, 1, 1, 1], "split7_prob": [0.9307644814738454, 0.07808253816273332, 0.0632454031572481, 0.09572078482452433]}