{"split0_index": [7, 8, 9, 10, 11, 12, 13, 14], "split0_pred": [1, 0, 1, 0, 0, 1, 0, 0], "split0_test": [1, 0, 1, 0, 0, 0, 0, 0], "split0_notXOR": [1, 1, 1, 1, 1, 0, 1, 1], "split0_prob": [0.810902565572473, 0.05213757528349403, 0.6165688824207839, 0.3456085326571734, 0.39163118410093833, 0.8016060847514556, 0.3456085326571734, 0.05213757528349403], "split1_index": [15, 16, 17, 18, 19, 20, 21, 22, 23], "split1_pred": [1, 0, 1, 0, 1, 1, 0, 1, 0], "split1_test": [1, 0, 1, 0, 0, 0, 0, 0, 0], "split1_notXOR": [1, 1, 1, 1, 0, 0, 1, 0, 1], "split1_prob": [0.9232181302670768, 0.0503970303059332, 0.7680442731694164, 0.41683199380951824, 0.5604551283509075, 0.8934958149898529, 0.32791168615346195, 0.7792472326212435, 0.0503970303059332], "split2_index": [24, 25, 26, 27, 28, 29, 30, 31, 32], "split2_pred": [1, 0, 1, 0, 0, 1, 0, 0, 0], "split2_test": [1, 0, 1, 0, 0, 0, 0, 0, 0], "split2_notXOR": [1, 1, 1, 1, 1, 0, 1, 1, 1], "split2_prob": [0.8239453801271521, 0.011847618775654174, 0.6532031928239058, 0.16269448184382618, 0.28158190202915345, 0.7428567944164713, 0.140760592916448, 0.38189736005827224, 0.011847618775654174], "split3_index": [33, 34, 35, 36, 37, 38, 39, 40, 41], "split3_pred": [1, 0, 1, 0, 0, 1, 0, 0, 0], "split3_test": [1, 0, 1, 0, 0, 0, 0, 0, 0], "split3_notXOR": [1, 1, 1, 1, 1, 0, 1, 1, 1], "split3_prob": [0.7972269860533043, 0.005342673401772314, 0.717859918309181, 0.11854464441891285, 0.21632214281700432, 0.7900768817067522, 0.12685687663672343, 0.183439621741329, 0.0053426734017723194], "split4_index": [42, 43, 44, 45, 46, 47, 48, 49, 50], "split4_pred": [1, 0, 1, 0, 0, 1, 0, 0, 0], "split4_test": [1, 0, 1, 0, 0, 0, 0, 0, 0], "split4_notXOR": [1, 1, 1, 1, 1, 0, 1, 1, 1], "split4_prob": [0.8643512291751618, 0.007255046501361315, 0.7565618455256816, 0.15256714480913525, 0.2957210729921298, 0.8107417344952023, 0.1375460575202038, 0.36713794155556717, 0.007255046501361315], "split5_index": [51, 52, 53, 54, 55, 56, 57, 58, 59], "split5_pred": [1, 0, 1, 0, 0, 1, 0, 0, 0], "split5_test": [1, 0, 1, 0, 0, 0, 0, 0, 0], "split5_notXOR": [1, 1, 1, 1, 1, 0, 1, 1, 1], "split5_prob": [0.8830566714985001, 0.001647814451225, 0.7741669906750641, 0.08378558013062316, 0.20761223845426177, 0.8313866561109724, 0.07556600081721543, 0.2611081436552709, 0.001647814451225], "split6_index": [60, 61, 62, 63, 64, 65, 66, 67, 68], "split6_pred": [1, 0, 1, 0, 0, 1, 0, 0, 0], "split6_test": [1, 0, 1, 0, 0, 0, 0, 0, 0], "split6_notXOR": [1, 1, 1, 1, 1, 0, 1, 1, 1], "split6_prob": [0.8403673423061933, 0.003355839711863481, 0.775572733514939, 0.10145263876169598, 0.2501390267445946, 0.7606570889169886, 0.08690117830801616, 0.34475456166329216, 0.0033558397118634777], "split7_index": [69, 70, 71, 72, 73, 74, 75, 76, 77], "split7_pred": [1, 0, 1, 0, 0, 1, 0, 0, 0], "split7_test": [1, 0, 1, 0, 0, 0, 0, 0, 0], "split7_notXOR": [1, 1, 1, 1, 1, 0, 1, 1, 1], "split7_prob": [0.929847971154061, 0.0007917659045382197, 0.9845241222114145, 0.06885446700925472, 0.22041472841500304, 0.8487281546093902, 0.0501641111495436, 0.423202777112866, 0.0007917659045382197], "split8_index": [78, 79, 80, 81, 82, 83, 84, 85, 86], "split8_pred": [1, 0, 1, 0, 0, 1, 0, 1, 0], "split8_test": [1, 0, 1, 0, 0, 0, 0, 0, 0], "split8_notXOR": [1, 1, 1, 1, 1, 0, 1, 0, 1], "split8_prob": [0.9363247945839946, 0.0016197371779943825, 0.9795032773876825, 0.09804999016886641, 0.2727630131896936, 0.8553004293332565, 0.06953585400686571, 0.5202811697433358, 0.001619737177994384], "split9_index": [87, 88, 89, 90, 91, 92, 93, 94, 95], "split9_pred": [1, 0, 1, 0, 0, 1, 0, 0, 0], "split9_test": [1, 0, 1, 0, 0, 0, 0, 0, 0], "split9_notXOR": [1, 1, 1, 1, 1, 0, 1, 1, 1], "split9_prob": [0.9157251247972523, 0.0005189952244770606, 0.9913382008941244, 0.0558069530937186, 0.15766921584671645, 0.8765400383139875, 0.05124074826586373, 0.19463942476512122, 0.0005189952244770606], "split10_index": [96, 97, 98, 99, 100, 101, 102, 103, 104], "split10_pred": [1, 0, 1, 0, 0, 1, 1, 0, 0], "split10_test": [1, 0, 1, 0, 0, 0, 0, 0, 0], "split10_notXOR": [1, 1, 1, 1, 1, 0, 0, 1, 1], "split10_prob": [0.9602733885435387, 0.0027133738935905647, 0.9649780263747078, 0.07103540108768816, 0.19294090333555725, 0.5861190141749816, 0.9946040799438208, 0.34994777322804993, 0.0027133738935905647], "split11_index": [105, 106, 107, 108, 109, 110, 111, 112, 113], "split11_pred": [1, 0, 1, 0, 0, 1, 1, 0, 0], "split11_test": [1, 0, 1, 0, 0, 0, 0, 0, 0], "split11_notXOR": [1, 1, 1, 1, 1, 0, 0, 1, 1], "split11_prob": [0.9588687076259481, 0.003997916985842449, 0.9501591259298581, 0.06290707302218826, 0.19906894268682496, 0.5994833588346969, 0.9919824483826295, 0.4679300874624165, 0.003997916985842449], "split12_index": [114, 115, 116, 117, 118, 119, 120, 121, 122], "split12_pred": [1, 0, 1, 0, 0, 1, 1, 1, 0], "split12_test": [1, 0, 1, 0, 0, 0, 0, 0, 0], "split12_notXOR": [1, 1, 1, 1, 1, 0, 0, 0, 1], "split12_prob": [0.9477093654403497, 0.0024982629245683795, 0.964735583213128, 0.119718481023829, 0.21712810649870978, 0.5218496958051392, 0.9909773234965277, 0.9999996586538217, 0.0024982629245683795], "split13_index": [123, 124, 125, 126, 127, 128, 129, 130, 131], "split13_pred": [1, 0, 1, 0, 0, 0, 1, 1, 0], "split13_test": [1, 0, 1, 0, 0, 0, 0, 0, 0], "split13_notXOR": [1, 1, 1, 1, 1, 1, 0, 0, 1], "split13_prob": [0.9321531778304548, 0.0029403990471564686, 0.9339703111887445, 0.07660269707137618, 0.17731679922807922, 0.49248485261249897, 0.9845404976236789, 0.9999991552336429, 0.0029403990471564656], "split14_index": [132, 133, 134, 135, 136, 137, 138, 139, 140, 141], "split14_pred": [1, 0, 1, 1, 0, 0, 1, 1, 1, 0], "split14_test": [1, 0, 0, 1, 0, 0, 0, 0, 0, 0], "split14_notXOR": [1, 1, 0, 1, 1, 1, 0, 0, 0, 1], "split14_prob": [0.8323492265296362, 0.0031756549020799446, 0.8165245352918196, 0.7825731970932915, 0.2208511461915436, 0.3392957415978909, 0.556921010644864, 0.8298775588312358, 0.9964554182923533, 0.0031756549020799446], "split15_index": [142, 143, 144, 145, 146, 147, 148, 149, 150, 151], "split15_pred": [1, 0, 1, 1, 0, 0, 1, 1, 1, 0], "split15_test": [1, 0, 0, 1, 0, 0, 0, 0, 0, 0], "split15_notXOR": [1, 1, 0, 1, 1, 1, 0, 0, 0, 1], "split15_prob": [0.8930975002478649, 0.005078566094688181, 0.8026903166960605, 0.8004784378766489, 0.31513014911180803, 0.31007413057520183, 0.8280487605214972, 0.863642532269261, 0.9981672565960095, 0.005078566094688186], "split16_index": [152, 153, 154, 155, 156, 157, 158, 159, 160, 161], "split16_pred": [1, 0, 1, 1, 0, 0, 1, 1, 1, 0], "split16_test": [1, 0, 0, 1, 0, 0, 0, 0, 0, 0], "split16_notXOR": [1, 1, 0, 1, 1, 1, 0, 0, 0, 1], "split16_prob": [0.9076329318417466, 0.0109423118223365, 0.6246626011612249, 0.7026467452229384, 0.32753406253390843, 0.40563242940014893, 0.7843359783584818, 0.788695860689235, 0.9916317289199295, 0.0109423118223365], "split17_index": [162, 163, 164, 165, 166, 167, 168, 169, 170, 171], "split17_pred": [1, 0, 1, 1, 0, 0, 1, 1, 1, 0], "split17_test": [1, 0, 0, 1, 0, 0, 0, 0, 0, 0], "split17_notXOR": [1, 1, 0, 1, 1, 1, 0, 0, 0, 1], "split17_prob": [0.8491030372706679, 0.005331905899982162, 0.7008079554570128, 0.6405141064660199, 0.41932353994117644, 0.4617675147136052, 0.700983098359986, 0.6188704354542038, 0.863476714010736, 0.005331905899982167], "split18_index": [172, 173, 174, 175, 176, 177, 178, 179, 180, 181, 182, 183], "split18_pred": [1, 0, 0, 1, 1, 0, 1, 0, 1, 1, 1, 0], "split18_test": [1, 0, 0, 1, 0, 0, 0, 0, 0, 0, 0, 0], "split18_notXOR": [1, 1, 1, 1, 0, 1, 0, 1, 0, 0, 0, 1], "split18_prob": [0.7984145891750666, 0.009432270207643074, 0.054746978417612106, 0.7703943408764995, 0.5883385623780342, 0.48624708185144244, 0.8635141650182182, 0.4648802671383917, 0.7612336425501411, 0.7619011445871693, 0.6551304828256375, 0.009432270207643074], "split19_index": [184, 185, 186, 187, 188, 189, 190, 191, 192, 193], "split19_pred": [1, 0, 1, 1, 1, 1, 1, 1, 1, 0], "split19_test": [1, 0, 1, 0, 0, 0, 0, 0, 0, 0], "split19_notXOR": [1, 1, 1, 0, 0, 0, 0, 0, 0, 1],