{"split0_index": [13, 14, 15, 16, 17, 18, 19, 20, 21, 22, 23, 24, 25], "split0_pred": [0, 0, 1, 1, 0, 1, 0, 0, 0, 0, 1, 1, 0], "split0_test": [0, 0, 0, 1, 0, 0, 0, 0, 0, 0, 0, 1, 0], "split0_notXOR": [1, 1, 0, 1, 1, 0, 1, 1, 1, 1, 0, 1, 1], "split0_prob": [0.44996703058499893, 0.8842079490517583, 0.2865360329955721, 0.061827770171209745, 0.41690807798457735, 0.3878192482325872, 0.722281286848194, 0.5296502029995453, 0.7649295912313134, 0.8007672105948241, 0.1949059743850031, 0.07125194295949853, 0.6231971418950755], "split1_index": [26, 27, 28, 29, 30, 31, 32, 33, 34, 35, 36, 37, 38], "split1_pred": [0, 0, 1, 1, 0, 0, 0, 0, 0, 0, 1, 1, 0], "split1_test": [0, 0, 0, 1, 0, 0, 0, 0, 0, 0, 0, 1, 0], "split1_notXOR": [1, 1, 0, 1, 1, 1, 1, 1, 1, 1, 0, 1, 1], "split1_prob": [0.13027416512853748, 0.1303311230539652, 0.4744069305016922, 0.8415751829712804, 0.34415787486739446, 0.3934996567279968, 0.1522894488314235, 0.2990169128821584, 0.13042001500033598, 0.1303311211704503, 0.5965050784047999, 0.8416299331043281, 0.2707638556515337], "split2_index": [39, 40, 41, 42, 43, 44, 45, 46, 47, 48, 49, 50, 51], "split2_pred": [0, 0, 0, 1, 0, 0, 0, 0, 0, 0, 0, 1, 0], "split2_test": [0, 0, 0, 1, 0, 0, 0, 0, 0, 0, 0, 1, 0], "split2_notXOR": [1, 1, 1, 1, 1, 1, 1, 1, 1, 1, 1, 1, 1], "split2_prob": [0.17251720119812425, 0.3756696167949655, 0.3521396928494121, 0.8484123691554439, 0.12902941810291976, 0.41269628539813236, 0.13469701434551584, 0.27044861626672423, 0.12915883049338286, 0.12899573760026636, 0.12915054762973652, 0.8484179143561879, 0.129098659335584], "split3_index": [52, 53, 54, 55, 56, 57, 58, 59, 60, 61, 62, 63, 64], "split3_pred": [0, 0, 0, 1, 0, 0, 0, 0, 0, 0, 1, 1, 0], "split3_test": [0, 0, 0, 1, 0, 0, 0, 0, 0, 0, 0, 1, 0], "split3_notXOR": [1, 1, 1, 1, 1, 1, 1, 1, 1, 1, 0, 1, 1], "split3_prob": [0.2996562662498047, 0.2996562773270598, 0.0718043264368527, 0.8976648701190263, 0.07180565189711872, 0.0717321431146567, 0.07176117130756735, 0.24352227860579126, 0.0718046976132679, 0.07180565036912973, 0.5395496496453268, 0.8977388678295352, 0.09761802560645244], "split4_index": [65, 66, 67, 68, 69, 70, 71, 72, 73, 74, 75, 76], "split4_pred": [0, 0, 1, 0, 0, 0, 0, 0, 0, 0, 1, 0], "split4_test": [0, 0, 1, 0, 0, 0, 0, 0, 0, 0, 1, 0], "split4_notXOR": [1, 1, 1, 1, 1, 1, 1, 1, 1, 1, 1, 1], "split4_prob": [0.08550229425450383, 0.10223484559317013, 0.9170372232670942, 0.08545302907020352, 0.3682537087058057, 0.08545616795093383, 0.08232082711345862, 0.07520114407178023, 0.09845076510114903, 0.1130977875425481, 0.9071238308560317, 0.0839740716260504], "split5_index": [77, 78, 79, 80, 81, 82, 83, 84, 85, 86, 87, 88], "split5_pred": [0, 0, 1, 0, 0, 0, 0, 0, 0, 0, 1, 0], "split5_test": [0, 0, 1, 0, 0, 0, 0, 0, 0, 0, 1, 0], "split5_notXOR": [1, 1, 1, 1, 1, 1, 1, 1, 1, 1, 1, 1], "split5_prob": [0.06519869410656211, 0.08164724789902003, 0.9309153021914307, 0.06518702673872383, 0.06523228604593823, 0.0652102128688579, 0.06515526547822534, 0.06262719633184957, 0.0615829760627813, 0.10645429909778022, 0.9257836825348691, 0.058365704121171494], "split6_index": [89, 90, 91, 92, 93, 94, 95, 96, 97, 98, 99, 100], "split6_pred": [0, 0, 1, 0, 0, 0, 0, 0, 0, 1, 1, 0], "split6_test": [0, 0, 1, 0, 0, 0, 0, 0, 0, 0, 1, 0], "split6_notXOR": [1, 1, 1, 1, 1, 1, 1, 1, 1, 0, 1, 1], "split6_prob": [0.08119380582316374, 0.25191203638568194, 0.937244708437453, 0.2601373814076279, 0.06787124466213108, 0.08709581732855377, 0.09691506749097686, 0.06677973729149307, 0.08041231659405287, 0.6971453812807498, 0.9373417700252803, 0.08117816963589965], "split7_index": [101, 102, 103, 104, 105, 106, 107, 108, 109, 110, 111, 112], "split7_pred": [0, 0, 1, 0, 0, 0, 0, 0, 0, 1, 1, 0], "split7_test": [0, 0, 1, 0, 0, 0, 0, 0, 0, 0, 1, 0], "split7_notXOR": [1, 1, 1, 1, 1, 1, 1, 1, 1, 0, 1, 1], "split7_prob": [0.05186912825566858, 0.1858708368977246, 0.9287085198539056, 0.06047098380665909, 0.04155059084223228, 0.051869126709402795, 0.06860557143955458, 0.03797468453067766, 0.04271856805742964, 0.7700847580608128, 0.9287083362070634, 0.04203044785237994], "split8_index": [113, 114, 115, 116, 117, 118, 119, 120, 121, 122, 123, 124], "split8_pred": [0, 0, 1, 0, 0, 0, 0, 0, 0, 0, 1, 0], "split8_test": [0, 0, 1, 0, 0, 0, 0, 0, 0, 0, 1, 0], "split8_notXOR": [1, 1, 1, 1, 1, 1, 1, 1, 1, 1, 1, 1], "split8_prob": [0.06602319903811228, 0.10889954282031616, 0.9469029378741937, 0.06600744308359152, 0.05120756441655602, 0.06602151026973205, 0.06205162562795006, 0.0654413207413406, 0.06613158359486113, 0.06611419657891057, 0.9468831551544584, 0.0660524119700556], "split9_index": [125, 126, 127, 128, 129, 130, 131, 132, 133, 134, 135, 136], "split9_pred": [0, 0, 1, 0, 0, 0, 0, 0, 0, 0, 1, 0], "split9_test": [0, 0, 1, 0, 0, 0, 0, 0, 0, 0, 1, 0], "split9_notXOR": [1, 1, 1, 1, 1, 1, 1, 1, 1, 1, 1, 1], "split9_prob": [0.06515572783289215, 0.1690166570589635, 0.961180906128375, 0.20820330410736632, 0.04191040400061602, 0.06519807637018872, 0.08129507267440798, 0.0651860133738665, 0.06523676716698654, 0.11513828418807431, 0.9612213243307511, 0.06509120111789626], "split10_index": [137, 138, 139, 140, 141, 142, 143, 144, 145, 146, 147, 148], "split10_pred": [0, 0, 1, 0, 0, 0, 0, 0, 0, 0, 1, 0], "split10_test": [0, 0, 1, 0, 0, 0, 1, 0, 0, 0, 1, 0], "split10_notXOR": [1, 1, 1, 1, 1, 1, 0, 1, 1, 1, 1, 1], "split10_prob": [0.055993256732790035, 0.10991526868040856, 0.9588269340754443, 0.10191172618706602, 0.05327269207253093, 0.05598705612348158, 0.05602106548903189, 0.05312945972496097, 0.05601522713675179, 0.055941053630534913, 0.95881320816138, 0.05594253296098328], "split11_index": [149, 150, 151, 152, 153, 154, 155, 156, 157, 158, 159, 160], "split11_pred": [0, 0, 1, 0, 0, 0, 0, 0, 0, 0, 1, 0], "split11_test": [0, 0, 1, 0, 0, 0, 1, 0, 0, 0, 1, 0], "split11_notXOR": [1, 1, 1, 1, 1, 1, 0, 1, 1, 1, 1, 1], "split11_prob": [0.08082034578521038, 0.17834838083726742, 0.9573438587741874, 0.08074699136678688, 0.04891474898353832, 0.08080864912370567, 0.08080864912370567, 0.08084436957728183, 0.07517386984300194, 0.08075361891051798, 0.9572790091849295, 0.08072896668996102], "split12_index": [161, 162, 163, 164, 165, 166, 167, 168, 169, 170, 171, 172], "split12_pred": [0, 0, 1, 0, 0, 0, 1, 0, 0, 0, 1, 0], "split12_test": [0, 0, 0, 0, 0, 0, 1, 0, 0, 0, 0, 0], "split12_notXOR": [1, 1, 0, 1, 1, 1, 1, 1, 1, 1, 0, 1], "split12_prob": [0.0641234972917465, 0.22947307220669505, 0.9685659595253872, 0.06412223429959191, 0.06037422843188755, 0.06417640279746739, 0.867060152147764, 0.06411327728738686, 0.05979191487413143, 0.06417640999422457, 0.9685271438553922, 0.05548826612478276]}