{"split0_index": [5, 6, 7, 8, 9, 10, 11, 12, 13, 14, 15, 16, 17, 18, 19, 20, 21, 22, 23], "split0_pred": [0, 0, 0, 0, 0, 0, 0, 0, 0, 0, 0, 0, 0, 0, 0, 0, 0, 0, 0], "split0_test": [1, 1, 1, 1, 1, 0, 0, 0, 1, 0, 0, 0, 0, 0, 0, 1, 1, 1, 0], "split0_notXOR": [0, 0, 0, 0, 0, 1, 1, 1, 0, 1, 1, 1, 1, 1, 1, 0, 0, 0, 1], "split0_prob": [0.7500042343270406, 0.7500042343270406, 0.7500042343270406, 0.7500042343270406, 0.7500042343270406, 0.7500042343270406, 0.7500042343270406, 0.7500042343270406, 0.7500042343270406, 0.7500042343270406, 0.7500042343270406, 0.7500042343270406, 0.7500042343270406, 0.7500042343270406, 0.7500042343270406, 0.7500042343270406, 0.7500042343270406, 0.7500042343270406, 0.7500042343270406], "split1_index": [24, 25, 26, 27, 28, 29, 30, 31, 32, 33, 34, 35, 36, 37, 38, 39, 40, 41, 42, 43, 44, 45, 46, 47], "split1_pred": [0, 0, 0, 0, 0, 0, 0, 0, 0, 0, 0, 0, 0, 0, 0, 0, 0, 0, 0, 0, 0, 0, 0, 0], "split1_test": [0, 1, 1, 1, 1, 1, 0, 0, 0, 1, 0, 0, 0, 0, 0, 1, 0, 0, 1, 1, 1, 0, 1, 0], "split1_notXOR": [1, 0, 0, 0, 0, 0, 1, 1, 1, 0, 1, 1, 1, 1, 1, 0, 1, 1, 0, 0, 0, 1, 0, 1], "split1_prob": [0.44453775266416456, 0.4418752895698089, 0.44264463056183156, 0.4418752895698089, 0.44076699620830617, 0.43728195304151707, 0.4418752895698089, 0.4418752895698089, 0.4418752895698089, 0.4406336473873822, 0.4386010179644151, 0.4508494335032518, 0.4418752895698089, 0.44346620516893503, 0.4418752895698089, 0.45630050681450496, 0.4418752895698089, 0.4418752895698089, 0.4424677691603374, 0.4418752895698089, 0.4417309024800896, 0.4432407342337756, 0.4418752895698089, 0.4418752895698089], "split2_index": [48, 49, 50, 51, 52, 53, 54, 55, 56, 57, 58, 59, 60, 61, 62, 63, 64, 65, 66, 67, 68, 69, 70, 71, 72, 73], "split2_pred": [0, 0, 0, 0, 0, 0, 0, 0, 0, 0, 0, 0, 0, 0, 0, 0, 0, 0, 0, 0, 0, 0, 0, 0, 0, 0], "split2_test": [0, 1, 1, 1, 1, 1, 0, 0, 0, 0, 1, 0, 0, 0, 0, 0, 0, 1, 0, 0, 1, 1, 1, 0, 1, 0], "split2_notXOR": [1, 0, 0, 0, 0, 0, 1, 1, 1, 1, 0, 1, 1, 1, 1, 1, 1, 0, 1, 1, 0, 0, 0, 1, 0, 1], "split2_prob": [0.45986306530359955, 0.4785339897966466, 0.47067961757151733, 0.4785339897966466, 0.4785339897966466, 0.47073267377261385, 0.4785339897966466, 0.4680710203567852, 0.4785339897966466, 0.4785339897966466, 0.46564455603797295, 0.4483779534707064, 0.46322271186794184, 0.4785339897966466, 0.4785339897966466, 0.47055471755886175, 0.4785339897966466, 0.4785339897966466, 0.4785339897966466, 0.4785339897966466, 0.4699147057637648, 0.4785339897966466, 0.4785339897966466, 0.4785339897966466, 0.4660479794218745, 0.4785339897966466], "split3_index": [74, 75, 76, 77, 78, 79, 80, 81, 82, 83, 84, 85, 86, 87, 88, 89, 90, 91, 92, 93, 94, 95, 96, 97, 98, 99, 100], "split3_pred": [0, 0, 0, 0, 0, 0, 0, 0, 0, 0, 0, 0, 1, 0, 0, 0, 0, 0, 0, 0, 0, 0, 0, 0, 0, 0, 0], "split3_test": [0, 1, 1, 1, 1, 1, 0, 0, 0, 0, 1, 0, 0, 0, 0, 0, 1, 0, 1, 0, 0, 1, 1, 1, 0, 1, 0], "split3_notXOR": [1, 0, 0, 0, 0, 0, 1, 1, 1, 1, 0, 1, 0, 1, 1, 1, 0, 1, 0, 1, 1, 0, 0, 0, 1, 0, 1], "split3_prob": [0.45039847902766234, 0.4432764081728974, 0.44336182205945057, 0.4433545226837235, 0.45039847902766234, 0.44336965474284445, 0.45039847902766234, 0.44328735081853443, 0.45039847902766234, 0.45039847902766234, 0.4432164665455022, 0.4433741160359677, 0.44237811791288234, 0.4435653153105429, 0.45039847902766234, 0.45039847902766234, 0.4433694337162832, 0.4429580177518772, 0.45039847902766234, 0.44328735081853443, 0.44341719354371256, 0.45039847902766234, 0.45039847902766234, 0.45039847902766234, 0.44336182205945057, 0.45039847902766234, 0.44565819361076403], "split4_index": [101, 102, 103, 104, 105, 106, 107, 108, 109, 110, 111, 112, 113, 114, 115, 116, 117, 118, 119, 120, 121, 122, 123, 124, 125, 126, 127, 128, 129, 130, 131, 132, 133, 134, 135], "split4_pred": [0, 0, 0, 0, 0, 0, 0, 0, 0, 0, 0, 0, 0, 0, 0, 0, 0, 0, 0, 0, 0, 0, 0, 0, 0, 0, 0, 0, 0, 0, 0, 0, 0, 0, 0], "split4_test": [0, 1, 1, 0, 0, 0, 0, 1, 0, 1, 1, 1, 0, 0, 0, 0, 0, 1, 0, 1, 1, 1, 0, 0, 1, 1, 1, 1, 1, 1, 1, 1, 1, 1, 0], "split4_notXOR": [1, 0, 0, 1, 1, 1, 1, 0, 1, 0, 0, 0, 1, 1, 1, 1, 1, 0, 1, 0, 0, 0, 1, 1, 0, 0, 0, 0, 0, 0, 0, 0, 0, 0, 1], "split4_prob": [0.44330150305079885, 0.44120995566190524, 0.4358686676030014, 0.4438371495112568, 0.4371970271365934, 0.4358686676030014, 0.4358686676030014, 0.44140985946076355, 0.4438483594846303, 0.43367861281503217, 0.440514558626829, 0.43481736674727295, 0.4358686676030014, 0.43704016357129327, 0.44161194392303244, 0.4358686676030014, 0.4352650045755969, 0.44279788447552393, 0.44034129825514123, 0.43922024736556836, 0.4408093803006549, 0.4335965452989034, 0.4416624578698533, 0.4358686676030014, 0.4381059650212621, 0.43647410211304444, 0.4380325430494696, 0.4375607998693807, 0.4342945045655613, 0.43690066175430403, 0.43431053092279437, 0.4424579875793605, 0.4411921415480885, 0.43971312734097645, 0.44340211691133025], "split5_index": [136, 137, 138, 139, 140, 141, 142, 143, 144, 145, 146, 147, 148, 149, 150, 151, 152, 153, 154, 155, 156, 157, 158, 159, 160, 161, 162, 163, 164, 165, 166, 167, 168, 169, 170, 171, 172, 173, 174, 175], "split5_pred": [1, 0, 0, 1, 1, 0, 0, 1, 0, 1, 1, 0, 1, 1, 0, 1, 0, 1, 0, 1, 1, 0, 0, 1, 1, 1, 0, 1, 1, 1, 1, 1, 0, 1, 1, 1, 1, 1, 1, 0], "split5_test": [0, 1, 1, 0, 0, 0, 0, 1, 0, 1, 1, 1, 1, 1, 0, 1, 0, 1, 0, 0, 1, 0, 1, 1, 1, 0, 0, 1, 1, 0, 1, 1, 1, 1, 1, 0, 0, 1, 0, 0], "split5_notXOR": [0, 0, 0, 0, 0, 1, 1, 1, 1, 1, 1, 0, 1, 1, 1, 1, 1, 1, 1, 0, 1, 1, 0, 1, 1, 0, 1, 1, 1, 0, 1, 1, 0, 1, 1, 0, 0, 1, 0, 1], "split5_prob": [0.5, 0.4545311682817903, 0.4545311682817903, 0.5058310641815695, 0.5, 0.4545311682817903, 0.4545311682817903, 0.5, 0.4545311682817903, 0.5, 0.5, 0.4545311682817903, 0.5, 0.5, 0.4545311682817903, 0.5, 0.4545311682817903, 0.5, 0.4545311682817903, 0.5, 0.5, 0.4545311682817903, 0.4545311682817903, 0.5, 0.5, 0.5, 0.4545311682817903, 0.5, 0.5, 0.5, 0.4897431914300418, 0.5, 0.4545311682817903, 0.5, 0.5, 0.5, 0.5, 0.5, 0.5, 0.4545311682817903], "split6_index": [176, 177, 178, 179, 180, 181, 182, 183, 184, 185, 186, 187, 188, 189, 190, 191, 192, 193, 194, 195, 196, 197, 198, 199, 200, 201, 202, 203, 204, 205, 206, 207, 208, 209, 210, 211, 212, 213, 214, 215, 216], "split6_pred": [0, 0, 0, 1, 0, 1, 0, 1, 0, 0, 1, 1, 1, 1, 0, 1, 0, 1, 0, 1, 0, 0, 0, 1, 1, 0, 0, 0, 0, 0, 0, 1, 0, 0, 1, 0, 0, 1, 1, 1, 0], "split6_test": [0, 1, 1, 0, 0, 0, 0, 1, 0, 1, 1, 1, 1, 1, 0, 1, 0, 1, 0, 0, 1, 0, 1, 1, 1, 0, 0, 1, 1, 0, 1, 1, 1, 1, 1, 0, 0, 1, 1, 1, 0], "split6_notXOR": [1, 0, 0, 0, 1, 0, 1, 1, 1, 0, 1, 1, 1, 1, 1, 1, 1, 1, 1, 0, 0, 1, 0, 1, 1, 1, 1, 0, 0, 1, 0, 1, 0, 0, 1, 1, 1, 1, 1, 1, 1], "split6_prob": [0.3804059192897366, 0.3804059192897366, 0.3804059192897366, 0.5676122840234564, 0.3804059192897366, 0.5673329372591618, 0.3804059192897366, 0.5674515824668669, 0.3804059192897366, 0.3804059192897366, 0.5667214995505616, 0.5673329372591618, 0.5677831044755292, 0.5676122840234564, 0.3804059192897366, 0.5670970966792718, 0.3804059192897366, 0.5673336855142967, 0.3804059192897366, 0.5687213727388714, 0.3804059192897366, 0.3804059192897366, 0.3804059192897366, 0.5689193374341551, 0.5695801001170286, 0.3804059192897366, 0.3804059192897366, 0.3804059192897366, 0.3804059192897366, 0.3804059192897366, 0.3804059192897366, 0.5667827837022383, 0.3804059192897366, 0.3804059192897366, 0.5673329372591618, 0.3804059192897366, 0.3804059192897366, 0.5667214995505616, 0.5692343213554966, 0.5670968596358895, 0.3804059192897366], "split7_index": [217, 218, 219, 220, 221, 222, 223, 224, 225, 226, 227, 228, 229, 230, 231, 232, 233, 234, 235, 236, 237, 238, 239, 240, 241, 242, 243, 244, 245, 246, 247, 248, 249, 250, 251, 252, 253, 254, 255, 256, 257, 258, 259, 260], "split7_pred": [1, 1, 1, 1, 1, 1, 1, 1, 1, 1, 1, 1, 1, 1, 1, 1, 1, 1, 1, 1, 1, 1, 1, 1, 1, 1, 1, 1, 1, 1, 1, 1, 1, 1, 1, 1, 1, 1, 1, 1, 1, 1, 1, 1], "split7_test": [0, 0, 0, 1, 0, 1, 0, 1, 0, 0, 1, 1, 1, 0, 0, 1, 0, 1, 0, 0, 0, 1, 0, 0, 0, 0, 1, 1, 0, 0, 0, 0, 0, 1, 1, 0, 1, 1, 0, 0, 0, 1, 1, 0],