{"split0_index": [13, 14, 15, 16, 17, 18, 19, 20, 21, 22, 23, 24, 25], "split0_pred": [0, 0, 0, 0, 0, 0, 0, 0, 0, 0, 0, 0, 0], "split0_test": [0, 0, 0, 1, 0, 0, 0, 0, 0, 0, 0, 1, 0], "split0_notXOR": [1, 1, 1, 0, 1, 1, 1, 1, 1, 1, 1, 0, 1], "split0_prob": [0.20398928726612844, 0.19386785791714034, 0.2553278103714308, 0.2882990199694124, 0.20398928726612844, 0.1917454060433545, 0.259473725244755, 0.27503850755899906, 0.2574835879496458, 0.20242839259905274, 0.2761896971609395, 0.2648995536643838, 0.16370054090969796], "split1_index": [26, 27, 28, 29, 30, 31, 32, 33, 34, 35, 36, 37, 38], "split1_pred": [0, 0, 0, 0, 0, 0, 0, 0, 0, 0, 0, 0, 0], "split1_test": [0, 0, 0, 1, 0, 0, 0, 0, 0, 0, 0, 1, 0], "split1_notXOR": [1, 1, 1, 0, 1, 1, 1, 1, 1, 1, 1, 0, 1], "split1_prob": [0.12033021314333134, 0.14919050492951225, 0.19555564919397964, 0.2534862345518728, 0.12033021314333134, 0.12470194608466077, 0.1965791590372665, 0.4360221629365907, 0.2080298006485591, 0.14725668911698755, 0.25721914033490717, 0.25239876036632203, 0.13411344153312196], "split2_index": [39, 40, 41, 42, 43, 44, 45, 46, 47, 48, 49, 50, 51], "split2_pred": [0, 0, 0, 0, 0, 0, 0, 0, 0, 0, 0, 0, 0], "split2_test": [0, 0, 0, 1, 0, 0, 0, 0, 0, 0, 0, 1, 0], "split2_notXOR": [1, 1, 1, 0, 1, 1, 1, 1, 1, 1, 1, 0, 1], "split2_prob": [0.09372867963523447, 0.135077144701187, 0.18431617321658977, 0.255486689306312, 0.09408261954206781, 0.1778677214364172, 0.17972715962832278, 0.25676660280654445, 0.2011624888756798, 0.1362030155639348, 0.21952488786456886, 0.30085167065256907, 0.13133354286013754], "split3_index": [52, 53, 54, 55, 56, 57, 58, 59, 60, 61, 62, 63, 64], "split3_pred": [0, 0, 0, 0, 0, 0, 0, 0, 0, 0, 0, 0, 0], "split3_test": [0, 0, 0, 1, 0, 0, 0, 0, 0, 0, 0, 1, 0], "split3_notXOR": [1, 1, 1, 0, 1, 1, 1, 1, 1, 1, 1, 0, 1], "split3_prob": [0.07623405328253675, 0.11908737813912952, 0.17493300179501864, 0.2607014758453022, 0.07522449038805587, 0.16291002676557464, 0.16895681229582643, 0.2572822187192171, 0.19245981849575852, 0.1247352233338674, 0.2039351407976013, 0.3334160572029642, 0.12175824369373175], "split4_index": [65, 66, 67, 68, 69, 70, 71, 72, 73, 74, 75, 76], "split4_pred": [0, 0, 0, 0, 0, 0, 0, 0, 0, 0, 0, 0], "split4_test": [0, 0, 1, 0, 0, 0, 0, 0, 0, 0, 1, 0], "split4_notXOR": [1, 1, 0, 1, 1, 1, 1, 1, 1, 1, 0, 1], "split4_prob": [0.061998222461495084, 0.11648176550330237, 0.2665130775946689, 0.06155403645642484, 0.17082642795197592, 0.1596081600105598, 0.2474412781912852, 0.18854070043492108, 0.11562040262303486, 0.25238119079602106, 0.3683824833072447, 0.12823214497738583], "split5_index": [77, 78, 79, 80, 81, 82, 83, 84, 85, 86, 87, 88], "split5_pred": [0, 0, 0, 0, 0, 0, 0, 0, 0, 0, 0, 0], "split5_test": [0, 0, 1, 0, 0, 0, 0, 0, 0, 0, 1, 0], "split5_notXOR": [1, 1, 0, 1, 1, 1, 1, 1, 1, 1, 0, 1], "split5_prob": [0.05345123016103551, 0.11108347627721937, 0.28017591738483416, 0.05345123016103551, 0.1556348533001247, 0.15859103492151455, 0.22227960178105738, 0.1915384282847007, 0.11168383404492693, 0.18641616570490716, 0.3924334248360119, 0.11621827580389277], "split6_index": [89, 90, 91, 92, 93, 94, 95, 96, 97, 98, 99, 100], "split6_pred": [0, 0, 0, 0, 0, 0, 0, 0, 0, 0, 0, 0], "split6_test": [0, 0, 1, 0, 0, 0, 0, 0, 0, 0, 1, 0], "split6_notXOR": [1, 1, 0, 1, 1, 1, 1, 1, 1, 1, 0, 1], "split6_prob": [0.04680350549851318, 0.06436639097261883, 0.2913913371329534, 0.04680350549851318, 0.2017666178844066, 0.15653543143270737, 0.22074578773537654, 0.2639040115997485, 0.09864214222304556, 0.1798215555842257, 0.4210223350473573, 0.10000969623619958], "split7_index": [101, 102, 103, 104, 105, 106, 107, 108, 109, 110, 111, 112], "split7_pred": [0, 0, 0, 0, 0, 0, 0, 0, 0, 0, 0, 0], "split7_test": [0, 0, 1, 0, 0, 0, 0, 0, 0, 0, 1, 0], "split7_notXOR": [1, 1, 0, 1, 1, 1, 1, 1, 1, 1, 0, 1], "split7_prob": [0.041743860585355064, 0.09970683345301948, 0.30087238294386437, 0.041743860585355064, 0.1890819412836522, 0.15507471130895442, 0.21749878044587753, 0.1929394385828222, 0.09463590429830913, 0.1731254936506727, 0.442670089519387, 0.09197814036116363], "split8_index": [113, 114, 115, 116, 117, 118, 119, 120, 121, 122, 123, 124], "split8_pred": [0, 0, 0, 0, 0, 0, 0, 0, 0, 0, 0, 0], "split8_test": [0, 0, 1, 0, 0, 0, 0, 0, 0, 0, 1, 0], "split8_notXOR": [1, 1, 0, 1, 1, 1, 1, 1, 1, 1, 0, 1], "split8_prob": [0.0372790358867418, 0.09492043509954622, 0.31049249558328207, 0.0372790358867418, 0.18140765295059597, 0.1535634661724775, 0.2150221753042267, 0.19342882062091937, 0.09104383548125185, 0.1673135076757065, 0.46512541466827495, 0.08582004355307443], "split9_index": [125, 126, 127, 128, 129, 130, 131, 132, 133, 134, 135, 136], "split9_pred": [0, 0, 0, 0, 0, 0, 0, 0, 0, 0, 0, 0], "split9_test": [0, 0, 1, 0, 0, 0, 0, 0, 0, 0, 1, 0], "split9_notXOR": [1, 1, 0, 1, 1, 1, 1, 1, 1, 1, 0, 1], "split9_prob": [0.034987451744407025, 0.09238599844125675, 0.31856692321940905, 0.034875325919512444, 0.17284777363122086, 0.15421630747510437, 0.20753706809828706, 0.19644326955054636, 0.08991813008965534, 0.15552229868607836, 0.4867171677242153, 0.07861305508887262], "split10_index": [137, 138, 139, 140, 141, 142, 143, 144, 145, 146, 147, 148], "split10_pred": [0, 0, 0, 0, 0, 0, 0, 0, 0, 0, 1, 0], "split10_test": [0, 0, 1, 0, 0, 0, 1, 0, 0, 0, 1, 0], "split10_notXOR": [1, 1, 0, 1, 1, 1, 0, 1, 1, 1, 1, 1], "split10_prob": [0.031104041517334393, 0.08746007845342002, 0.3275981666548289, 0.031104041517334393, 0.16685433817888562, 0.15207416671955476, 0.20757066104582253, 0.19575357289000722, 0.08627030276978542, 0.15207416671955476, 0.5066487533595248, 0.07480391456141613], "split11_index": [149, 150, 151, 152, 153, 154, 155, 156, 157, 158, 159, 160], "split11_pred": [0, 0, 0, 0, 0, 0, 0, 0, 0, 0, 1, 0], "split11_test": [0, 0, 1, 0, 0, 0, 1, 0, 0, 0, 1, 0], "split11_notXOR": [1, 1, 0, 1, 1, 1, 0, 1, 1, 1, 1, 1], "split11_prob": [0.027833934256217677, 0.08691408098063898, 0.35108881049663154, 0.028001318998957636, 0.10777769741258328, 0.15489399205761975, 0.2288067723080825, 0.20226883347124186, 0.08219700605011207, 0.17189407777523696, 0.5327830515139528, 0.04439838098823331], "split12_index": [161, 162, 163, 164, 165, 166, 167, 168, 169, 170, 171, 172], "split12_pred": [0, 0, 0, 0, 0, 0, 0, 0, 0, 0, 1, 0], "split12_test": [0, 0, 0, 0, 0, 0, 1, 0, 0, 0, 0, 0], "split12_notXOR": [1, 1, 1, 1, 1, 1, 0, 1, 1, 1, 0, 1], "split12_prob": [0.025474121095495763, 0.08318305220865344, 0.36655847623183535, 0.025474121095495763, 0.24936321884627236, 0.1570236161618074, 0.24650161984779992, 0.20814539280394864, 0.08796053641897797, 0.18642441497714574, 0.5471642395607679, 0.08379146732515282]}