,naive_bayes,logistic,svc,decision_tree,random_forest
naive_bayes,,-0.03952257889037685,0.2528560532888473,-0.6315355950913405,-0.6395297211487257
logistic,,,0.2869256211831427,-0.5799278338149725,-0.5874984917521018
svc,,,,-0.8694251635003757,-0.8781418673394196
decision_tree,,,,,-0.005226522139836907
random_forest,,,,,
