{"split0_index": [6, 7, 8, 9, 10, 11], "split0_pred": [1, 0, 0, 1, 0, 0], "split0_test": [1, 0, 0, 1, 0, 0], "split0_notXOR": [1, 1, 1, 1, 1, 1], "split0_prob": [0.8838136282744834, 0.10131657831296757, 0.10885682338018714, 0.9946520284421468, 0.02325960331446369, 0.009636581496733484], "split1_index": [12, 13, 14, 15, 16, 17], "split1_pred": [1, 0, 0, 1, 0, 0], "split1_test": [1, 0, 0, 1, 0, 0], "split1_notXOR": [1, 1, 1, 1, 1, 1], "split1_prob": [0.9375927549968734, 0.06437184210569227, 0.07941849122245005, 0.9982520193265056, 0.01085360620577456, 0.0039967405028153175], "split2_index": [18, 19, 20, 21, 22, 23], "split2_pred": [1, 0, 0, 1, 0, 0], "split2_test": [1, 0, 0, 1, 0, 0], "split2_notXOR": [1, 1, 1, 1, 1, 1], "split2_prob": [0.9502826628845464, 0.047169024054867455, 0.06148650204584286, 0.9990129876830111, 0.0067096903965955185, 0.0022828598507066175], "split3_index": [24, 25, 26, 27, 28, 29], "split3_pred": [1, 0, 0, 1, 0, 0], "split3_test": [1, 0, 0, 1, 0, 0], "split3_notXOR": [1, 1, 1, 1, 1, 1], "split3_prob": [0.9618458854072092, 0.038258812202082805, 0.051873330888680916, 0.9994098907914245, 0.004662377777773549, 0.0014758310181551815], "split4_index": [30, 31, 32, 33, 34, 35], "split4_pred": [1, 0, 0, 1, 0, 0], "split4_test": [1, 0, 0, 1, 0, 0], "split4_notXOR": [1, 1, 1, 1, 1, 1], "split4_prob": [0.9639414729287138, 0.03171841705070765, 0.04380590078391729, 0.9995378427987578, 0.003555903132189473, 0.0010774660673869283], "split5_index": [36, 37, 38, 39, 40, 41], "split5_pred": [1, 0, 0, 1, 0, 0], "split5_test": [1, 0, 0, 1, 0, 0], "split5_notXOR": [1, 1, 1, 1, 1, 1], "split5_prob": [0.9700567165634427, 0.027731869405835143, 0.03908958253802143, 0.9996756700621214, 0.0027865759554622084, 0.000800398019747277], "split6_index": [42, 43, 44, 45, 46, 47], "split6_pred": [1, 0, 0, 1, 0, 0], "split6_test": [1, 0, 0, 0, 1, 0], "split6_notXOR": [1, 1, 1, 0, 0, 1], "split6_prob": [0.9742507305230147, 0.024691643749681396, 0.03534062245139336, 0.999759315852207, 0.002261168300693564, 0.0006200202750281988], "split7_index": [48, 49, 50, 51, 52, 53], "split7_pred": [1, 0, 0, 1, 0, 0], "split7_test": [1, 0, 0, 0, 1, 0], "split7_notXOR": [1, 1, 1, 0, 0, 1], "split7_prob": [0.9603960464761659, 0.04236768282841968, 0.1328317742965342, 0.9259829198745824, 0.018206183516485584, 0.0166298941200043], "split8_index": [54, 55, 56, 57, 58, 59], "split8_pred": [1, 0, 0, 1, 0, 0], "split8_test": [1, 0, 0, 0, 1, 0], "split8_notXOR": [1, 1, 1, 0, 0, 1], "split8_prob": [0.9429396168083587, 0.05685889757963022, 0.18611229678183813, 0.8973233006458907, 0.04252982493652024, 0.033973284277688094], "split9_index": [60, 61, 62, 63, 64, 65], "split9_pred": [1, 0, 0, 1, 0, 0], "split9_test": [1, 0, 0, 0, 1, 0], "split9_notXOR": [1, 1, 1, 0, 0, 1], "split9_prob": [0.9679741336387218, 0.07966229515520197, 0.3554295629012568, 0.7650119089748919, 0.08542110078329274, 0.08147344366023311], "split10_index": [66, 67, 68, 69, 70, 71], "split10_pred": [1, 0, 0, 1, 0, 0], "split10_test": [1, 0, 0, 0, 1, 0], "split10_notXOR": [1, 1, 1, 0, 0, 1], "split10_prob": [0.9550029570330266, 0.1012640604514116, 0.3854508326786114, 0.7156208705941475, 0.13519419005097694, 0.09884904466705037], "split11_index": [72, 73, 74, 75, 76, 77], "split11_pred": [1, 0, 0, 1, 0, 0], "split11_test": [1, 0, 0, 0, 1, 0], "split11_notXOR": [1, 1, 1, 0, 0, 1], "split11_prob": [0.9380168614572986, 0.1308304667600525, 0.4491308679270641, 0.6798923949474311, 0.13715275927860685, 0.12984328738329065], "split12_index": [78, 79, 80, 81, 82, 83], "split12_pred": [1, 0, 0, 1, 0, 0], "split12_test": [1, 0, 0, 0, 1, 0], "split12_notXOR": [1, 1, 1, 0, 0, 1], "split12_prob": [0.9242714937651307, 0.15591448843824426, 0.4626401886064087, 0.6556519016199397, 0.16852547489565115, 0.131849141908051], "split13_index": [84, 85, 86, 87, 88, 89], "split13_pred": [1, 0, 0, 1, 0, 0], "split13_test": [1, 0, 0, 0, 1, 0], "split13_notXOR": [1, 1, 1, 0, 0, 1], "split13_prob": [0.9124704406710874, 0.17581153618219525, 0.47321813842652943, 0.6345464324905202, 0.19643440178833368, 0.13276840833277684], "split14_index": [90, 91, 92, 93, 94, 95], "split14_pred": [1, 0, 0, 1, 0, 0], "split14_test": [1, 0, 0, 0, 0, 0], "split14_notXOR": [1, 1, 1, 0, 1, 1], "split14_prob": [0.9024446802329769, 0.1917375023177567, 0.4817767417676024, 0.6155643753776188, 0.22130606455806323, 0.1329547823876911], "split15_index": [96, 97, 98, 99, 100, 101], "split15_pred": [1, 0, 0, 1, 0, 0], "split15_test": [1, 0, 0, 0, 0, 0], "split15_notXOR": [1, 1, 1, 0, 1, 1], "split15_prob": [0.9006911921236772, 0.23440357451868352, 0.48900460275800456, 0.6061184137548596, 0.2344035745186836, 0.132544833009199], "split16_index": [102, 103, 104, 105, 106, 107, 108], "split16_pred": [1, 1, 0, 0, 0, 1, 0], "split16_test": [0, 1, 0, 0, 0, 0, 0], "split16_notXOR": [0, 1, 1, 1, 1, 0, 1], "split16_prob": [0.8292920131554731, 0.872375965677079, 0.2007122217496481, 0.4744269923150965, 0.09823084587468545, 0.7997417531524421, 0.1215700462758312], "split17_index": [109, 110, 111, 112, 113, 114, 115], "split17_pred": [1, 1, 0, 0, 0, 1, 0], "split17_test": [0, 1, 0, 0, 0, 0, 0], "split17_notXOR": [0, 1, 1, 1, 1, 0, 1], "split17_prob": [0.8029932503323297, 0.8618710416022182, 0.1768207388907105, 0.47918372459576286, 0.07755169067079036, 0.8011739524149745, 0.11807454871527752], "split18_index": [116, 117, 118, 119, 120, 121, 122], "split18_pred": [1, 1, 0, 0, 0, 1, 0], "split18_test": [0, 1, 0, 0, 0, 0, 0], "split18_notXOR": [0, 1, 1, 1, 1, 0, 1], "split18_prob": [0.7866177642188991, 0.8473350149220222, 0.17465081218594647, 0.4844664975049139, 0.07559179889586441, 0.7828061663274395, 0.11288708128634285], "split19_index": [123, 124, 125, 126, 127, 128, 129], "split19_pred": [1, 1, 0, 0, 0, 1, 0], "split19_test": [0, 1, 0, 0, 0, 0, 0], "split19_notXOR": [0, 1, 1, 1, 1, 0, 1], "split19_prob": [0.7691011859539101, 0.8346723491095055, 0.17090629434192944, 0.4893958691741891, 0.07649037933982888, 0.770337685287437, 0.10751099102568218]}