{"split0_index": [7, 8, 9, 10, 11, 12, 13, 14], "split0_pred": [0, 0, 0, 0, 0, 0, 0, 0], "split0_test": [0, 0, 0, 0, 1, 0, 0, 0], "split0_notXOR": [1, 1, 1, 1, 0, 1, 1, 1], "split0_prob": [0.03945629216069301, 0.03945629216069301, 0.03945629216069301, 0.03945629216069301, 0.03945629216069301, 0.06375606294262494, 0.03945629216069301, 0.03945629216069301], "split1_index": [15, 16, 17, 18, 19, 20, 21, 22], "split1_pred": [0, 0, 0, 0, 0, 0, 0, 0], "split1_test": [0, 0, 0, 0, 0, 0, 0, 1], "split1_notXOR": [1, 1, 1, 1, 1, 1, 1, 0], "split1_prob": [0.10242024796953035, 0.10242024796953035, 0.10242024796953035, 0.10242024796953035, 0.08144781206429966, 0.10242024796953035, 0.10242024796953035, 0.09863285817181486]}