{"split0_index": [6, 7, 8, 9, 10, 11, 12], "split0_pred": [0, 0, 0, 0, 0, 0, 0], "split0_test": [0, 1, 0, 0, 0, 0, 0], "split0_notXOR": [1, 0, 1, 1, 1, 1, 1], "split0_prob": [NaN, NaN, NaN, NaN, NaN, NaN, NaN], "split1_index": [13, 14, 15, 16, 17, 18, 19], "split1_pred": [0, 0, 0, 0, 0, 0, 0], "split1_test": [0, 1, 0, 0, 0, 0, 0], "split1_notXOR": [1, 0, 1, 1, 1, 1, 1], "split1_prob": [1.2449504923954654e-13, 6.604036625751873e-12, 1.2449504923954654e-13, 1.2449504923954654e-13, 1.2449504923954654e-13, 1.2449504923954654e-13, 1.2449504923954654e-13], "split2_index": [20, 21, 22, 23, 24, 25, 26], "split2_pred": [0, 1, 0, 0, 0, 0, 0], "split2_test": [0, 1, 0, 0, 0, 0, 0], "split2_notXOR": [1, 1, 1, 1, 1, 1, 1], "split2_prob": [0.00012124579348882352, 1.0, 0.00012124579348882352, 0.0012710189238407956, 0.0007715440558455689, 0.0006614209527202809, 0.0007715440558455689], "split3_index": [27, 28, 29, 30, 31, 32, 33], "split3_pred": [0, 0, 0, 0, 0, 0, 0], "split3_test": [0, 1, 0, 0, 1, 0, 0], "split3_notXOR": [1, 0, 1, 1, 0, 1, 1], "split3_prob": [4.841325140390013e-14, 4.841325140390013e-14, 4.841325140390013e-14, 4.841325140390013e-14, 0.00017803995247937714, 3.8577371420915326e-14, 0.0002576546557770368], "split4_index": [34, 35, 36, 37, 38, 39, 40], "split4_pred": [0, 1, 0, 0, 0, 0, 0], "split4_test": [0, 1, 0, 0, 0, 0, 0], "split4_notXOR": [1, 1, 1, 1, 1, 1, 1], "split4_prob": [3.933586660495144e-13, 1.0, 3.933586660495144e-13, 3.933586660495144e-13, 1.3129378226150816e-12, 3.933586660495144e-13, 1.3129378226150816e-12], "split5_index": [41, 42, 43, 44, 45, 46, 47], "split5_pred": [0, 0, 0, 0, 0, 0, 0], "split5_test": [0, 1, 0, 0, 0, 0, 0], "split5_notXOR": [1, 0, 1, 1, 1, 1, 1], "split5_prob": [2.405657519145325e-09, 2.405657519145325e-09, 2.405657519145325e-09, 2.405657519145325e-09, 2.498576279253814e-09, 2.405657519145325e-09, 2.405657519145325e-09], "split6_index": [48, 49, 50, 51, 52, 53, 54], "split6_pred": [0, 0, 0, 0, 0, 0, 0], "split6_test": [0, 1, 0, 0, 0, 0, 0], "split6_notXOR": [1, 0, 1, 1, 1, 1, 1], "split6_prob": [2.0649050840765244e-09, 2.0649050840765244e-09, 2.0649050840765244e-09, 2.0649050840765244e-09, 2.0649050840765244e-09, 4.894116063696431e-09, 2.0649050840765244e-09], "split7_index": [55, 56, 57, 58, 59, 60, 61], "split7_pred": [0, 1, 0, 0, 1, 1, 0], "split7_test": [0, 1, 0, 0, 0, 0, 0], "split7_notXOR": [1, 1, 1, 1, 0, 0, 1], "split7_prob": [5.996051423144165e-07, 1.0, 0.0006397756460263029, 5.448103702325756e-08, 1.0, 1.0, 2.7575556488351796e-09], "split8_index": [62, 63, 64, 65, 66, 67, 68], "split8_pred": [0, 0, 0, 0, 0, 0, 0], "split8_test": [0, 1, 0, 0, 0, 0, 0], "split8_notXOR": [1, 0, 1, 1, 1, 1, 1], "split8_prob": [1.331259619384084e-12, 1.3371487173661273e-12, 1.331259619384084e-12, 1.331259619384084e-12, 1.331259619384084e-12, 1.331259619384084e-12, 1.331259619384084e-12], "split9_index": [69, 70, 71, 72, 73, 74, 75, 76], "split9_pred": [0, 0, 0, 0, 0, 0, 0, 0], "split9_test": [0, 0, 1, 0, 0, 0, 0, 0], "split9_notXOR": [1, 1, 0, 1, 1, 1, 1, 1], "split9_prob": [1.1867105182554369e-12, 1.1867105182554369e-12, 0.3436863405635896, 1.8022886012356542e-11, 1.1867105182554369e-12, 1.1867105182554369e-12, 1.1867105182554369e-12, 1.238568708180103e-12], "split10_index": [77, 78, 79, 80, 81, 82, 83, 84], "split10_pred": [0, 0, 0, 0, 0, 0, 0, 0], "split10_test": [0, 0, 1, 0, 0, 0, 0, 0], "split10_notXOR": [1, 1, 0, 1, 1, 1, 1, 1], "split10_prob": [4.851839748653494e-13, 4.851839748653494e-13, 4.851839748653494e-13, 4.851839748653494e-13, 4.851839748653494e-13, 4.874550570537194e-13, 4.851839748653494e-13, 4.851839748653494e-13], "split11_index": [85, 86, 87, 88, 89, 90, 91, 92], "split11_pred": [0, 0, 0, 0, 0, 0, 0, 0], "split11_test": [0, 0, 1, 0, 0, 0, 0, 0], "split11_notXOR": [1, 1, 0, 1, 1, 1, 1, 1], "split11_prob": [4.3466253529362773e-13, 4.3466253529362773e-13, 4.3466253529362773e-13, 4.3466253529362773e-13, 4.3466253529362773e-13, 4.65186972641741e-13, 4.65186972641741e-13, 4.3466253529362773e-13], "split12_index": [93, 94, 95, 96, 97, 98, 99, 100], "split12_pred": [0, 0, 0, 0, 0, 1, 1, 0], "split12_test": [0, 0, 1, 0, 0, 0, 0, 0], "split12_notXOR": [1, 1, 0, 1, 1, 0, 0, 1], "split12_prob": [3.964876926103775e-13, 3.964876926103775e-13, 3.964876926103775e-13, 3.964876926103775e-13, 3.964876926103775e-13, 1.0, 1.0, 3.964876926103775e-13], "split13_index": [101, 102, 103, 104, 105, 106, 107, 108, 109, 110], "split13_pred": [0, 0, 0, 1, 0, 0, 0, 0, 1, 0], "split13_test": [0, 0, 0, 1, 0, 0, 1, 1, 1, 0], "split13_notXOR": [1, 1, 1, 1, 1, 1, 0, 0, 1, 1], "split13_prob": [8.10817053662887e-09, 8.10817053662887e-09, 8.10817053662887e-09, 1.0, 0.0005413834976362732, 8.10817053662887e-09, 9.93413745848095e-09, 0.47220293154207504, 0.6213480813124174, 5.943685698806371e-08], "split14_index": [111, 112, 113, 114, 115, 116, 117, 118, 119, 120], "split14_pred": [0, 0, 0, 0, 0, 0, 0, 0, 0, 0], "split14_test": [0, 0, 0, 1, 0, 0, 1, 1, 1, 0], "split14_notXOR": [1, 1, 1, 0, 1, 1, 0, 0, 0, 1], "split14_prob": [8.1863481431885e-06, 8.1863481431885e-06, 8.1863481431885e-06, 0.014822973255668774, 8.1863481431885e-06, 8.1863481431885e-06, 8.1863481431885e-06, 0.0881615166413109, 0.08627432058495346, 8.1863481431885e-06], "split15_index": [121, 122, 123, 124, 125, 126, 127, 128, 129, 130], "split15_pred": [0, 0, 0, 0, 0, 0, 0, 0, 0, 0], "split15_test": [0, 0, 0, 1, 0, 0, 1, 1, 1, 1], "split15_notXOR": [1, 1, 1, 0, 1, 1, 0, 0, 0, 0], "split15_prob": [1.1047081750658653e-09, 1.1047081750658653e-09, 1.1047081750658653e-09, 1.1047081750658653e-09, 1.1047081750658653e-09, 1.0607992939335811e-09, 1.1047081750658653e-09, 1.1047081750658653e-09, 1.1047081750658653e-09, 1.1047081750658653e-09], "split16_index": [131, 132, 133, 134, 135, 136, 137, 138, 139, 140], "split16_pred": [0, 0, 0, 1, 0, 0, 0, 0, 0, 0], "split16_test": [0, 0, 0, 1, 0, 0, 1, 1, 1, 1], "split16_notXOR": [1, 1, 1, 1, 1, 1, 0, 0, 0, 0], "split16_prob": [2.6352242770208916e-09, 2.6352242770208916e-09, 2.6352242770208916e-09, 1.0, 2.6352242770208916e-09, 2.6352242770208916e-09, 2.6352242770208916e-09, 2.6352242770208916e-09, 2.6352242770208916e-09, 2.6352242770208916e-09], "split17_index": [141, 142, 143, 144, 145, 146, 147, 148, 149, 150], "split17_pred": [0, 0, 0, 0, 0, 0, 0, 0, 0, 0], "split17_test": [0, 0, 0, 1, 0, 0, 1, 1, 1, 1], "split17_notXOR": [1, 1, 1, 0, 1, 1, 0, 0, 0, 0], "split17_prob": [2.1393539851784526e-09, 2.1393539851784526e-09, 2.1393539851784526e-09, 2.1393539851784526e-09, 2.1393539851784526e-09, 7.916467213346324e-09, 2.1393539851784526e-09, 2.1393539851784526e-09, 2.1393539851784526e-09, 2.1393539851784526e-09], "split18_index": [151, 152, 153, 154, 155, 156, 157, 158, 159, 160], "split18_pred": [0, 1, 0, 0, 0, 1, 0, 0, 0, 0], "split18_test": [0, 0, 0, 1, 0, 0, 1, 1, 1, 1], "split18_notXOR": [1, 0, 1, 0, 1, 0, 0, 0, 0, 0], "split18_prob": [0.0003768647674994916, 0.9999999990872244, 7.923371565420069e-09, 5.783837524421447e-07, 7.923371565420069e-09, 0.989889969709697, 7.923371565420069e-09, 7.923371565420069e-09, 7.923371565420069e-09, 7.923371565420069e-09], "split19_index": [161, 162, 163, 164, 165, 166, 167, 168, 169, 170], "split19_pred": [0, 0, 0, 0, 0, 0, 0, 0, 0, 0], "split19_test": [0, 0, 0, 0, 0, 0, 1, 1, 1, 1], "split19_notXOR": [1, 1, 1, 1, 1, 1, 0, 0, 0, 0], "split19_prob": [3.364264375230242e-08, 3.364264375230242e-08, 3.364264375230242e-08, 5.0929985303060036e-08, 3.364264375230242e-08, 3.364264375230242e-08, 3.364264375230242e-08, 4.4482067655104446e-08, 4.4482067655104446e-08, 3.364264375230242e-08]}