{"split0_index": [4, 5, 6, 7], "split0_pred": [0, 0, 1, 0], "split0_test": [0, 1, 0, 0], "split0_notXOR": [1, 0, 0, 1], "split0_prob": [0.2841666666666667, 0.2841666666666667, 0.7375, 0.2841666666666667], "split1_index": [8, 9, 10, 11], "split1_pred": [1, 0, 0, 0], "split1_test": [0, 1, 0, 0], "split1_notXOR": [0, 0, 1, 1], "split1_prob": [0.7644523809523808, 0.3166190476190475, 0.4741666666666666, 0.3166190476190475], "split2_index": [12, 13, 14, 15], "split2_pred": [0, 0, 0, 0], "split2_test": [0, 1, 0, 0], "split2_notXOR": [1, 0, 1, 1], "split2_prob": [0.10966666666666666, 0.3211904761904762, 0.38066666666666676, 0.3211904761904762], "split3_index": [16, 17, 18, 19], "split3_pred": [0, 0, 0, 0], "split3_test": [0, 1, 0, 0], "split3_notXOR": [1, 0, 1, 1], "split3_prob": [0.07666666666666666, 0.4183968253968253, 0.4183968253968253, 0.4183968253968253], "split4_index": [20, 21, 22, 23], "split4_pred": [0, 0, 0, 0], "split4_test": [0, 1, 0, 0], "split4_notXOR": [1, 0, 1, 1], "split4_prob": [0.065, 0.41968253968253977, 0.36466666666666664, 0.41968253968253977], "split5_index": [24, 25, 26, 27], "split5_pred": [0, 0, 0, 0], "split5_test": [1, 0, 0, 0], "split5_notXOR": [0, 1, 1, 1], "split5_prob": [0.3678253968253968, 0.0, 0.3678253968253968, 0.3678253968253968], "split6_index": [28, 29, 30, 31], "split6_pred": [0, 0, 0, 0], "split6_test": [1, 0, 0, 0], "split6_notXOR": [0, 1, 1, 1], "split6_prob": [0.36331060606060606, 0.0, 0.17333333333333337, 0.36331060606060606], "split7_index": [32, 33, 34, 35], "split7_pred": [1, 0, 1, 0], "split7_test": [1, 0, 0, 0], "split7_notXOR": [1, 1, 0, 1], "split7_prob": [0.52, 0.02083333333333333, 0.52, 0.36499999999999994]}