{"split0_index": [5, 6, 7, 8, 9, 10, 11, 12, 13, 14, 15, 16, 17, 18, 19, 20, 21, 22, 23], "split0_pred": [1, 1, 1, 0, 1, 0, 0, 0, 1, 1, 0, 1, 0, 1, 1, 0, 1, 1, 1], "split0_test": [1, 1, 1, 1, 1, 0, 0, 0, 1, 0, 0, 0, 0, 0, 0, 1, 1, 1, 0], "split0_notXOR": [1, 1, 1, 0, 1, 1, 1, 1, 1, 0, 1, 0, 1, 0, 0, 0, 1, 1, 0], "split0_prob": [1.0, 1.0, 1.0, 0.0, 1.0, 0.0, 0.0, 0.0, 1.0, 1.0, 0.0, 1.0, 0.0, 1.0, 1.0, 0.0, 1.0, 1.0, 1.0], "split1_index": [24, 25, 26, 27, 28, 29, 30, 31, 32, 33, 34, 35, 36, 37, 38, 39, 40, 41, 42, 43, 44, 45, 46, 47], "split1_pred": [0, 1, 1, 1, 0, 1, 0, 0, 0, 0, 1, 0, 0, 0, 0, 0, 0, 0, 0, 1, 0, 0, 0, 0], "split1_test": [0, 1, 1, 1, 1, 1, 0, 0, 0, 1, 0, 0, 0, 0, 0, 1, 0, 0, 1, 1, 1, 0, 1, 0], "split1_notXOR": [1, 1, 1, 1, 0, 1, 1, 1, 1, 0, 0, 1, 1, 1, 1, 0, 1, 1, 0, 1, 0, 1, 0, 1], "split1_prob": [2.846322903211661e-07, 0.9969892454145891, 1.0, 0.9934069332266223, 1.6519751545916597e-05, 1.0, 6.052758328276399e-07, 4.578839551579867e-09, 1.8132325686549797e-07, 8.155779642912643e-07, 0.9999999998894538, 3.397759627925515e-06, 4.578839551579867e-09, 2.023513010282806e-05, 1.8132325686549797e-07, 4.4509998666484724e-05, 1.2808180518785286e-06, 0.0010881825815023157, 0.0004014465306171506, 1.0, 0.0015098433086978907, 2.3234912025667528e-07, 0.0007485721413173471, 0.006642064701738117], "split2_index": [48, 49, 50, 51, 52, 53, 54, 55, 56, 57, 58, 59, 60, 61, 62, 63, 64, 65, 66, 67, 68, 69, 70, 71, 72, 73], "split2_pred": [0, 1, 1, 1, 0, 1, 0, 0, 0, 0, 0, 1, 0, 0, 0, 0, 0, 0, 0, 0, 0, 1, 0, 0, 0, 0], "split2_test": [0, 1, 1, 1, 1, 1, 0, 0, 0, 0, 1, 0, 0, 0, 0, 0, 0, 1, 0, 0, 1, 1, 1, 0, 1, 0], "split2_notXOR": [1, 1, 1, 1, 0, 1, 1, 1, 1, 1, 0, 0, 1, 1, 1, 1, 1, 0, 1, 1, 0, 1, 0, 1, 0, 1], "split2_prob": [1.449962155289596e-06, 0.9991393872110889, 1.0, 0.9987475959796263, 0.0665614444112131, 1.0, 5.120494036177809e-06, 8.549713893682206e-07, 1.3934650344927716e-08, 6.960567505439553e-07, 3.3445752420293314e-06, 0.9997638341937193, 1.7830406017435856e-05, 1.444494015511345e-05, 1.3934650344927716e-08, 0.0001977817276484474, 6.960567505439553e-07, 8.753674810782434e-05, 6.1064529413931226e-06, 0.002487224391683888, 3.045961560956046e-06, 1.0, 0.031232511914960036, 1.1905672189090639e-06, 2.965071036190203e-06, 0.01157941550909934], "split3_index": [74, 75, 76, 77, 78, 79, 80, 81, 82, 83, 84, 85, 86, 87, 88, 89, 90, 91, 92, 93, 94, 95, 96, 97, 98, 99, 100], "split3_pred": [0, 1, 0, 1, 1, 1, 0, 0, 0, 0, 0, 0, 0, 0, 0, 0, 0, 0, 0, 0, 0, 0, 0, 1, 0, 0, 0], "split3_test": [0, 1, 1, 1, 1, 1, 0, 0, 0, 0, 1, 0, 0, 0, 0, 0, 1, 0, 1, 0, 0, 1, 1, 1, 0, 1, 0], "split3_notXOR": [1, 1, 0, 1, 1, 1, 1, 1, 1, 1, 0, 1, 1, 1, 1, 1, 0, 1, 0, 1, 1, 0, 0, 1, 1, 0, 1], "split3_prob": [0.0003932160630658894, 0.9997276245022031, 0.006435293364016822, 0.9991804595158883, 0.9987707302800776, 1.0, 0.0020875179105058826, 0.0004018498925448381, 4.8775745373303504e-06, 0.00020507637098771388, 0.001323207702601096, 0.4598256522982502, 2.8220799776656014e-08, 0.005534275391884293, 0.0021149989465535724, 4.8775745373303504e-06, 0.04658159764207764, 0.00027792430637547683, 0.02490369346811387, 0.001858152675005034, 0.015812015448348253, 0.0009295030829389819, 0.0024119766477906945, 0.9640571592724189, 0.00038750880739956306, 0.0009970899787650706, 0.0014593107259047921], "split4_index": [101, 102, 103, 104, 105, 106, 107, 108, 109, 110, 111, 112, 113, 114, 115, 116, 117, 118, 119, 120, 121, 122, 123, 124, 125, 126, 127, 128, 129, 130, 131, 132, 133, 134, 135], "split4_pred": [0, 0, 1, 0, 0, 0, 0, 1, 0, 0, 0, 0, 0, 1, 0, 0, 1, 0, 0, 0, 0, 1, 0, 0, 0, 0, 1, 0, 0, 0, 0, 0, 0, 1, 0], "split4_test": [0, 1, 1, 0, 0, 0, 0, 1, 0, 1, 1, 1, 0, 0, 0, 0, 0, 1, 0, 1, 1, 1, 0, 0, 1, 1, 1, 1, 1, 1, 1, 1, 1, 1, 0], "split4_notXOR": [1, 0, 1, 1, 1, 1, 1, 1, 1, 0, 0, 0, 1, 0, 1, 1, 0, 0, 1, 0, 0, 1, 1, 1, 0, 0, 1, 0, 0, 0, 0, 0, 0, 1, 1], "split4_prob": [0.00029455097565872214, 0.00024243159168945406, 0.9997822981541515, 0.00010215491285350078, 0.0017955781938057745, 0.002012474744534602, 2.259236472034601e-06, 0.9610242592260617, 0.00019147467703457368, 0.010835848116131835, 0.042852215912029507, 0.002585805006624989, 2.259236472034601e-06, 0.9999968003503626, 1.0245118697360465e-10, 0.0006906578264483499, 0.9878125035722242, 0.0008847041064000353, 2.975568706832177e-05, 0.027262401214965697, 0.004825569969727077, 1.0, 0.00043922431380150024, 0.0011707058144466273, 0.004009055497210337, 0.0001456250418671592, 0.8238465743854368, 0.0037432019273141376, 0.006255802185542441, 0.0013601053073924885, 1.4275404009537701e-05, 0.0014715757163389369, 0.0011020362751426782, 0.999999999981398, 0.0004032527506142696], "split5_index": [136, 137, 138, 139, 140, 141, 142, 143, 144, 145, 146, 147, 148, 149, 150, 151, 152, 153, 154, 155, 156, 157, 158, 159, 160, 161, 162, 163, 164, 165, 166, 167, 168, 169, 170, 171, 172, 173, 174, 175], "split5_pred": [0, 0, 1, 1, 0, 0, 0, 1, 0, 0, 0, 0, 0, 0, 0, 1, 0, 0, 0, 1, 0, 0, 0, 0, 1, 0, 0, 0, 0, 0, 0, 0, 0, 0, 0, 0, 0, 1, 0, 0], "split5_test": [0, 1, 1, 0, 0, 0, 0, 1, 0, 1, 1, 1, 1, 1, 0, 1, 0, 1, 0, 0, 1, 0, 1, 1, 1, 0, 0, 1, 1, 0, 1, 1, 1, 1, 1, 0, 0, 1, 0, 0], "split5_notXOR": [1, 0, 1, 0, 1, 1, 1, 1, 1, 0, 0, 0, 0, 0, 1, 1, 1, 0, 1, 0, 0, 1, 0, 0, 1, 1, 1, 0, 0, 1, 0, 0, 0, 0, 0, 1, 1, 1, 1, 1], "split5_prob": [0.00018162725830498514, 0.0001656418460567185, 0.999959917449489, 0.9998871765663827, 0.0017898795138344126, 0.00153012895905342, 4.964952926031472e-07, 0.9997180476573851, 0.00010643989197239929, 0.032458376738598325, 0.10368327279661975, 0.0019909616014820667, 0.008660936178563427, 0.005273306666590225, 4.964952926031472e-07, 0.998717618899777, 7.501975739902358e-13, 0.0008645209132264268, 0.0005694428007551838, 0.9997598079930503, 0.001370927866384115, 1.249153370707768e-05, 0.04408550346807132, 0.005787319473706698, 1.0, 0.013364961494285853, 0.0008319347152373388, 0.006375032522438415, 0.0013584011741282613, 0.0015909803424386593, 2.4253096551847263e-06, 0.04918471843291817, 0.04074036481941346, 0.0021370480640318977, 0.002238562608677674, 0.0009291613195457405, 0.09043701056057316, 0.9999999999977547, 0.0007159350121500593, 0.0003211435157284859], "split6_index": [176, 177, 178, 179, 180, 181, 182, 183, 184, 185, 186, 187, 188, 189, 190, 191, 192, 193, 194, 195, 196, 197, 198, 199, 200, 201, 202, 203, 204, 205, 206, 207, 208, 209, 210, 211, 212, 213, 214, 215, 216], "split6_pred": [0, 0, 1, 1, 0, 0, 0, 1, 0, 0, 0, 0, 0, 0, 0, 1, 0, 0, 0, 1, 0, 0, 0, 0, 1, 0, 0, 0, 0, 0, 0, 0, 0, 0, 0, 0, 0, 1, 0, 0, 0], "split6_test": [0, 1, 1, 0, 0, 0, 0, 1, 0, 1, 1, 1, 1, 1, 0, 1, 0, 1, 0, 0, 1, 0, 1, 1, 1, 0, 0, 1, 1, 0, 1, 1, 1, 1, 1, 0, 0, 1, 1, 1, 0], "split6_notXOR": [1, 0, 1, 0, 1, 1, 1, 1, 1, 0, 0, 0, 0, 0, 1, 1, 1, 0, 1, 0, 0, 1, 0, 0, 1, 1, 1, 0, 0, 1, 0, 0, 0, 0, 0, 1, 1, 1, 0, 0, 1], "split6_prob": [4.2297749796338677e-05, 3.5888451032917055e-05, 0.9999809296457579, 0.9999998982573056, 0.0006640194585349599, 0.0057752404791096175, 2.2389971399696715e-07, 0.9999973022579534, 3.4307335272195744e-05, 0.010247392505886554, 0.19326410778112227, 0.0005011110190572662, 0.06463608241673043, 0.005186099889010706, 2.2389971399696715e-07, 0.9999999997684483, 7.451294247901409e-14, 0.0001585269035143226, 0.00011436129527909314, 0.9999994656885185, 0.0003131821579530134, 3.89491712015243e-06, 0.010267211679894313, 0.0006260857673285662, 1.0, 0.003504436255285004, 0.00026702858449836403, 0.002185566100360805, 0.001070008367862038, 0.00037433490669348953, 8.407342479085791e-07, 0.018259799036791584, 0.1191187985974236, 0.020793422260970213, 0.008837932158919105, 0.00020832294810456655, 0.09096305056283395, 0.9999999999999929, 0.00031448586633538514, 0.0003999900478323308, 6.674314063908207e-05], "split7_index": [217, 218, 219, 220, 221, 222, 223, 224, 225, 226, 227, 228, 229, 230, 231, 232, 233, 234, 235, 236, 237, 238, 239, 240, 241, 242, 243, 244, 245, 246, 247, 248, 249, 250, 251, 252, 253, 254, 255, 256, 257, 258, 259, 260],