{"split0_index": [5, 6, 7, 8, 9, 10, 11, 12, 13, 14, 15, 16, 17, 18, 19, 20, 21, 22, 23], "split0_pred": [1, 0, 0, 0, 1, 0, 0, 0, 0, 1, 0, 0, 0, 0, 0, 0, 0, 0, 0], "split0_test": [1, 1, 1, 1, 1, 0, 0, 0, 1, 0, 0, 0, 0, 0, 0, 1, 1, 1, 0], "split0_notXOR": [1, 0, 0, 0, 1, 1, 1, 1, 0, 0, 1, 1, 1, 1, 1, 0, 0, 0, 1], "split0_prob": [0.3969551945902602, 0.7734277505692738, 0.5301110359646218, 0.7786058394107583, 0.5, 0.7942285248931124, 0.7943979125648316, 0.7943124889579762, 0.7901529728420342, 0.237075311995924, 0.7943979125648316, 0.7785443061193056, 0.7943124889579762, 0.7885581891955219, 0.7142314730792916, 0.7896509013915536, 0.6821115313284689, 0.7840543808363044, 0.5973855209495988], "split1_index": [24, 25, 26, 27, 28, 29, 30, 31, 32, 33, 34, 35, 36, 37, 38, 39, 40, 41, 42, 43, 44, 45, 46, 47], "split1_pred": [0, 1, 0, 1, 0, 1, 0, 0, 0, 0, 1, 0, 0, 0, 0, 1, 0, 1, 0, 1, 1, 0, 0, 0], "split1_test": [0, 1, 1, 1, 1, 1, 0, 0, 0, 1, 0, 0, 0, 0, 0, 1, 0, 0, 1, 1, 1, 0, 1, 0], "split1_notXOR": [1, 1, 0, 1, 0, 1, 1, 1, 1, 0, 0, 1, 1, 1, 1, 1, 1, 0, 0, 1, 1, 1, 0, 1], "split1_prob": [0.5811374771389098, 0.3699179544374132, 0.5, 0.3507106215049615, 0.5545107190488794, 0.3148413041813217, 0.5402065775880339, 0.6106934425535218, 0.6040817035649774, 0.6026463429369975, 0.3848007123215287, 0.5546927125442007, 0.6106934425535218, 0.5, 0.6040817035649774, 0.40458465653828773, 0.5739804019891374, 0.45465616238555434, 0.6029254449014136, 0.4420748718853084, 0.36697582885122687, 0.6081378005063274, 0.5100791726944227, 0.49419065038399246], "split2_index": [48, 49, 50, 51, 52, 53, 54, 55, 56, 57, 58, 59, 60, 61, 62, 63, 64, 65, 66, 67, 68, 69, 70, 71, 72, 73], "split2_pred": [0, 1, 0, 1, 0, 1, 0, 0, 0, 0, 0, 1, 0, 0, 0, 1, 0, 1, 0, 1, 0, 0, 1, 0, 0, 1], "split2_test": [0, 1, 1, 1, 1, 1, 0, 0, 0, 0, 1, 0, 0, 0, 0, 0, 0, 1, 0, 0, 1, 1, 1, 0, 1, 0], "split2_notXOR": [1, 1, 0, 1, 0, 1, 1, 1, 1, 1, 0, 0, 1, 1, 1, 0, 1, 1, 1, 0, 0, 0, 1, 1, 0, 0], "split2_prob": [0.5172628670002091, 0.46088527179649535, 0.5, 0.4619009460752083, 0.5158352141242444, 0.46086825552416383, 0.5305699107449683, 0.5309663790079063, 0.5337798606263409, 0.5317662102633308, 0.5265828282165832, 0.46080735318245963, 0.5169112528114592, 0.5, 0.5337798606263409, 0.5, 0.5317662102633308, 0.5, 0.5233337484185653, 0.48946910285779144, 0.5196835615867578, 0.5240350542046174, 0.4785591996592166, 0.5315704492549903, 0.5266203911957192, 0.4697981003634908], "split3_index": [74, 75, 76, 77, 78, 79, 80, 81, 82, 83, 84, 85, 86, 87, 88, 89, 90, 91, 92, 93, 94, 95, 96, 97, 98, 99, 100], "split3_pred": [0, 1, 1, 1, 0, 1, 0, 0, 0, 0, 0, 0, 0, 1, 1, 0, 1, 0, 1, 0, 1, 0, 0, 1, 0, 0, 1], "split3_test": [0, 1, 1, 1, 1, 1, 0, 0, 0, 0, 1, 0, 0, 0, 0, 0, 1, 0, 1, 0, 0, 1, 1, 1, 0, 1, 0], "split3_notXOR": [1, 1, 1, 1, 0, 1, 1, 1, 1, 1, 0, 1, 1, 0, 0, 1, 1, 1, 1, 1, 0, 0, 0, 1, 1, 0, 0], "split3_prob": [0.5054484100200157, 0.867817163255565, 0.7576785430229669, 0.8647684649499369, 0.48290942167700984, 0.8709334117928652, 0.270869457477084, 0.35954461742722205, 0.2527621839266984, 0.29519226670229887, 0.527935673837261, 0.24844405872085712, 0.2913260327144584, 0.6883531978614736, 0.6706517513250988, 0.2527621839266984, 0.7426130755157709, 0.5118139643887949, 0.8692234534389105, 0.5243844837556085, 0.7990014047426813, 0.5336119854264542, 0.45541580520964436, 0.8707960235457494, 0.27064785615056725, 0.4909391983757794, 0.6318469609644566], "split4_index": [101, 102, 103, 104, 105, 106, 107, 108, 109, 110, 111, 112, 113, 114, 115, 116, 117, 118, 119, 120, 121, 122, 123, 124, 125, 126, 127, 128, 129, 130, 131, 132, 133, 134, 135], "split4_pred": [0, 0, 0, 0, 1, 0, 0, 1, 0, 1, 1, 1, 0, 0, 0, 0, 1, 0, 0, 1, 1, 1, 0, 0, 1, 1, 1, 1, 1, 1, 1, 1, 0, 1, 1], "split4_test": [0, 1, 1, 0, 0, 0, 0, 1, 0, 1, 1, 1, 0, 0, 0, 0, 0, 1, 0, 1, 1, 1, 0, 0, 1, 1, 1, 1, 1, 1, 1, 1, 1, 1, 0], "split4_notXOR": [1, 0, 0, 1, 0, 1, 1, 1, 1, 1, 1, 1, 1, 1, 1, 1, 0, 0, 1, 1, 1, 1, 1, 1, 1, 1, 1, 1, 1, 1, 1, 1, 0, 1, 0], "split4_prob": [0.48773877397922644, 0.4897790305127421, 0.48796738548571855, 0.23008541262980503, 0.8155455302461002, 0.5654038142645166, 0.19163229883922264, 0.9216592423788217, 0.20999500861751433, 0.8644880366239618, 0.8656808592956755, 0.7357273302095769, 0.19163229883922264, 0.25785417181080417, 0.3223281515695211, 0.4720782599166981, 0.7125401660963455, 0.4711909099674838, 0.3603940638513805, 0.8359832120653902, 0.7311793975278083, 0.6802119445013446, 0.4538028409649705, 0.2105307958345234, 0.803926553453435, 0.7095140579386282, 0.8205270716771351, 0.849661427343258, 0.8724978924752598, 0.9594451502280953, 0.8653884308130495, 0.6295702620533397, 0.4473548177673928, 0.8769142558787633, 0.5920701278742619], "split5_index": [136, 137, 138, 139, 140, 141, 142, 143, 144, 145, 146, 147, 148, 149, 150, 151, 152, 153, 154, 155, 156, 157, 158, 159, 160, 161, 162, 163, 164, 165, 166, 167, 168, 169, 170, 171, 172, 173, 174, 175], "split5_pred": [1, 0, 1, 1, 1, 1, 0, 1, 0, 1, 1, 1, 1, 1, 0, 0, 1, 1, 0, 1, 1, 0, 1, 1, 1, 0, 0, 1, 1, 1, 0, 1, 1, 1, 1, 0, 1, 1, 1, 0], "split5_test": [0, 1, 1, 0, 0, 0, 0, 1, 0, 1, 1, 1, 1, 1, 0, 1, 0, 1, 0, 0, 1, 0, 1, 1, 1, 0, 0, 1, 1, 0, 1, 1, 1, 1, 1, 0, 0, 1, 0, 0], "split5_notXOR": [0, 0, 1, 0, 0, 0, 1, 1, 1, 1, 1, 1, 1, 1, 1, 0, 0, 1, 1, 0, 1, 1, 1, 1, 1, 1, 1, 1, 1, 0, 0, 1, 1, 1, 1, 1, 0, 1, 0, 1], "split5_prob": [0.5080266644184359, 0.41630583265113974, 0.6675835626308804, 0.7416416653032619, 0.6696335781468311, 0.6592062772240141, 0.17681779700030925, 0.8385695889356682, 0.19708942087666498, 0.8354247873482183, 0.8672100047382886, 0.7149098020405823, 0.8351232182657586, 0.7826027195352538, 0.17681779700030925, 0.1682744609697009, 0.5688207133395864, 0.6396643706466953, 0.4608065922990858, 0.8199292368813106, 0.7314595461191066, 0.30495335298560466, 0.8047505991528211, 0.8179530596660037, 0.7836788993146092, 0.4216169512807699, 0.2618306587485167, 0.7503949033812022, 0.7438015248867218, 0.5745593758341865, 0.19385342034158254, 0.8413769951753248, 0.8412404685778929, 0.8076827461813948, 0.7184627544266405, 0.44079488769381237, 0.7215486319825782, 0.6458429015523381, 0.5767024507369015, 0.4804132496767642], "split6_index": [176, 177, 178, 179, 180, 181, 182, 183, 184, 185, 186, 187, 188, 189, 190, 191, 192, 193, 194, 195, 196, 197, 198, 199, 200, 201, 202, 203, 204, 205, 206, 207, 208, 209, 210, 211, 212, 213, 214, 215, 216], "split6_pred": [0, 0, 1, 1, 1, 0, 0, 1, 0, 1, 1, 1, 1, 1, 0, 0, 0, 1, 0, 1, 1, 0, 1, 0, 1, 1, 0, 1, 1, 1, 0, 1, 1, 1, 1, 0, 1, 1, 1, 0, 0], "split6_test": [0, 1, 1, 0, 0, 0, 0, 1, 0, 1, 1, 1, 1, 1, 0, 1, 0, 1, 0, 0, 1, 0, 1, 1, 1, 0, 0, 1, 1, 0, 1, 1, 1, 1, 1, 0, 0, 1, 1, 1, 0], "split6_notXOR": [1, 0, 1, 0, 0, 1, 1, 1, 1, 1, 1, 1, 1, 1, 1, 0, 1, 1, 1, 0, 1, 1, 1, 0, 1, 0, 1, 1, 1, 0, 0, 1, 1, 1, 1, 1, 0, 1, 1, 0, 1], "split6_prob": [0.2510643892864914, 0.23122621032324964, 0.8432811064684067, 0.8177182733087585, 0.6632826827127756, 0.433815014063233, 0.10391605417217113, 0.9482207029686992, 0.12212043504146894, 0.9207454163905854, 0.890935487561897, 0.5412050189527337, 0.9286611079527272, 0.8871241691711216, 0.10391605417217113, 0.17451156406611576, 0.1359263811476895, 0.5426800639864571, 0.2508317454128258, 0.8668720897966044, 0.7391942985553895, 0.23975645390855235, 0.9451840731131783, 0.45591703641252873, 0.9018840776927758, 0.8484327122625915, 0.13590626640295042, 0.5527787151543296, 0.7404472427177784, 0.5414636687278153, 0.1611899867543463, 0.9420474155292742, 0.971625603663651, 0.8857470307749864, 0.6847891029017132, 0.31307116864248374, 0.7851237304312438, 0.8855615250112069, 0.7096802600763534, 0.5127162897512786, 0.408384908885207], "split7_index": [217, 218, 219, 220, 221, 222, 223, 224, 225, 226, 227, 228, 229, 230, 231, 232, 233, 234, 235, 236, 237, 238, 239, 240, 241, 242, 243, 244, 245, 246, 247, 248, 249, 250, 251, 252, 253, 254, 255, 256, 257, 258, 259, 260],