{"split0_index": [9, 10, 11, 12, 13, 14, 15, 16, 17, 18], "split0_pred": [0, 0, 0, 1, 1, 1, 1, 1, 1, 1], "split0_test": [0, 0, 0, 0, 0, 0, 1, 0, 0, 0], "split0_notXOR": [1, 1, 1, 0, 0, 0, 1, 0, 0, 0], "split0_prob": [0.13355668458322575, 0.13355668458322575, 1.3579103025464e-08, 0.9999977476238292, 0.8831406297934525, 1.0, 0.7024918723821045, 0.9996169151785598, 0.9942038380011388, 0.9970413929799533], "split1_index": [19, 20, 21, 22, 23, 24, 25, 26, 27, 28], "split1_pred": [1, 0, 0, 0, 0, 0, 0, 0, 0, 0], "split1_test": [0, 0, 0, 0, 0, 0, 1, 0, 0, 0], "split1_notXOR": [0, 1, 1, 1, 1, 1, 0, 1, 1, 1], "split1_prob": [0.9999999998924995, 0.10710407001575205, 0.10710407001575205, 0.10710407001575205, 0.10710407001575205, 0.10710407001575205, 0.10710407001575205, 0.10710407001575205, 0.10710407001575205, 0.10710407001575205], "split2_index": [29, 30, 31, 32, 33, 34, 35, 36, 37, 38], "split2_pred": [0, 0, 0, 0, 0, 0, 0, 0, 0, 0], "split2_test": [0, 0, 0, 0, 0, 0, 1, 0, 0, 0], "split2_notXOR": [1, 1, 1, 1, 1, 1, 0, 1, 1, 1], "split2_prob": [0.2509530649192847, 0.39693070950182857, 0.39693070950182857, 0.39693070950182857, 0.39693070950182857, 0.39693070950182857, 0.39693070950182857, 0.39693070950182857, 0.39693070950182857, 0.39693070950182857], "split3_index": [39, 40, 41, 42, 43, 44, 45, 46, 47, 48], "split3_pred": [1, 1, 1, 1, 1, 1, 1, 1, 1, 1], "split3_test": [0, 0, 0, 0, 0, 0, 1, 0, 0, 0], "split3_notXOR": [0, 0, 0, 0, 0, 0, 1, 0, 0, 0], "split3_prob": [0.5526224244143366, 0.5526224244143366, 0.5526224244143366, 0.5526224244143366, 0.5526224244143366, 0.5526224244143366, 0.5526224244143366, 0.5526224244143366, 0.5526224244143366, 0.5526224244143366], "split4_index": [49, 50, 51, 52, 53, 54, 55, 56, 57, 58], "split4_pred": [0, 0, 0, 0, 0, 0, 0, 0, 0, 0], "split4_test": [0, 0, 0, 0, 0, 0, 1, 0, 0, 0], "split4_notXOR": [1, 1, 1, 1, 1, 1, 0, 1, 1, 1], "split4_prob": [0.3501499717006574, 0.3501499717006574, 0.3501499717006574, 0.3501499717006574, 0.13107171030122253, 0.3501499717006574, 0.04051781537065878, 0.3501499717006574, 0.3501499717006575, 0.3501499717006575], "split5_index": [59, 60, 61, 62, 63, 64, 65, 66, 67, 68], "split5_pred": [0, 0, 0, 1, 0, 0, 0, 0, 0, 0], "split5_test": [0, 0, 0, 0, 0, 0, 1, 0, 0, 0], "split5_notXOR": [1, 1, 1, 0, 1, 1, 0, 1, 1, 1], "split5_prob": [0.44636670649940946, 0.44636670649940946, 0.44636670649940946, 0.5403266460208045, 0.36184169620483136, 0.44636670649940946, 0.36184169620483136, 0.44636670649940946, 0.44636670649940946, 0.44636670649940946], "split6_index": [69, 70, 71, 72, 73, 74, 75, 76, 77, 78], "split6_pred": [0, 0, 0, 0, 0, 0, 0, 0, 0, 0], "split6_test": [0, 0, 0, 0, 0, 0, 1, 0, 0, 0], "split6_notXOR": [1, 1, 1, 1, 1, 1, 0, 1, 1, 1], "split6_prob": [0.4641385614684945, 0.4641385614684945, 0.4641385614684945, 0.4804032922345961, 0.4641385614684945, 0.447949761694647, 0.4641385614684945, 0.4641385614684945, 0.4641385614684945, 0.4804032922345961]}