{"split0_index": [8, 9, 10, 11, 12, 13, 14, 15], "split0_pred": [0, 0, 1, 0, 1, 0, 1, 0], "split0_test": [0, 0, 1, 0, 0, 0, 0, 0], "split0_notXOR": [1, 1, 1, 1, 0, 1, 0, 1], "split0_prob": [0.20023678630685482, 0.3533531436901952, 0.5600857740412959, 0.4808068674896075, 0.5306025969386982, 0.3119627758293536, 0.6417614004685592, 0.388529639315939], "split1_index": [16, 17, 18, 19, 20, 21, 22, 23], "split1_pred": [0, 0, 1, 0, 1, 0, 1, 0], "split1_test": [0, 0, 1, 0, 0, 0, 0, 0], "split1_notXOR": [1, 1, 1, 1, 0, 1, 0, 1], "split1_prob": [0.19150438925192353, 0.27724595050762924, 0.5961244875809714, 0.46637287822561047, 0.5577982606959061, 0.21618118809491954, 0.6863769126308941, 0.3353851920429584], "split2_index": [24, 25, 26, 27, 28, 29, 30, 31, 32], "split2_pred": [0, 0, 0, 1, 0, 1, 0, 1, 0], "split2_test": [0, 0, 0, 1, 0, 0, 0, 0, 0], "split2_notXOR": [1, 1, 1, 1, 1, 0, 1, 0, 1], "split2_prob": [0.14571165088050714, 0.23692134109951507, 0.274944385895329, 0.6185967878151251, 0.4548263547026631, 0.5764359728871488, 0.17198486734382554, 0.7031937272561448, 0.3074747791776475], "split3_index": [33, 34, 35, 36, 37, 38, 39, 40, 41], "split3_pred": [0, 0, 0, 1, 0, 1, 0, 1, 0], "split3_test": [0, 0, 0, 1, 0, 0, 0, 0, 0], "split3_notXOR": [1, 1, 1, 1, 1, 0, 1, 0, 1], "split3_prob": [0.11231059255062414, 0.20482032795806143, 0.2247497868447692, 0.6404093292046166, 0.43948536881554423, 0.5949879954956054, 0.14357217967600508, 0.7116268165893057, 0.28592779503382726], "split4_index": [42, 43, 44, 45, 46, 47, 48, 49, 50], "split4_pred": [0, 0, 0, 1, 0, 1, 0, 1, 0], "split4_test": [0, 0, 0, 1, 0, 0, 0, 0, 0], "split4_notXOR": [1, 1, 1, 1, 1, 0, 1, 0, 1], "split4_prob": [0.09128428027465661, 0.18254402066512782, 0.18813667052557642, 0.6567007466726926, 0.4261381898543473, 0.6102297245582106, 0.12475881480221156, 0.7113128278250435, 0.271355237820016], "split5_index": [51, 52, 53, 54, 55, 56, 57, 58, 59], "split5_pred": [0, 0, 0, 1, 0, 1, 0, 1, 0], "split5_test": [0, 0, 0, 1, 0, 0, 0, 0, 0], "split5_notXOR": [1, 1, 1, 1, 1, 0, 1, 0, 1], "split5_prob": [0.07674711277734046, 0.16582339490292486, 0.16018054597243508, 0.6695805809664039, 0.41416688814709407, 0.6231517628466818, 0.11117622589438746, 0.7064931374421451, 0.15163306006746047]}