{"split0_index": [4, 5, 6, 7, 8, 9], "split0_pred": [0, 0, 0, 0, 0, 0], "split0_test": [1, 1, 1, 1, 0, 0], "split0_notXOR": [0, 0, 0, 0, 1, 1], "split0_prob": [0.0, 0.0, 0.0, 0.0, 0.0, 0.0], "split1_index": [10, 11, 12, 13, 14, 15], "split1_pred": [1, 1, 1, 1, 0, 0], "split1_test": [1, 1, 1, 1, 0, 0], "split1_notXOR": [1, 1, 1, 1, 1, 1], "split1_prob": [1.0, 0.9841594701286503, 1.0, 1.0, 0.0004153130429999518, 1.2209404293818094e-82], "split2_index": [16, 17, 18, 19, 20, 21], "split2_pred": [1, 1, 1, 1, 1, 0], "split2_test": [1, 1, 1, 0, 0, 0], "split2_notXOR": [1, 1, 1, 0, 0, 1], "split2_prob": [1.0, 0.9999999996762021, 1.0, 1.0, 0.8826281113266522, 0.0], "split3_index": [22, 23, 24, 25, 26, 27], "split3_pred": [1, 1, 1, 1, 1, 0], "split3_test": [1, 1, 1, 0, 0, 0], "split3_notXOR": [1, 1, 1, 0, 0, 1], "split3_prob": [1.0, 0.99999999999973, 1.0, 0.9999999999604663, 0.9999530498366478, 0.0], "split4_index": [28, 29, 30, 31, 32, 33], "split4_pred": [1, 1, 1, 0, 1, 0], "split4_test": [1, 1, 1, 0, 0, 0], "split4_notXOR": [1, 1, 1, 1, 0, 1], "split4_prob": [1.0, 0.9999999999987033, 1.0, 0.015395938336380371, 0.9174290629210705, 0.0], "split5_index": [34, 35, 36, 37, 38, 39], "split5_pred": [1, 1, 1, 0, 0, 0], "split5_test": [1, 1, 1, 0, 0, 0], "split5_notXOR": [1, 1, 1, 1, 1, 1], "split5_prob": [1.0, 0.9999999999678184, 1.0, 5.846333264126781e-13, 0.001449346241725948, 2.515457915698692e-87], "split6_index": [40, 41, 42, 43, 44, 45, 46], "split6_pred": [1, 1, 1, 1, 0, 1, 0], "split6_test": [1, 1, 1, 1, 0, 0, 0], "split6_notXOR": [1, 1, 1, 1, 1, 0, 1], "split6_prob": [1.0, 0.999006127642402, 1.0, 1.0, 4.45064970267143e-11, 0.9981479795000152, 0.0], "split7_index": [47, 48, 49, 50, 51], "split7_pred": [1, 1, 0, 1, 1], "split7_test": [0, 0, 0, 1, 1], "split7_notXOR": [0, 0, 1, 1, 1], "split7_prob": [0.9999999999997264, 0.997322085594925, 0.0, 1.0, 1.0], "split8_index": [52, 53, 54, 55, 56], "split8_pred": [1, 1, 0, 1, 1], "split8_test": [0, 0, 0, 1, 1], "split8_notXOR": [0, 0, 1, 1, 1], "split8_prob": [0.9999959417044014, 0.9946490831206617, 0.0, 1.0, 1.0], "split9_index": [57, 58, 59, 60, 61], "split9_pred": [0, 0, 0, 1, 1], "split9_test": [0, 0, 0, 1, 1], "split9_notXOR": [1, 1, 1, 1, 1], "split9_prob": [0.03524215881521559, 4.3321913160779345e-08, 5.194157440411959e-119, 1.0, 1.0], "split10_index": [62, 63, 64, 65, 66], "split10_pred": [0, 0, 0, 1, 1], "split10_test": [0, 0, 0, 1, 1], "split10_notXOR": [1, 1, 1, 1, 1], "split10_prob": [0.0031354147153834053, 2.2023407851859628e-09, 5.695040636046195e-127, 1.0, 1.0], "split11_index": [67, 68, 69, 70, 71], "split11_pred": [0, 0, 0, 1, 1], "split11_test": [0, 0, 0, 1, 1], "split11_notXOR": [1, 1, 1, 1, 1], "split11_prob": [0.0005025839200049953, 1.6667965149638576e-10, 1.049730337588529e-124, 1.0, 1.0], "split12_index": [72, 73, 74, 75, 76], "split12_pred": [0, 0, 0, 1, 1], "split12_test": [0, 0, 0, 1, 1], "split12_notXOR": [1, 1, 1, 1, 1], "split12_prob": [0.00010273583241102139, 1.5123673816251905e-11, 5.840446962926963e-123, 1.0, 1.0], "split13_index": [77, 78, 79, 80, 81], "split13_pred": [0, 0, 0, 1, 1], "split13_test": [0, 0, 0, 1, 1], "split13_notXOR": [1, 1, 1, 1, 1], "split13_prob": [2.6042615920139593e-05, 1.6387830550878732e-12, 1.4129707261066515e-121, 1.0, 1.0], "split14_index": [82, 83, 84, 85, 86], "split14_pred": [0, 0, 0, 1, 1], "split14_test": [0, 0, 0, 1, 1], "split14_notXOR": [1, 1, 1, 1, 1], "split14_prob": [5.252457300434389e-06, 2.259284917023968e-09, 1.2403390210638885e-120, 1.0, 1.0], "split15_index": [87, 88, 89, 90, 91], "split15_pred": [0, 0, 0, 1, 1], "split15_test": [0, 0, 0, 1, 1], "split15_notXOR": [1, 1, 1, 1, 1], "split15_prob": [0.04557212655502969, 0.031029996954819405, 0.0, 1.0, 1.0], "split16_index": [92, 93, 94, 95, 96], "split16_pred": [0, 0, 0, 1, 1], "split16_test": [0, 0, 0, 1, 1], "split16_notXOR": [1, 1, 1, 1, 1], "split16_prob": [2.1197226964977185e-07, 1.689711346233298e-07, 1.8290420856364394e-119, 1.0, 1.0], "split17_index": [97, 98, 99, 100, 101], "split17_pred": [0, 0, 0, 1, 1], "split17_test": [0, 0, 0, 1, 1], "split17_notXOR": [1, 1, 1, 1, 1], "split17_prob": [1.320830987113063e-07, 1.3466110049366953e-08, 1.1982922560056567e-118, 1.0, 1.0], "split18_index": [102, 103, 104, 105, 106], "split18_pred": [0, 0, 0, 1, 1], "split18_test": [0, 0, 0, 1, 1], "split18_notXOR": [1, 1, 1, 1, 1], "split18_prob": [0.0017458773274639818, 0.0018544136500566368, 0.0, 1.0, 1.0], "split19_index": [107, 108, 109, 110, 111], "split19_pred": [0, 0, 0, 1, 1], "split19_test": [0, 0, 0, 1, 1], "split19_notXOR": [1, 1, 1, 1, 1], "split19_prob": [6.778333727490791e-09, 1.7074463948641005e-08, 2.9476440685537195e-118, 1.0, 1.0], "split20_index": [112, 113, 114, 115, 116], "split20_pred": [0, 0, 0, 1, 1], "split20_test": [0, 0, 0, 1, 0], "split20_notXOR": [1, 1, 1, 1, 0], "split20_prob": [1.2322090727081352e-09, 1.446512243239288e-10, 6.035234761518898e-09, 1.0, 1.0], "split21_index": [117, 118, 119, 120, 121], "split21_pred": [0, 0, 0, 1, 1], "split21_test": [1, 1, 0, 1, 0], "split21_notXOR": [0, 0, 1, 1, 0], "split21_prob": [0.007774014716578767, 0.000447448294867845, 7.303344893658277e-113, 1.0, 1.0], "split22_index": [122, 123, 124, 125, 126], "split22_pred": [0, 0, 0, 1, 1], "split22_test": [0, 0, 0, 1, 0], "split22_notXOR": [1, 1, 1, 1, 0], "split22_prob": [0.05378376775686732, 0.023086402636512043, 7.066810920857004e-111, 1.0, 0.9999999999998757], "split23_index": [127, 128, 129, 130, 131], "split23_pred": [0, 0, 0, 1, 1], "split23_test": [0, 0, 0, 1, 0], "split23_notXOR": [1, 1, 1, 1, 0], "split23_prob": [0.04025912949870375, 0.012377999350334809, 6.579767075853124e-110, 1.0, 0.9999999995797335], "split24_index": [132, 133, 134, 135, 136], "split24_pred": [0, 0, 0, 1, 1], "split24_test": [0, 0, 0, 1, 0], "split24_notXOR": [1, 1, 1, 1, 0], "split24_prob": [0.047016881211120895, 0.012133929893507084, 6.655238839346598e-109, 1.0, 0.9999999900132064], "split25_index": [137, 138, 139, 140, 141], "split25_pred": [0, 0, 0, 1, 1], "split25_test": [0, 0, 0, 1, 0], "split25_notXOR": [1, 1, 1, 1, 0], "split25_prob": [0.041951458713293636, 0.009673628427362219, 3.684102293782614e-108, 0.9999999999999991, 0.9999998439962938], "split26_index": [142, 143, 144, 145, 146], "split26_pred": [0, 0, 0, 1, 1], "split26_test": [0, 0, 0, 1, 0], "split26_notXOR": [1, 1, 1, 1, 0], "split26_prob": [0.09130057335976212, 0.020473006135145754, 3.99603459931501e-107, 0.9999999999999973, 0.9592449253167422], "split27_index": [147, 148, 149, 150, 151], "split27_pred": [0, 0, 0, 1, 1], "split27_test": [0, 0, 0, 1, 0], "split27_notXOR": [1, 1, 1, 1, 0], "split27_prob": [0.03185269922229418, 0.006493100362513087, 4.851768443824392e-107, 0.9999999999999956, 0.9999943994691711], "split28_index": [152, 153, 154, 155, 156], "split28_pred": [0, 0, 0, 1, 0], "split28_test": [0, 0, 0, 1, 0], "split28_notXOR": [1, 1, 1, 1, 1], "split28_prob": [0.07622383916478916, 0.01563821971587196, 3.638906328017989e-106, 0.9999999999999938, 0.35595994613062426], "split29_index": [157, 158, 159, 160, 161], "split29_pred": [0, 0, 0, 1, 1], "split29_test": [0, 0, 0, 1, 0], "split29_notXOR": [1, 1, 1, 1, 0], "split29_prob": [0.020978496430517208, 0.004021721942772121, 2.3308908454977984e-106, 0.9999999999999813, 0.9999829878535271], "split30_index": [162, 163, 164, 165, 166], "split30_pred": [0, 0, 0, 1, 0], "split30_test": [0, 0, 0, 1, 0], "split30_notXOR": [1, 1, 1, 1, 1], "split30_prob": [0.057884592585500154, 0.011140357696792632, 8.382917424079691e-101, 0.9999999999999734, 0.045309407039221476], "split31_index": [167, 168, 169, 170, 171], "split31_pred": [0, 0, 0, 1, 0], "split31_test": [0, 0, 0, 1, 1], "split31_notXOR": [1, 1, 1, 1, 0], "split31_prob": [0.0485107639981962, 0.009054035309953086, 1.501541907498552e-96, 0.9999999999999785, 0.0023531154739679537], "split32_index": [172, 173, 174, 175, 176], "split32_pred": [0, 0, 0, 1, 1], "split32_test": [0, 0, 0, 1, 1], "split32_notXOR": [1, 1, 1, 1, 1],