{"split0_index": [6, 7, 8, 9, 10, 11], "split0_pred": [1, 1, 1, 1, 1, 1], "split0_test": [0, 0, 1, 0, 0, 0], "split0_notXOR": [0, 0, 1, 0, 0, 0], "split0_prob": [0.5, 0.5, 0.5, 0.5, 0.5, 0.5], "split1_index": [12, 13, 14, 15, 16, 17], "split1_pred": [1, 1, 1, 1, 1, 1], "split1_test": [0, 1, 1, 0, 0, 1], "split1_notXOR": [0, 1, 1, 0, 0, 1], "split1_prob": [0.5, 0.5, 0.5, 0.5, 0.5, 0.5], "split2_index": [18, 19, 20, 21, 22, 23], "split2_pred": [0, 1, 0, 0, 0, 0], "split2_test": [0, 1, 1, 0, 0, 1], "split2_notXOR": [1, 1, 0, 1, 1, 0], "split2_prob": [0.5350964885312252, 0.45408538887173056, 0.5350964885312252, 0.5350964885312252, 0.5350964885312252, 0.5350964885312252], "split3_index": [24, 25, 26, 27, 28, 29], "split3_pred": [0, 0, 0, 0, 0, 0], "split3_test": [0, 1, 0, 0, 0, 0], "split3_notXOR": [1, 0, 1, 1, 1, 1], "split3_prob": [0.39491917591446724, 0.39491917591446724, 0.39491917591446724, 0.39491917591446724, 0.39491917591446724, 0.7092648647897776], "split4_index": [30, 31, 32, 33, 34, 35, 36, 37, 38], "split4_pred": [0, 1, 1, 0, 1, 0, 0, 0, 0], "split4_test": [0, 0, 0, 0, 1, 0, 0, 0, 0], "split4_notXOR": [1, 0, 0, 1, 1, 1, 1, 1, 1], "split4_prob": [0.4068297957241217, 0.8562320325169253, 0.8562493674724286, 0.4068297957241217, 0.8562320327094382, 0.4068297957241217, 0.4068297957241217, 0.4068297957241217, 0.4068297957241217], "split5_index": [39, 40, 41, 42, 43, 44, 45, 46, 47], "split5_pred": [1, 1, 1, 1, 1, 1, 1, 1, 1], "split5_test": [0, 0, 0, 0, 1, 0, 0, 0, 0], "split5_notXOR": [0, 0, 0, 0, 1, 0, 0, 0, 0], "split5_prob": [0.5, 0.5, 0.5, 0.5, 0.5, 0.5, 0.5, 0.5, 0.5066900701117317], "split6_index": [48, 49, 50, 51, 52, 53, 54, 55, 56], "split6_pred": [0, 0, 0, 0, 1, 0, 0, 1, 0], "split6_test": [0, 0, 0, 0, 1, 0, 0, 0, 0], "split6_notXOR": [1, 1, 1, 1, 1, 1, 1, 0, 1], "split6_prob": [0.4695142849819144, 0.4695142849819144, 0.4695142849819144, 0.4695142849819144, 0.5563361685217851, 0.5166399728987597, 0.4695142849819144, 0.5597868065004549, 0.4695142849819144]}