{"split0_index": [8, 9, 10, 11, 12, 13, 14, 15], "split0_pred": [0, 0, 0, 0, 0, 0, 0, 0], "split0_test": [0, 0, 0, 1, 0, 0, 0, 0], "split0_notXOR": [1, 1, 1, 0, 1, 1, 1, 1], "split0_prob": [0.19700771314863988, 0.1991442592783389, 0.1968970105649077, 0.1995956638856091, 0.20451725181069141, 0.19677399269791435, 0.19669433070526682, 0.19677399299601792], "split1_index": [16, 17, 18, 19, 20, 21, 22, 23], "split1_pred": [0, 0, 0, 0, 0, 0, 0, 0], "split1_test": [0, 0, 0, 1, 0, 0, 0, 0], "split1_notXOR": [1, 1, 1, 0, 1, 1, 1, 1], "split1_prob": [0.12210504845301937, 0.14884550021860513, 0.14884550021860513, 0.15205776905915971, 0.14884550021860513, 0.14884550021860513, 0.14884550021860513, 0.14884550021860513], "split2_index": [24, 25, 26, 27, 28, 29, 30, 31], "split2_pred": [0, 0, 0, 0, 0, 0, 0, 0], "split2_test": [0, 0, 0, 1, 0, 0, 0, 0], "split2_notXOR": [1, 1, 1, 0, 1, 1, 1, 1], "split2_prob": [0.1395112362675912, 0.1395112362675912, 0.1395112362675912, 0.1395112362675912, 0.1395112362675912, 0.12953120272524238, 0.1395112362675912, 0.1395112362675912], "split3_index": [32, 33, 34, 35, 36, 37, 38, 39, 40], "split3_pred": [0, 0, 0, 0, 0, 0, 0, 0, 0], "split3_test": [0, 0, 0, 0, 1, 0, 0, 0, 0], "split3_notXOR": [1, 1, 1, 1, 0, 1, 1, 1, 1], "split3_prob": [0.1324537105438692, 0.1324537105438692, 0.1324537105438692, 0.1319040640132104, 0.14031287300072567, 0.13995785130047142, 0.13881770118821873, 0.1324537105438692, 0.1324537105438692], "split4_index": [41, 42, 43, 44, 45, 46, 47, 48, 49], "split4_pred": [0, 0, 0, 0, 0, 0, 0, 0, 0], "split4_test": [0, 0, 0, 0, 1, 0, 0, 0, 0], "split4_notXOR": [1, 1, 1, 1, 0, 1, 1, 1, 1], "split4_prob": [0.12814855504756806, 0.12814855504756806, 0.12992597928156516, 0.1304382138687281, 0.12814855504756806, 0.12814855504756806, 0.12814855504756806, 0.12814855504756806, 0.12814855504756806], "split5_index": [50, 51, 52, 53, 54, 55, 56, 57, 58], "split5_pred": [0, 0, 0, 0, 0, 0, 0, 0, 0], "split5_test": [0, 0, 0, 0, 1, 0, 0, 0, 0], "split5_notXOR": [1, 1, 1, 1, 0, 1, 1, 1, 1], "split5_prob": [0.12310315846144546, 0.12310315846144546, 0.12310315846144546, 0.12310315846144546, 0.12310315846144546, 0.12310315846144546, 0.12299499124782082, 0.12310315846144546, 0.12310315846144546], "split6_index": [59, 60, 61, 62, 63, 64, 65, 66, 67], "split6_pred": [0, 0, 0, 0, 0, 0, 0, 0, 0], "split6_test": [0, 0, 0, 0, 1, 0, 0, 0, 0], "split6_notXOR": [1, 1, 1, 1, 0, 1, 1, 1, 1], "split6_prob": [0.08227685101043208, 0.11346848721963748, 0.11346848721963748, 0.11346848721963748, 0.11346848721963748, 0.11346848721963748, 0.11346848721963748, 0.11346848721963748, 0.11346848721963748]}