{"split0_index": [3, 4, 5], "split0_pred": [0, 0, 1], "split0_test": [0, 0, 1], "split0_notXOR": [1, 1, 1], "split0_prob": [0.0018062857338672605, 0.2900594750639495, 0.6138780926601886], "split1_index": [6, 7, 8], "split1_pred": [0, 0, 0], "split1_test": [0, 0, 1], "split1_notXOR": [1, 1, 0], "split1_prob": [0.08590794603952552, 0.22340392779426924, 0.4924315124204085], "split2_index": [9, 10, 11], "split2_pred": [0, 0, 1], "split2_test": [0, 0, 1], "split2_notXOR": [1, 1, 1], "split2_prob": [0.12808429669727514, 0.16374190191020757, 0.7093190688171204], "split3_index": [12, 13, 14], "split3_pred": [0, 0, 1], "split3_test": [0, 0, 1], "split3_notXOR": [1, 1, 1], "split3_prob": [0.1116497649211441, 0.12659927241210897, 0.7651647813423529], "split4_index": [15, 16, 17], "split4_pred": [0, 0, 1], "split4_test": [0, 0, 1], "split4_notXOR": [1, 1, 1], "split4_prob": [0.10997699808303812, 0.11071299513512659, 0.795071211616639], "split5_index": [18, 19, 20], "split5_pred": [0, 0, 1], "split5_test": [0, 0, 1], "split5_notXOR": [1, 1, 1], "split5_prob": [0.08617122703392996, 0.10013629795296877, 0.8195070328202841], "split6_index": [21, 22, 23], "split6_pred": [0, 0, 1], "split6_test": [0, 0, 1], "split6_notXOR": [1, 1, 1], "split6_prob": [0.104868015036405, 0.09063711988047328, 0.8363633927118942], "split7_index": [24, 25, 26], "split7_pred": [0, 0, 1], "split7_test": [0, 0, 1], "split7_notXOR": [1, 1, 1], "split7_prob": [0.15330924601809995, 0.08540781774504609, 0.8529137371057707], "split8_index": [27, 28, 29], "split8_pred": [0, 0, 1], "split8_test": [0, 0, 1], "split8_notXOR": [1, 1, 1], "split8_prob": [0.12239938674989208, 0.05756043292547116, 0.8636490806713617], "split9_index": [30, 31, 32], "split9_pred": [0, 0, 1], "split9_test": [1, 0, 1], "split9_notXOR": [0, 1, 1], "split9_prob": [0.0013804619351908032, 0.07855943548591894, 0.8736110667955175], "split10_index": [33, 34, 35], "split10_pred": [0, 0, 1], "split10_test": [1, 0, 1], "split10_notXOR": [0, 1, 1], "split10_prob": [0.032368417433244326, 0.15464337276425233, 0.7840677926644775], "split11_index": [36, 37, 38], "split11_pred": [0, 0, 1], "split11_test": [1, 0, 1], "split11_notXOR": [0, 1, 1], "split11_prob": [0.08703509037191975, 0.22324615635082826, 0.7926559832487899], "split12_index": [39, 40, 41], "split12_pred": [0, 0, 1], "split12_test": [1, 0, 1], "split12_notXOR": [0, 1, 1], "split12_prob": [0.159342469858774, 0.27386325683162077, 0.6913234447392179], "split13_index": [42, 43, 44], "split13_pred": [0, 0, 1], "split13_test": [1, 0, 1], "split13_notXOR": [0, 1, 1], "split13_prob": [0.2305125237750478, 0.3022256388307697, 0.7967367102156693], "split14_index": [45, 46, 47], "split14_pred": [0, 0, 1], "split14_test": [1, 0, 1], "split14_notXOR": [0, 1, 1], "split14_prob": [0.29719584271131144, 0.32320653853301745, 0.7982095002519176], "split15_index": [48, 49, 50], "split15_pred": [0, 0, 1], "split15_test": [1, 0, 1], "split15_notXOR": [0, 1, 1], "split15_prob": [0.35365817295471086, 0.3367600451803826, 0.7999361209036332], "split16_index": [51, 52, 53], "split16_pred": [0, 0, 1], "split16_test": [1, 0, 1], "split16_notXOR": [0, 1, 1], "split16_prob": [0.2651224325806072, 0.34621442404874414, 0.802104233281533], "split17_index": [54, 55, 56], "split17_pred": [0, 0, 1], "split17_test": [1, 0, 1], "split17_notXOR": [0, 1, 1], "split17_prob": [0.4239428443128454, 0.33903917668254824, 0.794156529577341], "split18_index": [57, 58, 59], "split18_pred": [0, 0, 1], "split18_test": [1, 0, 1], "split18_notXOR": [0, 1, 1], "split18_prob": [0.46769653267223793, 0.35096075264312876, 0.8035574580179065], "split19_index": [60, 61, 62], "split19_pred": [0, 0, 1], "split19_test": [1, 0, 1], "split19_notXOR": [0, 1, 1], "split19_prob": [0.49155104738566113, 0.3468811975990574, 0.8018792220052942], "split20_index": [63, 64, 65], "split20_pred": [1, 0, 1], "split20_test": [1, 0, 1], "split20_notXOR": [1, 1, 1], "split20_prob": [0.5263935264759066, 0.35505780226102324, 0.8093656400604614], "split21_index": [66, 67, 68], "split21_pred": [1, 0, 1], "split21_test": [1, 0, 1], "split21_notXOR": [1, 1, 1], "split21_prob": [0.5505471186227909, 0.35573933222986265, 0.8125850876287805], "split22_index": [69, 70, 71], "split22_pred": [1, 0, 1], "split22_test": [1, 0, 1], "split22_notXOR": [1, 1, 1], "split22_prob": [0.562810671651946, 0.3476220501654661, 0.810257498989767], "split23_index": [72, 73, 74], "split23_pred": [0, 0, 1], "split23_test": [1, 0, 1], "split23_notXOR": [0, 1, 1], "split23_prob": [0.47533423824390186, 0.3464340777195702, 0.8127744946077049], "split24_index": [75, 76, 77], "split24_pred": [1, 0, 1], "split24_test": [1, 0, 1], "split24_notXOR": [1, 1, 1], "split24_prob": [0.6034173603763694, 0.3481703090451433, 0.8159545408261604], "split25_index": [78, 79, 80], "split25_pred": [1, 0, 1], "split25_test": [1, 0, 1], "split25_notXOR": [1, 1, 1], "split25_prob": [0.6204730655809663, 0.3350447306261267, 0.8125012912472533], "split26_index": [81, 82, 83], "split26_pred": [1, 0, 1], "split26_test": [1, 0, 1], "split26_notXOR": [1, 1, 1], "split26_prob": [0.621928028962366, 0.3428901541210939, 0.8213125753945022], "split27_index": [84, 85, 86, 87], "split27_pred": [1, 1, 0, 1], "split27_test": [0, 1, 0, 1], "split27_notXOR": [0, 1, 1, 1], "split27_prob": [0.6290596590598215, 0.6788182228274608, 0.32655498978095476, 0.8160050026362693], "split28_index": [88, 89, 90, 91], "split28_pred": [1, 1, 0, 1], "split28_test": [0, 1, 0, 1], "split28_notXOR": [0, 1, 1, 1], "split28_prob": [0.556167830759898, 0.6664276161845968, 0.30316364600695844, 0.6968882038190022], "split29_index": [92, 93, 94, 95], "split29_pred": [1, 1, 0, 1], "split29_test": [0, 1, 0, 1], "split29_notXOR": [0, 1, 1, 1], "split29_prob": [0.5841259863154726, 0.5316338337381412, 0.2640326397534695, 0.7571848103686311], "split30_index": [96, 97, 98, 99], "split30_pred": [1, 1, 0, 1], "split30_test": [0, 1, 0, 1], "split30_notXOR": [0, 1, 1, 1], "split30_prob": [0.5813858188225565, 0.5557473792391286, 0.2576398423001038, 0.8108546649782927], "split31_index": [100, 101, 102, 103], "split31_pred": [1, 1, 0, 1], "split31_test": [0, 1, 0, 1], "split31_notXOR": [0, 1, 1, 1], "split31_prob": [0.6170551181918146, 0.5772054328619666, 0.27103999434077625, 0.8304776149712819], "split32_index": [104, 105, 106, 107], "split32_pred": [1, 1, 0, 1], "split32_test": [0, 1, 0, 1], "split32_notXOR": [0, 1, 1, 1], "split32_prob": [0.562134824975719, 0.5532366435364624, 0.2526957480630332, 0.8261597193975808], "split33_index": [108, 109, 110, 111], "split33_pred": [1, 1, 0, 1], "split33_test": [0, 1, 0, 1], "split33_notXOR": [0, 1, 1, 1], "split33_prob": [0.5478683214866239, 0.5413069131877958, 0.24572738397637586, 0.8320510198017265], "split34_index": [112, 113, 114, 115], "split34_pred": [1, 1, 0, 1], "split34_test": [0, 1, 0, 1], "split34_notXOR": [0, 1, 1, 1], "split34_prob": [0.5528973300473894, 0.5972374910766886, 0.25445521335928145, 0.8314870917525318], "split35_index": [116, 117, 118, 119], "split35_pred": [1, 1, 0, 1], "split35_test": [0, 1, 0, 1], "split35_notXOR": [0, 1, 1, 1], "split35_prob": [0.5526728287502491, 0.6307897620918644, 0.25885761036921134, 0.8400389858402421], "split36_index": [120, 121, 122, 123], "split36_pred": [1, 1, 0, 1], "split36_test": [0, 1, 0, 1], "split36_notXOR": [0, 1, 1, 1], "split36_prob": [0.5257332688658771, 0.5866450914050465, 0.24303778590769645, 0.8338484343370026], "split37_index": [124, 125, 126, 127], "split37_pred": [1, 1, 0, 1], "split37_test": [0, 1, 0, 1], "split37_notXOR": [0, 1, 1, 1], "split37_prob": [0.5228254421895346, 0.6268497129957251, 0.2462972829242659, 0.8408247975563459], "split38_index": [128, 129, 130, 131], "split38_pred": [1, 1, 0, 1], "split38_test": [0, 1, 0, 1], "split38_notXOR": [0, 1, 1, 1], "split38_prob": [0.5083059304584362, 0.6553480987862542, 0.2404586968282413, 0.8420665031871428], "split39_index": [132, 133, 134, 135], "split39_pred": [0, 1, 0, 1], "split39_test": [0, 1, 0, 1],