{"split0_index": [6, 7, 8, 9, 10, 11, 12], "split0_pred": [0, 1, 0, 0, 1, 0, 1], "split0_test": [0, 1, 0, 0, 0, 0, 0], "split0_notXOR": [1, 1, 1, 1, 0, 1, 0], "split0_prob": [0.0, 1.0, 0.0, 0.0, 1.0, 0.0, 1.0], "split1_index": [13, 14, 15, 16, 17, 18, 19], "split1_pred": [0, 1, 0, 1, 0, 0, 0], "split1_test": [0, 1, 0, 0, 0, 0, 0], "split1_notXOR": [1, 1, 1, 0, 1, 1, 1], "split1_prob": [2.088683365230847e-12, 1.0, 5.899717453736317e-48, 0.5798469262077874, 0.0016473058397894374, 5.899717453736317e-48, 0.0009860131473531028], "split2_index": [20, 21, 22, 23, 24, 25, 26], "split2_pred": [0, 1, 0, 0, 0, 0, 0], "split2_test": [0, 1, 0, 0, 0, 0, 0], "split2_notXOR": [1, 1, 1, 1, 1, 1, 1], "split2_prob": [0.0, 0.9999999990323785, 0.0, 0.0, 0.0, 0.0, 0.0], "split3_index": [27, 28, 29, 30, 31, 32, 33], "split3_pred": [0, 1, 0, 0, 0, 0, 0], "split3_test": [0, 1, 0, 0, 1, 0, 0], "split3_notXOR": [1, 1, 1, 1, 0, 1, 1], "split3_prob": [0.0, 0.9999999999998401, 0.0, 0.0, 0.0, 0.0, 0.0], "split4_index": [34, 35, 36, 37, 38, 39, 40], "split4_pred": [0, 1, 0, 1, 1, 0, 1], "split4_test": [0, 1, 0, 0, 0, 0, 0], "split4_notXOR": [1, 1, 1, 0, 0, 1, 0], "split4_prob": [1.2564786714931667e-23, 0.9999938736756756, 2.783202183196488e-79, 0.9912407248222358, 0.999778483238204, 2.783202183196488e-79, 0.999778483238204], "split5_index": [41, 42, 43, 44, 45, 46, 47], "split5_pred": [0, 1, 0, 1, 1, 0, 1], "split5_test": [0, 1, 0, 0, 0, 0, 0], "split5_notXOR": [1, 1, 1, 0, 0, 1, 0], "split5_prob": [7.544685147601069e-17, 0.99957463159132, 1.7357848760117087e-67, 0.7887852555006656, 0.9483233208747913, 1.7357848760117087e-67, 0.9033696312594796], "split6_index": [48, 49, 50, 51, 52, 53, 54], "split6_pred": [0, 1, 0, 1, 1, 0, 0], "split6_test": [0, 1, 0, 0, 0, 0, 0], "split6_notXOR": [1, 1, 1, 0, 0, 1, 1], "split6_prob": [1.3454744404651276e-27, 0.9987603552091329, 3.0804088371217277e-77, 0.5289237863784394, 0.6207456990145995, 3.0804088371217277e-77, 0.4075642867089639], "split7_index": [55, 56, 57, 58, 59, 60, 61], "split7_pred": [0, 1, 0, 1, 1, 1, 0], "split7_test": [0, 1, 0, 0, 0, 0, 0], "split7_notXOR": [1, 1, 1, 0, 0, 0, 1], "split7_prob": [2.706646614593746e-31, 0.9999638388013907, 2.905401592149403e-104, 0.8987560501872771, 0.9952790425421433, 0.9952790425421433, 2.905401592149403e-104], "split8_index": [62, 63, 64, 65, 66, 67, 68], "split8_pred": [0, 1, 0, 1, 1, 1, 0], "split8_test": [0, 1, 0, 0, 0, 0, 0], "split8_notXOR": [1, 1, 1, 0, 0, 0, 1], "split8_prob": [5.1277863295142066e-34, 0.9999550055232076, 3.7673546057550275e-113, 0.8240592656951363, 0.9901514552988991, 0.9901514552988991, 3.7673546057550275e-113], "split9_index": [69, 70, 71, 72, 73, 74, 75, 76], "split9_pred": [0, 0, 1, 0, 1, 1, 1, 0], "split9_test": [0, 0, 1, 0, 0, 0, 0, 0], "split9_notXOR": [1, 1, 1, 1, 0, 0, 0, 1], "split9_prob": [2.6532355461149974e-07, 4.0530369449789025e-37, 0.9999151033746193, 1.3860307842959053e-121, 0.5334971536173689, 0.9664347633582745, 0.9664347633582745, 1.3860307842959053e-121], "split10_index": [77, 78, 79, 80, 81, 82, 83, 84], "split10_pred": [0, 0, 1, 0, 1, 1, 1, 0], "split10_test": [0, 0, 1, 0, 0, 0, 0, 0], "split10_notXOR": [1, 1, 1, 1, 0, 0, 0, 1], "split10_prob": [6.627830764234261e-08, 1.4999987226647158e-39, 0.9999446955591235, 2.474892227155926e-131, 0.6098043297484631, 0.9998877136308938, 0.9714790587012876, 2.474892227155926e-131], "split11_index": [85, 86, 87, 88, 89, 90, 91, 92], "split11_pred": [0, 0, 1, 0, 0, 1, 1, 0], "split11_test": [0, 0, 1, 0, 0, 0, 0, 0], "split11_notXOR": [1, 1, 1, 1, 1, 0, 0, 1], "split11_prob": [4.6590930068650296e-09, 1.691291730562673e-42, 0.999915718664021, 2.6658395931533424e-140, 0.3698714097137609, 0.9997736214201992, 0.9287516457432257, 2.6658395931533424e-140], "split12_index": [93, 94, 95, 96, 97, 98, 99, 100], "split12_pred": [0, 0, 1, 0, 0, 1, 1, 0], "split12_test": [0, 0, 1, 0, 0, 0, 0, 0], "split12_notXOR": [1, 1, 1, 1, 1, 0, 0, 1], "split12_prob": [4.228546088710062e-11, 3.983528476505368e-42, 0.9993568637759487, 8.946899978295157e-144, 0.14052339382458293, 0.9958395371549849, 0.6190613688962885, 8.946899978295157e-144], "split13_index": [101, 102, 103, 104, 105, 106, 107, 108, 109, 110], "split13_pred": [0, 0, 0, 1, 0, 0, 0, 1, 1, 0], "split13_test": [0, 0, 0, 1, 0, 0, 1, 1, 1, 0], "split13_notXOR": [1, 1, 1, 1, 1, 1, 0, 1, 1, 1], "split13_prob": [5.827438639436928e-12, 7.658194736100511e-13, 6.652389406886215e-45, 0.999599702559187, 5.172679158728931e-153, 4.239857093064194e-35, 0.10474333451499544, 0.9975708275482223, 0.6910989598293688, 5.172679158728931e-153], "split14_index": [111, 112, 113, 114, 115, 116, 117, 118, 119, 120], "split14_pred": [0, 0, 0, 1, 0, 0, 1, 1, 1, 0], "split14_test": [0, 0, 0, 1, 0, 0, 1, 1, 1, 0], "split14_notXOR": [1, 1, 1, 1, 1, 1, 1, 1, 1, 1], "split14_prob": [0.0002446084606159734, 4.2420229994039734e-05, 4.227431181013946e-28, 0.9990266644152233, 1.223478590705641e-75, 3.013099826422268e-19, 0.8095642420698015, 0.9973442024761174, 0.9844288652737098, 1.223478590705641e-75], "split15_index": [121, 122, 123, 124, 125, 126, 127, 128, 129, 130], "split15_pred": [0, 0, 0, 1, 0, 0, 1, 1, 1, 0], "split15_test": [0, 0, 0, 1, 0, 0, 1, 1, 1, 1], "split15_notXOR": [1, 1, 1, 1, 1, 1, 1, 1, 1, 0], "split15_prob": [0.0014730020370487835, 0.00031329884760191123, 7.569938973885401e-21, 0.998639567487937, 1.976207261915289e-93, 1.1281885547375925e-15, 0.9267675371596064, 0.9959603252332292, 0.9933904756531969, 1.976207261915289e-93], "split16_index": [131, 132, 133, 134, 135, 136, 137, 138, 139, 140], "split16_pred": [1, 1, 0, 1, 0, 0, 1, 1, 1, 0], "split16_test": [0, 0, 0, 1, 0, 0, 1, 1, 1, 1], "split16_notXOR": [0, 0, 1, 1, 1, 1, 1, 1, 1, 0], "split16_prob": [0.8145405796059567, 0.7627928134872076, 8.720751394303583e-05, 0.898922240210237, 8.224217878241451e-13, 0.14483551955472468, 0.9398991124103793, 0.9931297693925177, 0.9863277513922701, 8.224217878241451e-13], "split17_index": [141, 142, 143, 144, 145, 146, 147, 148, 149, 150], "split17_pred": [1, 1, 0, 1, 0, 1, 1, 1, 1, 0], "split17_test": [0, 0, 0, 1, 0, 0, 1, 1, 1, 1], "split17_notXOR": [0, 0, 1, 1, 1, 0, 1, 1, 1, 0], "split17_prob": [0.8386983719425507, 0.7934655776780333, 0.0037716810072831873, 0.9922691517089468, 4.860992763557809e-08, 0.985425881244274, 0.9216561965463294, 0.9946118193794428, 0.982021361631333, 4.860992763557809e-08], "split18_index": [151, 152, 153, 154, 155, 156, 157, 158, 159, 160], "split18_pred": [1, 1, 0, 1, 0, 1, 1, 1, 1, 0], "split18_test": [0, 0, 0, 1, 0, 0, 1, 1, 1, 1], "split18_notXOR": [0, 0, 1, 1, 1, 0, 1, 1, 1, 0], "split18_prob": [0.7690525601447037, 0.590157336843179, 0.01627883924099129, 0.9561262823403126, 3.7790752949560155e-06, 0.9909719210731083, 0.8721365498924123, 0.9869088653944301, 0.9661919388114989, 3.7790752949560155e-06], "split19_index": [161, 162, 163, 164, 165, 166, 167, 168, 169, 170], "split19_pred": [1, 1, 0, 1, 0, 1, 1, 1, 1, 0], "split19_test": [0, 0, 0, 0, 0, 0, 1, 1, 1, 1], "split19_notXOR": [0, 0, 1, 0, 1, 0, 1, 1, 1, 0], "split19_prob": [0.7809931218383374, 0.6319874482370527, 0.04553498870255183, 0.9643545685577333, 4.575196194705377e-05, 0.9692690686745035, 0.8545386862143675, 0.9743492645922016, 0.9446441162102609, 4.575196194705377e-05]}