{"split0_index": [23, 24, 25, 26, 27, 28, 29, 30, 31, 32, 33, 34, 35, 36, 37, 38, 39, 40, 41, 42, 43, 44, 45, 46], "split0_pred": [1, 1, 1, 0, 0, 1, 0, 0, 0, 0, 0, 0, 0, 0, 1, 1, 0, 0, 0, 0, 0, 0, 0, 0], "split0_test": [0, 0, 1, 0, 0, 0, 0, 0, 0, 0, 0, 0, 0, 0, 1, 0, 0, 0, 0, 0, 0, 0, 0, 0], "split0_notXOR": [0, 0, 1, 1, 1, 0, 1, 1, 1, 1, 1, 1, 1, 1, 1, 0, 1, 1, 1, 1, 1, 1, 1, 1], "split0_prob": [0.5920986297132631, 0.5353788511857066, 0.6021883118453061, 0.33235379431217377, 0.33235379431217377, 0.5088228788429685, 0.33235379431217377, 0.33235379431217377, 0.33235379431217377, 0.33235379431217377, 0.33235379431217377, 0.33235379431217377, 0.33235379431217377, 0.33235379431217377, 0.5147553884053215, 0.5515330982764783, 0.33235379431217377, 0.33235379431217377, 0.33235379431217377, 0.33235379431217377, 0.33235379431217377, 0.33235379431217377, 0.33235379431217377, 0.33235379431217377], "split1_index": [47, 48, 49, 50, 51, 52, 53, 54, 55, 56, 57, 58, 59, 60, 61, 62, 63, 64, 65, 66, 67, 68, 69, 70, 71, 72, 73], "split1_pred": [1, 1, 0, 0, 1, 0, 0, 1, 0, 0, 0, 0, 0, 0, 0, 0, 0, 1, 1, 0, 0, 0, 0, 0, 0, 0, 0], "split1_test": [0, 0, 0, 1, 0, 0, 0, 0, 0, 0, 0, 0, 0, 0, 0, 0, 0, 1, 0, 0, 0, 1, 0, 0, 0, 0, 0], "split1_notXOR": [0, 0, 1, 0, 0, 1, 1, 0, 1, 1, 1, 1, 1, 1, 1, 1, 1, 1, 0, 1, 1, 0, 1, 1, 1, 1, 1], "split1_prob": [0.7506275657383863, 0.6477454085218505, 0.223678633930712, 0.223678633930712, 0.768199949569239, 0.223678633930712, 0.223678633930712, 0.5893443751165485, 0.223678633930712, 0.223678633930712, 0.223678633930712, 0.223678633930712, 0.223678633930712, 0.223678633930712, 0.223678633930712, 0.223678633930712, 0.223678633930712, 0.6016137286060408, 0.6738640085716173, 0.223678633930712, 0.223678633930712, 0.223678633930712, 0.223678633930712, 0.223678633930712, 0.223678633930712, 0.223678633930712, 0.223678633930712], "split2_index": [74, 75, 76, 77, 78, 79, 80, 81, 82, 83, 84, 85, 86, 87, 88, 89, 90, 91, 92, 93, 94, 95, 96, 97, 98, 99, 100], "split2_pred": [1, 1, 0, 0, 1, 0, 0, 1, 0, 0, 0, 0, 0, 0, 0, 0, 0, 1, 1, 0, 0, 0, 0, 0, 0, 0, 0], "split2_test": [0, 0, 1, 1, 0, 0, 0, 0, 0, 0, 0, 0, 0, 0, 0, 0, 0, 1, 0, 0, 0, 0, 1, 0, 0, 0, 0], "split2_notXOR": [0, 0, 0, 0, 0, 1, 1, 0, 1, 1, 1, 1, 1, 1, 1, 1, 1, 1, 0, 1, 1, 1, 0, 1, 1, 1, 1], "split2_prob": [0.7996596466145401, 0.8720062424436142, 0.32518421418069554, 0.32518421418069554, 0.8836483690915131, 0.32518421418069554, 0.32518421418069554, 0.7567062464404665, 0.32518421418069554, 0.32518421418069554, 0.32518421418069554, 0.32518421418069554, 0.32518421418069554, 0.32518421418069554, 0.32518421418069554, 0.32518421418069554, 0.32518421418069554, 0.7686838084433916, 0.812532467081283, 0.32518421418069554, 0.32518421418069554, 0.32518421418069554, 0.32518421418069554, 0.32518421418069554, 0.32518421418069554, 0.32518421418069554, 0.32518421418069554], "split3_index": [101, 102, 103, 104, 105, 106, 107, 108, 109, 110, 111, 112, 113, 114, 115, 116, 117, 118, 119, 120, 121, 122, 123, 124, 125, 126, 127, 128], "split3_pred": [1, 1, 0, 0, 0, 0, 1, 0, 0, 1, 0, 0, 0, 0, 0, 0, 0, 0, 0, 1, 1, 0, 0, 0, 0, 0, 0, 0], "split3_test": [0, 0, 1, 0, 0, 1, 0, 0, 0, 0, 0, 0, 0, 0, 0, 0, 0, 0, 0, 1, 0, 0, 0, 0, 1, 0, 0, 0], "split3_notXOR": [0, 0, 0, 1, 1, 0, 0, 1, 1, 0, 1, 1, 1, 1, 1, 1, 1, 1, 1, 1, 0, 1, 1, 1, 0, 1, 1, 1], "split3_prob": [0.5989534258480262, 0.6640600392450042, 0.41277451662612574, 0.41277451662612574, 0.41277451662612574, 0.41277451662612574, 0.6700993386906982, 0.41277451662612574, 0.41277451662612574, 0.605999654446915, 0.41277451662612574, 0.41277451662612574, 0.41277451662612574, 0.41277451662612574, 0.41277451662612574, 0.41277451662612574, 0.41277451662612574, 0.41277451662612574, 0.41277451662612574, 0.6151225809414103, 0.6412332066433526, 0.41277451662612574, 0.41277451662612574, 0.41277451662612574, 0.41277451662612574, 0.41277451662612574, 0.41277451662612574, 0.41277451662612574], "split4_index": [129, 130, 131, 132, 133, 134, 135, 136, 137, 138, 139, 140, 141, 142, 143, 144, 145, 146, 147, 148, 149, 150, 151, 152, 153, 154, 155, 156], "split4_pred": [1, 1, 0, 0, 0, 0, 1, 0, 0, 1, 0, 0, 0, 0, 0, 0, 0, 0, 0, 1, 1, 0, 0, 0, 0, 0, 0, 0], "split4_test": [0, 0, 0, 0, 0, 0, 0, 0, 0, 0, 0, 0, 0, 0, 0, 0, 0, 0, 0, 1, 0, 0, 0, 0, 0, 0, 0, 0], "split4_notXOR": [0, 0, 1, 1, 1, 1, 0, 1, 1, 0, 1, 1, 1, 1, 1, 1, 1, 1, 1, 1, 0, 1, 1, 1, 1, 1, 1, 1], "split4_prob": [0.7408572728371338, 0.7948300851932498, 0.40469802499658614, 0.40469802499658614, 0.40469802499658614, 0.40469802499658614, 0.8056367779047587, 0.40469802499658614, 0.40469802499658614, 0.7232161542300528, 0.40469802499658614, 0.40469802499658614, 0.40469802499658614, 0.40469802499658614, 0.40469802499658614, 0.40469802499658614, 0.40469802499658614, 0.40469802499658614, 0.40469802499658614, 0.735945062062664, 0.7297715597486965, 0.40469802499658614, 0.40469802499658614, 0.40469802499658614, 0.40469802499658614, 0.40469802499658614, 0.40469802499658614, 0.40469802499658614], "split5_index": [157, 158, 159, 160, 161, 162, 163, 164, 165, 166, 167, 168, 169, 170, 171, 172, 173, 174, 175, 176, 177, 178, 179, 180, 181, 182, 183, 184], "split5_pred": [1, 1, 0, 0, 0, 0, 1, 0, 0, 1, 0, 0, 0, 0, 0, 0, 0, 0, 0, 1, 1, 0, 0, 0, 0, 0, 0, 0], "split5_test": [0, 0, 0, 0, 0, 0, 0, 0, 0, 0, 0, 0, 0, 0, 0, 0, 0, 0, 0, 1, 0, 0, 0, 0, 0, 0, 0, 0], "split5_notXOR": [0, 0, 1, 1, 1, 1, 0, 1, 1, 0, 1, 1, 1, 1, 1, 1, 1, 1, 1, 1, 0, 1, 1, 1, 1, 1, 1, 1], "split5_prob": [0.653231515245116, 0.8708570641581421, 0.4118517729128439, 0.4118517729128439, 0.4118517729128439, 0.4118517729128439, 0.674107430563079, 0.4118517729128439, 0.4118517729128439, 0.8754505752687378, 0.4118517729128439, 0.4118517729128439, 0.4118517729128439, 0.4118517729128439, 0.4118517729128439, 0.4118517729128439, 0.4118517729128439, 0.4118517729128439, 0.4118517729128439, 0.673899457921962, 0.6014577293793126, 0.4118517729128439, 0.4118517729128439, 0.4118517729128439, 0.4118517729128439, 0.4118517729128439, 0.4118517729128439, 0.4118517729128439], "split6_index": [185, 186, 187, 188, 189, 190, 191, 192, 193, 194, 195, 196, 197, 198, 199, 200, 201, 202, 203, 204, 205, 206, 207, 208, 209, 210, 211, 212], "split6_pred": [1, 1, 1, 1, 1, 1, 1, 0, 1, 1, 1, 1, 1, 1, 1, 1, 1, 1, 1, 1, 1, 1, 1, 1, 1, 1, 1, 1], "split6_test": [0, 0, 0, 0, 0, 0, 0, 0, 0, 0, 0, 0, 0, 0, 0, 0, 0, 0, 0, 1, 0, 0, 0, 0, 0, 0, 0, 0], "split6_notXOR": [0, 0, 0, 0, 0, 0, 0, 1, 0, 0, 0, 0, 0, 0, 0, 0, 0, 0, 0, 1, 0, 0, 0, 0, 0, 0, 0, 0], "split6_prob": [0.5612254143354187, 0.6830205605516498, 0.626843436607152, 0.7254364023058695, 0.7086123292121739, 0.956016762270421, 0.6713332228800454, 0.4276133848810303, 0.6524236917666436, 0.7384802768868074, 0.6911241068392745, 0.7973162846223795, 0.6423006556873655, 0.7263926632784279, 0.8315366092834611, 0.6434050146430724, 0.7432366960763466, 0.8916208377674194, 0.6956563912720949, 0.6346988633147561, 0.6049676230802815, 0.6565842403712364, 0.7973162846223795, 0.6565842403712364, 0.749786935168941, 0.6334162472076948, 0.7001182704589067, 0.607279403307877], "split7_index": [213, 214, 215, 216, 217, 218, 219, 220, 221, 222, 223, 224, 225, 226, 227, 228, 229, 230, 231, 232, 233, 234, 235, 236, 237, 238, 239, 240], "split7_pred": [1, 1, 1, 1, 1, 1, 1, 0, 1, 1, 1, 1, 1, 1, 1, 1, 1, 1, 1, 1, 1, 1, 1, 1, 1, 1, 1, 1], "split7_test": [0, 0, 0, 0, 0, 0, 0, 0, 0, 0, 0, 0, 0, 0, 0, 0, 0, 0, 0, 1, 0, 0, 0, 0, 0, 0, 0, 0], "split7_notXOR": [0, 0, 0, 0, 0, 0, 0, 1, 0, 0, 0, 0, 0, 0, 0, 0, 0, 0, 0, 1, 0, 0, 0, 0, 0, 0, 0, 0],