{"split0_index": [3, 4, 5, 6, 7, 8, 9, 10], "split0_pred": [1, 0, 0, 0, 0, 0, 0, 0], "split0_test": [1, 0, 0, 0, 0, 0, 1, 0], "split0_notXOR": [1, 1, 1, 1, 1, 1, 0, 1], "split0_prob": [1.0, 0.0, 0.0, 0.0, 0.0, 0.0, 0.0, 0.0], "split1_index": [11, 12, 13, 14, 15, 16, 17, 18], "split1_pred": [1, 0, 0, 0, 0, 0, 1, 0], "split1_test": [1, 0, 0, 0, 0, 0, 1, 0], "split1_notXOR": [1, 1, 1, 1, 1, 1, 1, 1], "split1_prob": [1.0, 0.0, 1.8204499757657814e-97, 0.0, 7.245319206887454e-06, 0.0011869511685120217, 0.9999850939444416, 0.0], "split2_index": [19, 20, 21, 22, 23, 24, 25], "split2_pred": [1, 0, 0, 0, 0, 1, 0], "split2_test": [1, 0, 0, 0, 0, 1, 0], "split2_notXOR": [1, 1, 1, 1, 1, 1, 1], "split2_prob": [1.0, 0.0, 6.090488987633161e-106, 5.89549199980962e-07, 1.4600654708596129e-05, 0.9999904454396428, 0.0], "split3_index": [26, 27, 28, 29, 30, 31, 32], "split3_pred": [1, 0, 0, 0, 0, 1, 0], "split3_test": [1, 0, 0, 0, 0, 1, 0], "split3_notXOR": [1, 1, 1, 1, 1, 1, 1], "split3_prob": [1.0, 0.0, 3.5117152487567225e-110, 2.5424787933982737e-07, 9.409651624180305e-06, 0.9999999488601197, 0.0], "split4_index": [33, 34, 35, 36, 37, 38, 39], "split4_pred": [1, 0, 0, 0, 0, 0, 0], "split4_test": [1, 0, 0, 0, 0, 0, 0], "split4_notXOR": [1, 1, 1, 1, 1, 1, 1], "split4_prob": [1.0, 0.0, 4.1310301117738896e-122, 1.0050323195252111e-07, 6.6612500125270286e-06, 0.0, 0.0], "split5_index": [40, 41, 42, 43, 44, 45, 46], "split5_pred": [1, 0, 0, 0, 0, 0, 0], "split5_test": [1, 0, 0, 0, 0, 0, 0], "split5_notXOR": [1, 1, 1, 1, 1, 1, 1], "split5_prob": [1.0, 0.0, 3.47048305162864e-107, 4.488282251336583e-08, 4.6278822794293195e-06, 0.0, 0.0]}