{"split0_index": [14, 15, 16, 17, 18, 19, 20, 21, 22, 23, 24, 25, 26, 27], "split0_pred": [0, 1, 0, 1, 1, 1, 1, 1, 0, 1, 1, 0, 0, 0], "split0_test": [0, 0, 0, 0, 1, 0, 0, 1, 0, 0, 0, 0, 0, 0], "split0_notXOR": [1, 0, 1, 0, 1, 0, 0, 1, 1, 0, 0, 1, 1, 1], "split0_prob": [1.3417856449133764e-199, 1.0, 0.0, 1.0, 1.0, 1.0, 1.0, 1.0, 0.0, 1.0, 1.0, 0.0, 6.62308017435946e-301, 0.0], "split1_index": [28, 29, 30, 31, 32, 33, 34, 35, 36, 37, 38, 39, 40, 41], "split1_pred": [0, 0, 1, 1, 1, 0, 0, 1, 0, 0, 0, 1, 0, 1], "split1_test": [0, 0, 0, 0, 1, 0, 0, 1, 0, 0, 0, 0, 0, 0], "split1_notXOR": [1, 1, 0, 0, 1, 1, 1, 1, 1, 1, 1, 0, 1, 0], "split1_prob": [0.0, 2.6446557295010017e-17, 1.0, 0.95886415043607, 1.0, 0.0, 1.0389175082207998e-134, 1.0, 0.0, 0.0, 0.0, 1.0, 9.702245025046297e-269, 1.0], "split2_index": [42, 43, 44, 45, 46, 47, 48, 49, 50, 51, 52, 53, 54, 55], "split2_pred": [0, 0, 0, 0, 1, 0, 0, 1, 0, 0, 0, 0, 0, 0], "split2_test": [0, 0, 0, 0, 1, 0, 0, 1, 0, 0, 0, 0, 0, 0], "split2_notXOR": [1, 1, 1, 1, 1, 1, 1, 1, 1, 1, 1, 1, 1, 1], "split2_prob": [0.0, 0.0, 0.0, 0.0, 0.9999999998845768, 0.0, 0.0, 1.0, 0.0, 0.0, 0.0, 2.59357927069887e-15, 4.729100263459593e-271, 0.0], "split3_index": [56, 57, 58, 59, 60, 61, 62, 63, 64, 65, 66, 67, 68, 69], "split3_pred": [0, 0, 0, 0, 1, 0, 0, 1, 0, 0, 0, 0, 0, 0], "split3_test": [0, 0, 0, 0, 1, 0, 0, 0, 0, 0, 0, 0, 0, 0], "split3_notXOR": [1, 1, 1, 1, 1, 1, 1, 0, 1, 1, 1, 1, 1, 1], "split3_prob": [0.0, 0.0, 0.0, 0.0, 1.0, 0.0, 0.0, 1.0, 0.0, 0.0, 0.0, 0.0, 5.6574623037317264e-266, 0.0], "split4_index": [70, 71, 72, 73, 74, 75, 76, 77, 78, 79, 80, 81, 82], "split4_pred": [0, 0, 0, 0, 0, 0, 1, 0, 0, 0, 0, 0, 0], "split4_test": [0, 0, 0, 0, 1, 0, 0, 0, 0, 0, 0, 0, 0], "split4_notXOR": [1, 1, 1, 1, 0, 1, 0, 1, 1, 1, 1, 1, 1], "split4_prob": [0.0, 0.0, 0.0, 0.0, 3.410821667923221e-122, 0.0, 1.0, 0.0, 0.0, 0.0, 2.3221331452749705e-13, 6.041300824565728e-284, 0.0], "split5_index": [83, 84, 85, 86, 87, 88, 89, 90, 91, 92, 93, 94, 95, 96], "split5_pred": [0, 0, 0, 0, 1, 0, 1, 0, 0, 0, 0, 0, 0, 0], "split5_test": [0, 0, 0, 0, 1, 0, 0, 0, 0, 0, 0, 0, 0, 0], "split5_notXOR": [1, 1, 1, 1, 1, 1, 0, 1, 1, 1, 1, 1, 1, 1], "split5_prob": [0.0, 0.0, 0.0, 0.0, 0.9999367538908807, 0.0, 1.0, 0.0, 0.0, 0.0, 0.0, 1.338692500574144e-10, 0.0, 0.0], "split6_index": [97, 98, 99, 100, 101, 102, 103, 104, 105, 106, 107, 108, 109, 110], "split6_pred": [0, 1, 0, 1, 1, 0, 1, 0, 0, 0, 0, 0, 0, 0], "split6_test": [0, 0, 0, 0, 1, 0, 0, 0, 0, 0, 0, 0, 0, 0], "split6_notXOR": [1, 0, 1, 0, 1, 1, 0, 1, 1, 1, 1, 1, 1, 1], "split6_prob": [0.0, 0.999999996738163, 0.0, 0.9999808478344894, 0.9999983936832888, 0.0, 1.0, 0.0, 0.0, 0.0, 0.0, 4.720487917907618e-11, 0.0, 0.0], "split7_index": [111, 112, 113, 114, 115, 116, 117, 118, 119, 120, 121, 122, 123, 124], "split7_pred": [0, 0, 0, 0, 0, 0, 1, 0, 0, 0, 1, 0, 0, 0], "split7_test": [0, 0, 0, 0, 1, 0, 0, 0, 0, 0, 0, 0, 0, 0], "split7_notXOR": [1, 1, 1, 1, 0, 1, 0, 1, 1, 1, 0, 1, 1, 1], "split7_prob": [0.0, 0.0, 2.4771516579252908e-17, 0.0, 0.0, 0.0, 1.0, 4.3620453379591925e-27, 0.0, 0.0, 0.9954543601226482, 5.681466610176916e-09, 0.0, 0.0], "split8_index": [125, 126, 127, 128, 129, 130, 131, 132, 133, 134, 135, 136, 137, 138], "split8_pred": [0, 0, 0, 0, 1, 1, 1, 0, 0, 0, 0, 0, 0, 0], "split8_test": [0, 0, 0, 0, 1, 0, 0, 0, 0, 0, 0, 0, 0, 0], "split8_notXOR": [1, 1, 1, 1, 1, 0, 0, 1, 1, 1, 1, 1, 1, 1], "split8_prob": [0.16872184424940387, 0.0, 0.0, 0.0, 0.9998829285969544, 0.9830349934018654, 1.0, 1.1907664170517579e-14, 0.0, 0.06973160120984177, 0.0, 2.0818150153582025e-08, 0.0, 0.0], "split9_index": [139, 140, 141, 142, 143, 144, 145, 146, 147, 148, 149, 150, 151, 152], "split9_pred": [0, 0, 0, 0, 1, 1, 1, 0, 0, 1, 0, 0, 0, 0], "split9_test": [0, 0, 0, 0, 1, 0, 0, 0, 0, 0, 0, 0, 0, 0], "split9_notXOR": [1, 1, 1, 1, 1, 0, 0, 1, 1, 0, 1, 1, 1, 1], "split9_prob": [0.0, 0.0, 0.0, 0.0, 0.9999999999984013, 0.9998095466009836, 0.999999999670866, 1.121200145564849e-09, 0.0, 0.9902461763446982, 0.0, 2.493868603351047e-06, 0.0, 0.0], "split10_index": [153, 154, 155, 156, 157, 158, 159, 160, 161, 162, 163, 164, 165, 166], "split10_pred": [0, 0, 0, 0, 1, 0, 1, 0, 0, 1, 0, 1, 0, 0], "split10_test": [0, 0, 0, 0, 1, 0, 0, 0, 0, 0, 0, 0, 0, 0], "split10_notXOR": [1, 1, 1, 1, 1, 1, 0, 1, 1, 0, 1, 0, 1, 1], "split10_prob": [0.0, 0.0, 0.0, 0.0, 0.9999999999999964, 0.0, 0.999999999999833, 3.58305773868595e-09, 0.0, 0.9999994685315192, 0.0, 0.9996089264019831, 0.0, 0.0], "split11_index": [167, 168, 169, 170, 171, 172, 173, 174, 175, 176, 177, 178, 179, 180], "split11_pred": [0, 0, 0, 0, 1, 0, 1, 0, 0, 1, 0, 1, 0, 0], "split11_test": [0, 0, 0, 0, 1, 0, 0, 0, 0, 0, 0, 0, 0, 0], "split11_notXOR": [1, 1, 1, 1, 1, 1, 0, 1, 1, 0, 1, 0, 1, 1], "split11_prob": [0.0, 0.0, 0.0, 0.0, 0.9999999999999991, 0.0, 0.9999999998244817, 0.0007830246455743774, 0.0, 0.9999931144161052, 0.0, 0.9324222378926731, 0.0, 0.0], "split12_index": [181, 182, 183, 184, 185, 186, 187, 188, 189, 190, 191, 192, 193, 194], "split12_pred": [0, 0, 0, 0, 1, 1, 1, 0, 0, 1, 0, 0, 0, 0], "split12_test": [0, 0, 0, 0, 1, 0, 0, 0, 0, 0, 0, 0, 0, 0], "split12_notXOR": [1, 1, 1, 1, 1, 0, 0, 1, 1, 0, 1, 1, 1, 1], "split12_prob": [0.0, 0.0, 0.0, 0.0, 1.0, 0.9999986667044645, 0.9999998808079447, 7.974340158234432e-14, 0.0, 0.9999368203827019, 0.0, 2.4954433457191986e-06, 0.0, 0.0], "split13_index": [195, 196, 197, 198, 199, 200, 201, 202, 203, 204, 205, 206, 207, 208], "split13_pred": [0, 0, 0, 0, 1, 0, 1, 0, 0, 1, 0, 0, 0, 0], "split13_test": [0, 0, 0, 0, 1, 0, 0, 0, 0, 0, 0, 0, 0, 0], "split13_notXOR": [1, 1, 1, 1, 1, 1, 0, 1, 1, 0, 1, 1, 1, 1], "split13_prob": [0.0, 0.0, 0.0, 0.0, 0.9999999999999023, 0.0, 1.0, 6.635913021333736e-07, 0.0, 0.9694040289300672, 0.0, 3.7067560403902066e-08, 0.0, 0.0], "split14_index": [209, 210, 211, 212, 213, 214, 215, 216, 217, 218, 219, 220, 221, 222], "split14_pred": [0, 0, 0, 0, 1, 0, 1, 0, 0, 0, 0, 0, 0, 0], "split14_test": [0, 0, 0, 0, 1, 0, 0, 0, 0, 0, 0, 0, 0, 0], "split14_notXOR": [1, 1, 1, 1, 1, 1, 0, 1, 1, 1, 1, 1, 1, 1], "split14_prob": [0.0, 0.0, 0.0, 0.0, 1.0, 0.36743341958126063, 0.9834034958447986, 3.023936571317395e-07, 0.0, 0.0046747423755236946, 0.0, 3.5537671531245543e-11, 0.0, 0.0], "split15_index": [223, 224, 225, 226, 227, 228, 229, 230, 231, 232, 233, 234, 235, 236], "split15_pred": [0, 1, 0, 0, 1, 1, 1, 0, 0, 0, 0, 0, 0, 0], "split15_test": [0, 0, 0, 0, 1, 0, 0, 0, 0, 0, 0, 0, 0, 0], "split15_notXOR": [1, 0, 1, 1, 1, 0, 0, 1, 1, 1, 1, 1, 1, 1], "split15_prob": [0.0, 0.999875215217883, 0.0, 0.0, 1.0, 0.9333521530869794, 0.9745347460580311, 5.178848093114673e-10, 0.0, 0.010259642766879564, 0.0, 3.908471489599868e-13, 0.0, 0.0], "split16_index": [237, 238, 239, 240, 241, 242, 243, 244, 245, 246, 247, 248, 249, 250], "split16_pred": [0, 0, 0, 0, 1, 0, 1, 0, 0, 1, 0, 0, 0, 0], "split16_test": [0, 0, 0, 0, 1, 0, 0, 0, 0, 0, 0, 0, 0, 0], "split16_notXOR": [1, 1, 1, 1, 1, 1, 0, 1, 1, 0, 1, 1, 1, 1], "split16_prob": [0.0, 0.0, 0.0, 0.0, 0.9999999999999982, 0.0, 0.9999999652878918, 0.00012026879271416384, 0.0, 0.9359436859655667, 0.0, 3.780772226838751e-08, 0.0, 0.0], "split17_index": [251, 252, 253, 254, 255, 256, 257, 258, 259, 260, 261, 262, 263, 264], "split17_pred": [0, 0, 0, 0, 1, 1, 1, 0, 0, 0, 0, 0, 0, 0], "split17_test": [0, 0, 0, 0, 1, 0, 0, 0, 0, 0, 0, 0, 0, 0], "split17_notXOR": [1, 1, 1, 1, 1, 0, 0, 1, 1, 1, 1, 1, 1, 1], "split17_prob": [0.0, 0.0, 0.0, 0.0, 0.9999999999999538, 0.5659693446475277, 0.9999999873996401, 2.652539632243772e-09, 0.0, 0.03625488305339959, 0.0, 1.0672643633101739e-12, 0.0, 0.0], "split18_index": [265, 266, 267, 268, 269, 270, 271, 272, 273, 274, 275, 276, 277, 278], "split18_pred": [0, 0, 0, 0, 1, 1, 1, 0, 0, 0, 0, 0, 0, 0], "split18_test": [0, 0, 0, 0, 1, 0, 0, 0, 0, 0, 0, 0, 0, 0], "split18_notXOR": [1, 1, 1, 1, 1, 0, 0, 1, 1, 1, 1, 1, 1, 1],