{"split0_index": [3, 4, 5, 6, 7, 8, 9, 10], "split0_pred": [1, 1, 1, 1, 1, 1, 1, 1], "split0_test": [1, 0, 0, 0, 0, 0, 1, 0], "split0_notXOR": [1, 0, 0, 0, 0, 0, 1, 0], "split0_prob": [0.5, 0.5, 0.5, 0.5, 0.5, 0.5, 0.5, 0.5], "split1_index": [11, 12, 13, 14, 15, 16, 17, 18], "split1_pred": [0, 0, 0, 0, 0, 0, 1, 0], "split1_test": [1, 0, 0, 0, 0, 0, 1, 0], "split1_notXOR": [0, 1, 1, 1, 1, 1, 1, 1], "split1_prob": [0.8312734028372466, 0.8312734028372466, 0.8312734028372466, 0.8312734028372466, 0.8312734028372466, 0.8312734028372466, 0.13717044476459678, 0.8312734028372466], "split2_index": [19, 20, 21, 22, 23, 24, 25], "split2_pred": [0, 0, 1, 1, 1, 1, 1], "split2_test": [1, 0, 0, 0, 0, 1, 0], "split2_notXOR": [0, 1, 0, 0, 0, 1, 0], "split2_prob": [0.5355043641174954, 0.5355043641174954, 0.49434131113313773, 0.4947353020695941, 0.4947353020695941, 0.4947353020695941, 0.4947353020695941], "split3_index": [26, 27, 28, 29, 30, 31, 32], "split3_pred": [0, 0, 0, 0, 0, 0, 0], "split3_test": [1, 0, 0, 0, 0, 1, 0], "split3_notXOR": [0, 1, 1, 1, 1, 0, 1], "split3_prob": [0.5819718802691957, 0.5819718802691957, 0.5819718802691957, 0.5819718802691957, 0.5819718802691957, 0.5819718802691957, 0.5819718802691957], "split4_index": [33, 34, 35, 36, 37, 38, 39], "split4_pred": [0, 0, 0, 0, 0, 1, 1], "split4_test": [1, 0, 0, 0, 0, 0, 0], "split4_notXOR": [0, 1, 1, 1, 1, 0, 0], "split4_prob": [0.6146729828468688, 0.6146729828468688, 0.6146729828468688, 0.6146729828468688, 0.6146729828468688, 0.40217548231970884, 0.2924542075938418], "split5_index": [40, 41, 42, 43, 44, 45, 46], "split5_pred": [0, 0, 1, 0, 0, 0, 0], "split5_test": [1, 0, 0, 0, 0, 0, 0], "split5_notXOR": [0, 1, 0, 1, 1, 1, 1], "split5_prob": [0.6621732976325515, 0.38679489557940255, 0.1880674579561654, 0.6621732976325515, 0.6621732976325515, 0.6621732976325515, 0.6621732976325515]}