{"split0_index": [7, 8, 9, 10, 11, 12, 13, 14, 15, 16], "split0_pred": [1, 1, 0, 1, 0, 0, 0, 0, 0, 0], "split0_test": [0, 0, 0, 1, 0, 0, 0, 0, 0, 1], "split0_notXOR": [0, 0, 1, 1, 1, 1, 1, 1, 1, 0], "split0_prob": [0.9997705662743177, 0.7792433124852218, 0.36363968145813075, 0.9997705662743177, 0.0008138312057566696, 2.5963519116966397e-07, 0.17258304618618564, 7.42437099763778e-06, 0.3810122160562415, 0.0005445199903609718], "split1_index": [17, 18, 19, 20, 21, 22, 23, 24, 25, 26], "split1_pred": [1, 0, 0, 1, 0, 0, 0, 0, 0, 0], "split1_test": [0, 0, 0, 1, 0, 0, 0, 0, 0, 0], "split1_notXOR": [0, 1, 1, 1, 1, 1, 1, 1, 1, 1], "split1_prob": [0.9996065831778966, 0.38394561533059407, 0.0034200196376985496, 0.9996065831778966, 0.04460067146259894, 0.014192506047332973, 0.16585978302023646, 0.022425305442664956, 0.007432715759626572, 0.028026227239896225], "split2_index": [27, 28, 29, 30, 31, 32, 33, 34, 35, 36], "split2_pred": [1, 0, 0, 1, 0, 0, 0, 0, 0, 0], "split2_test": [0, 0, 0, 1, 0, 0, 0, 0, 0, 0], "split2_notXOR": [0, 1, 1, 1, 1, 1, 1, 1, 1, 1], "split2_prob": [0.9981363531207305, 0.37169359455827194, 0.06024150712050896, 0.9981363531207305, 0.07187322198114206, 0.02509273135497851, 0.18898831917640949, 0.04318756447393635, 0.08182925731903894, 0.06604259898748585], "split3_index": [37, 38, 39, 40, 41, 42, 43, 44, 45, 46], "split3_pred": [1, 0, 0, 1, 0, 0, 0, 0, 0, 0], "split3_test": [0, 0, 0, 1, 0, 0, 0, 0, 0, 0], "split3_notXOR": [0, 1, 1, 1, 1, 1, 1, 1, 1, 1], "split3_prob": [0.9982993842800681, 0.3798557605527934, 0.0698485699346539, 0.9982993842800681, 0.05312955834053549, 0.010628056727468981, 0.23426581511011302, 0.03743030832943841, 0.09310043575631954, 0.04983360293050068], "split4_index": [47, 48, 49, 50, 51, 52, 53, 54, 55, 56], "split4_pred": [1, 0, 0, 0, 1, 0, 0, 0, 0, 0], "split4_test": [0, 0, 0, 0, 1, 0, 0, 0, 0, 0], "split4_notXOR": [0, 1, 1, 1, 1, 1, 1, 1, 1, 1], "split4_prob": [0.997989198969513, 0.06142695833320726, 0.40299460263424086, 0.024998830018839888, 0.997989198969513, 0.07346742934767654, 7.319708549599604e-05, 0.22822194210561478, 0.040736617089231285, 0.025934757594952947], "split5_index": [57, 58, 59, 60, 61, 62, 63, 64, 65, 66, 67], "split5_pred": [1, 0, 0, 0, 0, 1, 0, 0, 1, 0, 0], "split5_test": [1, 0, 0, 0, 0, 0, 0, 0, 0, 0, 0], "split5_notXOR": [1, 1, 1, 1, 1, 0, 1, 1, 0, 1, 1], "split5_prob": [0.9985753828984872, 0.007912867664579831, 5.5861091673897255e-06, 0.03005384001458001, 0.03936341169053754, 0.9985753828984872, 0.04803793214255015, 0.02379381162569093, 0.5161816530336798, 0.04072091093611195, 0.08624705737978598], "split6_index": [68, 69, 70, 71, 72, 73, 74, 75, 76, 77, 78], "split6_pred": [1, 0, 0, 0, 0, 0, 1, 1, 0, 0, 0], "split6_test": [1, 0, 0, 0, 0, 0, 0, 0, 0, 1, 0], "split6_notXOR": [1, 1, 1, 1, 1, 1, 0, 0, 1, 0, 1], "split6_prob": [0.9989890192008376, 0.02184002432747741, 0.0001852266278511559, 0.005901800807580557, 0.0034934661886451873, 0.014185305292637413, 0.9989890192008376, 0.5037613507812492, 0.013708141208796812, 0.02786047740383899, 0.018073410134094168], "split7_index": [79, 80, 81, 82, 83, 84, 85, 86, 87, 88, 89], "split7_pred": [1, 0, 0, 0, 0, 0, 1, 1, 0, 0, 0], "split7_test": [1, 0, 0, 0, 0, 0, 0, 0, 0, 0, 0], "split7_notXOR": [1, 1, 1, 1, 1, 1, 0, 0, 1, 1, 1], "split7_prob": [0.9995056191958405, 0.18183724761313202, 8.161400202622129e-13, 0.0006984551636814341, 0.0009445817161143677, 0.003008471259596911, 0.9995056191958405, 0.5565857486561129, 0.18183724761313202, 0.021697974506340152, 0.004282425848676794], "split8_index": [90, 91, 92, 93, 94, 95, 96, 97, 98, 99, 100, 101], "split8_pred": [1, 0, 0, 0, 0, 0, 1, 0, 1, 0, 0, 0], "split8_test": [1, 0, 0, 0, 0, 0, 0, 1, 0, 0, 0, 0], "split8_notXOR": [1, 1, 1, 1, 1, 1, 0, 0, 0, 1, 1, 1], "split8_prob": [0.9996392300063164, 0.13827864897044842, 5.026958112992063e-11, 0.00020550673912073228, 0.0002688716296211327, 0.003264631766531759, 0.9996392300063164, 2.19005372792453e-05, 0.537535458896713, 0.13827864897044842, 0.011306975334151731, 0.00022310534164574072], "split9_index": [102, 103, 104, 105, 106, 107, 108, 109, 110, 111, 112, 113, 114], "split9_pred": [1, 0, 0, 0, 0, 1, 0, 1, 0, 1, 0, 0, 0], "split9_test": [1, 0, 0, 0, 0, 0, 0, 0, 0, 0, 0, 0, 0], "split9_notXOR": [1, 1, 1, 1, 1, 0, 1, 0, 1, 0, 1, 1, 1], "split9_prob": [0.9918857161395989, 0.43999984823006477, 0.018484911357160426, 0.0004115889573984276, 0.026757292894832082, 0.9918857161395989, 0.22332387933452896, 0.9918857161395989, 0.0010236687947646312, 0.539283561124116, 0.09144877831672825, 0.4051414354003391, 0.018484911357160426], "split10_index": [115, 116, 117, 118, 119, 120, 121, 122, 123, 124, 125, 126, 127], "split10_pred": [1, 0, 0, 0, 0, 1, 0, 1, 0, 0, 0, 0, 0], "split10_test": [1, 0, 0, 0, 0, 0, 0, 0, 0, 0, 0, 0, 0], "split10_notXOR": [1, 1, 1, 1, 1, 0, 1, 0, 1, 1, 1, 1, 1], "split10_prob": [0.9984030873363742, 0.14576510883993518, 0.017903907735329277, 0.0018881583215560232, 0.02182454466694243, 0.9984030873363742, 0.08353899717372713, 0.9984030873363742, 0.0031049267141922154, 0.21849571074226595, 0.04376506549661575, 0.12964517364426373, 0.017903907735329277], "split11_index": [128, 129, 130, 131, 132, 133, 134, 135, 136, 137, 138, 139, 140], "split11_pred": [1, 0, 0, 0, 0, 1, 0, 1, 0, 0, 0, 0, 0], "split11_test": [1, 0, 0, 0, 0, 0, 0, 0, 0, 0, 0, 0, 0], "split11_notXOR": [1, 1, 1, 1, 1, 0, 1, 0, 1, 1, 1, 1, 1], "split11_prob": [0.9974977497137457, 0.14486023727461095, 0.021894958152502867, 0.0017008962436339309, 0.020327040390933027, 0.9974977497137457, 0.12645274060079234, 0.9974977497137457, 0.0062044737221610725, 0.2438104921966221, 0.04764785284955241, 0.13326816381337186, 0.021894958152502867], "split12_index": [141, 142, 143, 144, 145, 146, 147, 148, 149, 150, 151, 152, 153], "split12_pred": [1, 0, 0, 0, 0, 1, 0, 1, 0, 0, 0, 0, 0], "split12_test": [1, 0, 0, 0, 0, 0, 0, 0, 0, 0, 0, 0, 0], "split12_notXOR": [1, 1, 1, 1, 1, 0, 1, 0, 1, 1, 1, 1, 1], "split12_prob": [0.9928218019050274, 0.3618623223011194, 0.004290904134887763, 1.2818385015309228e-05, 0.0072584413267178525, 0.9928218019050274, 0.12173336056750488, 0.9928218019050274, 5.5965152791957055e-05, 0.4770585011813133, 0.01041577740491344, 0.32727815627408735, 0.004290904134887763], "split13_index": [154, 155, 156, 157, 158, 159, 160, 161, 162, 163, 164, 165, 166], "split13_pred": [1, 0, 0, 0, 0, 1, 0, 1, 0, 0, 0, 0, 0], "split13_test": [1, 0, 0, 0, 0, 0, 0, 0, 0, 0, 0, 0, 0], "split13_notXOR": [1, 1, 1, 1, 1, 0, 1, 0, 1, 1, 1, 1, 1], "split13_prob": [0.9993117552678095, 0.11248542369905573, 0.00037316239846536743, 2.864021187321865e-10, 0.0005058370643339564, 0.9993117552678095, 0.0030495971001070197, 0.9993117552678095, 1.4715849083344068e-06, 0.16713351198304313, 0.001956727956552809, 0.11248542369905573, 0.00037316239846536743], "split14_index": [167, 168, 169, 170, 171, 172, 173, 174, 175, 176, 177, 178], "split14_pred": [1, 0, 0, 0, 0, 1, 0, 1, 0, 0, 0, 0], "split14_test": [1, 0, 0, 0, 0, 0, 0, 0, 0, 0, 0, 0], "split14_notXOR": [1, 1, 1, 1, 1, 0, 1, 0, 1, 1, 1, 1], "split14_prob": [0.9980604272236056, 0.07911734086849756, 0.004194507772199975, 9.778472270204977e-05, 0.005575597327141343, 0.9980604272236056, 0.03421128846604382, 0.9980604272236056, 0.0002853034308235032, 0.145665524728079, 0.007619862303486665, 0.004194507772199975], "split15_index": [179, 180, 181, 182, 183, 184, 185, 186, 187, 188, 189, 190], "split15_pred": [1, 0, 0, 0, 0, 1, 0, 1, 0, 0, 0, 0], "split15_test": [1, 0, 0, 0, 0, 0, 0, 0, 0, 0, 0, 0], "split15_notXOR": [1, 1, 1, 1, 1, 0, 1, 0, 1, 1, 1, 1], "split15_prob": [0.9994346408467669, 0.046389920131299195, 0.00018950280791922255, 1.4409339918840064e-10, 0.0002667291563724987, 0.9994346408467669, 0.019778865148840044, 0.9994346408467669, 2.781192877527658e-06, 0.09630248742370127, 0.0005337517443973285, 0.00018950280791922255], "split16_index": [191, 192, 193, 194, 195, 196, 197, 198, 199, 200, 201, 202], "split16_pred": [1, 0, 0, 0, 0, 1, 0, 1, 0, 1, 0, 0],