{"split0_index": [7, 8, 9, 10, 11, 12, 13, 14, 15, 16], "split0_pred": [1, 0, 1, 1, 0, 0, 0, 0, 1, 0], "split0_test": [0, 0, 0, 1, 0, 0, 0, 0, 0, 1], "split0_notXOR": [0, 1, 0, 1, 1, 1, 1, 1, 0, 0], "split0_prob": [0.5666650219522454, 0.4635547028420844, 0.5, 0.5666650219522454, 0.4215956512828553, 0.48615784225700803, 0.42633016434338833, 0.43138541177415446, 0.5, 0.44932719407996496], "split1_index": [17, 18, 19, 20, 21, 22, 23, 24, 25, 26], "split1_pred": [1, 0, 0, 1, 0, 0, 0, 0, 0, 0], "split1_test": [0, 0, 0, 1, 0, 0, 0, 0, 0, 0], "split1_notXOR": [0, 1, 1, 1, 1, 1, 1, 1, 1, 1], "split1_prob": [0.8198725188342797, 0.22820486025778358, 0.2024525912646314, 0.8198725188342797, 0.2738285793330492, 0.23664759769981816, 0.19900316902980247, 0.22805242762787917, 0.2024525912646314, 0.23141913647949158], "split2_index": [27, 28, 29, 30, 31, 32, 33, 34, 35, 36], "split2_pred": [1, 0, 0, 1, 0, 0, 0, 0, 0, 0], "split2_test": [0, 0, 0, 1, 0, 0, 0, 0, 0, 0], "split2_notXOR": [0, 1, 1, 1, 1, 1, 1, 1, 1, 1], "split2_prob": [0.8904585877876992, 0.036830533055340495, 0.0293600384089441, 0.8904585877876992, 0.023126764055612148, 0.03678647836360368, 0.014299067175704602, 0.07692338251760016, 0.036769276888364746, 0.22226017648711413], "split3_index": [37, 38, 39, 40, 41, 42, 43, 44, 45, 46], "split3_pred": [1, 0, 0, 1, 0, 0, 0, 0, 0, 0], "split3_test": [0, 0, 0, 1, 0, 0, 0, 0, 0, 0], "split3_notXOR": [0, 1, 1, 1, 1, 1, 1, 1, 1, 1], "split3_prob": [0.8960129954493631, 0.03965771462096192, 0.04506540059053662, 0.8960129954493631, 0.01872663282658401, 0.025548065254165524, 0.012670785268531768, 0.02516794085007784, 0.04923027274451411, 0.026682517954181032], "split4_index": [47, 48, 49, 50, 51, 52, 53, 54, 55, 56], "split4_pred": [1, 0, 0, 0, 1, 0, 0, 0, 0, 0], "split4_test": [0, 0, 0, 0, 1, 0, 0, 0, 0, 0], "split4_notXOR": [0, 1, 1, 1, 1, 1, 1, 1, 1, 1], "split4_prob": [0.8848967507645221, 0.011144570478767173, 0.020184620795474794, 0.018970338283756886, 0.8848967507645221, 0.008358787211652821, 0.01395629647773706, 0.005594493064372655, 0.01957962770028842, 0.025045596736068612], "split5_index": [57, 58, 59, 60, 61, 62, 63, 64, 65, 66, 67], "split5_pred": [1, 0, 0, 0, 0, 1, 0, 0, 0, 0, 0], "split5_test": [1, 0, 0, 0, 0, 0, 0, 0, 0, 0, 0], "split5_notXOR": [1, 1, 1, 1, 1, 0, 1, 1, 1, 1, 1], "split5_prob": [0.8880944244496063, 0.043044785327825665, 0.016340770148412176, 0.009235849045973318, 0.007826823503118927, 0.8880944244496063, 0.001771802997240639, 0.01894840703348265, 0.013969733393418482, 0.018948843341631275, 0.014092237375448449], "split6_index": [68, 69, 70, 71, 72, 73, 74, 75, 76, 77, 78], "split6_pred": [1, 0, 0, 0, 0, 0, 1, 0, 0, 0, 0], "split6_test": [1, 0, 0, 0, 0, 0, 0, 0, 0, 1, 0], "split6_notXOR": [1, 1, 1, 1, 1, 1, 0, 1, 1, 0, 1], "split6_prob": [0.8911576633879927, 0.015430138493442503, 0.06436421083228176, 0.027657547404289818, 0.007065046778564779, 0.00709462407036717, 0.8911576633879927, 0.0116700949133351, 0.016106768290543673, 0.009774693210581994, 0.0013966393670968805], "split7_index": [79, 80, 81, 82, 83, 84, 85, 86, 87, 88, 89], "split7_pred": [1, 0, 0, 0, 0, 0, 1, 0, 0, 0, 0], "split7_test": [1, 0, 0, 0, 0, 0, 0, 0, 0, 0, 0], "split7_notXOR": [1, 1, 1, 1, 1, 1, 0, 1, 1, 1, 1], "split7_prob": [0.8888998229895926, 0.12267258937637862, 0.12253558539796633, 0.06169681424790611, 0.12263202217182809, 0.2377650105943575, 0.8888998229895926, 0.059402143561712493, 0.12267258937637862, 0.18371643917846725, 0.062410993375315235], "split8_index": [90, 91, 92, 93, 94, 95, 96, 97, 98, 99, 100, 101], "split8_pred": [1, 0, 0, 0, 0, 1, 1, 0, 0, 0, 0, 0], "split8_test": [1, 0, 0, 0, 0, 0, 0, 1, 0, 0, 0, 0], "split8_notXOR": [1, 1, 1, 1, 1, 0, 0, 0, 1, 1, 1, 1], "split8_prob": [0.8970591348997737, 0.12330428371208473, 0.11016447079494841, 0.09246491062546575, 0.12338998679512103, 0.5378542504649827, 0.8970591348997737, 0.079658673173211, 0.0879530849339468, 0.12330428371208473, 0.27179242506564055, 0.0907560960017628], "split9_index": [102, 103, 104, 105, 106, 107, 108, 109, 110, 111, 112, 113, 114], "split9_pred": [1, 0, 0, 0, 0, 1, 0, 1, 0, 0, 0, 0, 0], "split9_test": [1, 0, 0, 0, 0, 0, 0, 0, 0, 0, 0, 0, 0], "split9_notXOR": [1, 1, 1, 1, 1, 0, 1, 0, 1, 1, 1, 1, 1], "split9_prob": [0.8892701092421823, 0.04949252437344873, 0.019290222301870462, 0.060479658164785434, 0.016730442469181702, 0.8892701092421823, 0.055248810870861906, 0.8892701092421823, 0.05356013862206729, 0.056200900830338865, 0.042382315987975906, 0.053770404584870486, 0.019290222301870462], "split10_index": [115, 116, 117, 118, 119, 120, 121, 122, 123, 124, 125, 126, 127], "split10_pred": [1, 0, 0, 0, 0, 1, 0, 1, 0, 0, 0, 0, 0], "split10_test": [1, 0, 0, 0, 0, 0, 0, 0, 0, 0, 0, 0, 0], "split10_notXOR": [1, 1, 1, 1, 1, 0, 1, 0, 1, 1, 1, 1, 1], "split10_prob": [0.8853346265224536, 0.04559666672642791, 0.018799553643552153, 0.05940646629435465, 0.01608272842081551, 0.8853346265224536, 0.052116211095457166, 0.8853346265224536, 0.05054833911999235, 0.05261828196505255, 0.040134235069895455, 0.04950352044791712, 0.018799553643552153], "split11_index": [128, 129, 130, 131, 132, 133, 134, 135, 136, 137, 138, 139, 140], "split11_pred": [1, 0, 0, 0, 0, 1, 0, 1, 0, 0, 0, 0, 0], "split11_test": [1, 0, 0, 0, 0, 0, 0, 0, 0, 0, 0, 0, 0], "split11_notXOR": [1, 1, 1, 1, 1, 0, 1, 0, 1, 1, 1, 1, 1], "split11_prob": [0.8813323850320867, 0.030493489078991767, 0.023762194481677927, 0.0559579011021622, 0.023846301462628904, 0.8813323850320867, 0.07335889073956067, 0.8813323850320867, 0.04776686732959053, 0.037013636576388155, 0.026640013227551267, 0.03506844250981615, 0.023762194481677927], "split12_index": [141, 142, 143, 144, 145, 146, 147, 148, 149, 150, 151, 152, 153], "split12_pred": [1, 0, 0, 0, 0, 1, 0, 1, 0, 0, 0, 0, 0], "split12_test": [1, 0, 0, 0, 0, 0, 0, 0, 0, 0, 0, 0, 0], "split12_notXOR": [1, 1, 1, 1, 1, 0, 1, 0, 1, 1, 1, 1, 1], "split12_prob": [0.8843467479429059, 0.02952433376128312, 0.017114497197863152, 0.052071357136041795, 0.012995618520342927, 0.8843467479429059, 0.047595870764255054, 0.8843467479429059, 0.048039242061218505, 0.043210500857682896, 0.019822237884179816, 0.03166687015132863, 0.017114497197863152], "split13_index": [154, 155, 156, 157, 158, 159, 160, 161, 162, 163, 164, 165, 166], "split13_pred": [1, 0, 0, 0, 0, 1, 0, 1, 0, 0, 0, 0, 0], "split13_test": [1, 0, 0, 0, 0, 0, 0, 0, 0, 0, 0, 0, 0], "split13_notXOR": [1, 1, 1, 1, 1, 0, 1, 0, 1, 1, 1, 1, 1], "split13_prob": [0.8620755688698007, 0.1905844816278208, 0.19054733068248397, 0.18738076314145546, 0.19067678914953354, 0.8620755688698007, 0.16052246308290524, 0.8620755688698007, 0.1906097806749767, 0.17817718032510296, 0.1872740767191794, 0.1905844816278208, 0.19054733068248397], "split14_index": [167, 168, 169, 170, 171, 172, 173, 174, 175, 176, 177, 178], "split14_pred": [1, 0, 0, 0, 0, 1, 0, 1, 0, 0, 0, 0], "split14_test": [1, 0, 0, 0, 0, 0, 0, 0, 0, 0, 0, 0], "split14_notXOR": [1, 1, 1, 1, 1, 0, 1, 0, 1, 1, 1, 1], "split14_prob": [0.8594703766559605, 0.18943095565234916, 0.18936767925065773, 0.18630449702625773, 0.1894314069584688, 0.8594703766559605, 0.15951754897394554, 0.8594703766559605, 0.19776540853482746, 0.17715019685396244, 0.18612624700795077, 0.18936767925065773], "split15_index": [179, 180, 181, 182, 183, 184, 185, 186, 187, 188, 189, 190], "split15_pred": [1, 0, 0, 0, 0, 1, 0, 1, 0, 0, 0, 0], "split15_test": [1, 0, 0, 0, 0, 0, 0, 0, 0, 0, 0, 0], "split15_notXOR": [1, 1, 1, 1, 1, 0, 1, 0, 1, 1, 1, 1], "split15_prob": [0.857540371258702, 0.18365276648771278, 0.183672421144194, 0.19065295926859174, 0.18376785569433712, 0.857540371258702, 0.15440510741308772, 0.857540371258702, 0.19042302221028537, 0.1716117640521627, 0.18068534265198968, 0.183672421144194], "split16_index": [191, 192, 193, 194, 195, 196, 197, 198, 199, 200, 201, 202], "split16_pred": [1, 0, 0, 0, 0, 1, 0, 1, 0, 0, 0, 0], "split16_test": [1, 0, 0, 0, 0, 0, 0, 0, 0, 0, 0, 0], "split16_notXOR": [1, 1, 1, 1, 1, 0, 1, 0, 1, 1, 1, 1],