{"split0_index": [15, 16, 17, 18, 19, 20, 21, 22, 23, 24, 25, 26, 27, 28, 29, 30, 31, 32], "split0_pred": [0, 0, 0, 0, 0, 0, 1, 0, 1, 0, 0, 0, 0, 0, 0, 0, 0, 0], "split0_test": [0, 0, 0, 0, 0, 0, 0, 0, 1, 0, 0, 0, 0, 0, 0, 0, 0, 0], "split0_notXOR": [1, 1, 1, 1, 1, 1, 0, 1, 1, 1, 1, 1, 1, 1, 1, 1, 1, 1], "split0_prob": [0.00118824888533936, 0.01885667847502087, 0.0011000406132061107, 0.0014677398150908674, 0.00027963978516694696, 0.00815143375227323, 0.9996077782807482, 0.00025148099011183334, 0.931308781418786, 0.0004684957717000218, 0.02242168023601315, 0.0006847973661641094, 3.6068129556714526e-05, 0.00020576217928538736, 0.01593511184927057, 0.002726267995581892, 0.022628353636601074, 0.001156954525735644], "split1_index": [33, 34, 35, 36, 37, 38, 39, 40, 41, 42, 43, 44, 45, 46, 47, 48, 49], "split1_pred": [0, 0, 0, 0, 0, 0, 0, 1, 0, 0, 0, 0, 0, 0, 0, 1, 1], "split1_test": [0, 0, 0, 0, 0, 1, 0, 1, 0, 0, 0, 0, 0, 1, 1, 0, 0], "split1_notXOR": [1, 1, 1, 1, 1, 0, 1, 1, 1, 1, 1, 1, 1, 0, 0, 0, 0], "split1_prob": [0.034827486487237734, 0.09590710059656918, 0.023926210345686136, 0.0024099352421236395, 2.82015876276451e-05, 0.09481016909217328, 0.015022528710424051, 0.9921431275853808, 0.033261885899388034, 1.2089036874030593e-06, 0.0031146510763429207, 0.00034585834518054197, 0.006298062081061755, 0.17744960881357089, 0.058986903821810946, 0.9290124243675261, 0.5519548010956032], "split2_index": [50, 51, 52, 53, 54, 55, 56, 57, 58, 59, 60, 61, 62, 63, 64, 65, 66, 67, 68], "split2_pred": [0, 0, 0, 0, 0, 0, 1, 0, 1, 0, 0, 0, 0, 0, 1, 1, 1, 0, 0], "split2_test": [0, 0, 0, 0, 0, 0, 1, 0, 1, 0, 0, 0, 0, 0, 1, 0, 1, 0, 0], "split2_notXOR": [1, 1, 1, 1, 1, 1, 1, 1, 1, 1, 1, 1, 1, 1, 1, 0, 1, 1, 1], "split2_prob": [1.9156500357396325e-05, 0.047974006021809935, 0.04875957796450935, 0.0161295103353572, 7.35975134444854e-05, 0.004437854713600028, 0.670059004368278, 0.030356553220693264, 0.8568575337272779, 0.0005208536974270827, 0.13688163394198963, 0.007855877561525473, 0.33321542012361577, 0.002308487167960786, 0.9633768009355337, 0.9493663152883832, 0.5712395922960783, 0.2753274704559513, 0.2733088747172279], "split3_index": [69, 70, 71, 72, 73, 74, 75, 76, 77, 78, 79, 80, 81, 82, 83, 84, 85, 86, 87], "split3_pred": [0, 0, 0, 0, 0, 0, 1, 0, 1, 0, 0, 0, 0, 0, 1, 0, 0, 0, 0], "split3_test": [0, 0, 0, 0, 0, 0, 1, 0, 1, 0, 0, 0, 0, 0, 1, 0, 1, 0, 0], "split3_notXOR": [1, 1, 1, 1, 1, 1, 1, 1, 1, 1, 1, 1, 1, 1, 1, 1, 0, 1, 1], "split3_prob": [4.208927185769991e-05, 0.03178361159267725, 0.013279000718133429, 0.0034696746153442663, 1.0899311279627486e-05, 4.052212437104024e-05, 0.7661936407490818, 0.009248554541624097, 0.8234576840928785, 0.00035851841637616694, 0.06596883556442659, 0.0014657320470463256, 0.05618227981502298, 0.0008292669678671101, 0.944588909940385, 0.06411371328836218, 0.45623948628509486, 0.15631810446844396, 0.1772331486191709], "split4_index": [88, 89, 90, 91, 92, 93, 94, 95, 96, 97, 98, 99, 100, 101, 102, 103, 104, 105, 106], "split4_pred": [0, 0, 0, 0, 0, 0, 1, 0, 1, 0, 0, 0, 0, 0, 1, 0, 1, 0, 0], "split4_test": [0, 0, 0, 0, 0, 0, 1, 0, 1, 0, 0, 1, 0, 0, 1, 0, 1, 0, 0], "split4_notXOR": [1, 1, 1, 1, 1, 1, 1, 1, 1, 1, 1, 0, 1, 1, 1, 1, 1, 1, 1], "split4_prob": [0.008814677901572211, 0.03817524194377113, 0.0019495025577836384, 0.0036870866554196053, 0.004212747984544254, 0.005122975227804587, 0.9304542991152833, 0.015405426365272213, 0.995230882137461, 0.0027275799027519335, 5.383340256537451e-07, 0.00015079508071475753, 0.0008852743138190922, 0.0005451134589107065, 0.9757737691686893, 0.012728630173955268, 0.7993524370894299, 0.3182343272724379, 0.1534864483512103], "split5_index": [107, 108, 109, 110, 111, 112, 113, 114, 115, 116, 117, 118, 119, 120, 121, 122, 123, 124, 125, 126], "split5_pred": [0, 0, 0, 0, 0, 0, 1, 0, 0, 1, 0, 0, 0, 0, 0, 1, 0, 1, 0, 0], "split5_test": [0, 0, 0, 0, 0, 0, 1, 0, 0, 0, 0, 0, 0, 0, 0, 0, 0, 1, 0, 0], "split5_notXOR": [1, 1, 1, 1, 1, 1, 1, 1, 1, 0, 1, 1, 1, 1, 1, 0, 1, 1, 1, 1], "split5_prob": [0.00024778765071002765, 0.08737620711365558, 0.007928672617841801, 0.006865437102236, 0.00043386954799904954, 0.0006813837921293518, 0.9259794881840528, 0.031447333037593714, 0.003381216453629014, 0.8829466875032947, 0.003414128704570909, 0.022857098859855034, 0.01541789231990559, 0.0016201924664235136, 0.006457039499075917, 0.9715849353624479, 0.035810715586915294, 0.6091197071901584, 0.15300098729178088, 0.39259044557209205], "split6_index": [127, 128, 129, 130, 131, 132, 133, 134, 135, 136, 137, 138, 139, 140, 141, 142, 143, 144], "split6_pred": [0, 0, 0, 0, 0, 0, 1, 0, 1, 0, 0, 0, 0, 1, 0, 1, 0, 0], "split6_test": [0, 0, 0, 0, 0, 0, 1, 0, 0, 0, 0, 0, 0, 0, 0, 1, 0, 0], "split6_notXOR": [1, 1, 1, 1, 1, 1, 1, 1, 0, 1, 1, 1, 1, 0, 1, 1, 1, 1], "split6_prob": [0.0030807153132530385, 0.023843756730056537, 0.008189321297517302, 0.013308747266023118, 0.003984468603342799, 0.011344315368230301, 0.9996698837209577, 0.04035685575298922, 0.9495148291637583, 0.015180882688614158, 0.009510765436014442, 0.0017247908374816586, 0.007019486367245851, 0.7209036538761852, 0.08480645627278247, 0.7279659782308723, 0.14951743714987714, 0.16812285008750424], "split7_index": [145, 146, 147, 148, 149, 150, 151, 152, 153, 154, 155, 156, 157, 158, 159, 160, 161], "split7_pred": [0, 0, 0, 0, 0, 0, 1, 1, 0, 0, 0, 0, 0, 0, 1, 0, 0], "split7_test": [0, 0, 0, 0, 0, 0, 1, 0, 0, 0, 0, 0, 0, 0, 1, 0, 0], "split7_notXOR": [1, 1, 1, 1, 1, 1, 1, 0, 1, 1, 1, 1, 1, 1, 1, 1, 1], "split7_prob": [5.953607301253179e-06, 0.04236732786284529, 0.004113486135290464, 0.0036269994673642203, 2.873226579713565e-05, 0.0007410520355024989, 0.9689419247439726, 0.6562717060206479, 0.04187491937960218, 0.003946009727118862, 0.0017649707284058721, 0.001231604558878852, 0.4306946818998287, 0.03550992395992342, 0.950528145286863, 0.11528474407314505, 0.28129824202204545], "split8_index": [162, 163, 164, 165, 166, 167, 168, 169, 170, 171, 172, 173, 174, 175, 176, 177, 178], "split8_pred": [0, 0, 0, 0, 0, 0, 1, 1, 0, 0, 0, 0, 0, 0, 1, 0, 0], "split8_test": [0, 0, 0, 0, 0, 0, 1, 0, 0, 0, 0, 0, 0, 0, 1, 0, 0], "split8_notXOR": [1, 1, 1, 1, 1, 1, 1, 0, 1, 1, 1, 1, 1, 1, 1, 1, 1], "split8_prob": [3.2341337284528636e-05, 0.02142952874496141, 0.009310235744014381, 0.007599286784999936, 1.266250546530068e-05, 6.114827466002844e-05, 0.9826635116698611, 0.620328074663877, 0.026016598376430833, 0.008141170128044726, 0.002576983973561275, 0.006477500296580581, 0.2986344455665188, 0.04823679562537226, 0.8677712138711489, 0.0949492654002925, 0.19580843255590227], "split9_index": [179, 180, 181, 182, 183, 184, 185, 186, 187, 188, 189, 190, 191, 192, 193, 194], "split9_pred": [0, 0, 0, 0, 0, 1, 1, 0, 0, 0, 0, 0, 0, 0, 1, 0], "split9_test": [0, 0, 0, 0, 0, 1, 0, 0, 0, 0, 0, 0, 0, 0, 1, 0], "split9_notXOR": [1, 1, 1, 1, 1, 1, 0, 1, 1, 1, 1, 1, 1, 1, 1, 1], "split9_prob": [2.5581288973423025e-05, 0.027828349582149987, 0.00382058371014464, 2.518477066181985e-06, 3.306040974867356e-05, 0.9869869483118835, 0.5287275504115465, 0.021652365892564137, 0.0031150789676577043, 0.002697954227362625, 0.0017786832866199729, 0.03423665525916623, 0.11225740530540129, 0.05397475305148009, 0.8649111201569186, 0.20636466710300114], "split10_index": [195, 196, 197, 198, 199, 200, 201, 202, 203, 204, 205, 206, 207, 208], "split10_pred": [0, 0, 0, 0, 1, 1, 0, 0, 0, 0, 0, 0, 0, 1], "split10_test": [0, 0, 0, 0, 0, 0, 0, 0, 0, 0, 0, 0, 0, 1], "split10_notXOR": [1, 1, 1, 1, 0, 0, 1, 1, 1, 1, 1, 1, 1, 1], "split10_prob": [0.000322828090955896, 0.09638059215161636, 0.00011142304420660542, 0.005805829384195821, 0.9997976813745046, 0.5693494849944556, 0.013983674980987291, 0.023029214666708004, 0.0010562318134181002, 0.0015428981540977467, 0.050348358893330905, 0.002468342657517235, 0.05693694813017266, 0.9273322754134807], "split11_index": [209, 210, 211, 212, 213, 214, 215, 216, 217, 218, 219, 220, 221, 222], "split11_pred": [0, 0, 0, 0, 1, 0, 0, 0, 0, 0, 0, 0, 0, 1],