{"split0_index": [15, 16, 17, 18, 19, 20, 21, 22, 23, 24, 25, 26, 27, 28, 29, 30, 31, 32], "split0_pred": [0, 0, 0, 0, 0, 0, 0, 0, 0, 0, 0, 0, 0, 0, 0, 0, 0, 0], "split0_test": [0, 0, 0, 0, 0, 0, 0, 0, 1, 0, 0, 0, 0, 0, 0, 0, 0, 0], "split0_notXOR": [1, 1, 1, 1, 1, 1, 1, 1, 0, 1, 1, 1, 1, 1, 1, 1, 1, 1], "split0_prob": [0.17046228469725064, 0.14633391479575888, 0.13752796819453275, 0.14093834942854946, 0.1557190734387373, 0.1514663243661672, 0.27699144154302985, 0.1385339051220388, 0.17385755133126635, 0.15345086205311848, 0.14094171465569946, 0.1397993877957303, 0.13674465331912808, 0.14230451904105765, 0.17615638826932908, 0.1395710473404477, 0.1715259814829594, 0.14049246565606877], "split1_index": [33, 34, 35, 36, 37, 38, 39, 40, 41, 42, 43, 44, 45, 46, 47, 48, 49], "split1_pred": [0, 0, 0, 0, 0, 0, 0, 0, 0, 0, 0, 0, 0, 0, 0, 0, 0], "split1_test": [0, 0, 0, 0, 0, 1, 0, 1, 0, 0, 0, 0, 0, 1, 1, 0, 0], "split1_notXOR": [1, 1, 1, 1, 1, 0, 1, 0, 1, 1, 1, 1, 1, 0, 0, 1, 1], "split1_prob": [0.09897101053023419, 0.10288106342374281, 0.10689141898337387, 0.1065093485245896, 0.10507334089389106, 0.09364089427651612, 0.10604311863168665, 0.09573162970726526, 0.09287871463630216, 0.10063788993284449, 0.10600623273488699, 0.1080714594462217, 0.10620848764522507, 0.10370425147312594, 0.09716275348566754, 0.0911881365069824, 0.10297670656980566], "split2_index": [50, 51, 52, 53, 54, 55, 56, 57, 58, 59, 60, 61, 62, 63, 64, 65, 66, 67, 68], "split2_pred": [0, 0, 0, 0, 0, 0, 0, 0, 0, 0, 0, 0, 0, 0, 0, 0, 0, 0, 0], "split2_test": [0, 0, 0, 0, 0, 0, 1, 0, 1, 0, 0, 0, 0, 0, 1, 0, 1, 0, 0], "split2_notXOR": [1, 1, 1, 1, 1, 1, 0, 1, 0, 1, 1, 1, 1, 1, 0, 1, 0, 1, 1], "split2_prob": [0.11952650923754882, 0.13294715687383352, 0.12371421676149319, 0.12798728009112417, 0.12475957379787157, 0.1202206280234832, 0.2742012730228724, 0.13315321344864398, 0.28877264663382635, 0.10563961299003007, 0.13285522956578985, 0.1268905718451455, 0.13217501077813268, 0.13026914652860414, 0.17755257223446647, 0.14749278523898465, 0.13040987976911875, 0.09170431219611332, 0.12578756162868007], "split3_index": [69, 70, 71, 72, 73, 74, 75, 76, 77, 78, 79, 80, 81, 82, 83, 84, 85, 86, 87], "split3_pred": [0, 0, 0, 0, 0, 0, 0, 0, 0, 0, 0, 0, 0, 0, 0, 0, 0, 0, 0], "split3_test": [0, 0, 0, 0, 0, 0, 1, 0, 1, 0, 0, 0, 0, 0, 1, 0, 1, 0, 0], "split3_notXOR": [1, 1, 1, 1, 1, 1, 0, 1, 0, 1, 1, 1, 1, 1, 0, 1, 0, 1, 1], "split3_prob": [0.1367008771135234, 0.14474691778174875, 0.12131179005606516, 0.13623192428916964, 0.12871428418476433, 0.13633988855381737, 0.5921275801948248, 0.13623699810472567, 0.22366913251313775, 0.22170642216334147, 0.0930200498031384, 0.1333352455646892, 0.12101160692863405, 0.13410001149297557, 0.1468448503257421, 0.12949530110585472, 0.3503398111258747, 0.15010345252160404, 0.1325386792630166], "split4_index": [88, 89, 90, 91, 92, 93, 94, 95, 96, 97, 98, 99, 100, 101, 102, 103, 104, 105, 106], "split4_pred": [0, 0, 0, 0, 0, 0, 0, 0, 0, 0, 0, 0, 0, 0, 0, 0, 0, 0, 0], "split4_test": [0, 0, 0, 0, 0, 0, 1, 0, 1, 0, 0, 1, 0, 0, 1, 0, 1, 0, 0], "split4_notXOR": [1, 1, 1, 1, 1, 1, 0, 1, 0, 1, 1, 0, 1, 1, 0, 1, 0, 1, 1], "split4_prob": [0.11473050204675224, 0.11918376610427799, 0.0983368671910585, 0.11443439445703464, 0.10844671727516679, 0.11458166041355482, 0.7735401901985226, 0.11429767471718547, 0.19813948187445193, 0.24148675717387727, 0.07324842018793588, 0.11109890811794518, 0.10031399246312622, 0.11175476581392277, 0.120900934548346, 0.10718556695353078, 0.5354361408336838, 0.12223739215652474, 0.10395791812869859], "split5_index": [107, 108, 109, 110, 111, 112, 113, 114, 115, 116, 117, 118, 119, 120, 121, 122, 123, 124, 125, 126], "split5_pred": [0, 0, 0, 0, 0, 0, 1, 0, 0, 0, 0, 0, 0, 0, 0, 0, 0, 0, 0, 0], "split5_test": [0, 0, 0, 0, 0, 0, 1, 0, 0, 0, 0, 0, 0, 0, 0, 0, 0, 1, 0, 0], "split5_notXOR": [1, 1, 1, 1, 1, 1, 1, 1, 1, 1, 1, 1, 1, 1, 1, 1, 1, 0, 1, 1], "split5_prob": [0.032767793043354206, 0.1322521933218598, 0.033639439418189226, 0.07963778605957776, 0.045452232076786066, 0.06362573068026427, 0.7829767080590554, 0.09523159100021872, 0.04797150264609586, 0.5745409597449599, 0.052981244257805676, 0.10942511795252231, 0.07093062233236444, 0.09610964693498723, 0.07599476187298489, 0.30476985007313834, 0.1611047477894359, 0.5321611996241433, 0.12813154799693013, 0.17574405522466655], "split6_index": [127, 128, 129, 130, 131, 132, 133, 134, 135, 136, 137, 138, 139, 140, 141, 142, 143, 144], "split6_pred": [0, 0, 0, 0, 0, 0, 0, 0, 0, 0, 0, 0, 0, 0, 0, 0, 0, 0], "split6_test": [0, 0, 0, 0, 0, 0, 1, 0, 0, 0, 0, 0, 0, 0, 0, 1, 0, 0], "split6_notXOR": [1, 1, 1, 1, 1, 1, 0, 1, 1, 1, 1, 1, 1, 1, 1, 0, 1, 1], "split6_prob": [0.07804545091895593, 0.1455454985553573, 0.11437088475912893, 0.14254862452732409, 0.11749293869002732, 0.09611598836057135, 0.11677752097107287, 0.14561241810977424, 0.20875497747961425, 0.09573375541581358, 0.13747585609969057, 0.10934356074683646, 0.14077045089914186, 0.16046988662217263, 0.11897307590074285, 0.4175478620507918, 0.14561234053248268, 0.1218308659477363], "split7_index": [145, 146, 147, 148, 149, 150, 151, 152, 153, 154, 155, 156, 157, 158, 159, 160, 161], "split7_pred": [0, 0, 0, 0, 0, 0, 1, 0, 0, 0, 0, 0, 0, 0, 1, 0, 0], "split7_test": [0, 0, 0, 0, 0, 0, 1, 0, 0, 0, 0, 0, 0, 0, 1, 0, 0], "split7_notXOR": [1, 1, 1, 1, 1, 1, 1, 1, 1, 1, 1, 1, 1, 1, 1, 1, 1], "split7_prob": [0.06621680355252851, 0.10772946114765494, 0.06657305715608418, 0.07125264394760929, 0.062014364364586884, 0.07218491010696526, 0.8182313564207356, 0.3612408174023163, 0.10065965844101939, 0.07874663911391853, 0.10308844929643123, 0.08378190325621973, 0.2591009592578078, 0.05240584479812164, 0.6680001709680462, 0.10757928322266191, 0.10764192441972248], "split8_index": [162, 163, 164, 165, 166, 167, 168, 169, 170, 171, 172, 173, 174, 175, 176, 177, 178], "split8_pred": [0, 0, 0, 0, 0, 0, 1, 0, 0, 0, 0, 0, 0, 0, 1, 0, 0], "split8_test": [0, 0, 0, 0, 0, 0, 1, 0, 0, 0, 0, 0, 0, 0, 1, 0, 0], "split8_notXOR": [1, 1, 1, 1, 1, 1, 1, 1, 1, 1, 1, 1, 1, 1, 1, 1, 1], "split8_prob": [0.09678597488816033, 0.06907637463226782, 0.093435803515061, 0.06076819315264388, 0.05990117044176177, 0.060951388320986, 0.947441811250756, 0.3150238878232679, 0.08077994771266304, 0.06432716924710763, 0.09314886879215986, 0.06876218202167532, 0.1455691149001417, 0.05398592676888598, 0.6923560846990039, 0.09771068841725665, 0.09698418542483701], "split9_index": [179, 180, 181, 182, 183, 184, 185, 186, 187, 188, 189, 190, 191, 192, 193, 194], "split9_pred": [0, 0, 0, 0, 0, 1, 0, 0, 0, 0, 0, 0, 0, 0, 1, 0], "split9_test": [0, 0, 0, 0, 0, 1, 0, 0, 0, 0, 0, 0, 0, 0, 1, 0], "split9_notXOR": [1, 1, 1, 1, 1, 1, 1, 1, 1, 1, 1, 1, 1, 1, 1, 1], "split9_prob": [0.09056214956452821, 0.06536522575321206, 0.06012596765560084, 0.059434877027753276, 0.05995475001618269, 0.892372528888912, 0.1637229848908285, 0.08764096313027367, 0.07269234551560558, 0.10002315376822475, 0.07628667893012205, 0.06949453745921066, 0.06463807340271374, 0.049643908285093144, 0.7748687536365361, 0.1000166457959812], "split10_index": [195, 196, 197, 198, 199, 200, 201, 202, 203, 204, 205, 206, 207, 208], "split10_pred": [0, 0, 0, 0, 1, 0, 0, 0, 0, 0, 0, 0, 0, 1], "split10_test": [0, 0, 0, 0, 0, 0, 0, 0, 0, 0, 0, 0, 0, 1], "split10_notXOR": [1, 1, 1, 1, 0, 1, 1, 1, 1, 1, 1, 1, 1, 1], "split10_prob": [0.05406877695490308, 0.06960180564918247, 0.014521693126375627, 0.0681013214219254, 0.9692447876486959, 0.1254386988008097, 0.029176022712902275, 0.05977400975371197, 0.06258489879634101, 0.049216807580350845, 0.03632127322173313, 0.0407633313682451, 0.03262424866278654, 0.6904539137195174], "split11_index": [209, 210, 211, 212, 213, 214, 215, 216, 217, 218, 219, 220, 221, 222], "split11_pred": [0, 0, 0, 0, 1, 0, 0, 0, 0, 0, 0, 0, 0, 1], "split11_test": [0, 0, 0, 0, 0, 0, 0, 0, 0, 0, 0, 0, 0, 1], "split11_notXOR": [1, 1, 1, 1, 0, 1, 1, 1, 1, 1, 1, 1, 1, 1],