{"split0_index": [9, 10, 11, 12, 13, 14, 15, 16, 17], "split0_pred": [0, 0, 0, 0, 0, 0, 0, 0, 0], "split0_test": [0, 0, 1, 0, 0, 1, 0, 0, 0], "split0_notXOR": [1, 1, 0, 1, 1, 0, 1, 1, 1], "split0_prob": [0.0622526289304036, 0.06290510237394595, 0.15303118138634256, 0.06321086038487521, 0.0589367854000084, 0.3326292426927939, 0.06787369071994984, 0.0641603492514154, 0.060755056114951175], "split1_index": [18, 19, 20, 21, 22, 23, 24, 25, 26], "split1_pred": [0, 0, 0, 0, 0, 0, 0, 0, 0], "split1_test": [0, 0, 1, 0, 0, 1, 0, 0, 0], "split1_notXOR": [1, 1, 0, 1, 1, 0, 1, 1, 1], "split1_prob": [0.05950995715014777, 0.06360964446796778, 0.12099409435223561, 0.06415162270585875, 0.05281718615812779, 0.05577105445812964, 0.05577105445812964, 0.32952513977605963, 0.053746705770221836], "split2_index": [27, 28, 29, 30, 31, 32, 33, 34, 35], "split2_pred": [0, 0, 0, 0, 0, 0, 0, 0, 0], "split2_test": [0, 0, 1, 0, 0, 1, 0, 0, 0], "split2_notXOR": [1, 1, 0, 1, 1, 0, 1, 1, 1], "split2_prob": [0.08442609484714445, 0.08828101054851364, 0.21247014682674148, 0.0914311545226533, 0.06930718193809286, 0.09409552457454523, 0.09409552457454523, 0.3105768851689587, 0.07441328957143106], "split3_index": [36, 37, 38, 39, 40, 41, 42, 43, 44], "split3_pred": [0, 0, 0, 0, 0, 0, 0, 0, 0], "split3_test": [0, 0, 1, 0, 0, 1, 0, 0, 0], "split3_notXOR": [1, 1, 0, 1, 1, 0, 1, 1, 1], "split3_prob": [0.13409885620094747, 0.12696122498210377, 0.3697518586047373, 0.13976194510492934, 0.10879184368342298, 0.17740824817844386, 0.17740824817844386, 0.4948843642172188, 0.1202112980633486], "split4_index": [45, 46, 47, 48, 49, 50, 51, 52, 53], "split4_pred": [0, 0, 0, 0, 0, 0, 0, 0, 0], "split4_test": [0, 0, 1, 0, 0, 1, 0, 0, 0], "split4_notXOR": [1, 1, 0, 1, 1, 0, 1, 1, 1], "split4_prob": [0.14095266916971105, 0.12611995664906586, 0.42353494382226686, 0.14412339483462355, 0.11043359873375341, 0.2173716440296528, 0.2173716440296528, 0.40400976726684296, 0.12675948876872478], "split5_index": [54, 55, 56, 57, 58, 59, 60, 61, 62], "split5_pred": [0, 0, 0, 0, 0, 0, 0, 0, 0], "split5_test": [0, 0, 1, 0, 0, 1, 0, 0, 0], "split5_notXOR": [1, 1, 0, 1, 1, 0, 1, 1, 1], "split5_prob": [0.1469122307702482, 0.12623845721825688, 0.4764942378248764, 0.14850846538856224, 0.11158912701453626, 0.25210390398537547, 0.25210390398537547, 0.29914893439488666, 0.13188537277629858], "split6_index": [63, 64, 65, 66, 67, 68, 69, 70, 71], "split6_pred": [0, 0, 1, 0, 0, 0, 0, 0, 0], "split6_test": [0, 0, 1, 0, 0, 1, 0, 0, 0], "split6_notXOR": [1, 1, 1, 1, 1, 0, 1, 1, 1], "split6_prob": [0.14260926722825595, 0.11787622246643736, 0.5055940214358585, 0.1427407108460046, 0.10560825933024758, 0.2669714854681078, 0.2669714854681078, 0.3236519136136941, 0.12766242966076688], "split7_index": [72, 73, 74, 75, 76, 77, 78, 79, 80], "split7_pred": [0, 0, 1, 0, 0, 0, 0, 0, 0], "split7_test": [0, 0, 1, 0, 0, 1, 0, 0, 0], "split7_notXOR": [1, 1, 1, 1, 1, 0, 1, 1, 1], "split7_prob": [0.14102423386324076, 0.11254410177632196, 0.5362054104569756, 0.13985188927926823, 0.10192605906144579, 0.39329463444831103, 0.28613316363109836, 0.19133098575293905, 0.12597207284519352], "split8_index": [81, 82, 83, 84, 85, 86, 87, 88, 89], "split8_pred": [0, 0, 1, 0, 0, 1, 0, 0, 0], "split8_test": [0, 0, 1, 0, 0, 1, 0, 0, 0], "split8_notXOR": [1, 1, 1, 1, 1, 1, 1, 1, 1], "split8_prob": [0.12873061005325345, 0.10240455344264601, 0.5442074969529904, 0.12841424652096733, 0.08971877271359974, 0.5320169915739759, 0.27638162475729916, 0.17795846424259806, 0.11332214841181769], "split9_index": [90, 91, 92, 93, 94, 95, 96, 97, 98, 99], "split9_pred": [0, 0, 1, 0, 0, 1, 0, 1, 0, 0], "split9_test": [0, 0, 1, 0, 0, 1, 0, 0, 0, 0], "split9_notXOR": [1, 1, 1, 1, 1, 1, 1, 0, 1, 1], "split9_prob": [0.07822417194408096, 0.08632009963757688, 0.9921614432195054, 0.07597192650702664, 0.07219958124342778, 0.6136625155697251, 0.238189939154718, 0.9999700904959267, 0.19199736377752577, 0.09247338979070979], "split10_index": [100, 101, 102, 103, 104, 105, 106, 107, 108, 109], "split10_pred": [0, 0, 1, 0, 0, 0, 0, 0, 0, 0], "split10_test": [0, 0, 1, 0, 0, 1, 0, 0, 0, 0], "split10_notXOR": [1, 1, 1, 1, 1, 0, 1, 1, 1, 1], "split10_prob": [0.0876929753434527, 0.09488198453454098, 0.5597698077326032, 0.16211045955436768, 0.07995539433114622, 0.27231658265416736, 0.27231658265416736, 0.35256778744080564, 0.10504420254855566, 0.10342777869880261], "split11_index": [110, 111, 112, 113, 114, 115, 116, 117, 118, 119], "split11_pred": [0, 0, 1, 0, 0, 0, 0, 0, 0, 0], "split11_test": [0, 0, 1, 0, 0, 1, 0, 0, 1, 0], "split11_notXOR": [1, 1, 1, 1, 1, 0, 1, 1, 0, 1], "split11_prob": [0.07968616370538463, 0.08673365563785865, 0.5670243457707539, 0.1424574474080317, 0.0767423612896225, 0.45523010090035354, 0.2846929768549467, 0.35012971652598146, 0.16774263463511432, 0.10064669404946024], "split12_index": [120, 121, 122, 123, 124, 125, 126, 127, 128, 129, 130, 131, 132, 133], "split12_pred": [0, 0, 1, 0, 0, 0, 1, 0, 0, 0, 0, 0, 0, 0], "split12_test": [0, 0, 1, 0, 0, 1, 0, 0, 0, 1, 0, 1, 0, 0], "split12_notXOR": [1, 1, 1, 1, 1, 0, 0, 1, 1, 0, 1, 0, 1, 1], "split12_prob": [0.03772273576367749, 0.1781074820552737, 0.6946677563166245, 0.11479681138274116, 0.04068845328114552, 0.48594163467364504, 0.5307006912672653, 0.35145494704923613, 0.21229113313387024, 0.12540636593580248, 0.14848801681201718, 0.16918227744004, 0.19470240574426353, 0.12676339394037395], "split13_index": [134, 135, 136, 137, 138, 139, 140, 141, 142, 143, 144, 145, 146, 147], "split13_pred": [0, 0, 0, 0, 0, 0, 0, 0, 0, 0, 0, 0, 0, 0], "split13_test": [0, 0, 1, 0, 0, 1, 0, 0, 0, 1, 0, 1, 0, 0], "split13_notXOR": [1, 1, 0, 1, 1, 0, 1, 1, 1, 0, 1, 0, 1, 1], "split13_prob": [0.05354084791884416, 0.0794524975534977, 0.48587938296223737, 0.047966410754075685, 0.056088552125307035, 0.3418864388494447, 0.20157239093410761, 0.20157239093410761, 0.2665121911592601, 0.17618181789223974, 0.07318811271212476, 0.15739113690836457, 0.11823405118569086, 0.12377526376020917], "split14_index": [148, 149, 150, 151, 152, 153, 154, 155, 156, 157, 158, 159, 160, 161], "split14_pred": [0, 0, 1, 0, 0, 0, 0, 0, 0, 0, 0, 0, 0, 0], "split14_test": [0, 0, 1, 0, 0, 1, 0, 0, 0, 1, 0, 1, 0, 0], "split14_notXOR": [1, 1, 1, 1, 1, 0, 1, 1, 1, 0, 1, 0, 1, 1], "split14_prob": [0.06099063339224921, 0.09232911476587581, 0.8354699772977316, 0.05466231059956602, 0.0647993398622529, 0.22054183797413815, 0.22054183797413815, 0.22054183797413815, 0.300011008044089, 0.2523294210860379, 0.08406910405708262, 0.2270854648473793, 0.1369651705790295, 0.12515776341501073], "split15_index": [162, 163, 164, 165, 166, 167, 168, 169, 170, 171, 172, 173, 174, 175, 176], "split15_pred": [0, 0, 1, 0, 0, 1, 0, 0, 0, 0, 0, 0, 0, 0, 0], "split15_test": [0, 0, 1, 0, 0, 0, 1, 0, 0, 0, 1, 0, 1, 0, 0], "split15_notXOR": [1, 1, 1, 1, 1, 0, 0, 1, 1, 1, 0, 1, 0, 1, 1], "split15_prob": [0.05632435483997226, 0.08626744537549413, 0.8143477593779826, 0.05002402592602666, 0.06191033620019779, 0.813231016047988, 0.21187798104559227, 0.4859136964822281, 0.21187798104559227, 0.2810773228291797, 0.09983253112846113, 0.07998538847717436, 0.08751922402535117, 0.13049457649773002, 0.09198737734242668], "split16_index": [177, 178, 179, 180, 181, 182, 183, 184, 185, 186, 187, 188, 189, 190, 191, 192], "split16_pred": [0, 0, 1, 0, 0, 1, 0, 0, 0, 0, 0, 0, 0, 0, 0, 0], "split16_test": [0, 0, 1, 0, 0, 0, 0, 1, 0, 0, 0, 1, 0, 1, 0, 0], "split16_notXOR": [1, 1, 1, 1, 1, 0, 1, 0, 1, 1, 1, 0, 1, 0, 1, 1], "split16_prob": [0.04971601356364145, 0.07225004688297301, 0.9388511836936814, 0.14196940643418485, 0.058777587856589764, 0.6834626261685705, 0.4237370397564298, 0.18668379510984506, 0.4034558343273207, 0.4740998868044251, 0.22969469762213934, 0.2591692653573822, 0.07330109325428223, 0.23129150149398803, 0.3868648051533882, 0.0834729926807733], "split17_index": [193, 194, 195, 196, 197, 198, 199, 200, 201, 202, 203, 204, 205, 206, 207, 208], "split17_pred": [0, 0, 1, 0, 0, 0, 0, 0, 1, 0, 1, 0, 0, 0, 0, 0],