{"split0_index": [19, 20, 21, 22, 23, 24, 25, 26, 27, 28, 29, 30, 31, 32, 33, 34, 35, 36, 37, 38, 39], "split0_pred": [0, 0, 0, 0, 0, 0, 0, 0, 0, 0, 0, 0, 0, 0, 0, 0, 0, 0, 0, 0, 0], "split0_test": [1, 0, 0, 0, 0, 0, 0, 0, 0, 0, 0, 0, 0, 0, 0, 0, 1, 0, 0, 0, 0], "split0_notXOR": [0, 1, 1, 1, 1, 1, 1, 1, 1, 1, 1, 1, 1, 1, 1, 1, 0, 1, 1, 1, 1], "split0_prob": [0.2716166358476048, 0.2716166358476048, 0.2716166358476048, 0.2716166358476048, 0.2716166358476048, 0.2716166358476048, 0.2716166358476048, 0.2716166358476048, 0.2716166358476048, 0.2716166358476048, 0.2716166358476048, 0.2716166358476048, 0.2716166358476048, 0.2716166358476048, 0.2716166358476048, 0.2716166358476048, 0.2716166358476048, 0.2716166358476048, 0.2716166358476048, 0.2716166358476048, 0.2716166358476048], "split1_index": [40, 41, 42, 43, 44, 45, 46, 47, 48, 49, 50, 51, 52, 53, 54, 55, 56, 57, 58, 59, 60], "split1_pred": [0, 0, 0, 0, 0, 0, 0, 0, 0, 0, 0, 0, 0, 0, 0, 0, 0, 0, 0, 0, 0], "split1_test": [1, 0, 1, 0, 0, 0, 0, 0, 0, 0, 0, 0, 0, 0, 0, 0, 1, 0, 0, 0, 0], "split1_notXOR": [0, 1, 0, 1, 1, 1, 1, 1, 1, 1, 1, 1, 1, 1, 1, 1, 0, 1, 1, 1, 1], "split1_prob": [0.08623042321511806, 0.13797446318121212, 0.12026596199771772, 0.17942367799862072, 0.17942367799862072, 0.17942367799862072, 0.17942367799862072, 0.22733841641264074, 0.17942367799862072, 0.17942367799862072, 0.16978279309998534, 0.16466608104993385, 0.17942367799862072, 0.17942367799862072, 0.17942367799862072, 0.1470689873903259, 0.17942367799862072, 0.17942367799862072, 0.13097894833606036, 0.18184542051064442, 0.194208606675067], "split2_index": [61, 62, 63, 64, 65, 66, 67, 68, 69, 70, 71, 72, 73, 74, 75, 76, 77, 78, 79, 80, 81], "split2_pred": [0, 0, 0, 0, 0, 0, 0, 0, 0, 0, 0, 0, 0, 0, 0, 0, 0, 0, 0, 0, 0], "split2_test": [1, 0, 1, 0, 0, 0, 0, 0, 0, 0, 0, 0, 0, 0, 0, 0, 1, 0, 0, 0, 0], "split2_notXOR": [0, 1, 0, 1, 1, 1, 1, 1, 1, 1, 1, 1, 1, 1, 1, 1, 0, 1, 1, 1, 1], "split2_prob": [0.1465165497853249, 0.161014263544057, 0.1465165497853249, 0.1465165497853249, 0.1465165497853249, 0.1465165497853249, 0.1465165497853249, 0.14451341074179444, 0.1465165497853249, 0.1465165497853249, 0.1465165497853249, 0.1465165497853249, 0.1465165497853249, 0.1465165497853249, 0.1465165497853249, 0.1465165497853249, 0.1465165497853249, 0.1465165497853249, 0.1465165497853249, 0.14691709896273175, 0.14451341074179444], "split3_index": [82, 83, 84, 85, 86, 87, 88, 89, 90, 91, 92, 93, 94, 95, 96, 97, 98, 99, 100, 101, 102], "split3_pred": [0, 0, 0, 0, 0, 0, 0, 0, 0, 0, 0, 0, 0, 0, 0, 0, 0, 0, 0, 0, 0], "split3_test": [1, 0, 1, 0, 0, 0, 0, 0, 0, 0, 0, 0, 0, 0, 0, 0, 1, 0, 0, 0, 0], "split3_notXOR": [0, 1, 0, 1, 1, 1, 1, 1, 1, 1, 1, 1, 1, 1, 1, 1, 0, 1, 1, 1, 1], "split3_prob": [0.16514059532043346, 0.0001395101261524383, 0.16219580791620755, 0.16219580791620755, 0.16219580791620755, 0.16219580791620755, 0.16219580791620755, 0.16219580791620755, 0.16219580791620755, 0.16219580791620755, 0.16219580791620755, 0.16219580791620755, 0.16219580791620755, 0.16219580791620755, 0.16219580791620755, 0.16219580791620755, 0.16219580791620755, 0.16219580791620755, 0.16219580791620755, 0.16219580791620755, 0.16219580791620755], "split4_index": [103, 104, 105, 106, 107, 108, 109, 110, 111, 112, 113, 114, 115, 116, 117, 118, 119, 120, 121, 122, 123], "split4_pred": [0, 0, 0, 0, 0, 0, 0, 0, 0, 0, 0, 0, 0, 0, 0, 0, 0, 0, 0, 0, 0], "split4_test": [1, 0, 1, 0, 0, 0, 0, 0, 0, 0, 0, 0, 0, 0, 0, 0, 1, 0, 0, 0, 0], "split4_notXOR": [0, 1, 0, 1, 1, 1, 1, 1, 1, 1, 1, 1, 1, 1, 1, 1, 0, 1, 1, 1, 1], "split4_prob": [0.1413212338724395, 0.14143495184854477, 0.14755891756564318, 0.14143495184854477, 0.1413212338724395, 0.1413212338724395, 0.14755891756564318, 0.1413212338724395, 0.1413212338724395, 0.15809827929002537, 0.15809827929002537, 0.1413212338724395, 0.1413212338724395, 0.1413212338724395, 0.1413212338724395, 0.23461142330107312, 0.1413212338724395, 0.1413212338724395, 0.1413212338724395, 0.1413212338724395, 0.1413212338724395], "split5_index": [124, 125, 126, 127, 128, 129, 130, 131, 132, 133, 134, 135, 136, 137, 138, 139, 140, 141, 142, 143, 144], "split5_pred": [0, 0, 0, 0, 0, 0, 0, 0, 0, 0, 0, 0, 0, 0, 0, 0, 0, 0, 0, 0, 0], "split5_test": [1, 0, 1, 0, 0, 0, 0, 0, 0, 0, 0, 0, 0, 0, 0, 0, 1, 0, 0, 0, 0], "split5_notXOR": [0, 1, 0, 1, 1, 1, 1, 1, 1, 1, 1, 1, 1, 1, 1, 1, 0, 1, 1, 1, 1], "split5_prob": [0.14019856510103798, 0.13485306314789847, 0.13976288244121832, 0.14019856510103798, 0.14019856510103798, 0.14019856510103798, 0.14019856510103798, 0.22964522454322794, 0.14019856510103798, 0.13976288244121832, 0.15392773434255166, 0.14019856510103798, 0.14019856510103798, 0.14019856510103798, 0.13976288244121832, 0.14901128719787876, 0.1384018802392004, 0.14032665390839302, 0.14019856510103798, 0.14019856510103798, 0.14019856510103798], "split6_index": [145, 146, 147, 148, 149, 150, 151, 152, 153, 154, 155, 156, 157, 158, 159, 160, 161, 162, 163, 164, 165], "split6_pred": [0, 0, 0, 0, 0, 0, 0, 0, 0, 0, 0, 0, 0, 0, 0, 0, 0, 0, 0, 0, 0], "split6_test": [1, 0, 1, 0, 0, 0, 0, 0, 0, 0, 0, 0, 0, 0, 0, 0, 1, 0, 0, 0, 0], "split6_notXOR": [0, 1, 0, 1, 1, 1, 1, 1, 1, 1, 1, 1, 1, 1, 1, 1, 0, 1, 1, 1, 1], "split6_prob": [0.14466341512562372, 0.14481734496373982, 0.141349787777076, 0.14466341512562372, 0.14466341512562372, 0.14466341512562372, 0.14466341512562372, 0.14466341512562372, 0.14466341512562372, 0.14466341512562372, 0.08035190915198542, 0.14466341512562372, 0.14466341512562372, 0.14466341512562372, 0.14466341512562372, 0.14466341512562372, 0.14466341512562372, 0.14466341512562372, 0.14466341512562372, 0.14466341512562372, 0.14466341512562372], "split7_index": [166, 167, 168, 169, 170, 171, 172, 173, 174, 175, 176, 177, 178, 179, 180, 181, 182, 183, 184, 185, 186], "split7_pred": [0, 0, 0, 0, 0, 0, 0, 0, 0, 0, 0, 0, 0, 0, 0, 0, 0, 0, 0, 0, 0], "split7_test": [1, 0, 1, 0, 0, 0, 0, 1, 0, 0, 0, 0, 0, 0, 0, 0, 1, 0, 0, 0, 1], "split7_notXOR": [0, 1, 0, 1, 1, 1, 1, 0, 1, 1, 1, 1, 1, 1, 1, 1, 0, 1, 1, 1, 0], "split7_prob": [0.1506088143602811, 0.1505775578954073, 0.14740986424642838, 0.1505775578954073, 0.1505775578954073, 0.1505775578954073, 0.1505775578954073, 0.15528638476717374, 0.1505775578954073, 0.1505775578954073, 0.1319183722592993, 0.1505775578954073, 0.1505775578954073, 0.1505775578954073, 0.1505775578954073, 0.1505775578954073, 0.1505775578954073, 0.1505775578954073, 0.1505775578954073, 0.14980356807620457, 0.1551652663020602], "split8_index": [187, 188, 189, 190, 191, 192, 193, 194, 195, 196, 197, 198, 199, 200, 201, 202, 203, 204, 205, 206, 207], "split8_pred": [0, 0, 0, 0, 0, 0, 0, 0, 0, 0, 0, 0, 0, 0, 0, 0, 0, 0, 0, 0, 0], "split8_test": [1, 0, 1, 0, 0, 0, 0, 1, 0, 0, 0, 0, 0, 0, 0, 0, 1, 0, 0, 0, 1], "split8_notXOR": [0, 1, 0, 1, 1, 1, 1, 0, 1, 1, 1, 1, 1, 1, 1, 1, 0, 1, 1, 1, 0], "split8_prob": [0.16056795673271632, 0.16056795673271632, 0.16056795673271632, 0.16056795673271632, 0.16056795673271632, 0.16056795673271632, 0.16056795673271632, 0.16056795673271632, 0.16056795673271632, 0.16056795673271632, 0.16056795673271632, 0.16056795673271632, 0.16056795673271632, 0.16056795673271632, 0.16056795673271632, 0.16056795673271632, 0.16056795673271632, 0.16056795673271632, 0.16056795673271632, 0.16056795673271632, 0.16016572392157613], "split9_index": [208, 209, 210, 211, 212, 213, 214, 215, 216, 217, 218, 219, 220, 221, 222, 223, 224, 225, 226, 227, 228], "split9_pred": [0, 0, 0, 0, 0, 0, 0, 0, 0, 0, 0, 0, 0, 0, 0, 0, 0, 0, 0, 0, 0], "split9_test": [1, 0, 1, 0, 0, 0, 0, 1, 0, 0, 0, 0, 0, 0, 0, 0, 1, 0, 0, 0, 1], "split9_notXOR": [0, 1, 0, 1, 1, 1, 1, 0, 1, 1, 1, 1, 1, 1, 1, 1, 0, 1, 1, 1, 0],