{"split0_index": [11, 12, 13, 14, 15, 16, 17, 18, 19, 20, 21], "split0_pred": [0, 0, 0, 0, 1, 1, 0, 0, 0, 1, 0], "split0_test": [0, 0, 0, 0, 1, 1, 0, 0, 0, 0, 0], "split0_notXOR": [1, 1, 1, 1, 1, 1, 1, 1, 1, 0, 1], "split0_prob": [0.02999512213913608, 0.1731338211352294, 0.03355323074459633, 0.1358718334396846, 0.8518383555770972, 0.6898446155277539, 0.16009244382969043, 0.04921097955303668, 0.3231138150912475, 0.8701838043994297, 0.22689051910028804], "split1_index": [22, 23, 24, 25, 26, 27, 28, 29, 30, 31, 32, 33], "split1_pred": [0, 0, 0, 1, 0, 1, 1, 0, 0, 0, 1, 0], "split1_test": [0, 0, 0, 0, 0, 1, 1, 0, 0, 0, 0, 0], "split1_notXOR": [1, 1, 1, 0, 1, 1, 1, 1, 1, 1, 0, 1], "split1_prob": [0.01973092283624738, 0.11615708671859386, 0.005936824529689459, 0.5555719644916984, 0.09072225338929153, 0.8420342446121345, 0.9363236169434233, 0.10062503181023094, 0.32541005151129254, 0.20886761264736414, 0.6303254385032077, 0.11872505376371759], "split2_index": [34, 35, 36, 37, 38, 39, 40, 41, 42, 43, 44, 45], "split2_pred": [0, 0, 0, 0, 0, 1, 1, 0, 0, 0, 1, 0], "split2_test": [0, 0, 0, 0, 0, 1, 0, 0, 0, 0, 0, 0], "split2_notXOR": [1, 1, 1, 1, 1, 1, 0, 1, 1, 1, 0, 1], "split2_prob": [0.018172566242074892, 0.09357447408077137, 0.003552191214947179, 0.07709684359667464, 0.3474733743827521, 0.8808582229638888, 0.9991522576063733, 0.04690178607408018, 0.13555271136036795, 0.12485025998444414, 0.5054474891917452, 0.07059166500133712], "split3_index": [46, 47, 48, 49, 50, 51, 52, 53, 54, 55, 56, 57], "split3_pred": [0, 0, 0, 0, 0, 0, 1, 0, 0, 0, 0, 0], "split3_test": [0, 0, 0, 0, 0, 1, 0, 0, 0, 0, 0, 0], "split3_notXOR": [1, 1, 1, 1, 1, 0, 0, 1, 1, 1, 1, 1], "split3_prob": [7.25955040402941e-05, 0.14187505135585607, 0.09756234019226807, 0.09135664284645204, 0.00796003545173335, 0.0041392813215887355, 0.5240944650797962, 0.004515400640039987, 3.230748427652723e-05, 0.006152418380082447, 0.055980610659434306, 0.052268813099087395], "split4_index": [58, 59, 60, 61, 62, 63, 64, 65, 66, 67, 68, 69], "split4_pred": [0, 0, 0, 0, 0, 1, 1, 0, 0, 0, 0, 0], "split4_test": [0, 0, 0, 0, 0, 1, 0, 0, 0, 0, 0, 0], "split4_notXOR": [1, 1, 1, 1, 1, 1, 0, 1, 1, 1, 1, 1], "split4_prob": [2.5085045042359627e-05, 0.06387984052293155, 0.016720398789109088, 0.04911526812792963, 0.12479889892021157, 0.9529337288833141, 0.6253162170743116, 0.045999927322045095, 0.020250948589957185, 0.15447801124053667, 0.35570356523043145, 0.19073019358547122], "split5_index": [70, 71, 72, 73, 74, 75, 76, 77, 78, 79, 80, 81], "split5_pred": [0, 0, 0, 0, 0, 1, 1, 0, 0, 0, 0, 0], "split5_test": [0, 0, 0, 0, 0, 1, 0, 0, 0, 0, 0, 0], "split5_notXOR": [1, 1, 1, 1, 1, 1, 0, 1, 1, 1, 1, 1], "split5_prob": [3.6461115105100123e-06, 0.0551721102858347, 0.01092944663681917, 0.0412163906703145, 0.1002847164197088, 0.9622155344160196, 0.5061263084775963, 0.034885701742389495, 0.0036899167271277045, 0.1385207082703988, 0.3227222457731433, 0.17979025757015657], "split6_index": [82, 83, 84, 85, 86, 87, 88, 89, 90, 91, 92, 93], "split6_pred": [0, 0, 0, 0, 0, 1, 0, 0, 0, 0, 0, 0], "split6_test": [0, 0, 0, 0, 0, 1, 0, 0, 0, 0, 0, 0], "split6_notXOR": [1, 1, 1, 1, 1, 1, 1, 1, 1, 1, 1, 1], "split6_prob": [7.91610771141372e-07, 0.049276686408408155, 0.007940716372478276, 0.03463510934755393, 0.08270067655279874, 0.9689061926339324, 0.42541575856542396, 0.02852584653778496, 0.0030044507265101043, 0.1234869688934907, 0.31041040918042756, 0.17296594273535568], "split7_index": [94, 95, 96, 97, 98, 99, 100, 101, 102, 103, 104, 105], "split7_pred": [0, 0, 0, 0, 0, 1, 0, 0, 0, 0, 1, 0], "split7_test": [0, 0, 0, 0, 0, 1, 0, 0, 0, 0, 0, 0], "split7_notXOR": [1, 1, 1, 1, 1, 1, 1, 1, 1, 1, 0, 1], "split7_prob": [2.945951300976919e-07, 0.04498274416316645, 0.006424001512658351, 0.029892410084743692, 0.07111661253725743, 0.9742175944359661, 0.3654599198760828, 0.020402597335814017, 0.002345483547372474, 0.1508786112271222, 0.8598050353062785, 0.1607734752041251], "split8_index": [106, 107, 108, 109, 110, 111, 112, 113, 114, 115, 116, 117], "split8_pred": [0, 0, 0, 0, 0, 1, 0, 0, 0, 0, 1, 0], "split8_test": [0, 0, 0, 0, 0, 1, 0, 0, 0, 0, 0, 0], "split8_notXOR": [1, 1, 1, 1, 1, 1, 1, 1, 1, 1, 0, 1], "split8_prob": [1.2637547543345452e-07, 0.04219746016240094, 0.005364903113522183, 0.03358160274917302, 0.05003568723388031, 0.9734969317509223, 0.3080588053391736, 0.023278667041731923, 0.002902820714814122, 0.14552113345610682, 0.8899673071396168, 0.16085389184154522], "split9_index": [118, 119, 120, 121, 122, 123, 124, 125, 126, 127, 128, 129], "split9_pred": [0, 0, 0, 0, 0, 1, 0, 0, 0, 0, 0, 0], "split9_test": [0, 0, 0, 0, 0, 1, 0, 0, 0, 0, 0, 0], "split9_notXOR": [1, 1, 1, 1, 1, 1, 1, 1, 1, 1, 1, 1], "split9_prob": [8.744510830986362e-07, 0.044580642063155825, 0.0060997534270614065, 0.032900149214800035, 0.047767909057653636, 0.9753070919938296, 0.2176620049226998, 0.027095312096102983, 0.00019778718444095992, 0.16849248064619313, 0.23434248356492565, 0.16212646994152216], "split10_index": [130, 131, 132, 133, 134, 135, 136, 137, 138, 139, 140, 141, 142], "split10_pred": [0, 0, 0, 0, 0, 1, 0, 0, 0, 0, 0, 1, 1], "split10_test": [0, 0, 0, 1, 0, 1, 0, 0, 1, 0, 0, 0, 1], "split10_notXOR": [1, 1, 1, 0, 1, 1, 1, 1, 0, 1, 1, 0, 1], "split10_prob": [8.146351364491612e-07, 0.0047878654564777095, 0.0019119392875685864, 0.0002482099106019456, 0.0437491031785097, 0.9774193137932645, 0.19123826069072816, 0.025353015188659705, 0.003623829724418577, 0.16471413782330882, 0.08019072994455262, 0.9998744036430183, 0.6776302719555649], "split11_index": [143, 144, 145, 146, 147, 148, 149, 150, 151, 152, 153, 154, 155], "split11_pred": [0, 0, 0, 0, 0, 1, 0, 0, 1, 0, 0, 1, 1], "split11_test": [0, 0, 0, 0, 0, 1, 0, 0, 1, 0, 0, 0, 0], "split11_notXOR": [1, 1, 1, 1, 1, 1, 1, 1, 1, 1, 1, 0, 0], "split11_prob": [7.077343554436213e-10, 0.003814361426570485, 0.008556839022293573, 0.24631189662835393, 0.14465960842941455, 0.9727301487458249, 0.24164782463379605, 0.023605487909586633, 0.7243583303704828, 0.19271756643296725, 0.09529316259630695, 0.6628201127400019, 0.9525693132907235], "split12_index": [156, 157, 158, 159, 160, 161, 162, 163, 164, 165, 166, 167, 168], "split12_pred": [0, 0, 0, 0, 0, 1, 0, 0, 1, 0, 0, 0, 1], "split12_test": [0, 0, 0, 0, 0, 1, 0, 0, 0, 0, 0, 0, 0], "split12_notXOR": [1, 1, 1, 1, 1, 1, 1, 1, 0, 1, 1, 1, 0], "split12_prob": [6.577331087490282e-08, 0.003688252395420058, 3.312979527647839e-05, 0.16851945277724445, 0.15963074202912114, 0.9716987231700225, 0.18881519268492478, 0.1545931494930727, 0.796196903475443, 0.16757203487843278, 0.10483610444849269, 0.4230901116922378, 0.862298897202263], "split13_index": [169, 170, 171, 172, 173, 174, 175, 176, 177, 178, 179, 180], "split13_pred": [0, 0, 0, 0, 0, 0, 0, 1, 0, 0, 0, 1], "split13_test": [0, 1, 0, 0, 0, 0, 0, 0, 0, 0, 0, 0], "split13_notXOR": [1, 0, 1, 1, 1, 1, 1, 0, 1, 1, 1, 0], "split13_prob": [4.7271583817028004e-07, 0.003644997692949781, 1.0263234326090119e-05, 0.1386595743963401, 0.28048023478850237, 0.016137611309245507, 0.11348568183445754, 0.7982026374445431, 0.19518405373071315, 0.3328043057590824, 0.1398119849744382, 0.7955823289375256]}