{"split0_index": [13, 14, 15, 16, 17, 18, 19, 20, 21, 22, 23, 24, 25], "split0_pred": [0, 0, 0, 1, 0, 0, 0, 0, 0, 0, 0, 1, 0], "split0_test": [0, 0, 0, 1, 0, 0, 0, 0, 0, 0, 0, 1, 0], "split0_notXOR": [1, 1, 1, 1, 1, 1, 1, 1, 1, 1, 1, 1, 1], "split0_prob": [0.24006096529630613, 0.21482915153766377, 0.34784048474679646, 0.8119445178434244, 0.3251833963972298, 0.2407839049711824, 0.2512521182977425, 0.22325939269135406, 0.19512947760840016, 0.24657240446090645, 0.4853071050774475, 0.7203026958099892, 0.16021296123248505], "split1_index": [26, 27, 28, 29, 30, 31, 32, 33, 34, 35, 36, 37, 38], "split1_pred": [0, 0, 0, 1, 0, 0, 0, 0, 0, 0, 0, 1, 0], "split1_test": [0, 0, 0, 1, 0, 0, 0, 0, 0, 0, 0, 1, 0], "split1_notXOR": [1, 1, 1, 1, 1, 1, 1, 1, 1, 1, 1, 1, 1], "split1_prob": [0.20680455432751635, 0.15692523610968268, 0.2835583065235731, 0.8568313813726142, 0.2530171842849518, 0.17223968588275856, 0.17629567971181767, 0.1521717712340063, 0.11735081986952399, 0.1746370859488835, 0.40436338334824146, 0.805522167270735, 0.09378644951761181], "split2_index": [39, 40, 41, 42, 43, 44, 45, 46, 47, 48, 49, 50, 51], "split2_pred": [0, 0, 0, 1, 0, 0, 0, 0, 0, 0, 0, 1, 0], "split2_test": [0, 0, 0, 1, 0, 0, 0, 0, 0, 0, 0, 1, 0], "split2_notXOR": [1, 1, 1, 1, 1, 1, 1, 1, 1, 1, 1, 1, 1], "split2_prob": [0.16107259312833078, 0.14306672028235995, 0.24310798785487148, 0.9050896425083785, 0.21069139187891225, 0.13016426663412678, 0.13051213795115166, 0.10918135291017912, 0.0847867045873167, 0.1328624232761755, 0.2531456704592739, 0.8416931573838181, 0.0630935308941586], "split3_index": [52, 53, 54, 55, 56, 57, 58, 59, 60, 61, 62, 63, 64], "split3_pred": [0, 0, 0, 1, 0, 0, 0, 0, 0, 0, 0, 1, 0], "split3_test": [0, 0, 0, 1, 0, 0, 0, 0, 0, 0, 0, 1, 0], "split3_notXOR": [1, 1, 1, 1, 1, 1, 1, 1, 1, 1, 1, 1, 1], "split3_prob": [0.14687476039847838, 0.1025377054043327, 0.22933939189010716, 0.9322151399464664, 0.1663468791755116, 0.10170773992454402, 0.10731288075615569, 0.07910769412158472, 0.07180573140295274, 0.11554381657020395, 0.17107201131752517, 0.8623861372390204, 0.046912251610922516], "split4_index": [65, 66, 67, 68, 69, 70, 71, 72, 73, 74, 75, 76], "split4_pred": [0, 0, 1, 0, 0, 0, 0, 0, 0, 1, 1, 0], "split4_test": [0, 0, 1, 0, 0, 0, 0, 0, 0, 0, 1, 0], "split4_notXOR": [1, 1, 1, 1, 1, 1, 1, 1, 1, 0, 1, 1], "split4_prob": [0.12756347549713082, 0.08999495274983843, 0.9429961787981923, 0.14748514506774915, 0.08752117150467674, 0.09083070055522467, 0.05711782720855467, 0.05859250844872364, 0.09747579392921371, 0.5240298941153814, 0.881659153751452, 0.03615299316679415], "split5_index": [77, 78, 79, 80, 81, 82, 83, 84, 85, 86, 87, 88], "split5_pred": [0, 0, 1, 0, 0, 0, 0, 0, 0, 0, 1, 0], "split5_test": [0, 0, 1, 0, 0, 0, 0, 0, 0, 0, 1, 0], "split5_notXOR": [1, 1, 1, 1, 1, 1, 1, 1, 1, 1, 1, 1], "split5_prob": [0.11616838081518627, 0.07695760529815197, 0.9522230432794733, 0.13417691492503314, 0.07690438335362539, 0.08100974871060919, 0.04884304069420662, 0.05077957285846912, 0.08455957975556337, 0.41976013318012345, 0.8828257120236327, 0.028469675907236144], "split6_index": [89, 90, 91, 92, 93, 94, 95, 96, 97, 98, 99, 100], "split6_pred": [0, 0, 1, 0, 0, 0, 0, 0, 0, 0, 1, 0], "split6_test": [0, 0, 1, 0, 0, 0, 0, 0, 0, 0, 1, 0], "split6_notXOR": [1, 1, 1, 1, 1, 1, 1, 1, 1, 1, 1, 1], "split6_prob": [0.10738067425557477, 2.427933766786484e-05, 0.9573531047635361, 0.1246871990607205, 0.06903629368467637, 0.073262909286195, 0.04243610607725313, 0.07160359286393855, 0.0748613765848805, 0.351527667537902, 0.8905729826571244, 0.022970370249005372], "split7_index": [101, 102, 103, 104, 105, 106, 107, 108, 109, 110, 111, 112], "split7_pred": [0, 0, 1, 0, 0, 0, 0, 0, 0, 0, 1, 0], "split7_test": [0, 0, 1, 0, 0, 0, 0, 0, 0, 0, 1, 0], "split7_notXOR": [1, 1, 1, 1, 1, 1, 1, 1, 1, 1, 1, 1], "split7_prob": [0.06907404921018946, 0.04836592079038974, 0.9603799912519009, 0.12529312450041466, 0.11810380934423703, 0.07543587393905177, 0.04105171884629699, 0.06688748362765053, 0.0668288878392235, 0.2844389401096209, 0.8851830261434381, 0.017656212637734675], "split8_index": [113, 114, 115, 116, 117, 118, 119, 120, 121, 122, 123, 124], "split8_pred": [0, 0, 1, 0, 0, 0, 0, 0, 0, 0, 1, 0], "split8_test": [0, 0, 1, 0, 0, 0, 0, 0, 0, 0, 1, 0], "split8_notXOR": [1, 1, 1, 1, 1, 1, 1, 1, 1, 1, 1, 1], "split8_prob": [0.06350708544071558, 0.0452398710722088, 0.9642304578966252, 0.11734644862855205, 0.10932222635254435, 0.0692467789854961, 0.036403919636469134, 0.060601023239113504, 0.060235923160234885, 0.2505468418173792, 0.8914816630289636, 0.014846312259856205], "split9_index": [125, 126, 127, 128, 129, 130, 131, 132, 133, 134, 135, 136], "split9_pred": [0, 1, 1, 0, 0, 0, 0, 0, 0, 0, 1, 0], "split9_test": [0, 0, 1, 0, 0, 0, 0, 0, 0, 0, 1, 0], "split9_notXOR": [1, 0, 1, 1, 1, 1, 1, 1, 1, 1, 1, 1], "split9_prob": [0.059171058394708514, 0.9747452364826241, 0.9665867980095721, 0.11168884723797118, 0.016433813857974395, 0.06426869548765878, 0.03254085761901371, 0.05547622536082358, 0.05488702087631174, 0.22640991275028485, 0.9010720887548815, 0.012515796865133277], "split10_index": [137, 138, 139, 140, 141, 142, 143, 144, 145, 146, 147, 148], "split10_pred": [0, 0, 1, 0, 0, 0, 0, 0, 0, 0, 1, 0], "split10_test": [0, 0, 1, 0, 0, 0, 1, 0, 0, 0, 1, 0], "split10_notXOR": [1, 1, 1, 1, 1, 1, 0, 1, 1, 1, 1, 1], "split10_prob": [0.14227230172566416, 0.20548278517695417, 0.957736855325561, 0.1922538452259905, 0.06123209021803298, 0.165348711211183, 0.05253515461050403, 0.11306342613149208, 0.1333968747634391, 0.13407600355288457, 0.8427958510959423, 0.017792449587944053], "split11_index": [149, 150, 151, 152, 153, 154, 155, 156, 157, 158, 159, 160], "split11_pred": [0, 0, 1, 0, 0, 0, 0, 0, 0, 0, 1, 0], "split11_test": [0, 0, 1, 0, 0, 0, 1, 0, 0, 0, 1, 0], "split11_notXOR": [1, 1, 1, 1, 1, 1, 0, 1, 1, 1, 1, 1], "split11_prob": [0.13804448011372758, 0.14454210983464713, 0.958123056190265, 0.2800883678053264, 0.05344731284251952, 0.19091956739053625, 0.28468332284976655, 0.15089606566020172, 0.13003799740831332, 0.16852273481610558, 0.8334964391816663, 0.016956619711014774], "split12_index": [161, 162, 163, 164, 165, 166, 167, 168, 169, 170, 171, 172], "split12_pred": [0, 0, 1, 0, 0, 0, 0, 0, 0, 0, 1, 0], "split12_test": [0, 0, 0, 0, 0, 0, 1, 0, 0, 0, 0, 0], "split12_notXOR": [1, 1, 0, 1, 1, 1, 0, 1, 1, 1, 0, 1], "split12_prob": [0.13283986307546014, 0.12689307454049487, 0.9583697967693245, 0.28104802542981056, 0.017839410051703117, 0.1997558868694482, 0.47553143178675455, 0.16178511672082282, 0.12701326162852652, 0.1590589625613877, 0.8370572318191111, 0.0429265540001023]}