{"split0_index": [8, 9, 10, 11, 12, 13, 14, 15], "split0_pred": [0, 0, 0, 0, 0, 1, 0, 0], "split0_test": [0, 0, 0, 1, 0, 1, 0, 0], "split0_notXOR": [1, 1, 1, 0, 1, 1, 1, 1], "split0_prob": [0.7787357498114846, 0.6237054082807745, 0.797457385699873, 0.6256349743776773, 0.7666931672742836, 0.24294394327683602, 0.6555153427729259, 0.6604827964558974], "split1_index": [16, 17, 18, 19, 20, 21, 22, 23], "split1_pred": [0, 0, 0, 0, 0, 0, 0, 0], "split1_test": [0, 0, 0, 1, 0, 1, 0, 0], "split1_notXOR": [1, 1, 1, 0, 1, 0, 1, 1], "split1_prob": [0.5, 0.5, 0.5, 0.5, 0.5, 0.5, 0.5, 0.5], "split2_index": [24, 25, 26, 27, 28, 29, 30, 31], "split2_pred": [0, 0, 0, 0, 0, 0, 0, 1], "split2_test": [0, 0, 0, 1, 0, 1, 0, 0], "split2_notXOR": [1, 1, 1, 0, 1, 0, 1, 0], "split2_prob": [0.1720204247465457, 0.1720204247465457, 0.1720204247465457, 0.1720204247465457, 0.1720204247465457, 0.1720204247465457, 0.1720204247465457, 0.7646815122741538], "split3_index": [32, 33, 34, 35, 36, 37, 38, 39, 40, 41], "split3_pred": [0, 1, 0, 0, 0, 1, 1, 1, 0, 1], "split3_test": [0, 0, 0, 1, 0, 0, 0, 1, 0, 0], "split3_notXOR": [1, 0, 1, 0, 1, 0, 0, 1, 1, 0], "split3_prob": [0.5, 0.5, 0.5, 0.5, 0.5, 0.5, 0.5, 0.5, 0.5, 0.48037845407727875], "split4_index": [42, 43, 44, 45, 46, 47, 48, 49, 50, 51], "split4_pred": [0, 0, 0, 0, 0, 0, 0, 0, 1, 1], "split4_test": [0, 0, 0, 1, 0, 0, 0, 1, 0, 0], "split4_notXOR": [1, 1, 1, 0, 1, 1, 1, 0, 0, 0], "split4_prob": [0.36151656113380787, 0.23601038122353735, 0.23601038122353735, 0.23601038122353735, 0.23601038122353735, 0.37095835034083213, 0.23601038122353735, 0.37095835034083213, 0.6827350804397218, 0.5208414767902197], "split5_index": [52, 53, 54, 55, 56, 57, 58, 59, 60, 61], "split5_pred": [1, 0, 0, 1, 0, 1, 0, 0, 0, 1], "split5_test": [0, 0, 0, 1, 0, 0, 0, 1, 0, 0], "split5_notXOR": [0, 1, 1, 1, 1, 0, 1, 0, 1, 0], "split5_prob": [0.5290390281077502, 0.4754175367128845, 0.43863827082146367, 0.5622436124661342, 0.43863827082146367, 0.5290390281077502, 0.43863827082146367, 0.43863827082146367, 0.4754198367675952, 0.5058040744686825], "split6_index": [62, 63, 64, 65, 66, 67, 68, 69, 70, 71], "split6_pred": [1, 0, 1, 0, 0, 0, 1, 0, 1, 0], "split6_test": [0, 0, 1, 0, 0, 0, 1, 0, 0, 1], "split6_notXOR": [0, 1, 1, 1, 1, 1, 1, 1, 0, 0], "split6_prob": [0.5985200422323602, 0.36765905690661327, 0.5949888345173541, 0.36765905690661327, 0.36765905690661327, 0.36765905690661327, 0.5829336578532852, 0.36765905690661327, 0.5985200422323602, 0.4252831934390799], "split7_index": [72, 73, 74, 75, 76, 77, 78, 79, 80, 81], "split7_pred": [1, 1, 1, 1, 1, 1, 1, 1, 1, 0], "split7_test": [0, 0, 1, 0, 0, 0, 1, 0, 0, 1], "split7_notXOR": [0, 0, 1, 0, 0, 0, 1, 0, 0, 0], "split7_prob": [0.6167987713389413, 0.6167987713389413, 0.6167987713389413, 0.6167987713389413, 0.6167987713389413, 0.6167987713389413, 0.6167987713389413, 0.6167987713389413, 0.6167987713389413, 0.4312721337792177], "split8_index": [82, 83, 84, 85, 86, 87, 88, 89, 90, 91], "split8_pred": [1, 1, 1, 1, 1, 1, 1, 1, 1, 1], "split8_test": [0, 0, 1, 0, 0, 0, 1, 0, 0, 1], "split8_notXOR": [0, 0, 1, 0, 0, 0, 1, 0, 0, 1], "split8_prob": [0.527570063063665, 0.527570063063665, 0.527570063063665, 0.527570063063665, 0.527570063063665, 0.527570063063665, 0.527570063063665, 0.527570063063665, 0.527570063063665, 0.5850247493860241], "split9_index": [92, 93, 94, 95, 96, 97, 98, 99, 100, 101], "split9_pred": [1, 1, 1, 1, 1, 1, 1, 1, 1, 1], "split9_test": [1, 0, 1, 0, 0, 0, 1, 0, 0, 1], "split9_notXOR": [1, 0, 1, 0, 0, 0, 1, 0, 0, 1], "split9_prob": [0.7082266065357454, 0.48266646948818004, 0.48266646948818004, 0.48266646948818004, 0.48266646948818004, 0.48266646948818004, 0.48266646948818004, 0.48266646948818004, 0.48266646948818004, 0.6630910641372525], "split10_index": [102, 103, 104, 105, 106, 107, 108, 109, 110, 111], "split10_pred": [0, 0, 0, 0, 0, 0, 0, 0, 0, 0], "split10_test": [1, 0, 0, 0, 0, 0, 1, 0, 0, 0], "split10_notXOR": [0, 1, 1, 1, 1, 1, 0, 1, 1, 1], "split10_prob": [0.3927275479966861, 0.39475124997786054, 0.41193670997430537, 0.379615905688654, 0.3891355828827162, 0.41657862738027784, 0.3781015732356335, 0.47603916120913276, 0.5, 0.5], "split11_index": [112, 113, 114, 115, 116, 117, 118, 119, 120, 121, 122], "split11_pred": [0, 0, 0, 0, 0, 1, 0, 0, 0, 1, 0], "split11_test": [1, 0, 0, 0, 0, 1, 0, 0, 0, 0, 0], "split11_notXOR": [0, 1, 1, 1, 1, 1, 1, 1, 1, 0, 1], "split11_prob": [0.3530338884145046, 0.3139838994266964, 0.4011520620749375, 0.31977643655860255, 0.3851624102393913, 0.5901394978542072, 0.38065101262657985, 0.5111120830521251, 0.33306939076119324, 0.6272620309172653, 0.32170524308260995], "split12_index": [123, 124, 125, 126, 127, 128, 129, 130, 131, 132, 133], "split12_pred": [1, 0, 0, 0, 0, 0, 0, 0, 0, 1, 0], "split12_test": [1, 0, 0, 0, 0, 1, 0, 0, 0, 0, 0], "split12_notXOR": [1, 1, 1, 1, 1, 0, 1, 1, 1, 0, 1], "split12_prob": [0.5073215559182496, 0.48833297925964564, 0.48833297925964564, 0.48833297925964564, 0.48833297925964564, 0.48833297925964564, 0.48833297925964564, 0.48833297925964564, 0.48833297925964564, 0.5073215559182496, 0.48833297925964564], "split13_index": [134, 135, 136, 137, 138, 139, 140, 141, 142, 143, 144], "split13_pred": [1, 1, 1, 1, 1, 1, 1, 1, 1, 1, 1], "split13_test": [1, 0, 0, 0, 0, 1, 0, 0, 0, 0, 0], "split13_notXOR": [1, 0, 0, 0, 0, 1, 0, 0, 0, 0, 0], "split13_prob": [0.5813760709497418, 0.5479160018775495, 0.5479160018775495, 0.5479160018775495, 0.5479160018775495, 0.5479160018775495, 0.5479160018775495, 0.5479160018775495, 0.5479160018775495, 0.5479160018775495, 0.5479160018775495], "split14_index": [145, 146, 147, 148, 149, 150, 151, 152, 153, 154, 155], "split14_pred": [1, 1, 0, 0, 0, 0, 0, 1, 0, 0, 0], "split14_test": [1, 0, 0, 0, 0, 1, 0, 0, 0, 0, 0], "split14_notXOR": [1, 0, 1, 1, 1, 0, 1, 0, 1, 1, 1], "split14_prob": [0.5565198405545033, 0.7218219514224342, 0.40248633343722184, 0.40248633343722184, 0.40248633343722184, 0.40248633343722184, 0.40248633343722184, 0.7218219514224342, 0.40248633343722184, 0.40248633343722184, 0.40248633343722184], "split15_index": [156, 157, 158, 159, 160, 161, 162, 163, 164, 165, 166], "split15_pred": [0, 0, 0, 0, 0, 0, 0, 1, 0, 0, 0], "split15_test": [1, 0, 0, 0, 0, 1, 0, 0, 0, 0, 0], "split15_notXOR": [0, 1, 1, 1, 1, 0, 1, 0, 1, 1, 1], "split15_prob": [0.43698925771257824, 0.43698925771257824, 0.43698925771257824, 0.43698925771257824, 0.43698925771257824, 0.43698925771257824, 0.43698925771257824, 0.7390421068801366, 0.43698925771257824, 0.43698925771257824, 0.43698925771257824], "split16_index": [167, 168, 169, 170, 171, 172, 173, 174, 175, 176, 177], "split16_pred": [0, 0, 0, 0, 0, 1, 1, 1, 1, 1, 1], "split16_test": [1, 0, 0, 0, 0, 1, 1, 1, 0, 0, 1], "split16_notXOR": [0, 1, 1, 1, 1, 1, 1, 1, 0, 0, 1], "split16_prob": [0.46296563175853994, 0.4036979219218462, 0.4036979219218462, 0.4036979219218462, 0.4036979219218462, 0.6901571477858094, 0.68618051231549, 0.6806697514072534, 0.6901571477858094, 0.6379372150733499, 0.68618051231549], "split17_index": [178, 179, 180, 181, 182, 183, 184, 185, 186, 187, 188, 189, 190, 191, 192], "split17_pred": [0, 0, 1, 0, 0, 0, 1, 0, 0, 0, 1, 1, 0, 0, 1], "split17_test": [1, 0, 1, 1, 1, 0, 1, 1, 1, 1, 0, 1, 1, 1, 1], "split17_notXOR": [0, 1, 1, 0, 0, 1, 1, 0, 0, 0, 0, 1, 0, 0, 1], "split17_prob": [0.4289906649308856, 0.38412079339866323, 0.704153974338576, 0.47313885325206406, 0.3912544128347377, 0.48578789364933406, 0.7077748076670562, 0.5298196147583435, 0.5, 0.4715404175231903, 0.6827187312945309, 0.6704414268701196, 0.375138915066388, 0.3756335739847246, 0.6262161878788604], "split18_index": [193, 194, 195, 196, 197, 198, 199, 200, 201, 202, 203, 204, 205, 206, 207], "split18_pred": [0, 1, 0, 0, 0, 0, 0, 1, 1, 1, 0, 0, 0, 0, 0], "split18_test": [1, 0, 1, 1, 1, 0, 1, 1, 1, 1, 0, 1, 1, 1, 1], "split18_notXOR": [0, 0, 0, 0, 0, 1, 0, 1, 1, 1, 1, 0, 0, 0, 0],