{"split0_index": [11, 12, 13, 14, 15, 16, 17, 18, 19, 20, 21], "split0_pred": [1, 0, 1, 1, 1, 1, 1, 1, 0, 1, 1], "split0_test": [1, 0, 1, 1, 1, 1, 1, 1, 0, 1, 1], "split0_notXOR": [1, 1, 1, 1, 1, 1, 1, 1, 1, 1, 1], "split0_prob": [0.9840204197957493, 0.35485174331372143, 0.9300418085475258, 0.895333189237143, 0.7850114946077731, 0.918983438145593, 0.5014045934626876, 0.9543282337859138, 0.2679788564964156, 0.6892326287067373, 0.8988664502885755], "split1_index": [22, 23, 24, 25, 26, 27, 28, 29, 30, 31, 32], "split1_pred": [1, 0, 1, 1, 1, 1, 1, 1, 0, 1, 1], "split1_test": [0, 0, 0, 0, 0, 0, 0, 0, 0, 1, 0], "split1_notXOR": [0, 1, 0, 0, 0, 0, 0, 0, 1, 1, 0], "split1_prob": [0.9906765465458613, 0.35504591115180517, 0.9707888362065502, 0.9471249500891572, 0.8896720597280338, 0.9410955875478217, 0.5916460225685423, 0.9678091787670154, 0.2506152311436507, 0.8219823019168612, 0.9099826914821518]}