{"split0_index": [7, 8, 9, 10, 11, 12, 13, 14], "split0_pred": [0, 0, 0, 0, 0, 0, 0, 0], "split0_test": [1, 0, 1, 0, 0, 0, 0, 0], "split0_notXOR": [0, 1, 0, 1, 1, 1, 1, 1], "split0_prob": [0.7296137830576057, 0.06951757514193366, 0.8607374307888385, 0.061403075578570304, 0.06186521533301071, 0.16411014227952272, 0.06020052793780038, 0.07096170815205824], "split1_index": [15, 16, 17, 18, 19, 20, 21, 22, 23], "split1_pred": [0, 0, 0, 0, 0, 0, 0, 0, 0], "split1_test": [1, 0, 1, 0, 0, 0, 0, 0, 0], "split1_notXOR": [0, 1, 0, 1, 1, 1, 1, 1, 1], "split1_prob": [0.4763205936886888, 0.20174230649937663, 0.2585709762706318, 0.20325677950947804, 0.213074697332377, 0.2821041400876727, 0.20325677950947804, 0.2040726942963651, 0.20731467997755568], "split2_index": [24, 25, 26, 27, 28, 29, 30, 31, 32], "split2_pred": [0, 0, 0, 0, 0, 0, 0, 0, 0], "split2_test": [1, 0, 1, 0, 0, 0, 0, 0, 0], "split2_notXOR": [0, 1, 0, 1, 1, 1, 1, 1, 1], "split2_prob": [0.2636703147281281, 0.2100482086134133, 0.24425840983599373, 0.20105027105551249, 0.21065450102179412, 0.2394980143299954, 0.20105027105551249, 0.21065450102179412, 0.2100482086134133], "split3_index": [33, 34, 35, 36, 37, 38, 39, 40, 41], "split3_pred": [0, 0, 0, 0, 0, 0, 0, 0, 0], "split3_test": [1, 0, 1, 0, 0, 0, 0, 0, 0], "split3_notXOR": [0, 1, 0, 1, 1, 1, 1, 1, 1], "split3_prob": [0.3504769812835207, 0.15371419686185747, 0.34363320648071033, 0.13218923054871975, 0.15221561524170732, 0.2039662923967501, 0.13218923054871975, 0.15221561524170732, 0.15371419686185747], "split4_index": [42, 43, 44, 45, 46, 47, 48, 49, 50], "split4_pred": [0, 0, 0, 0, 0, 0, 0, 0, 0], "split4_test": [1, 0, 1, 0, 0, 0, 0, 0, 0], "split4_notXOR": [0, 1, 0, 1, 1, 1, 1, 1, 1], "split4_prob": [0.22081278407646493, 0.052412315519465784, 0.2463759453373406, 0.0741345677367684, 0.10403014519452713, 0.20527357581212777, 0.0741345677367684, 0.10403014519452713, 0.052412315519465784], "split5_index": [51, 52, 53, 54, 55, 56, 57, 58, 59], "split5_pred": [0, 0, 0, 0, 0, 0, 0, 0, 0], "split5_test": [1, 0, 1, 0, 0, 0, 0, 0, 0], "split5_notXOR": [0, 1, 0, 1, 1, 1, 1, 1, 1], "split5_prob": [0.4468971735725491, 0.20123101956673084, 0.4726162785287601, 0.25112220016318265, 0.3054864408174643, 0.426779596557972, 0.25112220016318265, 0.3054864408174643, 0.20123101956673084], "split6_index": [60, 61, 62, 63, 64, 65, 66, 67, 68], "split6_pred": [0, 0, 1, 0, 0, 0, 0, 0, 0], "split6_test": [1, 0, 1, 0, 0, 0, 0, 0, 0], "split6_notXOR": [0, 1, 1, 1, 1, 1, 1, 1, 1], "split6_prob": [0.3108989905846146, 0.0986723636301781, 0.8400961081965345, 0.2916170887638865, 0.0945810453414513, 0.22046494876971393, 0.06792427191453436, 0.11463451521100634, 0.0986723636301781], "split7_index": [69, 70, 71, 72, 73, 74, 75, 76, 77], "split7_pred": [0, 0, 1, 0, 0, 0, 0, 0, 0], "split7_test": [1, 0, 1, 0, 0, 0, 0, 0, 0], "split7_notXOR": [0, 1, 1, 1, 1, 1, 1, 1, 1], "split7_prob": [0.33424210570566354, 0.11883087758565697, 0.8826723403051485, 0.1804045538405411, 0.0951381537607441, 0.2152306109478636, 0.06618161242089164, 0.13667252795285897, 0.11883087758565697], "split8_index": [78, 79, 80, 81, 82, 83, 84, 85, 86], "split8_pred": [1, 0, 1, 0, 0, 0, 0, 0, 0], "split8_test": [1, 0, 1, 0, 0, 0, 0, 0, 0], "split8_notXOR": [1, 1, 1, 1, 1, 1, 1, 1, 1], "split8_prob": [0.8509391480574424, 0.10431030856895541, 0.9199769290122527, 0.05526902970368416, 0.08713340260358668, 0.2238603552556024, 0.059131317339666, 0.13679645697611975, 0.10431030856895541], "split9_index": [87, 88, 89, 90, 91, 92, 93, 94, 95], "split9_pred": [1, 0, 0, 0, 0, 0, 0, 0, 0], "split9_test": [1, 0, 1, 0, 0, 0, 0, 0, 0], "split9_notXOR": [1, 1, 0, 1, 1, 1, 1, 1, 1], "split9_prob": [0.9573559959280843, 0.07575932563007315, 0.47581913520793195, 0.02921365956915158, 0.05841759849264717, 0.1436949891694616, 0.03130275402079167, 0.11620322936558128, 0.07575932563007315], "split10_index": [96, 97, 98, 99, 100, 101, 102, 103, 104], "split10_pred": [1, 0, 1, 0, 0, 0, 1, 0, 0], "split10_test": [1, 0, 1, 0, 0, 0, 0, 0, 0], "split10_notXOR": [1, 1, 1, 1, 1, 1, 0, 1, 1], "split10_prob": [0.9400581699765012, 0.0803711717555571, 0.9235338149973131, 0.014862003307314426, 0.029429676333579163, 0.5764087303340806, 0.8194668853084557, 0.4923082157690592, 0.13178396841416037], "split11_index": [105, 106, 107, 108, 109, 110, 111, 112, 113], "split11_pred": [0, 0, 0, 0, 0, 0, 1, 0, 0], "split11_test": [1, 0, 1, 0, 0, 0, 0, 0, 0], "split11_notXOR": [0, 1, 0, 1, 1, 1, 0, 1, 1], "split11_prob": [0.5561712255526122, 0.06644933484841695, 0.4899452062676963, 0.03701254353149932, 0.059892858534635315, 0.13968749244767836, 0.7154768383627419, 0.1024281418883962, 0.08232114459441038], "split12_index": [114, 115, 116, 117, 118, 119, 120, 121, 122], "split12_pred": [1, 0, 1, 0, 0, 0, 1, 1, 0], "split12_test": [1, 0, 1, 0, 0, 0, 0, 0, 0], "split12_notXOR": [1, 1, 1, 1, 1, 1, 0, 0, 1], "split12_prob": [0.9340905573038856, 0.08156749701462472, 0.8990370351754132, 0.2541325872215898, 0.05887104417798012, 0.12307044628046976, 0.6354515179483053, 0.6554471198747153, 0.08156749701462472], "split13_index": [123, 124, 125, 126, 127, 128, 129, 130, 131], "split13_pred": [1, 0, 0, 0, 0, 0, 0, 1, 0], "split13_test": [1, 0, 1, 0, 0, 0, 0, 0, 0], "split13_notXOR": [1, 1, 0, 1, 1, 1, 1, 0, 1], "split13_prob": [0.8304079445446454, 0.09768272417651583, 0.19217270713623424, 0.08156140777394508, 0.09569020262807659, 0.13083034735524726, 0.24491057778695505, 0.8519738591052564, 0.23151504484678426], "split14_index": [132, 133, 134, 135, 136, 137, 138, 139, 140, 141], "split14_pred": [1, 0, 1, 0, 0, 0, 0, 0, 1, 0], "split14_test": [1, 0, 0, 1, 0, 0, 0, 0, 0, 0], "split14_notXOR": [1, 1, 0, 0, 1, 1, 1, 1, 0, 1], "split14_prob": [0.8667190602037945, 0.1236860012263656, 0.4688857395547736, 0.18348635803506225, 0.10815688574811146, 0.12006330920968745, 0.14135837342542576, 0.20694822361179677, 0.6873211716451331, 0.1236860012263656], "split15_index": [142, 143, 144, 145, 146, 147, 148, 149, 150, 151], "split15_pred": [1, 0, 0, 0, 0, 0, 0, 0, 0, 0], "split15_test": [1, 0, 0, 1, 0, 0, 0, 0, 0, 0], "split15_notXOR": [1, 1, 1, 0, 1, 1, 1, 1, 1, 1], "split15_prob": [0.5, 0.08292968036426764, 0.10307332283999811, 0.35228427478524543, 0.24858257935162592, 0.08682266151264015, 0.3964609410077512, 0.11627869600421403, 0.407449922861481, 0.0839087853411109], "split16_index": [152, 153, 154, 155, 156, 157, 158, 159, 160, 161], "split16_pred": [0, 0, 0, 0, 0, 0, 0, 0, 0, 0], "split16_test": [1, 0, 0, 1, 0, 0, 0, 0, 0, 0], "split16_notXOR": [0, 1, 1, 0, 1, 1, 1, 1, 1, 1], "split16_prob": [0.17822073111206768, 0.08910654747146023, 0.10912439080373905, 0.18421320708066963, 0.15577114366361927, 0.1537188469984513, 0.18212213821984105, 0.18267823715017895, 0.08019429760222199, 0.08910654747146023], "split17_index": [162, 163, 164, 165, 166, 167, 168, 169, 170, 171], "split17_pred": [0, 0, 0, 0, 0, 0, 0, 0, 0, 0], "split17_test": [1, 0, 0, 1, 0, 0, 0, 0, 0, 0], "split17_notXOR": [0, 1, 1, 0, 1, 1, 1, 1, 1, 1], "split17_prob": [0.19359812171324503, 0.10537228709195785, 0.13384713873402893, 0.19810213258854573, 0.17258418169025905, 0.17058220327249593, 0.19589886695835068, 0.19486449105226125, 0.1030036852238874, 0.10537228709195785], "split18_index": [172, 173, 174, 175, 176, 177, 178, 179, 180, 181, 182, 183], "split18_pred": [0, 0, 0, 0, 0, 0, 0, 0, 0, 0, 1, 0], "split18_test": [1, 0, 0, 1, 0, 0, 0, 0, 0, 0, 0, 0], "split18_notXOR": [0, 1, 1, 0, 1, 1, 1, 1, 1, 1, 0, 1], "split18_prob": [0.1459406676916576, 0.061976846601197795, 0.07366222188676123, 0.15288503440399545, 0.5510507925981349, 0.11302602120370882, 0.26658401296800394, 0.10988689386639432, 0.1501502817901491, 0.14981359869888636, 0.8307071195935655, 0.1311807779241383], "split19_index": [184, 185, 186, 187, 188, 189, 190, 191, 192, 193], "split19_pred": [0, 0, 0, 0, 0, 0, 0, 0, 0, 0], "split19_test": [1, 0, 1, 0, 0, 0, 0, 0, 0, 0], "split19_notXOR": [0, 1, 0, 1, 1, 1, 1, 1, 1, 1],