{"optimal_n": 1, "ranked": [[1, "delta_text_entropy"], [2, "delta_lines_blank"], [3, "delta_avg_task_size"], [4, "delta_num_tokens"], [5, "delta_lines_code"], [6, "delta_num_vars"], [7, "delta_num_prompts"], [8, "delta_num_unique_names"], [9, "delta_num_tasks"], [10, "delta_num_suspicious_comments"], [11, "delta_num_roles"], [12, "delta_num_commands"], [13, "delta_num_blocks"], [14, "delta_num_block_error_handling"], [15, "delta_num_authorized_key"], [16, "delta_lines_comment"], [17, "delta_num_regex"], [18, "delta_num_conditions"], [19, "delta_num_plays"], [20, "delta_num_decisions"], [21, "delta_num_paths"], [22, "delta_num_deprecated_keywords"], [23, "delta_num_parameters"], [24, "delta_num_deprecated_modules"], [25, "delta_num_names_with_vars"], [26, "delta_num_distinct_modules"], [27, "delta_num_math_operations"], [28, "delta_num_external_modules"], [29, "delta_num_loops"], [30, "delta_num_fact_modules"], [31, "delta_num_lookups"], [32, "delta_num_file_exists"], [33, "delta_num_keys"], [34, "delta_num_file_mode"], [35, "delta_num_include_vars"], [36, "delta_num_file_modules"], [37, "delta_num_include_tasks"], [38, "delta_num_filters"], [39, "delta_num_include_role"], [40, "delta_num_ignore_errors"], [41, "delta_num_include"], [42, "delta_num_import_playbook"], [43, "delta_num_import_tasks"], [44, "delta_num_import_role"], [45, "delta_avg_play_size"]], "selected": ["delta_text_entropy"], "scores": {"mean_test_score": [0.14285714285714285, 0.14285714285714285, 0.14285714285714285, 0.14285714285714285, 0.14285714285714285, 0.14285714285714285, 0.14285714285714285, 0.14285714285714285, 0.14285714285714285, 0.14285714285714285, 0.14285714285714285, 0.14285714285714285, 0.14285714285714285, 0.14285714285714285, 0.14285714285714285, 0.14285714285714285, 0.14285714285714285, 0.14285714285714285, 0.14285714285714285, 0.14285714285714285, 0.14285714285714285, 0.14285714285714285, 0.14285714285714285, 0.14285714285714285, 0.14285714285714285, 0.14285714285714285, 0.14285714285714285, 0.14285714285714285, 0.14285714285714285, 0.14285714285714285, 0.14285714285714285, 0.14285714285714285, 0.14285714285714285, 0.14285714285714285, 0.14285714285714285, 0.14285714285714285, 0.14285714285714285, 0.14285714285714285, 0.14285714285714285, 0.14285714285714285, 0.14285714285714285, 0.14285714285714285, 0.14285714285714285, 0.14285714285714285, 0.14285714285714285], "std_test_score": [0.0, 0.0, 0.0, 0.0, 0.0, 0.0, 0.0, 0.0, 0.0, 0.0, 0.0, 0.0, 0.0, 0.0, 0.0, 0.0, 0.0, 0.0, 0.0, 0.0, 0.0, 0.0, 0.0, 0.0, 0.0, 0.0, 0.0, 0.0, 0.0, 0.0, 0.0, 0.0, 0.0, 0.0, 0.0, 0.0, 0.0, 0.0, 0.0, 0.0, 0.0, 0.0, 0.0, 0.0, 0.0], "split0_test_score": [0.14285714285714285, 0.14285714285714285, 0.14285714285714285, 0.14285714285714285, 0.14285714285714285, 0.14285714285714285, 0.14285714285714285, 0.14285714285714285, 0.14285714285714285, 0.14285714285714285, 0.14285714285714285, 0.14285714285714285, 0.14285714285714285, 0.14285714285714285, 0.14285714285714285, 0.14285714285714285, 0.14285714285714285, 0.14285714285714285, 0.14285714285714285, 0.14285714285714285, 0.14285714285714285, 0.14285714285714285, 0.14285714285714285, 0.14285714285714285, 0.14285714285714285, 0.14285714285714285, 0.14285714285714285, 0.14285714285714285, 0.14285714285714285, 0.14285714285714285, 0.14285714285714285, 0.14285714285714285, 0.14285714285714285, 0.14285714285714285, 0.14285714285714285, 0.14285714285714285, 0.14285714285714285, 0.14285714285714285, 0.14285714285714285, 0.14285714285714285, 0.14285714285714285, 0.14285714285714285, 0.14285714285714285, 0.14285714285714285, 0.14285714285714285]}}