{"optimal_n": 12, "ranked": [[1, "delta_avg_task_size"], [1, "delta_lines_blank"], [1, "delta_lines_code"], [1, "delta_lines_comment"], [1, "delta_num_distinct_modules"], [1, "delta_num_filters"], [1, "delta_num_keys"], [1, "delta_num_parameters"], [1, "delta_num_tasks"], [1, "delta_num_tokens"], [1, "delta_num_unique_names"], [1, "delta_text_entropy"], [2, "delta_num_conditions"], [3, "delta_num_file_modules"], [4, "delta_num_paths"], [5, "delta_num_commands"], [6, "delta_num_loops"], [7, "delta_num_decisions"], [8, "delta_num_vars"], [9, "delta_num_include"], [10, "delta_num_file_mode"], [11, "delta_num_include_tasks"], [12, "delta_num_blocks"], [13, "delta_num_block_error_handling"], [14, "delta_num_authorized_key"], [15, "delta_num_include_vars"], [16, "delta_num_lookups"], [17, "delta_num_deprecated_keywords"], [18, "delta_num_include_role"], [19, "delta_num_prompts"], [20, "delta_num_math_operations"], [21, "delta_num_deprecated_modules"], [22, "delta_num_names_with_vars"], [23, "delta_num_external_modules"], [24, "delta_num_plays"], [25, "delta_num_fact_modules"], [26, "delta_num_regex"], [27, "delta_num_file_exists"], [28, "delta_num_roles"], [29, "delta_num_ignore_errors"], [30, "delta_num_suspicious_comments"], [31, "delta_num_import_playbook"], [32, "delta_num_import_tasks"], [33, "delta_num_import_role"], [34, "delta_avg_play_size"]], "selected": ["delta_avg_task_size", "delta_lines_blank", "delta_lines_code", "delta_lines_comment", "delta_num_distinct_modules", "delta_num_filters", "delta_num_keys", "delta_num_parameters", "delta_num_tasks", "delta_num_tokens", "delta_num_unique_names", "delta_text_entropy"], "scores": {"mean_test_score": [0.5694444444444444, 0.5509259259259258, 0.5370370370370369, 0.5370370370370369, 0.5509259259259258, 0.5509259259259258, 0.5509259259259258, 0.5509259259259258, 0.5509259259259258, 0.5509259259259258, 0.5509259259259258, 0.5925925925925926, 0.5925925925925926, 0.5925925925925926, 0.5925925925925926, 0.5925925925925926, 0.5925925925925926, 0.5925925925925926, 0.5925925925925926, 0.5925925925925926, 0.5925925925925926, 0.5925925925925926, 0.5925925925925926, 0.5925925925925926, 0.5925925925925926, 0.5925925925925926, 0.5925925925925926, 0.5925925925925926, 0.5925925925925926, 0.5925925925925926, 0.5925925925925926, 0.5925925925925926, 0.5925925925925926, 0.5925925925925926, 0.5925925925925926, 0.5925925925925926, 0.5925925925925926, 0.5925925925925926, 0.5925925925925926, 0.5925925925925926, 0.5925925925925926, 0.5925925925925926, 0.5925925925925926, 0.5925925925925926, 0.5925925925925926], "std_test_score": [0.2767341506273788, 0.2637263957152984, 0.25492407218400376, 0.25492407218400376, 0.2637263957152984, 0.2637263957152984, 0.2637263957152984, 0.2637263957152984, 0.2637263957152984, 0.2637263957152984, 0.2637263957152984, 0.2720079781771923, 0.2720079781771923, 0.2720079781771923, 0.2720079781771923, 0.2720079781771923, 0.2720079781771923, 0.2720079781771923, 0.2720079781771923, 0.2720079781771923, 0.2720079781771923, 0.2720079781771923, 0.2720079781771923, 0.2720079781771923, 0.2720079781771923, 0.2720079781771923, 0.2720079781771923, 0.2720079781771923, 0.2720079781771923, 0.2720079781771923, 0.2720079781771923, 0.2720079781771923, 0.2720079781771923, 0.2720079781771923, 0.2720079781771923, 0.2720079781771923, 0.2720079781771923, 0.2720079781771923, 0.2720079781771923, 0.2720079781771923, 0.2720079781771923, 0.2720079781771923, 0.2720079781771923, 0.2720079781771923, 0.2720079781771923], "split0_test_score": [0.25, 0.25, 0.25, 0.25, 0.25, 0.25, 0.25, 0.25, 0.25, 0.25, 0.25, 1.0, 1.0, 1.0, 1.0, 1.0, 1.0, 1.0, 1.0, 1.0, 1.0, 1.0, 1.0, 1.0, 1.0, 1.0, 1.0, 1.0, 1.0, 1.0, 1.0, 1.0, 1.0, 1.0, 1.0, 1.0, 1.0, 1.0, 1.0, 1.0, 1.0, 1.0, 1.0, 1.0, 1.0], "split1_test_score": [0.25, 0.25, 0.25, 0.25, 0.25, 0.25, 0.25, 0.25, 0.25, 0.25, 0.25, 0.25, 0.25, 0.25, 0.25, 0.25, 0.25, 0.25, 0.25, 0.25, 0.25, 0.25, 0.25, 0.25, 0.25, 0.25, 0.25, 0.25, 0.25, 0.25, 0.25, 0.25, 0.25, 0.25, 0.25, 0.25, 0.25, 0.25, 0.25, 0.25, 0.25, 0.25, 0.25, 0.25, 0.25], "split2_test_score": [1.0, 1.0, 1.0, 1.0, 1.0, 1.0, 1.0, 1.0, 1.0, 1.0, 1.0, 1.0, 1.0, 1.0, 1.0, 1.0, 1.0, 1.0, 1.0, 1.0, 1.0, 1.0, 1.0, 1.0, 1.0, 1.0, 1.0, 1.0, 1.0, 1.0, 1.0, 1.0, 1.0, 1.0, 1.0, 1.0, 1.0, 1.0, 1.0, 1.0, 1.0, 1.0, 1.0, 1.0, 1.0], "split3_test_score": [1.0, 1.0, 1.0, 1.0, 1.0, 1.0, 1.0, 1.0, 1.0, 1.0, 1.0, 1.0, 1.0, 1.0, 1.0, 1.0, 1.0, 1.0, 1.0, 1.0, 1.0, 1.0, 1.0, 1.0, 1.0, 1.0, 1.0, 1.0, 1.0, 1.0, 1.0, 1.0, 1.0, 1.0, 1.0, 1.0, 1.0, 1.0, 1.0, 1.0, 1.0, 1.0, 1.0, 1.0, 1.0], "split4_test_score": [0.25, 0.25, 0.25, 0.25, 0.25, 0.25, 0.25, 0.25, 0.25, 0.25, 0.25, 0.25, 0.25, 0.25, 0.25, 0.25, 0.25, 0.25, 0.25, 0.25, 0.25, 0.25, 0.25, 0.25, 0.25, 0.25, 0.25, 0.25, 0.25, 0.25, 0.25, 0.25, 0.25, 0.25, 0.25, 0.25, 0.25, 0.25, 0.25, 0.25, 0.25, 0.25, 0.25, 0.25, 0.25], "split5_test_score": [0.3333333333333333, 0.3333333333333333, 0.3333333333333333, 0.3333333333333333, 0.3333333333333333, 0.3333333333333333, 0.3333333333333333, 0.3333333333333333, 0.3333333333333333, 0.3333333333333333, 0.3333333333333333, 0.3333333333333333, 0.3333333333333333, 0.3333333333333333, 0.3333333333333333, 0.3333333333333333, 0.3333333333333333, 0.3333333333333333, 0.3333333333333333, 0.3333333333333333, 0.3333333333333333, 0.3333333333333333, 0.3333333333333333, 0.3333333333333333, 0.3333333333333333, 0.3333333333333333, 0.3333333333333333, 0.3333333333333333, 0.3333333333333333, 0.3333333333333333, 0.3333333333333333, 0.3333333333333333, 0.3333333333333333, 0.3333333333333333, 0.3333333333333333, 0.3333333333333333, 0.3333333333333333, 0.3333333333333333, 0.3333333333333333, 0.3333333333333333, 0.3333333333333333, 0.3333333333333333, 0.3333333333333333, 0.3333333333333333, 0.3333333333333333], "split6_test_score": [0.6666666666666666, 0.6666666666666666, 0.6666666666666666, 0.6666666666666666, 0.6666666666666666, 0.6666666666666666, 0.6666666666666666, 0.6666666666666666, 0.6666666666666666, 0.6666666666666666, 0.6666666666666666, 0.6666666666666666, 0.6666666666666666, 0.6666666666666666, 0.6666666666666666, 0.6666666666666666, 0.6666666666666666, 0.6666666666666666, 0.6666666666666666, 0.6666666666666666, 0.6666666666666666, 0.6666666666666666, 0.6666666666666666, 0.6666666666666666, 0.6666666666666666, 0.6666666666666666, 0.6666666666666666, 0.6666666666666666, 0.6666666666666666, 0.6666666666666666, 0.6666666666666666, 0.6666666666666666, 0.6666666666666666, 0.6666666666666666, 0.6666666666666666, 0.6666666666666666, 0.6666666666666666, 0.6666666666666666, 0.6666666666666666, 0.6666666666666666, 0.6666666666666666, 0.6666666666666666, 0.6666666666666666, 0.6666666666666666, 0.6666666666666666], "split7_test_score": [0.8333333333333333, 0.8333333333333333, 0.8333333333333333, 0.8333333333333333, 0.8333333333333333, 0.8333333333333333, 0.8333333333333333, 0.8333333333333333, 0.8333333333333333, 0.8333333333333333, 0.8333333333333333, 0.8333333333333333, 0.8333333333333333, 0.8333333333333333, 0.8333333333333333, 0.8333333333333333, 0.8333333333333333, 0.8333333333333333, 0.8333333333333333, 0.8333333333333333, 0.8333333333333333, 0.8333333333333333, 0.8333333333333333, 0.8333333333333333, 0.8333333333333333, 0.8333333333333333, 0.8333333333333333, 0.8333333333333333, 0.8333333333333333, 0.8333333333333333, 0.8333333333333333, 0.8333333333333333, 0.8333333333333333, 0.8333333333333333, 0.8333333333333333, 0.8333333333333333, 0.8333333333333333, 0.8333333333333333, 0.8333333333333333, 0.8333333333333333, 0.8333333333333333, 0.8333333333333333, 0.8333333333333333, 0.8333333333333333, 0.8333333333333333],