{"split0_index": [23, 24, 25, 26, 27, 28, 29, 30, 31, 32, 33, 34, 35, 36, 37, 38, 39, 40, 41, 42, 43, 44, 45, 46], "split0_pred": [0, 0, 0, 0, 0, 0, 0, 0, 0, 0, 0, 0, 0, 0, 0, 0, 0, 0, 0, 0, 0, 0, 0, 0], "split0_test": [0, 0, 1, 0, 0, 0, 0, 0, 0, 0, 0, 0, 0, 0, 1, 0, 0, 0, 0, 0, 0, 0, 0, 0], "split0_notXOR": [1, 1, 0, 1, 1, 1, 1, 1, 1, 1, 1, 1, 1, 1, 0, 1, 1, 1, 1, 1, 1, 1, 1, 1], "split0_prob": [0.5, 0.5, 0.5, 0.5, 0.5, 0.5, 0.5, 0.5, 0.5, 0.5, 0.5, 0.5, 0.5, 0.5, 0.5, 0.5, 0.5, 0.5, 0.5, 0.5, 0.5, 0.5, 0.5, 0.5], "split1_index": [47, 48, 49, 50, 51, 52, 53, 54, 55, 56, 57, 58, 59, 60, 61, 62, 63, 64, 65, 66, 67, 68, 69, 70, 71, 72, 73], "split1_pred": [0, 0, 0, 0, 0, 0, 0, 0, 0, 1, 0, 0, 1, 0, 1, 0, 0, 1, 0, 0, 1, 1, 0, 1, 0, 0, 0], "split1_test": [0, 0, 0, 1, 0, 0, 0, 0, 0, 0, 0, 0, 0, 0, 0, 0, 0, 1, 0, 0, 0, 1, 0, 0, 0, 0, 0], "split1_notXOR": [1, 1, 1, 0, 1, 1, 1, 1, 1, 0, 1, 1, 0, 1, 0, 1, 1, 1, 1, 1, 0, 1, 1, 0, 1, 1, 1], "split1_prob": [0.4357178886350516, 0.4357178886350516, 0.4357178886350516, 0.4357178886350516, 0.4357178886350516, 0.4357178886350516, 0.4357178886350516, 0.4357178886350516, 0.4357178886350516, 0.9999999973665075, 0.4357178886350516, 0.4357178886350516, 0.9999999973665075, 0.4357178886350516, 0.9999999352539213, 0.4357178886350516, 0.4357178886350516, 0.9999998558270488, 0.4357178886350516, 4.725467474147951e-10, 0.9999999998928848, 0.9999998558270488, 0.4357178886350516, 0.9999998558270488, 0.4357178886350516, 2.856324011775809e-07, 0.4357178886350516], "split2_index": [74, 75, 76, 77, 78, 79, 80, 81, 82, 83, 84, 85, 86, 87, 88, 89, 90, 91, 92, 93, 94, 95, 96, 97, 98, 99, 100], "split2_pred": [0, 0, 1, 1, 1, 0, 1, 1, 1, 1, 1, 1, 1, 1, 1, 1, 1, 1, 1, 1, 1, 1, 1, 1, 1, 1, 1], "split2_test": [0, 0, 1, 1, 0, 0, 0, 0, 0, 0, 0, 0, 0, 0, 0, 0, 0, 1, 0, 0, 0, 0, 1, 0, 0, 0, 0], "split2_notXOR": [1, 1, 1, 1, 0, 1, 0, 0, 0, 0, 0, 0, 0, 0, 0, 0, 0, 1, 0, 0, 0, 0, 1, 0, 0, 0, 0], "split2_prob": [0.49478186662117674, 0.4887758323400482, 0.9921343884281524, 0.8793860754169869, 0.5108862683953294, 0.49478186662117674, 0.9237562405127012, 0.5108862683953294, 0.9237562405127012, 0.9999903174153352, 0.9999997807830073, 0.9237562405127012, 0.9999839098731708, 0.9835310096470732, 0.9509292102613198, 0.9999588383576729, 0.9469011033631898, 0.7328406308510784, 0.8317435570132206, 0.9992441416024638, 0.9999903174153352, 0.9934971843449155, 0.9237562405127012, 0.9954650025742581, 0.9995692911791574, 0.9934971843449155, 0.9999986023085459], "split3_index": [101, 102, 103, 104, 105, 106, 107, 108, 109, 110, 111, 112, 113, 114, 115, 116, 117, 118, 119, 120, 121, 122, 123, 124, 125, 126, 127, 128], "split3_pred": [1, 1, 1, 0, 1, 0, 1, 0, 0, 0, 0, 0, 1, 0, 0, 1, 0, 0, 0, 1, 0, 1, 0, 1, 0, 0, 0, 0], "split3_test": [0, 0, 1, 0, 0, 1, 0, 0, 0, 0, 0, 0, 0, 0, 0, 0, 0, 0, 0, 1, 0, 0, 0, 0, 1, 0, 0, 0], "split3_notXOR": [0, 0, 1, 1, 0, 0, 0, 1, 1, 1, 1, 1, 0, 1, 1, 0, 1, 1, 1, 1, 1, 0, 1, 0, 0, 1, 1, 1], "split3_prob": [0.9999842131423919, 0.9505136087297563, 0.8682392212262562, 0.35079157582964865, 0.8600932906493565, 0.38912192879883345, 0.993826961278874, 0.35079157582964865, 0.35079157582964865, 0.35079157582964865, 0.35079157582964865, 0.35079157582964865, 0.9999994375922213, 0.35079157582964865, 0.35079157582964865, 0.6377344803097261, 0.35079157582964865, 0.35079157582964865, 0.35079157582964865, 0.9999999001647011, 0.35079157582964865, 0.6377344803097261, 0.35079157582964865, 0.6377344803097261, 0.35079157582964865, 0.35079157582964865, 0.35079157582964865, 0.35079157582964865], "split4_index": [129, 130, 131, 132, 133, 134, 135, 136, 137, 138, 139, 140, 141, 142, 143, 144, 145, 146, 147, 148, 149, 150, 151, 152, 153, 154, 155, 156], "split4_pred": [0, 0, 1, 0, 0, 0, 0, 0, 0, 0, 0, 0, 0, 0, 0, 0, 0, 0, 0, 1, 0, 0, 0, 0, 1, 0, 0, 0], "split4_test": [0, 0, 0, 0, 0, 0, 0, 0, 0, 0, 0, 0, 0, 0, 0, 0, 0, 0, 0, 1, 0, 0, 0, 0, 0, 0, 0, 0], "split4_notXOR": [1, 1, 0, 1, 1, 1, 1, 1, 1, 1, 1, 1, 1, 1, 1, 1, 1, 1, 1, 1, 1, 1, 1, 1, 0, 1, 1, 1], "split4_prob": [0.3310130131283842, 0.3310130131283842, 0.9327642646493551, 0.3310130131283842, 0.3310130131283842, 0.3310130131283842, 0.3310130131283842, 0.3310130131283842, 0.3310130131283842, 0.3310130131283842, 0.3310130131283842, 0.3310130131283842, 0.3310130131283842, 0.3310130131283842, 0.3310130131283842, 0.3310130131283842, 0.3310130131283842, 0.3310130131283842, 0.3310130131283842, 0.978262291376322, 0.3310130131283842, 0.3310130131283842, 0.3310130131283842, 0.3310130131283842, 0.6422310139291444, 0.3310130131283842, 0.3310130131283842, 0.3310130131283842], "split5_index": [157, 158, 159, 160, 161, 162, 163, 164, 165, 166, 167, 168, 169, 170, 171, 172, 173, 174, 175, 176, 177, 178, 179, 180, 181, 182, 183, 184], "split5_pred": [0, 0, 0, 1, 0, 0, 1, 0, 0, 1, 0, 0, 0, 0, 0, 0, 0, 0, 0, 1, 0, 0, 0, 0, 0, 0, 0, 0], "split5_test": [0, 0, 0, 0, 0, 0, 0, 0, 0, 0, 0, 0, 0, 0, 0, 0, 0, 0, 0, 1, 0, 0, 0, 0, 0, 0, 0, 0], "split5_notXOR": [1, 1, 1, 0, 1, 1, 0, 1, 1, 0, 1, 1, 1, 1, 1, 1, 1, 1, 1, 1, 1, 1, 1, 1, 1, 1, 1, 1], "split5_prob": [0.39165056659142916, 0.39165056659142916, 0.39165056659142916, 0.6531986893224191, 0.39165056659142916, 0.39165056659142916, 0.9168326960777807, 0.39165056659142916, 0.39165056659142916, 0.9999452724831964, 0.39165056659142916, 0.39165056659142916, 0.39165056659142916, 0.39165056659142916, 0.39165056659142916, 0.39165056659142916, 0.39165056659142916, 0.39165056659142916, 0.39165056659142916, 0.5240751082232458, 0.39165056659142916, 0.39165056659142916, 0.39165056659142916, 0.39165056659142916, 0.39165056659142916, 0.39165056659142916, 0.39165056659142916, 0.39165056659142916], "split6_index": [185, 186, 187, 188, 189, 190, 191, 192, 193, 194, 195, 196, 197, 198, 199, 200, 201, 202, 203, 204, 205, 206, 207, 208, 209, 210, 211, 212], "split6_pred": [0, 1, 0, 0, 0, 0, 1, 0, 0, 1, 0, 0, 0, 0, 0, 0, 0, 0, 0, 1, 0, 0, 0, 0, 0, 0, 0, 1], "split6_test": [0, 0, 0, 0, 0, 0, 0, 0, 0, 0, 0, 0, 0, 0, 0, 0, 0, 0, 0, 1, 0, 0, 0, 0, 0, 0, 0, 0], "split6_notXOR": [1, 0, 1, 1, 1, 1, 0, 1, 1, 0, 1, 1, 1, 1, 1, 1, 1, 1, 1, 1, 1, 1, 1, 1, 1, 1, 1, 0], "split6_prob": [0.41586127405306483, 0.9999421921495695, 0.41586127405306483, 0.4756275705937249, 0.47780220885661956, 0.41586127405306483, 0.9519361291578957, 0.41586127405306483, 0.41586127405306483, 0.9823097916202217, 0.41586127405306483, 0.41586127405306483, 0.41586127405306483, 0.41586127405306483, 0.41586127405306483, 0.4739971937028511, 0.41586127405306483, 0.41586127405306483, 0.41586127405306483, 0.9999991690499938, 0.41586127405306483, 0.41586127405306483, 0.41586127405306483, 0.41586127405306483, 0.41586127405306483, 0.41586127405306483, 0.41586127405306483, 0.5355582013383675], "split7_index": [213, 214, 215, 216, 217, 218, 219, 220, 221, 222, 223, 224, 225, 226, 227, 228, 229, 230, 231, 232, 233, 234, 235, 236, 237, 238, 239, 240], "split7_pred": [0, 0, 0, 0, 0, 0, 0, 0, 0, 0, 0, 0, 0, 0, 0, 0, 0, 0, 0, 0, 0, 0, 0, 0, 0, 0, 0, 0], "split7_test": [0, 0, 0, 0, 0, 0, 0, 0, 0, 0, 0, 0, 0, 0, 0, 0, 0, 0, 0, 1, 0, 0, 0, 0, 0, 0, 0, 0], "split7_notXOR": [1, 1, 1, 1, 1, 1, 1, 1, 1, 1, 1, 1, 1, 1, 1, 1, 1, 1, 1, 0, 1, 1, 1, 1, 1, 1, 1, 1], "split7_prob": [0.26874819733905386, 0.26874819733905386, 0.26874819733905386, 0.26874819733905386, 0.26874819733905386, 0.26874819733905386, 0.26874819733905386, 0.26874819733905386, 0.26874819733905386, 0.26874819733905386, 0.26874819733905386, 0.26874819733905386, 0.26874819733905386, 0.26874819733905386, 0.26874819733905386, 0.26874819733905386, 0.26874819733905386, 0.26874819733905386, 0.26874819733905386, 0.26874819733905386, 0.26874819733905386, 0.3782720818804756, 0.26874819733905386, 0.26874819733905386, 0.26874819733905386, 0.26824841442752173, 0.26874819733905386, 0.26874819733905386], "split8_index": [241, 242, 243, 244, 245, 246, 247, 248, 249, 250, 251, 252, 253, 254, 255, 256, 257, 258, 259, 260, 261, 262, 263, 264, 265, 266, 267, 268],