{"split0_index": [3, 4, 5], "split0_pred": [0, 1, 0], "split0_test": [0, 1, 0], "split0_notXOR": [1, 1, 1], "split0_prob": [0.13584853678351574, 0.6958622793824052, 0.13574299320433586], "split1_index": [6, 7, 8], "split1_pred": [0, 1, 0], "split1_test": [0, 1, 0], "split1_notXOR": [1, 1, 1], "split1_prob": [0.16659320208550335, 0.8331164217872148, 0.16666874103616078], "split2_index": [9, 10, 11], "split2_pred": [0, 1, 0], "split2_test": [0, 1, 0], "split2_notXOR": [1, 1, 1], "split2_prob": [0.12493511324284597, 0.8723328189235906, 0.12500860579113357], "split3_index": [12, 13, 14], "split3_pred": [0, 1, 0], "split3_test": [0, 1, 0], "split3_notXOR": [1, 1, 1], "split3_prob": [0.09988472715971876, 0.8998159842567955, 0.09988472774910147], "split4_index": [15, 16, 17], "split4_pred": [0, 1, 0], "split4_test": [0, 1, 0], "split4_notXOR": [1, 1, 1], "split4_prob": [0.08367494154097678, 0.8592599867157923, 0.08361936724111382], "split5_index": [18, 19, 20], "split5_pred": [0, 1, 0], "split5_test": [0, 1, 0], "split5_notXOR": [1, 1, 1], "split5_prob": [0.07241061252435109, 0.9356221185635865, 0.07357460918108352], "split6_index": [21, 22, 23, 24, 25], "split6_pred": [0, 0, 0, 1, 0], "split6_test": [1, 1, 0, 0, 0], "split6_notXOR": [0, 0, 1, 0, 1], "split6_prob": [0.48552475123772243, 0.12892938534702222, 0.060816507739950516, 0.8870879262085318, 0.06293334243111014]}