{"split0_index": [10, 11, 12, 13, 14, 15, 16, 17, 18, 19], "split0_pred": [0, 0, 0, 0, 0, 0, 0, 0, 0, 0], "split0_test": [0, 0, 0, 0, 0, 0, 0, 0, 0, 1], "split0_notXOR": [1, 1, 1, 1, 1, 1, 1, 1, 1, 0], "split0_prob": [0.15951618700713505, 0.15153394263508868, 0.15265836059548266, 0.151533945585841, 0.15810552732437108, 0.1513239338554662, 0.15215070711838113, 0.15387083891883072, 0.15755041690922228, 0.15022792272155516], "split1_index": [20, 21, 22, 23, 24, 25, 26, 27, 28, 29], "split1_pred": [0, 0, 0, 0, 0, 0, 0, 0, 0, 0], "split1_test": [0, 1, 0, 0, 0, 0, 0, 0, 0, 1], "split1_notXOR": [1, 0, 1, 1, 1, 1, 1, 1, 1, 0], "split1_prob": [0.11638847108103692, 0.1213115137890925, 0.11962701585066876, 0.12023216334289352, 0.11711572474077048, 0.1202129555076009, 0.1200631438570014, 0.11910348900622854, 0.11725938566018929, 0.12083214071644793], "split2_index": [30, 31, 32, 33, 34, 35, 36, 37, 38, 39], "split2_pred": [0, 0, 0, 0, 0, 0, 0, 0, 0, 0], "split2_test": [0, 0, 0, 0, 0, 0, 0, 0, 0, 1], "split2_notXOR": [1, 1, 1, 1, 1, 1, 1, 1, 1, 0], "split2_prob": [0.07887104450500668, 0.23546736018230194, 0.10270234998897258, 0.13963016662041255, 0.11374685193580186, 0.11894965638080919, 0.1057904325248023, 0.14080358529730844, 0.09914536099344501, 0.20257964443051238], "split3_index": [40, 41, 42, 43, 44, 45, 46, 47, 48, 49], "split3_pred": [0, 0, 0, 0, 0, 0, 0, 0, 0, 0], "split3_test": [0, 0, 0, 0, 0, 0, 0, 0, 0, 1], "split3_notXOR": [1, 1, 1, 1, 1, 1, 1, 1, 1, 0], "split3_prob": [0.012181731129843124, 0.12445902725297502, 0.010776689273191434, 0.03214754935696193, 0.11606238739801988, 0.07769000399614395, 0.07830347776413298, 0.1093959074367543, 0.021534555535210116, 0.6705303982891989], "split4_index": [50, 51, 52, 53, 54, 55, 56, 57, 58, 59], "split4_pred": [0, 0, 0, 0, 0, 0, 0, 0, 0, 0], "split4_test": [0, 0, 0, 0, 0, 0, 0, 0, 0, 1], "split4_notXOR": [1, 1, 1, 1, 1, 1, 1, 1, 1, 0], "split4_prob": [0.020717643075640602, 0.09398297790820682, 0.014560917171290018, 0.04326547434795667, 0.11937017170925152, 0.08322287572382361, 0.08976011263386116, 0.10710177114311992, 0.032499899320627676, 0.012318542991521691], "split5_index": [60, 61, 62, 63, 64, 65, 66, 67, 68, 69], "split5_pred": [0, 0, 0, 0, 0, 0, 0, 0, 0, 0], "split5_test": [0, 0, 0, 0, 0, 0, 0, 0, 0, 1], "split5_notXOR": [1, 1, 1, 1, 1, 1, 1, 1, 1, 0], "split5_prob": [0.1206851936677652, 0.12069314273710478, 0.11921801475661951, 0.12062164459203292, 0.12061166767831648, 0.11962980442449425, 0.12065542507718616, 0.12061826290272558, 0.11997685633550065, 0.12350168353907134]}