{"split0_index": [16, 17, 18, 19, 20, 21, 22, 23, 24, 25, 26, 27, 28, 29, 30, 31], "split0_pred": [0, 1, 1, 1, 1, 0, 1, 0, 0, 0, 0, 1, 0, 0, 1, 0], "split0_test": [0, 1, 1, 1, 0, 0, 1, 0, 0, 0, 0, 1, 0, 1, 1, 0], "split0_notXOR": [1, 1, 1, 1, 0, 1, 1, 1, 1, 1, 1, 1, 1, 0, 1, 1], "split0_prob": [0.04, 0.81, 0.6, 0.69, 0.64, 0.15, 0.85, 0.18, 0.09, 0.19, 0.12, 0.67, 0.04, 0.15, 0.8, 0.04], "split1_index": [32, 33, 34, 35, 36, 37, 38, 39, 40, 41, 42, 43, 44, 45, 46, 47, 48], "split1_pred": [0, 1, 1, 1, 0, 0, 1, 0, 0, 0, 0, 0, 1, 1, 1, 0, 1], "split1_test": [0, 1, 0, 1, 0, 1, 1, 0, 0, 0, 0, 0, 1, 0, 0, 0, 1], "split1_notXOR": [1, 1, 0, 1, 1, 0, 1, 1, 1, 1, 1, 1, 1, 0, 0, 1, 1], "split1_prob": [0.0, 0.93, 0.955, 0.87, 0.195, 0.07, 0.98, 0.0, 0.03, 0.32, 0.12, 0.2969047619047619, 0.92, 0.74, 0.54, 0.12, 0.9516666666666665], "split2_index": [49, 50, 51, 52, 53, 54, 55, 56, 57, 58, 59, 60, 61, 62, 63, 64, 65, 66, 67, 68, 69, 70, 71], "split2_pred": [0, 1, 0, 1, 0, 0, 0, 1, 0, 1, 0, 0, 0, 1, 0, 0, 1, 1, 0, 0, 0, 1, 1], "split2_test": [0, 0, 0, 1, 0, 0, 0, 1, 0, 1, 0, 1, 0, 0, 0, 0, 1, 0, 0, 0, 0, 0, 0], "split2_notXOR": [1, 0, 1, 1, 1, 1, 1, 1, 1, 1, 1, 0, 1, 0, 1, 1, 1, 0, 1, 1, 1, 0, 0], "split2_prob": [0.0, 0.7, 0.145, 0.93, 0.38, 0.05, 0.46, 0.62, 0.25, 1.0, 0.16, 0.44083333333333335, 0.4225, 0.64, 0.0, 0.0, 0.93, 0.61, 0.0, 0.08, 0.04, 0.96, 0.7725], "split3_index": [72, 73, 74, 75, 76, 77, 78, 79, 80, 81, 82, 83, 84, 85, 86, 87, 88, 89, 90, 91, 92], "split3_pred": [0, 1, 0, 1, 0, 0, 0, 0, 0, 0, 1, 0, 0, 1, 1, 1, 0, 0, 0, 0, 0], "split3_test": [1, 1, 1, 0, 1, 0, 0, 0, 0, 1, 0, 0, 0, 0, 1, 0, 0, 1, 1, 0, 0], "split3_notXOR": [0, 1, 0, 0, 0, 1, 1, 1, 1, 0, 0, 1, 1, 0, 1, 0, 1, 0, 0, 1, 1], "split3_prob": [0.0, 1.0, 0.1, 0.92, 0.17666666666666664, 0.01, 0.34, 0.0, 0.01, 0.01, 0.61, 0.0, 0.01, 0.515, 0.95, 0.8, 0.055, 0.0, 0.04, 0.0, 0.25], "split4_index": [93, 94, 95, 96, 97, 98, 99, 100, 101, 102, 103, 104, 105, 106, 107, 108, 109, 110, 111, 112, 113], "split4_pred": [0, 1, 0, 0, 1, 0, 0, 0, 0, 1, 0, 0, 0, 0, 1, 0, 0, 0, 1, 0, 0], "split4_test": [1, 1, 1, 0, 1, 0, 0, 0, 0, 1, 0, 0, 0, 0, 1, 0, 1, 1, 1, 0, 0], "split4_notXOR": [0, 1, 0, 1, 1, 1, 1, 1, 1, 1, 1, 1, 1, 1, 1, 1, 0, 0, 1, 1, 1], "split4_prob": [0.49, 0.53, 0.1725, 0.24, 0.64, 0.0, 0.12, 0.0, 0.01, 0.61, 0.25, 0.0, 0.37316666666666665, 0.0025, 0.71, 0.285, 0.03, 0.35, 0.55, 0.02, 0.3], "split5_index": [114, 115, 116, 117, 118, 119, 120, 121, 122, 123, 124, 125, 126, 127, 128, 129, 130, 131, 132, 133, 134], "split5_pred": [1, 1, 0, 0, 1, 0, 0, 0, 0, 1, 0, 0, 0, 0, 1, 0, 0, 1, 1, 0, 0], "split5_test": [1, 1, 0, 0, 0, 0, 0, 0, 0, 1, 0, 0, 0, 0, 1, 0, 0, 1, 1, 0, 0], "split5_notXOR": [1, 1, 1, 1, 0, 1, 1, 1, 1, 1, 1, 1, 1, 1, 1, 1, 1, 1, 1, 1, 1], "split5_prob": [0.85, 0.8458333333333334, 0.28, 0.13, 0.93, 0.0, 0.04, 0.0, 0.0, 0.96, 0.14, 0.0, 0.17, 0.02, 0.89, 0.14, 0.46704761904761904, 0.71, 0.93, 0.01, 0.16], "split6_index": [135, 136, 137, 138, 139, 140, 141, 142, 143, 144, 145, 146, 147, 148, 149, 150, 151, 152, 153, 154, 155], "split6_pred": [1, 1, 0, 0, 1, 0, 0, 0, 0, 1, 0, 0, 0, 0, 1, 0, 0, 1, 1, 0, 0], "split6_test": [1, 1, 0, 0, 0, 0, 0, 0, 0, 1, 0, 0, 0, 0, 1, 0, 0, 1, 1, 0, 0], "split6_notXOR": [1, 1, 1, 1, 0, 1, 1, 1, 1, 1, 1, 1, 1, 1, 1, 1, 1, 1, 1, 1, 1], "split6_prob": [0.935, 0.98, 0.1, 0.03, 0.6619761904761904, 0.0, 0.02, 0.0, 0.01, 0.98, 0.07, 0.0, 0.0125, 0.02, 0.99, 0.04, 0.17600000000000002, 0.94, 0.97, 0.01, 0.06], "split7_index": [156, 157, 158, 159, 160, 161, 162, 163, 164, 165, 166, 167, 168, 169, 170, 171, 172, 173, 174, 175, 176], "split7_pred": [1, 1, 0, 0, 1, 0, 0, 0, 0, 1, 0, 0, 0, 0, 1, 0, 0, 1, 1, 0, 0], "split7_test": [1, 1, 0, 0, 0, 0, 0, 0, 0, 1, 0, 0, 0, 0, 1, 0, 0, 1, 1, 0, 0], "split7_notXOR": [1, 1, 1, 1, 0, 1, 1, 1, 1, 1, 1, 1, 1, 1, 1, 1, 1, 1, 1, 1, 1], "split7_prob": [0.93, 0.9483333333333333, 0.04333333333333334, 0.01, 0.5578412698412698, 0.0, 0.01, 0.0, 0.0, 0.99, 0.05, 0.0, 0.02, 0.0, 0.98, 0.03, 0.05916666666666666, 1.0, 0.99, 0.0, 0.01], "split8_index": [177, 178, 179, 180, 181, 182, 183, 184, 185, 186, 187, 188, 189, 190, 191, 192, 193, 194, 195, 196, 197], "split8_pred": [1, 1, 0, 0, 0, 0, 0, 0, 0, 1, 0, 0, 0, 0, 1, 0, 0, 1, 1, 0, 0], "split8_test": [1, 1, 0, 0, 0, 0, 0, 0, 0, 1, 0, 0, 0, 0, 1, 0, 0, 1, 1, 0, 0], "split8_notXOR": [1, 1, 1, 1, 1, 1, 1, 1, 1, 1, 1, 1, 1, 1, 1, 1, 1, 1, 1, 1, 1], "split8_prob": [0.99, 0.995, 0.02, 0.01, 0.3844126984126983, 0.0, 0.0, 0.0, 0.274, 1.0, 0.0, 0.0, 0.006, 0.01, 1.0, 0.03666666666666667, 0.019166666666666665, 0.995, 1.0, 0.0, 0.01], "split9_index": [198, 199, 200, 201, 202, 203, 204, 205, 206, 207, 208, 209, 210, 211, 212, 213, 214, 215, 216, 217, 218, 219, 220], "split9_pred": [1, 1, 1, 0, 0, 0, 0, 0, 0, 0, 1, 1, 0, 0, 0, 1, 0, 0, 0, 1, 1, 0, 0], "split9_test": [1, 1, 0, 0, 0, 0, 0, 0, 0, 0, 1, 0, 0, 0, 0, 1, 0, 1, 0, 1, 1, 0, 1], "split9_notXOR": [1, 1, 0, 1, 1, 1, 1, 1, 1, 1, 1, 0, 1, 1, 1, 1, 1, 0, 1, 1, 1, 1, 0], "split9_prob": [0.69, 0.82, 0.5924761904761905, 0.20095454545454544, 0.01, 0.308455461205461, 0.0, 0.0, 0.0, 0.09, 1.0, 1.0, 0.0, 0.4183571428571428, 0.01, 1.0, 0.0, 0.0, 0.0, 1.0, 1.0, 0.0, 0.0], "split10_index": [221, 222, 223, 224, 225, 226, 227, 228, 229, 230, 231, 232, 233, 234, 235, 236, 237, 238, 239, 240, 241, 242, 243], "split10_pred": [1, 1, 0, 0, 0, 0, 0, 0, 0, 0, 1, 0, 0, 0, 0, 1, 0, 0, 0, 1, 1, 0, 0], "split10_test": [1, 1, 0, 0, 0, 0, 0, 0, 0, 0, 1, 0, 0, 0, 0, 1, 0, 1, 0, 1, 1, 0, 0], "split10_notXOR": [1, 1, 1, 1, 1, 1, 1, 1, 1, 1, 1, 1, 1, 1, 1, 1, 1, 0, 1, 1, 1, 1, 1], "split10_prob": [0.92, 0.9638461538461539, 0.19384615384615383, 0.05, 0.0, 0.2527011044511043, 0.0, 0.0, 0.039813682812856126, 0.024, 1.0, 0.26, 0.039813682812856126, 0.14142857142857143, 0.0, 1.0, 0.0, 0.039813682812856126, 0.0, 1.0, 1.0, 0.0, 0.16912121212121214], "split11_index": [244, 245, 246, 247, 248, 249, 250, 251, 252, 253, 254, 255, 256, 257, 258, 259, 260, 261, 262, 263, 264, 265, 266], "split11_pred": [1, 1, 0, 0, 0, 0, 0, 0, 0, 0, 1, 0, 0, 0, 0, 1, 0, 0, 0, 1, 1, 0, 0], "split11_test": [1, 1, 0, 0, 0, 0, 0, 0, 0, 0, 1, 0, 0, 0, 0, 1, 0, 1, 0, 1, 1, 0, 0], "split11_notXOR": [1, 1, 1, 1, 1, 1, 1, 1, 1, 1, 1, 1, 1, 1, 1, 1, 1, 0, 1, 1, 1, 1, 1], "split11_prob": [0.99, 0.96, 0.07, 0.02, 0.0, 0.25968148518148504, 0.0, 0.0, 0.07684263843038819, 0.0, 1.0, 0.11, 0.07684263843038819, 0.04, 0.0, 1.0, 0.0, 0.07684263843038819, 0.0, 1.0, 1.0, 0.0, 0.12704834054834058], "split12_index": [267, 268, 269, 270, 271, 272, 273, 274, 275, 276, 277, 278, 279, 280, 281, 282, 283, 284, 285, 286, 287, 288, 289], "split12_pred": [1, 1, 0, 0, 0, 0, 0, 0, 0, 0, 1, 0, 0, 0, 0, 0, 0, 0, 0, 1, 1, 0, 0], "split12_test": [1, 1, 0, 0, 0, 0, 0, 0, 0, 0, 1, 0, 0, 0, 0, 1, 0, 1, 0, 1, 1, 0, 0], "split12_notXOR": [1, 1, 1, 1, 1, 1, 1, 1, 1, 1, 1, 1, 1, 1, 1, 0, 1, 0, 1, 1, 1, 1, 1], "split12_prob": [0.99, 0.99, 0.05, 0.01, 0.0, 0.25437637362637355, 0.0, 0.0, 0.09882372920362358, 0.01, 1.0, 0.06, 0.09882372920362358, 0.0, 0.0, 0.20708333333333337, 0.0, 0.09882372920362358, 0.0, 0.99, 1.0, 0.0, 0.1314391982286719], "split13_index": [290, 291, 292, 293, 294, 295, 296, 297, 298, 299, 300, 301, 302, 303, 304, 305, 306, 307, 308, 309, 310, 311, 312], "split13_pred": [1, 1, 0, 0, 0, 0, 0, 0, 0, 0, 1, 0, 0, 0, 0, 1, 0, 0, 0, 1, 1, 0, 0], "split13_test": [1, 1, 0, 0, 0, 0, 0, 0, 0, 0, 1, 0, 0, 0, 0, 1, 0, 1, 0, 1, 1, 0, 0], "split13_notXOR": [1, 1, 1, 1, 1, 1, 1, 1, 1, 1, 1, 1, 1, 1, 1, 1, 1, 0, 1, 1, 1, 1, 1], "split13_prob": [0.98, 0.99, 0.02, 0.0, 0.0, 0.21688150738150733, 0.0, 0.0, 0.12069443051366129, 0.01, 1.0, 0.02, 0.12069443051366129, 0.0, 0.0, 0.7590079365079366, 0.0, 0.12069443051366129, 0.0, 1.0, 1.0, 0.0, 0.12318140193140187], "split14_index": [313, 314, 315, 316, 317, 318, 319, 320, 321, 322, 323, 324, 325, 326, 327, 328, 329, 330, 331, 332, 333, 334, 335], "split14_pred": [1, 1, 0, 0, 0, 0, 0, 0, 0, 0, 1, 0, 0, 0, 0, 1, 0, 0, 0, 1, 1, 0, 0], "split14_test": [1, 1, 0, 0, 0, 0, 0, 0, 0, 0, 1, 0, 0, 0, 0, 1, 0, 1, 0, 1, 1, 0, 0],