{"split0_index": [7, 8, 9, 10, 11, 12, 13], "split0_pred": [0, 1, 0, 0, 1, 1, 0], "split0_test": [0, 0, 0, 0, 1, 0, 0], "split0_notXOR": [1, 0, 1, 1, 1, 0, 1], "split0_prob": [0.07037294129686267, 0.3876418575154074, 0.07043757558405965, 0.05174519702721345, 0.7308364826735558, 0.6923419030930767, 0.06108894718042123]}