{"split0_index": [9, 10, 11, 12, 13, 14, 15, 16, 17], "split0_pred": [0, 0, 1, 0, 0, 0, 0, 0, 0], "split0_test": [0, 0, 1, 0, 0, 1, 0, 0, 0], "split0_notXOR": [1, 1, 1, 1, 1, 0, 1, 1, 1], "split0_prob": [0.2816028036713099, 0.27022753270626315, 0.13289312686923863, 0.2780277735675248, 0.27642536420647157, 0.21194416099645313, 0.21194416099645313, 0.27022753345113204, 0.2703220622824133], "split1_index": [18, 19, 20, 21, 22, 23, 24, 25, 26], "split1_pred": [0, 0, 1, 0, 0, 0, 0, 0, 0], "split1_test": [0, 0, 1, 0, 0, 1, 0, 0, 0], "split1_notXOR": [1, 1, 1, 1, 1, 0, 1, 1, 1], "split1_prob": [0.23212516904761912, 0.23282916591706515, 0.2439985215392657, 0.23234252716625062, 0.2324458475717516, 0.23684145310684826, 0.23684145310684826, 0.23282966821805098, 0.23283053878214094], "split2_index": [27, 28, 29, 30, 31, 32, 33, 34, 35], "split2_pred": [0, 0, 1, 0, 0, 0, 0, 0, 0], "split2_test": [0, 0, 1, 0, 0, 1, 0, 0, 0], "split2_notXOR": [1, 1, 1, 1, 1, 0, 1, 1, 1], "split2_prob": [0.15909090203778778, 0.17181683830331834, 0.46629664220668565, 0.16293919471190452, 0.1647936985407629, 0.25903673644963054, 0.25903673644963054, 0.17182618974717503, 0.17184239814531801], "split3_index": [36, 37, 38, 39, 40, 41, 42, 43, 44], "split3_pred": [0, 0, 1, 0, 0, 0, 0, 0, 0], "split3_test": [0, 0, 1, 0, 0, 1, 0, 0, 0], "split3_notXOR": [1, 1, 1, 1, 1, 0, 1, 1, 1], "split3_prob": [0.10367936990894856, 0.12125536587962973, 0.6835338248994421, 0.10885483133138041, 0.11139237497277484, 0.27244415108045794, 0.27244415108045794, 0.12126876315303667, 0.12129198564213985], "split4_index": [45, 46, 47, 48, 49, 50, 51, 52, 53], "split4_pred": [0, 0, 1, 0, 0, 0, 0, 0, 0], "split4_test": [0, 0, 1, 0, 0, 1, 0, 0, 0], "split4_notXOR": [1, 1, 1, 1, 1, 0, 1, 1, 1], "split4_prob": [0.08715582376470364, 0.10330338362167396, 0.6830221539593289, 0.09188476386861955, 0.09421144353145158, 0.2501012783490777, 0.2501012783490777, 0.10331578472368587, 0.10333728079726874], "split5_index": [54, 55, 56, 57, 58, 59, 60, 61, 62], "split5_pred": [0, 0, 1, 0, 0, 0, 0, 0, 0], "split5_test": [0, 0, 1, 0, 0, 1, 0, 0, 0], "split5_notXOR": [1, 1, 1, 1, 1, 0, 1, 1, 1], "split5_prob": [0.09391602034269836, 0.10968900688251527, 0.6458281964819484, 0.0985591620281841, 0.10083607567268305, 0.24677237226882215, 0.24677237226882215, 0.10970103583504855, 0.10972188653793262], "split6_index": [63, 64, 65, 66, 67, 68, 69, 70, 71], "split6_pred": [0, 0, 1, 0, 0, 0, 0, 0, 0], "split6_test": [0, 0, 1, 0, 0, 1, 0, 0, 0], "split6_notXOR": [1, 1, 1, 1, 1, 0, 1, 1, 1], "split6_prob": [0.07356748592099586, 0.09046832659408036, 0.7692138672358972, 0.07845295918287873, 0.08087671499020445, 0.26243411229008035, 0.26243411229008035, 0.09048153534824477, 0.09050443219674474], "split7_index": [72, 73, 74, 75, 76, 77, 78, 79, 80], "split7_pred": [0, 0, 1, 0, 0, 0, 0, 0, 0], "split7_test": [0, 0, 1, 0, 0, 1, 0, 0, 0], "split7_notXOR": [1, 1, 1, 1, 1, 0, 1, 1, 1], "split7_prob": [0.0758478563639331, 0.08949399830250786, 0.6224471864615111, 0.07984656385732398, 0.08181314142173123, 0.21428140899180273, 0.21428140899180273, 0.08950447138607925, 0.08952262541482096], "split8_index": [81, 82, 83, 84, 85, 86, 87, 88, 89], "split8_pred": [0, 0, 1, 0, 0, 0, 0, 0, 0], "split8_test": [0, 0, 1, 0, 0, 1, 0, 0, 0], "split8_notXOR": [1, 1, 1, 1, 1, 0, 1, 1, 1], "split8_prob": [0.11994072653053467, 0.13542083658945725, 0.5786169613597276, 0.12455312141977662, 0.12679739121982297, 0.2560861304604879, 0.2560861304604879, 0.13543244786505237, 0.13545257392089027], "split9_index": [90, 91, 92, 93, 94, 95, 96, 97, 98, 99], "split9_pred": [0, 0, 1, 0, 0, 0, 0, 1, 0, 0], "split9_test": [0, 0, 1, 0, 0, 1, 0, 0, 0, 0], "split9_notXOR": [1, 1, 1, 1, 1, 0, 1, 0, 1, 1], "split9_prob": [0.08235272264821152, 0.10350809246034749, 0.8545923250706522, 0.08143947351398075, 0.09145776889371818, 0.3282309735583716, 0.3282309735583716, 0.5985421927174593, 0.11217904137160918, 0.10355364773777817], "split10_index": [100, 101, 102, 103, 104, 105, 106, 107, 108, 109], "split10_pred": [0, 0, 1, 0, 0, 0, 0, 0, 0, 0], "split10_test": [0, 0, 1, 0, 0, 1, 0, 0, 0, 0], "split10_notXOR": [1, 1, 1, 1, 1, 0, 1, 1, 1, 1], "split10_prob": [0.10157133162979866, 0.10305927194804987, 0.6761943472459064, 0.10126573737547166, 0.10667338487810486, 0.23456104385779034, 0.23456104385779034, 0.2991170351173355, 0.11449214799987896, 0.11438733549359571], "split11_index": [110, 111, 112, 113, 114, 115, 116, 117, 118, 119], "split11_pred": [0, 0, 1, 0, 0, 0, 0, 0, 0, 0], "split11_test": [0, 0, 1, 0, 0, 1, 0, 0, 1, 0], "split11_notXOR": [1, 1, 1, 1, 1, 0, 1, 1, 0, 1], "split11_prob": [0.05027436596509049, 0.04143160474206537, 0.7083452292037753, 0.04989455504055274, 0.05864364167420603, 0.14516177072122244, 0.14516177072122244, 0.1067350479828038, 0.06060855495872318, 0.06050741115588274], "split12_index": [120, 121, 122, 123, 124, 125, 126, 127, 128, 129, 130, 131, 132, 133], "split12_pred": [0, 0, 1, 0, 0, 0, 0, 0, 0, 0, 0, 0, 0, 0], "split12_test": [0, 0, 1, 0, 0, 1, 0, 0, 0, 1, 0, 1, 0, 0], "split12_notXOR": [1, 1, 1, 1, 1, 0, 1, 1, 1, 0, 1, 0, 1, 1], "split12_prob": [0.06694522882919242, 0.061562893331910916, 0.7287266651798104, 0.06641267816014597, 0.08007802116233631, 0.1745819877546625, 0.1745819877546625, 0.1745819877546625, 0.07999217072088376, 0.07995764941522542, 0.07670034444175654, 0.07354568461452797, 0.07082243050811043, 0.061740688566073544], "split13_index": [134, 135, 136, 137, 138, 139, 140, 141, 142, 143, 144, 145, 146, 147], "split13_pred": [0, 0, 1, 0, 0, 0, 0, 0, 0, 0, 0, 0, 0, 0], "split13_test": [0, 0, 1, 0, 0, 1, 0, 0, 0, 1, 0, 1, 0, 0], "split13_notXOR": [1, 1, 1, 1, 1, 0, 1, 1, 1, 0, 1, 0, 1, 1], "split13_prob": [0.14354278615375687, 0.14710511894505074, 0.7367066757321036, 0.14555687764376507, 0.15857219033540493, 0.1585757776213439, 0.1585757776213439, 0.1585757776213439, 0.15857579604588498, 0.15359327527659644, 0.15210790770952806, 0.15359327527659644, 0.1585178324794947, 0.13887832295180916], "split14_index": [148, 149, 150, 151, 152, 153, 154, 155, 156, 157, 158, 159, 160, 161], "split14_pred": [0, 0, 1, 0, 0, 0, 0, 0, 0, 0, 0, 0, 0, 0], "split14_test": [0, 0, 1, 0, 0, 1, 0, 0, 0, 1, 0, 1, 0, 0], "split14_notXOR": [1, 1, 1, 1, 1, 0, 1, 1, 1, 0, 1, 0, 1, 1], "split14_prob": [0.12832278443137343, 0.1466682438982902, 0.8312238110353203, 0.13159892625740455, 0.14666276237497547, 0.14675530323906988, 0.14675530323906988, 0.14675530323906988, 0.1466923057971182, 0.1490775216085365, 0.13250594440129929, 0.1490775216085365, 0.14669232286144773, 0.14162980844814946], "split15_index": [162, 163, 164, 165, 166, 167, 168, 169, 170, 171, 172, 173, 174, 175, 176], "split15_pred": [0, 0, 1, 0, 0, 1, 0, 0, 0, 0, 0, 0, 0, 0, 0], "split15_test": [0, 0, 1, 0, 0, 0, 1, 0, 0, 0, 1, 0, 1, 0, 0], "split15_notXOR": [1, 1, 1, 1, 1, 0, 0, 1, 1, 1, 0, 1, 0, 1, 1], "split15_prob": [0.140045501096501, 0.17419722901396975, 0.9919610015024571, 0.14758014297339447, 0.17383685682122715, 0.9965227368778036, 0.17419722650503264, 0.17419722650503264, 0.17419722650503264, 0.17419271717690668, 0.1870987816273457, 0.1435999693662286, 0.1870987816273457, 0.17419404603347927, 0.17421674462947015], "split16_index": [177, 178, 179, 180, 181, 182, 183, 184, 185, 186, 187, 188, 189, 190, 191, 192], "split16_pred": [0, 0, 1, 0, 0, 1, 0, 0, 0, 0, 0, 0, 0, 0, 0, 0], "split16_test": [0, 0, 1, 0, 0, 0, 0, 1, 0, 0, 0, 1, 0, 1, 0, 0], "split16_notXOR": [1, 1, 1, 1, 1, 0, 1, 0, 1, 1, 1, 0, 1, 0, 1, 1], "split16_prob": [0.1618362010796119, 0.17659965192337582, 0.6846868553465744, 0.16548547208614148, 0.1765732204017588, 0.5378818100702966, 0.1794539918996927, 0.17655565755799127, 0.17655565755799127, 0.17655565755799127, 0.1766829391013942, 0.1829276364410605, 0.1630115192454582, 0.1829276364410605, 0.17662323876470068, 0.17665762397144416], "split17_index": [193, 194, 195, 196, 197, 198, 199, 200, 201, 202, 203, 204, 205, 206, 207, 208], "split17_pred": [0, 0, 1, 0, 0, 1, 0, 0, 0, 0, 0, 0, 0, 0, 0, 0],