{"split0_index": [19, 20, 21, 22, 23, 24, 25, 26, 27, 28, 29, 30, 31, 32, 33, 34, 35, 36, 37, 38, 39], "split0_pred": [0, 0, 0, 0, 0, 0, 0, 0, 0, 0, 0, 0, 0, 0, 0, 0, 0, 0, 0, 0, 0], "split0_test": [1, 0, 0, 0, 0, 0, 0, 0, 0, 0, 0, 0, 0, 0, 0, 0, 1, 0, 0, 0, 0], "split0_notXOR": [0, 1, 1, 1, 1, 1, 1, 1, 1, 1, 1, 1, 1, 1, 1, 1, 0, 1, 1, 1, 1], "split0_prob": [0.27554612312121496, 0.12708587707021213, 0.18910720966822345, 0.12875099169776735, 0.27074957682392864, 0.4105803053911769, 0.29044631667203535, 0.2482457453711603, 0.40037257914162705, 0.3000877890011937, 0.04411485849608475, 0.16416791709675316, 0.27537762022905793, 0.25339506584000576, 0.3266250672084864, 0.2601330009353123, 0.42855352760671983, 0.2111106048937817, 0.2066883961847481, 0.32916999946650416, 0.24498518492892876], "split1_index": [40, 41, 42, 43, 44, 45, 46, 47, 48, 49, 50, 51, 52, 53, 54, 55, 56, 57, 58, 59, 60], "split1_pred": [0, 0, 0, 0, 0, 0, 0, 0, 0, 0, 0, 0, 0, 0, 0, 0, 0, 0, 0, 0, 0], "split1_test": [1, 0, 1, 0, 0, 0, 0, 0, 0, 0, 0, 0, 0, 0, 0, 0, 1, 0, 0, 0, 0], "split1_notXOR": [0, 1, 0, 1, 1, 1, 1, 1, 1, 1, 1, 1, 1, 1, 1, 1, 0, 1, 1, 1, 1], "split1_prob": [0.29690608913397676, 0.11557859810399608, 0.17878620119430533, 0.16301378354443585, 0.25127542421941396, 0.262937412154565, 0.1657014443930389, 0.26515139515221725, 0.25006239657714896, 0.23992937425450706, 0.055066931388281816, 0.17910962536718394, 0.22337452980656697, 0.1474794125513008, 0.25717414855371046, 0.1260813399151191, 0.4903843445025911, 0.1574295945453515, 0.14376534130076285, 0.18266680971170646, 0.12112143498188326], "split2_index": [61, 62, 63, 64, 65, 66, 67, 68, 69, 70, 71, 72, 73, 74, 75, 76, 77, 78, 79, 80, 81], "split2_pred": [1, 0, 0, 0, 0, 0, 0, 0, 0, 0, 0, 0, 0, 0, 0, 0, 1, 0, 0, 0, 0], "split2_test": [1, 0, 1, 0, 0, 0, 0, 0, 0, 0, 0, 0, 0, 0, 0, 0, 1, 0, 0, 0, 0], "split2_notXOR": [1, 1, 0, 1, 1, 1, 1, 1, 1, 1, 1, 1, 1, 1, 1, 1, 1, 1, 1, 1, 1], "split2_prob": [0.5191572550650614, 0.09160917193579911, 0.3185723828754743, 0.13012039546498771, 0.2604173912388065, 0.21021042034669743, 0.1308234811371724, 0.21504026439195367, 0.1986607991408722, 0.21964633908508188, 0.07050724322268614, 0.17668617672910134, 0.165457566546547, 0.11421067673548317, 0.21364236347090912, 0.11333974529263177, 0.5469218290337498, 0.1336022287860502, 0.12367060234605784, 0.1341805513319444, 0.09039361156544957], "split3_index": [82, 83, 84, 85, 86, 87, 88, 89, 90, 91, 92, 93, 94, 95, 96, 97, 98, 99, 100, 101, 102], "split3_pred": [1, 0, 0, 0, 0, 0, 0, 0, 0, 0, 0, 0, 0, 0, 0, 0, 1, 0, 0, 0, 0], "split3_test": [1, 0, 1, 0, 0, 0, 0, 0, 0, 0, 0, 0, 0, 0, 0, 0, 1, 0, 0, 0, 0], "split3_notXOR": [1, 1, 0, 1, 1, 1, 1, 1, 1, 1, 1, 1, 1, 1, 1, 1, 1, 1, 1, 1, 1], "split3_prob": [0.5048121858615967, 0.15185860580355875, 0.3016293445400616, 0.08484661079153617, 0.19882755344246314, 0.12895551701521035, 0.07477971859221896, 0.13750188549590855, 0.12284986642530828, 0.15055830192600309, 0.04753784007038299, 0.0999326216330705, 0.11151945748164545, 0.059365300928267084, 0.13928513981733437, 0.06561135970724091, 0.5052999020052442, 0.0803889553636115, 0.060508863394847345, 0.07931514503998563, 0.0482331325421918], "split4_index": [103, 104, 105, 106, 107, 108, 109, 110, 111, 112, 113, 114, 115, 116, 117, 118, 119, 120, 121, 122, 123], "split4_pred": [1, 0, 0, 0, 0, 0, 0, 0, 0, 0, 0, 0, 0, 0, 0, 0, 1, 0, 0, 0, 0], "split4_test": [1, 0, 1, 0, 0, 0, 0, 0, 0, 0, 0, 0, 0, 0, 0, 0, 1, 0, 0, 0, 0], "split4_notXOR": [1, 1, 0, 1, 1, 1, 1, 1, 1, 1, 1, 1, 1, 1, 1, 1, 1, 1, 1, 1, 1], "split4_prob": [0.6489839456000196, 0.11420420168651024, 0.4193749183433474, 0.10203879204542882, 0.249521070090842, 0.12843162058322868, 0.09670515263615272, 0.16050970432173176, 0.1254303317342911, 0.19207461302809356, 0.07466745628627938, 0.10927008687429059, 0.11771083882630727, 0.07189734345892541, 0.16932412653600332, 0.08702265169168262, 0.5949764342035475, 0.09124375898021117, 0.04662111603417299, 0.06978884379558312, 0.047438647666866375], "split5_index": [124, 125, 126, 127, 128, 129, 130, 131, 132, 133, 134, 135, 136, 137, 138, 139, 140, 141, 142, 143, 144], "split5_pred": [1, 0, 0, 0, 0, 0, 0, 0, 0, 0, 0, 0, 0, 0, 0, 0, 1, 0, 0, 0, 0], "split5_test": [1, 0, 1, 0, 0, 0, 0, 0, 0, 0, 0, 0, 0, 0, 0, 0, 1, 0, 0, 0, 0], "split5_notXOR": [1, 1, 0, 1, 1, 1, 1, 1, 1, 1, 1, 1, 1, 1, 1, 1, 1, 1, 1, 1, 1], "split5_prob": [0.70121197941303, 0.08979239896750853, 0.455885024651465, 0.08401319316301646, 0.24611859741318057, 0.1167865863434028, 0.07997377182744231, 0.055270746289409256, 0.11390416439530553, 0.1837765174721735, 0.034757642739734036, 0.09795235514057572, 0.10525667678859502, 0.06225508236932725, 0.17937030659134842, 0.07138386798123925, 0.6794007231719317, 0.16087656350133395, 0.03736098022304397, 0.059560181279575374, 0.0377668368763315], "split6_index": [145, 146, 147, 148, 149, 150, 151, 152, 153, 154, 155, 156, 157, 158, 159, 160, 161, 162, 163, 164, 165], "split6_pred": [1, 0, 1, 0, 0, 0, 0, 0, 0, 0, 0, 0, 0, 0, 0, 0, 1, 0, 0, 0, 0], "split6_test": [1, 0, 1, 0, 0, 0, 0, 0, 0, 0, 0, 0, 0, 0, 0, 0, 1, 0, 0, 0, 0], "split6_notXOR": [1, 1, 1, 1, 1, 1, 1, 1, 1, 1, 1, 1, 1, 1, 1, 1, 1, 1, 1, 1, 1], "split6_prob": [0.7572886953407122, 0.08096889491756058, 0.5090573298985936, 0.08192922218120363, 0.24806736010627903, 0.10904566467125269, 0.07758626534676305, 0.04473378038608129, 0.10604473021825568, 0.18201288965604823, 0.034776485602833675, 0.0920860434546583, 0.09926122374144389, 0.05877100474296797, 0.15971666587062539, 0.06668895650505229, 0.7033136283176101, 0.13892009585339646, 0.03151206693543359, 0.05365455811816184, 0.032827926934688195], "split7_index": [166, 167, 168, 169, 170, 171, 172, 173, 174, 175, 176, 177, 178, 179, 180, 181, 182, 183, 184, 185, 186], "split7_pred": [1, 0, 1, 0, 0, 0, 0, 0, 0, 0, 0, 0, 0, 0, 0, 0, 1, 0, 0, 0, 0], "split7_test": [1, 0, 1, 0, 0, 0, 0, 1, 0, 0, 0, 0, 0, 0, 0, 0, 1, 0, 0, 0, 1], "split7_notXOR": [1, 1, 1, 1, 1, 1, 1, 0, 1, 1, 1, 1, 1, 1, 1, 1, 1, 1, 1, 1, 0], "split7_prob": [0.7836898308626028, 0.061238474883171516, 0.5327056451105369, 0.06340253421009008, 0.21015018289436427, 0.0836913879530611, 0.05910824479753268, 0.020824136188836353, 0.0812738351603816, 0.15093405111495325, 0.04977927648841437, 0.0705472569055997, 0.07668353943661756, 0.04367857082048275, 0.1276309840851764, 0.051293803289824295, 0.6967616777806889, 0.1109010701031335, 0.02201938576368397, 0.05814666077223208, 0.012813108770893367], "split8_index": [187, 188, 189, 190, 191, 192, 193, 194, 195, 196, 197, 198, 199, 200, 201, 202, 203, 204, 205, 206, 207], "split8_pred": [1, 0, 0, 0, 0, 0, 0, 0, 0, 0, 0, 0, 0, 0, 0, 0, 1, 0, 0, 0, 0], "split8_test": [1, 0, 1, 0, 0, 0, 0, 1, 0, 0, 0, 0, 0, 0, 0, 0, 1, 0, 0, 0, 1], "split8_notXOR": [1, 1, 0, 1, 1, 1, 1, 0, 1, 1, 1, 1, 1, 1, 1, 1, 1, 1, 1, 1, 0], "split8_prob": [0.7838083037027803, 0.15185765083308506, 0.4535846051955747, 0.06481048421178778, 0.18911242245028084, 0.08441754666224081, 0.05470733195880018, 0.17836652152045676, 0.08171288872182066, 0.16125959251188157, 0.029918607128342326, 0.07345669029136878, 0.05488550869862053, 0.037740931338433543, 0.15327303455077873, 0.0403186098844101, 0.7189780196957903, 0.0961818264499917, 0.012309483719092665, 0.04790197529988275, 0.17783694922506352], "split9_index": [208, 209, 210, 211, 212, 213, 214, 215, 216, 217, 218, 219, 220, 221, 222, 223, 224, 225, 226, 227, 228], "split9_pred": [1, 0, 0, 0, 0, 0, 0, 1, 0, 0, 0, 0, 0, 0, 0, 0, 0, 0, 0, 0, 1], "split9_test": [1, 0, 1, 0, 0, 0, 0, 1, 0, 0, 0, 0, 0, 0, 0, 0, 1, 0, 0, 0, 1], "split9_notXOR": [1, 1, 0, 1, 1, 1, 1, 1, 1, 1, 1, 1, 1, 1, 1, 1, 0, 1, 1, 1, 1],