{"split0_index": [8, 9, 10, 11, 12, 13, 14, 15], "split0_pred": [0, 0, 0, 0, 0, 0, 0, 0], "split0_test": [0, 0, 1, 0, 0, 0, 0, 0], "split0_notXOR": [1, 1, 0, 1, 1, 1, 1, 1], "split0_prob": [0.5, 0.5, 0.5, 0.5, 0.5, 0.5, 0.5, 0.5], "split1_index": [16, 17, 18, 19, 20, 21, 22, 23], "split1_pred": [1, 1, 1, 1, 1, 0, 1, 1], "split1_test": [0, 0, 1, 0, 0, 0, 0, 0], "split1_notXOR": [0, 0, 1, 0, 0, 1, 0, 0], "split1_prob": [0.8940761808725535, 0.8940761808725535, 0.8940761808725535, 0.8940761808725535, 0.8940761808725535, 0.07558939306900682, 0.8940761808725535, 0.8940761808725535], "split2_index": [24, 25, 26, 27, 28, 29, 30, 31], "split2_pred": [1, 1, 1, 1, 1, 1, 1, 1], "split2_test": [0, 0, 1, 0, 0, 0, 0, 0], "split2_notXOR": [0, 0, 1, 0, 0, 0, 0, 0], "split2_prob": [0.6773218492164784, 0.6773218492164784, 0.6773218492164784, 0.6773218492164784, 0.6773218492164784, 0.6773218492164784, 0.6773218492164784, 0.6773218492164784], "split3_index": [32, 33, 34, 35, 36, 37, 38, 39], "split3_pred": [1, 1, 1, 1, 1, 1, 1, 1], "split3_test": [0, 0, 1, 0, 0, 0, 0, 0], "split3_notXOR": [0, 0, 1, 0, 0, 0, 0, 0], "split3_prob": [0.9349796526426093, 0.9349796526426093, 0.9349796526426093, 0.9349796526426093, 0.9349796526426093, 0.9349796526426093, 0.9349796526426093, 0.9349796526426093], "split4_index": [40, 41, 42, 43, 44, 45, 46, 47], "split4_pred": [0, 1, 0, 0, 0, 1, 1, 0], "split4_test": [0, 0, 1, 0, 0, 0, 0, 0], "split4_notXOR": [1, 0, 0, 1, 1, 0, 0, 1], "split4_prob": [0.10817471371083824, 0.6495997439069472, 0.23955522731162326, 0.20185941206809893, 0.1280335764880034, 0.6495997439069472, 0.6495997439069472, 0.149667662096269], "split5_index": [48, 49, 50, 51, 52, 53, 54, 55], "split5_pred": [0, 0, 0, 0, 0, 0, 0, 0], "split5_test": [0, 0, 1, 0, 0, 0, 0, 0], "split5_notXOR": [1, 1, 0, 1, 1, 1, 1, 1], "split5_prob": [0.05211935190094351, 0.061917195895060236, 0.026789838165806792, 0.061917195895060236, 0.061917195895060236, 0.026789838165806792, 0.061917195895060236, 0.30469551658277866], "split6_index": [56, 57, 58, 59, 60, 61, 62, 63], "split6_pred": [1, 1, 1, 1, 1, 1, 1, 1], "split6_test": [0, 0, 1, 0, 0, 0, 0, 0], "split6_notXOR": [0, 0, 1, 0, 0, 0, 0, 0], "split6_prob": [0.7512266564457589, 0.619523342507392, 0.6195984811623716, 0.619523342507392, 0.619523342507392, 0.619523342507392, 0.619523342507392, 0.619523342507392], "split7_index": [64, 65, 66, 67, 68, 69, 70, 71], "split7_pred": [1, 0, 0, 0, 0, 0, 0, 0], "split7_test": [0, 0, 1, 0, 0, 0, 0, 0], "split7_notXOR": [0, 1, 0, 1, 1, 1, 1, 1], "split7_prob": [0.9999999958351851, 0.39803725399859374, 0.39803725399859374, 0.39803725399859374, 0.39803725399859374, 0.39803725399859374, 0.39803725399859374, 0.39803725399859374]}