{"split0_index": [5, 6, 7, 8, 9], "split0_pred": [1, 1, 1, 1, 1], "split0_test": [1, 0, 1, 0, 1], "split0_notXOR": [1, 0, 1, 0, 1], "split0_prob": [0.5880000000000003, 0.5880000000000003, 0.5880000000000003, 0.5880000000000003, 0.5880000000000003], "split1_index": [10, 11, 12, 13, 14], "split1_pred": [1, 1, 1, 1, 1], "split1_test": [1, 0, 1, 1, 1], "split1_notXOR": [1, 0, 1, 1, 1], "split1_prob": [0.8223888888888886, 0.5591031746031744, 0.5591031746031744, 0.79475, 0.6007698412698411], "split2_index": [15, 16, 17, 18, 19], "split2_pred": [1, 1, 1, 1, 1], "split2_test": [1, 0, 1, 1, 1], "split2_notXOR": [1, 0, 1, 1, 1], "split2_prob": [0.9733846153846154, 0.5558524531024532, 0.5558524531024532, 0.9638333333333334, 0.8747331002331002], "split3_index": [20, 21, 22, 23, 24, 25, 26], "split3_pred": [1, 1, 1, 1, 1, 1, 1], "split3_test": [1, 0, 1, 1, 0, 1, 1], "split3_notXOR": [1, 0, 1, 1, 0, 1, 1], "split3_prob": [0.9921666666666666, 0.5591846854126267, 0.7725417915417913, 0.5591846854126267, 0.5591846854126267, 0.6855121357400769, 0.5591846854126267], "split4_index": [27, 28, 29, 30, 31, 32, 33], "split4_pred": [1, 1, 1, 1, 1, 1, 1], "split4_test": [0, 1, 1, 1, 0, 1, 1], "split4_notXOR": [0, 1, 1, 1, 0, 1, 1], "split4_prob": [0.5580369937136492, 1.0, 0.5580369937136492, 0.5580369937136492, 0.5580369937136492, 0.5580369937136492, 1.0], "split5_index": [34, 35, 36, 37, 38, 39, 40], "split5_pred": [1, 1, 1, 1, 1, 1, 1], "split5_test": [0, 1, 1, 1, 0, 1, 1], "split5_notXOR": [0, 1, 1, 1, 0, 1, 1], "split5_prob": [0.5826091650848515, 0.5826091650848515, 0.5826091650848515, 0.5826091650848515, 0.5826091650848515, 0.9907371794871795, 0.5826091650848515], "split6_index": [41, 42, 43, 44, 45, 46, 47], "split6_pred": [1, 1, 1, 0, 1, 1, 1], "split6_test": [0, 1, 1, 1, 0, 1, 1], "split6_notXOR": [0, 1, 1, 0, 0, 1, 1], "split6_prob": [0.591377634973556, 0.6313638114929511, 0.591377634973556, 0.49138727377274644, 0.591377634973556, 0.591377634973556, 0.591377634973556], "split7_index": [48, 49, 50, 51, 52, 53, 54], "split7_pred": [1, 1, 1, 1, 1, 1, 1], "split7_test": [0, 1, 1, 1, 0, 1, 1], "split7_notXOR": [0, 1, 1, 1, 0, 1, 1], "split7_prob": [0.5884256621176537, 0.5884256621176537, 0.5884256621176537, 0.5884256621176537, 0.5884256621176537, 0.850562114423098, 0.5884256621176537], "split8_index": [55, 56, 57, 58, 59, 60, 61], "split8_pred": [1, 1, 1, 1, 1, 1, 1], "split8_test": [0, 1, 1, 1, 0, 1, 1], "split8_notXOR": [0, 1, 1, 1, 0, 1, 1], "split8_prob": [0.6142939066019429, 0.6142939066019429, 0.6142939066019429, 0.6142939066019429, 0.6142939066019429, 0.6142939066019429, 0.6142939066019429], "split9_index": [62, 63, 64, 65, 66, 67, 68], "split9_pred": [1, 1, 1, 1, 1, 1, 1], "split9_test": [0, 1, 1, 1, 0, 1, 1], "split9_notXOR": [0, 1, 1, 1, 0, 1, 1], "split9_prob": [0.6158874465974084, 0.6544051916437766, 0.6158874465974084, 0.6158874465974084, 0.6158874465974084, 1.0, 0.6158874465974084], "split10_index": [69, 70, 71, 72, 73, 74, 75], "split10_pred": [1, 1, 1, 1, 1, 1, 1], "split10_test": [0, 0, 0, 0, 0, 1, 1], "split10_notXOR": [0, 0, 0, 0, 0, 1, 1], "split10_prob": [0.6140781089261285, 1.0, 0.919586724877442, 0.964381682861824, 0.6140781089261285, 1.0, 0.9954385964912281], "split11_index": [76, 77, 78, 79, 80, 81, 82], "split11_pred": [1, 1, 1, 1, 1, 1, 1], "split11_test": [0, 0, 0, 0, 0, 1, 1], "split11_notXOR": [0, 0, 0, 0, 0, 1, 1], "split11_prob": [0.9238965604833269, 0.9283700746952132, 0.5852528491092817, 1.0, 0.5852528491092817, 0.5852528491092817, 0.5852528491092817], "split12_index": [83, 84, 85, 86, 87, 88, 89, 90, 91, 92, 93], "split12_pred": [1, 1, 1, 1, 1, 1, 1, 1, 1, 1, 1], "split12_test": [0, 0, 0, 0, 0, 1, 0, 0, 0, 0, 0], "split12_notXOR": [0, 0, 0, 0, 0, 1, 0, 0, 0, 0, 0], "split12_prob": [0.571893651186567, 0.571893651186567, 0.571893651186567, 0.571893651186567, 0.571893651186567, 0.832067700958067, 0.571893651186567, 0.571893651186567, 0.571893651186567, 0.571893651186567, 0.91], "split13_index": [94, 95, 96, 97, 98, 99, 100, 101, 102, 103, 104, 105], "split13_pred": [1, 1, 1, 1, 1, 1, 1, 1, 1, 1, 1, 1], "split13_test": [0, 0, 0, 0, 0, 0, 1, 0, 0, 0, 0, 0], "split13_notXOR": [0, 0, 0, 0, 0, 0, 1, 0, 0, 0, 0, 0], "split13_prob": [0.5286833151051864, 0.5286833151051864, 0.5286833151051864, 0.53, 0.76, 0.7433130385322981, 0.5286833151051864, 0.5315283033498759, 0.51, 0.5286833151051864, 0.5286833151051864, 0.7484692885322981], "split14_index": [106, 107, 108, 109, 110, 111, 112, 113, 114, 115, 116, 117, 118], "split14_pred": [0, 0, 0, 0, 0, 0, 0, 0, 0, 0, 0, 0, 0], "split14_test": [0, 0, 0, 0, 0, 0, 0, 1, 0, 0, 0, 0, 0], "split14_notXOR": [1, 1, 1, 1, 1, 1, 1, 0, 1, 1, 1, 1, 1], "split14_prob": [0.4873232221336867, 0.4873232221336867, 0.4873232221336867, 0.4873232221336867, 0.19833333333333333, 0.4873232221336867, 0.4873232221336867, 0.4873232221336867, 0.4873232221336867, 0.4873232221336867, 0.4873232221336867, 0.4873232221336867, 0.4873232221336867], "split15_index": [119, 120, 121, 122, 123, 124, 125, 126, 127, 128, 129, 130, 131], "split15_pred": [0, 0, 0, 1, 0, 0, 0, 0, 0, 0, 0, 1, 0], "split15_test": [0, 0, 0, 0, 0, 0, 0, 1, 0, 0, 0, 0, 1], "split15_notXOR": [1, 1, 1, 0, 1, 1, 1, 0, 1, 1, 1, 0, 0], "split15_prob": [0.4313739330023369, 0.4313739330023369, 0.4313739330023369, 0.85, 0.4313739330023369, 0.4313739330023369, 0.4313739330023369, 0.4313739330023369, 0.4313739330023369, 0.4313739330023369, 0.4313739330023369, 0.63, 0.22], "split16_index": [132, 133, 134, 135, 136, 137, 138, 139, 140, 141, 142, 143, 144, 145, 146], "split16_pred": [1, 0, 0, 0, 1, 0, 0, 0, 1, 0, 0, 0, 0, 1, 0], "split16_test": [0, 0, 0, 0, 0, 0, 0, 1, 0, 0, 0, 0, 0, 0, 1], "split16_notXOR": [0, 1, 1, 1, 0, 1, 1, 0, 0, 1, 1, 1, 1, 0, 0], "split16_prob": [0.54, 0.3945194726150231, 0.3945194726150231, 0.3945194726150231, 0.7830999152428586, 0.14133333333333334, 0.3945194726150231, 0.3945194726150231, 0.68, 0.3945194726150231, 0.39166666666666666, 0.417000487121528, 0.3945194726150231, 0.5257160969866264, 0.3945194726150231], "split17_index": [147, 148, 149, 150, 151, 152, 153, 154, 155, 156, 157, 158, 159, 160, 161], "split17_pred": [0, 0, 0, 0, 0, 1, 0, 0, 0, 0, 0, 0, 0, 0, 0], "split17_test": [0, 0, 0, 0, 0, 0, 0, 0, 0, 0, 0, 0, 0, 0, 1], "split17_notXOR": [1, 1, 1, 1, 1, 0, 1, 1, 1, 1, 1, 1, 1, 1, 0], "split17_prob": [0.3822292114769137, 0.3822292114769137, 0.08116666666666666, 0.3822292114769137, 0.3822292114769137, 0.56, 0.3822292114769137, 0.18816666666666668, 0.3822292114769137, 0.3896146235079221, 0.3822292114769137, 0.46288231770114036, 0.3822292114769137, 0.3822292114769137, 0.3822292114769137], "split18_index": [162, 163, 164, 165, 166, 167, 168, 169, 170, 171, 172, 173, 174, 175, 176, 177], "split18_pred": [0, 0, 0, 0, 0, 0, 0, 1, 0, 0, 0, 0, 0, 0, 0, 0], "split18_test": [0, 0, 0, 0, 0, 0, 0, 0, 0, 0, 0, 0, 0, 0, 0, 1], "split18_notXOR": [1, 1, 1, 1, 1, 1, 1, 0, 1, 1, 1, 1, 1, 1, 1, 0], "split18_prob": [0.3540838809786503, 0.3540838809786503, 0.3540838809786503, 0.3540838809786503, 0.3540838809786503, 0.1, 0.3540838809786503, 0.65, 0.3540838809786503, 0.3540838809786503, 0.3540838809786503, 0.3540838809786503, 0.3540838809786503, 0.3540838809786503, 0.3540838809786503, 0.3540838809786503], "split19_index": [178, 179, 180, 181, 182, 183, 184, 185, 186, 187, 188, 189, 190, 191, 192, 193], "split19_pred": [0, 0, 0, 0, 0, 0, 0, 0, 0, 0, 0, 0, 0, 0, 0, 0], "split19_test": [0, 0, 0, 0, 0, 0, 0, 0, 0, 0, 0, 0, 0, 0, 0, 1], "split19_notXOR": [1, 1, 1, 1, 1, 1, 1, 1, 1, 1, 1, 1, 1, 1, 1, 0], "split19_prob": [0.32011203027017116, 0.32011203027017116, 0.32011203027017116, 0.32011203027017116, 0.32011203027017116, 0.32011203027017116, 0.32011203027017116, 0.43276422764227646, 0.32011203027017116, 0.32011203027017116, 0.32011203027017116, 0.32011203027017116, 0.32011203027017116, 0.32011203027017116, 0.32011203027017116, 0.32011203027017116], "split20_index": [194, 195, 196, 197, 198, 199, 200, 201, 202, 203, 204, 205, 206, 207, 208, 209, 210, 211, 212],