{"split0_index": [13, 14, 15, 16, 17, 18, 19, 20, 21, 22, 23, 24, 25], "split0_pred": [1, 0, 1, 1, 0, 1, 1, 0, 1, 1, 0, 0, 1], "split0_test": [0, 0, 1, 0, 0, 1, 0, 0, 0, 0, 0, 0, 1], "split0_notXOR": [0, 1, 1, 0, 1, 1, 0, 1, 0, 0, 1, 1, 1], "split0_prob": [1.0, 0.0, 1.0, 1.0, 0.0, 1.0, 1.0, 0.0, 1.0, 1.0, 0.0, 0.0, 1.0], "split1_index": [26, 27, 28, 29, 30, 31, 32, 33, 34, 35, 36, 37, 38, 39, 40, 41], "split1_pred": [0, 0, 0, 1, 1, 0, 1, 1, 0, 1, 1, 0, 0, 1, 1, 0], "split1_test": [0, 1, 0, 0, 0, 0, 1, 0, 0, 0, 0, 0, 0, 0, 1, 0], "split1_notXOR": [1, 0, 1, 0, 0, 1, 1, 0, 1, 0, 0, 1, 1, 0, 1, 1], "split1_prob": [4.913591370976095e-25, 4.496444307070712e-27, 1.8291904526817013e-30, 1.0, 1.0, 1.4450218729892624e-34, 1.0, 1.0, 0.0, 1.0, 0.9999999992037436, 4.2467699655545267e-35, 7.403693553669133e-86, 1.0, 1.0, 1.1387069276167967e-29], "split2_index": [42, 43, 44, 45, 46, 47, 48, 49, 50, 51, 52, 53, 54, 55, 56, 57, 58], "split2_pred": [1, 1, 0, 1, 0, 0, 1, 1, 0, 0, 1, 1, 0, 0, 0, 1, 1], "split2_test": [0, 0, 0, 0, 0, 0, 1, 0, 0, 0, 0, 0, 0, 0, 0, 1, 0], "split2_notXOR": [0, 0, 1, 0, 1, 1, 1, 0, 1, 1, 0, 0, 1, 1, 1, 1, 0], "split2_prob": [1.0, 1.0, 6.051051000962871e-15, 1.0, 0.22551954517744127, 1.8430054637170113e-16, 1.0, 1.0, 5.4797235465224896e-21, 1.5293892197252612e-54, 0.9999999999997637, 1.0, 2.58374683704179e-17, 1.1925151441473322e-30, 6.721901936057396e-29, 1.0, 1.0], "split3_index": [59, 60, 61, 62, 63, 64, 65, 66, 67, 68, 69, 70, 71, 72, 73, 74, 75], "split3_pred": [0, 1, 0, 1, 0, 0, 1, 0, 0, 0, 0, 0, 0, 0, 0, 1, 0], "split3_test": [0, 0, 0, 0, 0, 0, 1, 0, 0, 0, 0, 0, 0, 0, 0, 1, 0], "split3_notXOR": [1, 0, 1, 0, 1, 1, 1, 1, 1, 1, 1, 1, 1, 1, 1, 1, 1], "split3_prob": [6.107875556882439e-10, 1.0, 1.7018768088938525e-10, 1.0, 3.667564056385209e-13, 2.29503816239358e-13, 1.0, 3.0675475100451e-35, 4.3396353677019564e-13, 0.0, 5.340751163567985e-08, 4.279386838195292e-09, 1.2880467329992002e-13, 1.9101613936945758e-29, 1.5956341022140203e-10, 1.0, 3.410437082289496e-10], "split4_index": [76, 77, 78, 79, 80, 81, 82, 83, 84, 85, 86, 87, 88, 89, 90], "split4_pred": [1, 0, 0, 1, 0, 1, 0, 0, 0, 1, 1, 0, 0, 0, 1], "split4_test": [0, 0, 0, 0, 0, 0, 1, 0, 0, 0, 0, 0, 0, 1, 0], "split4_notXOR": [0, 1, 1, 0, 1, 0, 0, 1, 1, 0, 0, 1, 1, 0, 0], "split4_prob": [0.6843393985878502, 0.002813979055587148, 2.180871479608408e-57, 0.8109585550774562, 0.10962345267470232, 0.9999874194676435, 1.8793632038638404e-06, 0.00029346819012186434, 0.0004088199536002615, 0.5500915117485053, 0.8066428380536284, 0.0029051716393142524, 6.97843908245899e-07, 1.9731866108517402e-11, 1.0], "split5_index": [91, 92, 93, 94, 95, 96, 97, 98, 99, 100, 101, 102, 103, 104, 105, 106], "split5_pred": [0, 1, 0, 0, 0, 1, 1, 0, 0, 1, 0, 1, 0, 0, 1, 1], "split5_test": [0, 0, 0, 0, 0, 0, 1, 0, 0, 0, 0, 0, 0, 0, 1, 0], "split5_notXOR": [1, 0, 1, 1, 1, 0, 1, 1, 1, 0, 1, 0, 1, 1, 1, 0], "split5_prob": [0.037803067804499844, 0.9208122090031844, 0.0019770482568260022, 0.022139154216187108, 0.0001010935936981208, 0.9989938318367532, 0.9960493504449505, 4.897221211758713e-06, 1.5621074933875506e-07, 0.9298819160946628, 0.0010370420843402925, 0.9999999980989189, 0.00013688688879974817, 1.2133631951412038e-08, 0.9994214221812588, 1.0], "split6_index": [107, 108, 109, 110, 111, 112, 113, 114, 115, 116, 117, 118, 119, 120, 121, 122], "split6_pred": [0, 0, 0, 0, 0, 0, 1, 0, 0, 0, 0, 1, 0, 0, 1, 1], "split6_test": [0, 0, 0, 0, 0, 0, 0, 0, 0, 0, 0, 0, 0, 0, 0, 1], "split6_notXOR": [1, 1, 1, 1, 1, 1, 0, 1, 1, 1, 1, 0, 1, 1, 0, 1], "split6_prob": [0.31770638854564714, 0.0003951934791401645, 4.738608082782161e-07, 0.004355910399772176, 0.0003704542979047697, 0.2245896964057077, 1.0, 2.5875734244324816e-06, 5.600950441911268e-07, 0.20899316186386302, 0.08299337598076051, 0.9929089092785744, 0.0002126717344329976, 2.8521661116010357e-08, 0.9999800903946379, 0.9999999591566537]}