{"split0_index": [8, 9, 10, 11, 12, 13, 14, 15], "split0_pred": [0, 0, 0, 1, 0, 1, 0, 0], "split0_test": [0, 0, 0, 1, 0, 1, 0, 0], "split0_notXOR": [1, 1, 1, 1, 1, 1, 1, 1], "split0_prob": [0.01, 0.2, 0.01, 0.71, 0.01, 0.69, 0.07, 0.19], "split1_index": [16, 17, 18, 19, 20, 21, 22, 23], "split1_pred": [0, 0, 0, 0, 0, 0, 0, 0], "split1_test": [0, 0, 0, 1, 0, 1, 0, 0], "split1_notXOR": [1, 1, 1, 0, 1, 0, 1, 1], "split1_prob": [0.0, 0.0, 0.0, 0.0, 0.0, 0.0, 0.0, 0.0], "split2_index": [24, 25, 26, 27, 28, 29, 30, 31], "split2_pred": [0, 0, 0, 0, 0, 0, 0, 1], "split2_test": [0, 0, 0, 1, 0, 1, 0, 0], "split2_notXOR": [1, 1, 1, 0, 1, 0, 1, 0], "split2_prob": [0.0, 0.0, 0.0, 0.0, 0.0, 0.0, 0.0, 0.82], "split3_index": [32, 33, 34, 35, 36, 37, 38, 39, 40, 41], "split3_pred": [0, 0, 0, 0, 0, 0, 0, 0, 0, 0], "split3_test": [0, 0, 0, 1, 0, 0, 0, 1, 0, 0], "split3_notXOR": [1, 1, 1, 0, 1, 1, 1, 0, 1, 1], "split3_prob": [0.2016457431457431, 0.0, 0.2016457431457431, 0.2016457431457431, 0.2016457431457431, 0.0, 0.3524444444444444, 0.0024444444444444444, 0.2016457431457431, 0.17], "split4_index": [42, 43, 44, 45, 46, 47, 48, 49, 50, 51], "split4_pred": [1, 0, 0, 0, 0, 0, 0, 0, 0, 0], "split4_test": [0, 0, 0, 1, 0, 0, 0, 1, 0, 0], "split4_notXOR": [0, 1, 1, 0, 1, 1, 1, 0, 1, 1], "split4_prob": [0.8156666666666667, 0.21136329189386457, 0.21136329189386457, 0.21136329189386457, 0.21136329189386457, 0.20364285714285707, 0.21136329189386457, 0.20364285714285707, 0.0, 0.07], "split5_index": [52, 53, 54, 55, 56, 57, 58, 59, 60, 61], "split5_pred": [0, 0, 0, 0, 0, 0, 0, 0, 0, 0], "split5_test": [0, 0, 0, 1, 0, 0, 0, 1, 0, 0], "split5_notXOR": [1, 1, 1, 0, 1, 1, 1, 0, 1, 1], "split5_prob": [0.39297619047619053, 0.3898809523809524, 0.12275382950382947, 0.2715681818181817, 0.12275382950382947, 0.39297619047619053, 0.12275382950382947, 0.12275382950382947, 0.0, 0.01], "split6_index": [62, 63, 64, 65, 66, 67, 68, 69, 70, 71], "split6_pred": [1, 0, 0, 0, 0, 0, 0, 0, 1, 1], "split6_test": [0, 0, 1, 0, 0, 0, 1, 0, 0, 1], "split6_notXOR": [0, 1, 0, 1, 1, 1, 0, 1, 0, 1], "split6_prob": [0.7468730158730158, 0.13885314685314679, 0.28156349206349196, 0.13885314685314679, 0.13885314685314679, 0.13885314685314679, 0.4406904761904763, 0.13885314685314679, 0.7468730158730158, 0.69], "split7_index": [72, 73, 74, 75, 76, 77, 78, 79, 80, 81], "split7_pred": [0, 0, 0, 0, 0, 0, 0, 0, 0, 0], "split7_test": [0, 0, 1, 0, 0, 0, 1, 0, 0, 1], "split7_notXOR": [1, 1, 0, 1, 1, 1, 0, 1, 1, 0], "split7_prob": [0.30406840055369455, 0.30406840055369455, 0.30406840055369455, 0.30406840055369455, 0.30406840055369455, 0.30406840055369455, 0.30406840055369455, 0.30406840055369455, 0.30406840055369455, 0.05], "split8_index": [82, 83, 84, 85, 86, 87, 88, 89, 90, 91], "split8_pred": [0, 0, 0, 0, 0, 0, 0, 0, 0, 0], "split8_test": [0, 0, 1, 0, 0, 0, 1, 0, 0, 1], "split8_notXOR": [1, 1, 0, 1, 1, 1, 0, 1, 1, 0], "split8_prob": [0.26383266247108933, 0.26383266247108933, 0.26383266247108933, 0.26383266247108933, 0.26383266247108933, 0.26383266247108933, 0.26383266247108933, 0.26383266247108933, 0.26383266247108933, 0.2855201465201465], "split9_index": [92, 93, 94, 95, 96, 97, 98, 99, 100, 101], "split9_pred": [0, 0, 0, 0, 0, 0, 0, 0, 0, 0], "split9_test": [1, 0, 1, 0, 0, 0, 1, 0, 0, 1], "split9_notXOR": [0, 1, 0, 1, 1, 1, 0, 1, 1, 0], "split9_prob": [0.1646153530377668, 0.2461227824406092, 0.2461227824406092, 0.2461227824406092, 0.2461227824406092, 0.2461227824406092, 0.2461227824406092, 0.2461227824406092, 0.2461227824406092, 0.33456984969053927], "split10_index": [102, 103, 104, 105, 106, 107, 108, 109, 110, 111], "split10_pred": [0, 0, 0, 0, 1, 0, 0, 0, 0, 0], "split10_test": [1, 0, 0, 0, 0, 0, 1, 0, 0, 0], "split10_notXOR": [0, 1, 1, 1, 0, 1, 0, 1, 1, 1], "split10_prob": [0.4461944444444444, 0.19, 0.16, 0.1125, 0.7635, 0.2, 0.08165106032598293, 0.291, 0.20333333333333337, 0.20099999999999998], "split11_index": [112, 113, 114, 115, 116, 117, 118, 119, 120, 121, 122], "split11_pred": [0, 0, 0, 0, 0, 0, 0, 0, 0, 1, 0], "split11_test": [1, 0, 0, 0, 0, 1, 0, 0, 0, 0, 0], "split11_notXOR": [0, 1, 1, 1, 1, 0, 1, 1, 1, 0, 1], "split11_prob": [0.092, 0.002, 0.042, 0.022000000000000002, 0.01, 0.4999563492063493, 0.032, 0.20016666666666666, 0.09, 0.9, 0.177], "split12_index": [123, 124, 125, 126, 127, 128, 129, 130, 131, 132, 133], "split12_pred": [0, 1, 1, 1, 1, 1, 1, 1, 1, 0, 1], "split12_test": [1, 0, 0, 0, 0, 1, 0, 0, 0, 0, 0], "split12_notXOR": [0, 0, 0, 0, 0, 1, 0, 0, 0, 1, 0], "split12_prob": [0.15, 0.6676428571428571, 0.6676428571428571, 0.6676428571428571, 0.6676428571428571, 0.6676428571428571, 0.6676428571428571, 0.6676428571428571, 0.6676428571428571, 0.42, 0.6676428571428571], "split13_index": [134, 135, 136, 137, 138, 139, 140, 141, 142, 143, 144], "split13_pred": [0, 0, 0, 0, 0, 0, 0, 0, 0, 0, 0], "split13_test": [1, 0, 0, 0, 0, 1, 0, 0, 0, 0, 0], "split13_notXOR": [0, 1, 1, 1, 1, 0, 1, 1, 1, 1, 1], "split13_prob": [0.4381537629037629, 0.15199218673483372, 0.15199218673483372, 0.15199218673483372, 0.15199218673483372, 0.15199218673483372, 0.15199218673483372, 0.15199218673483372, 0.15199218673483372, 0.15199218673483372, 0.15199218673483372], "split14_index": [145, 146, 147, 148, 149, 150, 151, 152, 153, 154, 155], "split14_pred": [1, 1, 0, 0, 0, 0, 0, 1, 0, 0, 0], "split14_test": [1, 0, 0, 0, 0, 1, 0, 0, 0, 0, 0], "split14_notXOR": [1, 0, 1, 1, 1, 0, 1, 0, 1, 1, 1], "split14_prob": [0.7077142857142857, 0.8028333333333335, 0.11123224874540663, 0.11123224874540663, 0.11123224874540663, 0.11123224874540663, 0.11123224874540663, 0.8028333333333335, 0.11123224874540663, 0.11123224874540663, 0.11123224874540663], "split15_index": [156, 157, 158, 159, 160, 161, 162, 163, 164, 165, 166], "split15_pred": [0, 0, 0, 0, 0, 0, 0, 1, 0, 0, 0], "split15_test": [1, 0, 0, 0, 0, 1, 0, 0, 0, 0, 0], "split15_notXOR": [0, 1, 1, 1, 1, 0, 1, 0, 1, 1, 1], "split15_prob": [0.2474057723486785, 0.2474057723486785, 0.2474057723486785, 0.2474057723486785, 0.2474057723486785, 0.2474057723486785, 0.2474057723486785, 0.6601881867067289, 0.2474057723486785, 0.2474057723486785, 0.2474057723486785], "split16_index": [167, 168, 169, 170, 171, 172, 173, 174, 175, 176, 177], "split16_pred": [0, 0, 0, 0, 0, 1, 0, 0, 1, 0, 0], "split16_test": [1, 0, 0, 0, 0, 1, 1, 1, 0, 0, 1], "split16_notXOR": [0, 1, 1, 1, 1, 1, 0, 0, 0, 1, 0], "split16_prob": [0.01, 0.309114938982586, 0.309114938982586, 0.309114938982586, 0.309114938982586, 0.6888654401154404, 0.46116666666666667, 0.3995, 0.6888654401154404, 0.2947538278714749, 0.46116666666666667], "split17_index": [178, 179, 180, 181, 182, 183, 184, 185, 186, 187, 188, 189, 190, 191, 192], "split17_pred": [0, 1, 1, 0, 0, 0, 1, 0, 0, 0, 0, 0, 0, 0, 1], "split17_test": [1, 0, 1, 1, 1, 0, 1, 1, 1, 1, 0, 1, 1, 1, 1], "split17_notXOR": [0, 0, 1, 0, 0, 1, 1, 0, 0, 0, 1, 0, 0, 0, 1], "split17_prob": [0.22, 0.72, 0.86, 0.24, 0.26, 0.39, 0.8631666666666666, 0.25, 0.13, 0.41, 0.07, 0.07, 0.19, 0.3, 0.86], "split18_index": [193, 194, 195, 196, 197, 198, 199, 200, 201, 202, 203, 204, 205, 206, 207], "split18_pred": [0, 1, 0, 0, 0, 0, 0, 0, 1, 0, 0, 0, 0, 0, 0], "split18_test": [1, 0, 1, 1, 1, 0, 1, 1, 1, 1, 0, 1, 1, 1, 1], "split18_notXOR": [0, 0, 0, 0, 0, 1, 0, 0, 1, 0, 1, 0, 0, 0, 0], "split18_prob": [0.12018622064210295, 0.5950833333333333, 0.12018622064210295, 0.12018622064210295, 0.12018622064210295, 0.12018622064210295, 0.12018622064210295, 0.09083333333333332, 0.5788809523809524, 0.09083333333333332, 0.12018622064210295, 0.12018622064210295, 0.12018622064210295, 0.12018622064210295, 0.12018622064210295], "split19_index": [208, 209, 210, 211, 212, 213, 214, 215, 216, 217, 218, 219, 220, 221, 222], "split19_pred": [0, 0, 0, 0, 0, 0, 0, 0, 1, 1, 0, 0, 0, 0, 0], "split19_test": [1, 0, 1, 1, 1, 0, 1, 1, 1, 1, 0, 1, 1, 1, 1], "split19_notXOR": [0, 1, 0, 0, 0, 1, 0, 0, 1, 1, 1, 0, 0, 0, 0],