{"split0_index": [7, 8, 9, 10, 11, 12, 13, 14], "split0_pred": [0, 0, 0, 0, 0, 0, 0, 0], "split0_test": [0, 0, 0, 0, 1, 0, 0, 0], "split0_notXOR": [1, 1, 1, 1, 0, 1, 1, 1], "split0_prob": [0.2173193753478766, 0.2173193753478766, 0.2173193753478766, 0.2173193753478766, 0.2173193753478766, 0.09433839835368231, 0.2173193753478766, 0.2173193753478766], "split1_index": [15, 16, 17, 18, 19, 20, 21, 22], "split1_pred": [0, 0, 0, 0, 0, 0, 0, 0], "split1_test": [0, 0, 0, 0, 0, 0, 0, 1], "split1_notXOR": [1, 1, 1, 1, 1, 1, 1, 0], "split1_prob": [0.17189228043734517, 0.17189228043734517, 0.17189228043734517, 0.17189228043734517, 0.1682150344150293, 0.17189228043734517, 0.17189228043734517, 0.16273562205190223]}