{"split0_index": [7, 8, 9, 10, 11, 12, 13], "split0_pred": [0, 0, 0, 0, 0, 0, 0], "split0_test": [1, 0, 0, 0, 0, 0, 0], "split0_notXOR": [0, 1, 1, 1, 1, 1, 1], "split0_prob": [0.157786847898847, 0.1064018695266083, 0.1064018695266083, 0.1064018695266083, 0.10640186952660825, 0.10640186952660825, 0.10640186952660825], "split1_index": [14, 15, 16, 17, 18, 19, 20], "split1_pred": [0, 0, 0, 0, 0, 0, 0], "split1_test": [1, 0, 0, 0, 0, 0, 0], "split1_notXOR": [0, 1, 1, 1, 1, 1, 1], "split1_prob": [0.2507535315584526, 0.12683580904316483, 0.12683580904316483, 0.12683580904316483, 0.3565480867447249, 0.12683580904316483, 0.12683580904316483], "split2_index": [21, 22, 23, 24, 25, 26, 27, 28, 29, 30], "split2_pred": [0, 0, 0, 0, 0, 0, 0, 0, 1, 0], "split2_test": [1, 0, 0, 0, 0, 0, 0, 0, 0, 0], "split2_notXOR": [0, 1, 1, 1, 1, 1, 1, 1, 0, 1], "split2_prob": [0.030446925152070127, 0.11528621573610037, 0.11528621573610037, 0.11528621573610037, 0.11528621573610037, 0.11528621573610037, 0.11528621573610037, 0.11528621573610037, 0.64850153079647, 0.11528621573610037], "split3_index": [31, 32, 33, 34, 35, 36, 37, 38, 39, 40], "split3_pred": [0, 0, 0, 0, 0, 0, 0, 0, 0, 0], "split3_test": [1, 0, 0, 0, 0, 0, 0, 0, 0, 0], "split3_notXOR": [0, 1, 1, 1, 1, 1, 1, 1, 1, 1], "split3_prob": [0.323357658157664, 0.10472765588351407, 0.10472765588351407, 0.10472765588351407, 0.10472765588351407, 0.10472765588351407, 0.10472765588351407, 0.10472765588351407, 0.10472765588351407, 0.10472765588351407], "split4_index": [41, 42, 43, 44, 45, 46, 47, 48, 49, 50], "split4_pred": [0, 0, 0, 0, 0, 0, 0, 0, 0, 0], "split4_test": [1, 0, 0, 0, 0, 0, 0, 0, 0, 0], "split4_notXOR": [0, 1, 1, 1, 1, 1, 1, 1, 1, 1], "split4_prob": [0.19193076427002267, 0.1296914106216282, 0.1296914106216282, 0.1296914106216282, 0.1296914106216282, 0.1296914106216282, 0.1296914106216282, 0.1296914106216282, 0.1296914106216282, 0.1296914106216282], "split5_index": [51, 52, 53, 54, 55, 56, 57, 58, 59, 60], "split5_pred": [0, 0, 0, 0, 0, 0, 0, 0, 0, 0], "split5_test": [1, 0, 0, 0, 0, 0, 0, 0, 0, 0], "split5_notXOR": [0, 1, 1, 1, 1, 1, 1, 1, 1, 1], "split5_prob": [0.16706412418450736, 0.10883602313097453, 0.16706412418450736, 0.16706412418450736, 0.16706412418450736, 0.16706412418450736, 0.16706412418450736, 0.16706412418450736, 0.16706412418450736, 0.16706412418450736], "split6_index": [61, 62, 63, 64, 65, 66, 67, 68, 69, 70, 71, 72, 73], "split6_pred": [0, 0, 1, 0, 0, 0, 0, 0, 0, 0, 0, 0, 0], "split6_test": [0, 0, 1, 0, 0, 0, 0, 0, 0, 1, 0, 0, 0], "split6_notXOR": [1, 1, 1, 1, 1, 1, 1, 1, 1, 0, 1, 1, 1], "split6_prob": [0.23078940681159552, 0.23078940681159552, 0.9470978355071621, 0.23078940681159552, 0.23078940681159552, 0.23078940681159552, 0.23078940681159552, 0.23078940681159552, 0.23078940681159552, 0.23078940681159552, 0.23078940681159552, 0.23078940681159552, 0.4150653790134378], "split7_index": [74, 75, 76, 77, 78, 79, 80, 81, 82, 83, 84, 85, 86], "split7_pred": [0, 0, 0, 0, 0, 0, 0, 0, 0, 0, 0, 0, 0], "split7_test": [0, 0, 1, 0, 0, 0, 0, 0, 0, 1, 0, 0, 0], "split7_notXOR": [1, 1, 0, 1, 1, 1, 1, 1, 1, 0, 1, 1, 1], "split7_prob": [0.2869453941134799, 0.2869453941134799, 0.2933190869339873, 0.2869453941134799, 0.2869453941134799, 0.2869453941134799, 0.2869453941134799, 0.2869453941134799, 0.2869453941134799, 0.2869453941134799, 0.2869453941134799, 0.2869453941134799, 0.28694539411347997], "split8_index": [87, 88, 89, 90, 91, 92, 93, 94, 95, 96, 97, 98, 99], "split8_pred": [0, 0, 0, 0, 0, 0, 0, 0, 0, 0, 0, 0, 0], "split8_test": [0, 0, 0, 0, 0, 0, 0, 0, 0, 1, 0, 0, 0], "split8_notXOR": [1, 1, 1, 1, 1, 1, 1, 1, 1, 0, 1, 1, 1], "split8_prob": [0.3491973362503518, 0.3491973362503518, 0.4032106167706434, 0.3491973362503518, 0.3491973362503518, 0.3491973362503518, 0.3491973362503518, 0.3491973362503518, 0.3491973362503518, 0.3491973362503518, 0.3491973362503518, 0.3491973362503518, 0.3491973362503518], "split9_index": [100, 101, 102, 103, 104, 105, 106, 107, 108, 109, 110, 111, 112], "split9_pred": [0, 0, 0, 0, 0, 0, 0, 0, 0, 0, 0, 0, 0], "split9_test": [0, 0, 0, 0, 0, 0, 0, 0, 0, 1, 0, 0, 0], "split9_notXOR": [1, 1, 1, 1, 1, 1, 1, 1, 1, 0, 1, 1, 1], "split9_prob": [0.35754470155735885, 0.35754470155735885, 0.35754470155735885, 0.35754470155735885, 0.35754470155735885, 0.35754470155735885, 0.35754470155735885, 0.35754470155735885, 0.35754470155735885, 0.35754470155735885, 0.35754470155735885, 0.35754470155735885, 0.35754470155735885], "split10_index": [113, 114, 115, 116, 117, 118, 119, 120, 121, 122, 123, 124, 125, 126], "split10_pred": [0, 0, 1, 0, 0, 0, 0, 0, 0, 0, 0, 0, 0, 0], "split10_test": [0, 0, 1, 0, 0, 0, 0, 0, 0, 1, 0, 0, 0, 0], "split10_notXOR": [1, 1, 1, 1, 1, 1, 1, 1, 1, 0, 1, 1, 1, 1], "split10_prob": [0.34553444449115955, 0.34553444449115955, 0.9817434305166671, 0.34553444449115955, 0.34553444449115955, 0.34553444449115955, 0.34553444449115955, 0.34553444449115955, 0.34553444449115955, 0.34553444449115955, 0.34553444449115955, 0.34553444449115955, 0.3578153668220638, 0.34553444449115966], "split11_index": [127, 128, 129, 130, 131, 132, 133, 134, 135, 136, 137, 138, 139, 140], "split11_pred": [0, 0, 0, 0, 0, 0, 0, 0, 0, 0, 0, 0, 0, 0], "split11_test": [0, 0, 1, 0, 0, 0, 0, 0, 0, 1, 0, 0, 0, 0], "split11_notXOR": [1, 1, 0, 1, 1, 1, 1, 1, 1, 0, 1, 1, 1, 1], "split11_prob": [0.3656704389388442, 0.29292386508817864, 0.03405955515836933, 0.3656704389388442, 0.3656704389388442, 0.3656704389388442, 0.2714612223559894, 0.3656704389388442, 0.19164766997052493, 0.3656704389388442, 0.3656704389388442, 0.3656704389388442, 0.3656704389388442, 0.3656704389388442], "split12_index": [141, 142, 143, 144, 145, 146, 147, 148, 149, 150, 151, 152, 153, 154], "split12_pred": [0, 0, 1, 0, 0, 0, 0, 0, 0, 0, 0, 0, 0, 0], "split12_test": [0, 0, 1, 0, 0, 0, 0, 0, 0, 0, 0, 0, 0, 0], "split12_notXOR": [1, 1, 1, 1, 1, 1, 1, 1, 1, 1, 1, 1, 1, 1], "split12_prob": [0.36206176501534254, 0.36206176501534254, 0.9380344526761081, 0.08594803450734456, 0.36206176501534254, 0.36206176501534254, 0.36206176501534254, 0.36206176501534254, 0.36206176501534254, 0.36206176501534254, 0.36206176501534254, 0.36206176501534254, 0.36206176501534254, 0.36206176501534254], "split13_index": [155, 156, 157, 158, 159, 160, 161, 162, 163, 164, 165, 166, 167, 168, 169], "split13_pred": [0, 0, 1, 0, 1, 0, 0, 1, 0, 0, 0, 1, 0, 0, 1], "split13_test": [0, 0, 1, 0, 0, 0, 0, 0, 0, 0, 0, 0, 0, 0, 0], "split13_notXOR": [1, 1, 1, 1, 0, 1, 1, 0, 1, 1, 1, 0, 1, 1, 0], "split13_prob": [0.34190057167104565, 0.35371912554573365, 0.9999966353311057, 0.35371912554573365, 0.9786119365307769, 0.33606301157394247, 0.33606301157394247, 0.992077217567074, 0.33606301157394247, 0.326174026814896, 0.33606301157394247, 0.5311591225231894, 0.3360630115739424, 0.3360630115739424, 0.5307917487008197], "split14_index": [170, 171, 172, 173, 174, 175, 176, 177, 178, 179, 180, 181, 182, 183, 184], "split14_pred": [0, 0, 0, 0, 0, 0, 0, 0, 0, 0, 0, 0, 0, 0, 0], "split14_test": [0, 0, 1, 0, 0, 0, 0, 0, 0, 0, 0, 0, 0, 0, 0], "split14_notXOR": [1, 1, 0, 1, 1, 1, 1, 1, 1, 1, 1, 1, 1, 1, 1], "split14_prob": [0.3347144328259464, 0.3347144328259464, 0.3446484478719754, 0.3347144328259464, 0.3347144328259464, 0.3347144328259464, 0.3347144328259464, 0.3347144328259464, 0.3347144328259464, 0.3347144328259464, 0.3347144328259464, 0.3347144328259464, 0.3413214747467036, 0.34631768671825863, 0.3347144328259464], "split15_index": [185, 186, 187, 188, 189, 190, 191, 192, 193, 194, 195, 196, 197, 198, 199, 200], "split15_pred": [0, 0, 1, 0, 0, 0, 0, 0, 0, 1, 0, 0, 0, 0, 0, 0], "split15_test": [0, 0, 1, 0, 0, 0, 0, 0, 0, 0, 0, 0, 0, 0, 0, 0], "split15_notXOR": [1, 1, 1, 1, 1, 1, 1, 1, 1, 0, 1, 1, 1, 1, 1, 1],