{"split0_index": [24, 25, 26, 27, 28, 29, 30, 31, 32, 33, 34, 35, 36, 37, 38, 39, 40, 41, 42, 43, 44, 45, 46, 47], "split0_pred": [0, 0, 1, 0, 0, 0, 0, 0, 0, 0, 0, 0, 0, 0, 0, 0, 0, 0, 0, 0, 0, 0, 0, 0], "split0_test": [0, 0, 1, 0, 0, 0, 0, 0, 0, 0, 0, 0, 0, 0, 0, 0, 0, 0, 0, 0, 0, 0, 0, 0], "split0_notXOR": [1, 1, 1, 1, 1, 1, 1, 1, 1, 1, 1, 1, 1, 1, 1, 1, 1, 1, 1, 1, 1, 1, 1, 1], "split0_prob": [0.06780911171372288, 0.07225831840062477, 0.0080252451432779, 0.07068652472360738, 0.0715585165945626, 0.07056548983042378, 0.0677522824989523, 0.06780911169680703, 0.06796408286457652, 0.07071191728566133, 0.06889875745194257, 0.06779251672994223, 0.06996250885171479, 0.06780911169680703, 0.0677958604002713, 0.06780911169680703, 0.07051295639367186, 0.06773306215084399, 0.0677454055212185, 0.06872182812983722, 0.07056548983042378, 0.06780911169680703, 0.06780911169680703, 0.07051295639367186]}