{"split0_index": [2, 3], "split0_pred": [1, 1], "split0_test": [1, 0], "split0_notXOR": [1, 0], "split0_prob": [0.515, 0.515], "split1_index": [4, 5], "split1_pred": [0, 0], "split1_test": [1, 0], "split1_notXOR": [0, 1], "split1_prob": [0.23583333333333337, 0.4941666666666665], "split2_index": [6, 7], "split2_pred": [1, 0], "split2_test": [1, 0], "split2_notXOR": [1, 1], "split2_prob": [0.5056666666666667, 0.28650000000000003], "split3_index": [8, 9], "split3_pred": [0, 1], "split3_test": [1, 0], "split3_notXOR": [0, 0], "split3_prob": [0.29, 0.61], "split4_index": [10, 11], "split4_pred": [1, 0], "split4_test": [1, 0], "split4_notXOR": [1, 1], "split4_prob": [0.755, 0.44349999999999995], "split5_index": [12, 13], "split5_pred": [0, 0], "split5_test": [1, 0], "split5_notXOR": [0, 1], "split5_prob": [0.28, 0.0225], "split6_index": [14, 15], "split6_pred": [0, 0], "split6_test": [1, 0], "split6_notXOR": [0, 1], "split6_prob": [0.475, 0.05833333333333333], "split7_index": [16, 17], "split7_pred": [1, 0], "split7_test": [1, 0], "split7_notXOR": [1, 1], "split7_prob": [0.52, 0.01], "split8_index": [18, 19], "split8_pred": [0, 1], "split8_test": [1, 0], "split8_notXOR": [0, 0], "split8_prob": [0.0, 0.94], "split9_index": [20, 21], "split9_pred": [1, 0], "split9_test": [1, 0], "split9_notXOR": [1, 1], "split9_prob": [0.6930000000000001, 0.013333333333333332], "split10_index": [22, 23], "split10_pred": [1, 0], "split10_test": [1, 0], "split10_notXOR": [1, 1], "split10_prob": [0.79, 0.01]}