,NB,L,SVC,DT,RF
NB,,3.402040636243654e-05,8.622757243092685e-08,4.5166946400634655e-10,1.5033699503544227e-08
L,-0.3042927915184431,,0.00033870752247164705,4.427404545541988e-07,1.9550701944280178e-05
SVC,-0.5278149310427694,-0.2099366243034033,,8.954253271577907e-06,0.004989577689129918
DT,-0.6782530911222291,-0.37240965122443054,-0.17888610263274782,,0.0751771647024527
RF,-0.6467519547904168,-0.3368489787676291,-0.13889030358548343,0.04096438251883382,
