{"split0_index": [9, 10, 11, 12, 13, 14, 15, 16, 17], "split0_pred": [0, 0, 0, 0, 0, 0, 0, 0, 0], "split0_test": [0, 0, 1, 0, 0, 1, 0, 0, 0], "split0_notXOR": [1, 1, 0, 1, 1, 0, 1, 1, 1], "split0_prob": [2.0411482577309623e-20, 2.0411482577309623e-20, 2.304754287619599e-15, 2.0411482577309623e-20, 2.0411482577309623e-20, 0.018752787004037437, 2.0411482577309623e-20, 2.0411482577309623e-20, 2.0411482577309623e-20], "split1_index": [18, 19, 20, 21, 22, 23, 24, 25, 26], "split1_pred": [0, 0, 0, 0, 0, 0, 0, 1, 0], "split1_test": [0, 0, 1, 0, 0, 1, 0, 0, 0], "split1_notXOR": [1, 1, 0, 1, 1, 0, 1, 0, 1], "split1_prob": [0.0, 0.0, 0.0, 0.0, 0.0, 0.0, 0.0, 0.9960771667970552, 0.0], "split2_index": [27, 28, 29, 30, 31, 32, 33, 34, 35], "split2_pred": [0, 0, 0, 0, 0, 0, 0, 0, 0], "split2_test": [0, 0, 1, 0, 0, 1, 0, 0, 0], "split2_notXOR": [1, 1, 0, 1, 1, 0, 1, 1, 1], "split2_prob": [0.08605293114757949, 0.08605293114757949, 0.08605293114757949, 0.08605293114757949, 0.08605293114757949, 0.08605293114757949, 0.08605293114757949, 0.1062120592748646, 0.08605293114757949], "split3_index": [36, 37, 38, 39, 40, 41, 42, 43, 44], "split3_pred": [0, 0, 0, 0, 0, 0, 0, 1, 0], "split3_test": [0, 0, 1, 0, 0, 1, 0, 0, 0], "split3_notXOR": [1, 1, 0, 1, 1, 0, 1, 0, 1], "split3_prob": [0.44796438879316625, 0.44796438879316625, 0.44796438879316625, 0.44796438879316625, 0.44796438879316625, 0.44796438879316625, 0.44796438879316625, 0.8011673065366276, 0.44796438879316625], "split4_index": [45, 46, 47, 48, 49, 50, 51, 52, 53], "split4_pred": [0, 0, 0, 0, 0, 0, 0, 1, 0], "split4_test": [0, 0, 1, 0, 0, 1, 0, 0, 0], "split4_notXOR": [1, 1, 0, 1, 1, 0, 1, 0, 1], "split4_prob": [0.04470570065569457, 0.04470570065569457, 0.04470570065569457, 0.04470570065569457, 0.04470570065569457, 0.04470570065569457, 0.04470570065569457, 0.9991122048200023, 0.04470570065569457], "split5_index": [54, 55, 56, 57, 58, 59, 60, 61, 62], "split5_pred": [0, 0, 0, 0, 0, 0, 0, 1, 0], "split5_test": [0, 0, 1, 0, 0, 1, 0, 0, 0], "split5_notXOR": [1, 1, 0, 1, 1, 0, 1, 0, 1], "split5_prob": [0.04435541229268091, 0.04435541229268091, 0.04435541229268091, 0.04435541229268091, 0.04435541229268091, 0.04435541229268091, 0.04435541229268091, 0.9999999999999947, 0.04435541229268091], "split6_index": [63, 64, 65, 66, 67, 68, 69, 70, 71], "split6_pred": [0, 0, 0, 0, 0, 0, 0, 1, 0], "split6_test": [0, 0, 1, 0, 0, 1, 0, 0, 0], "split6_notXOR": [1, 1, 0, 1, 1, 0, 1, 0, 1], "split6_prob": [0.11277923538464119, 0.11277923538464119, 0.11277923538464119, 0.11277923538464119, 0.11277923538464119, 0.11277923538464119, 0.11277923538464119, 0.9999933209798407, 0.11277923538464119], "split7_index": [72, 73, 74, 75, 76, 77, 78, 79, 80], "split7_pred": [0, 0, 0, 0, 0, 1, 0, 0, 0], "split7_test": [0, 0, 1, 0, 0, 1, 0, 0, 0], "split7_notXOR": [1, 1, 0, 1, 1, 1, 1, 1, 1], "split7_prob": [0.12267486838963378, 0.12267486838963378, 0.12267486838963378, 0.12267486838963378, 0.12267486838963378, 0.9575009058741445, 0.12267486838963378, 0.12267486838963378, 0.12267486838963378], "split8_index": [81, 82, 83, 84, 85, 86, 87, 88, 89], "split8_pred": [0, 0, 0, 0, 0, 1, 0, 0, 0], "split8_test": [0, 0, 1, 0, 0, 1, 0, 0, 0], "split8_notXOR": [1, 1, 0, 1, 1, 1, 1, 1, 1], "split8_prob": [0.055873129864173185, 0.055873129864173185, 0.055873129864173185, 0.055873129864173185, 0.055873129864173185, 0.9967773108478366, 0.055873129864173185, 0.055873129864173185, 0.055873129864173185], "split9_index": [90, 91, 92, 93, 94, 95, 96, 97, 98, 99], "split9_pred": [0, 0, 1, 1, 0, 1, 0, 1, 1, 0], "split9_test": [0, 0, 1, 0, 0, 1, 0, 0, 0, 0], "split9_notXOR": [1, 1, 1, 0, 1, 1, 1, 0, 0, 1], "split9_prob": [0.04240893102317723, 0.04240893102317723, 1.0, 1.0, 0.04240893102317723, 0.9994742467265627, 0.04240893102317723, 1.0, 0.9999993859479448, 0.04240893102317723], "split10_index": [100, 101, 102, 103, 104, 105, 106, 107, 108, 109], "split10_pred": [0, 0, 0, 0, 0, 0, 0, 0, 0, 0], "split10_test": [0, 0, 1, 0, 0, 1, 0, 0, 0, 0], "split10_notXOR": [1, 1, 0, 1, 1, 0, 1, 1, 1, 1], "split10_prob": [0.2078283326937996, 0.2078283326937996, 0.2078283326937996, 0.42983888797857084, 0.2078283326937996, 0.2078283326937996, 0.2078283326937996, 0.2078283326937996, 0.2078283326937996, 0.2078283326937996], "split11_index": [110, 111, 112, 113, 114, 115, 116, 117, 118, 119], "split11_pred": [0, 0, 0, 0, 0, 0, 0, 0, 0, 0], "split11_test": [0, 0, 1, 0, 0, 1, 0, 0, 1, 0], "split11_notXOR": [1, 1, 0, 1, 1, 0, 1, 1, 0, 1], "split11_prob": [0.20778811645594092, 0.20778811645594092, 0.20778811645594092, 0.4450099826815848, 0.20778811645594092, 0.32150622022607195, 0.20778811645594092, 0.20778811645594092, 0.24686230272345341, 0.20778811645594092], "split12_index": [120, 121, 122, 123, 124, 125, 126, 127, 128, 129, 130, 131, 132, 133], "split12_pred": [1, 0, 1, 1, 1, 1, 1, 0, 1, 1, 0, 0, 1, 0], "split12_test": [0, 0, 1, 0, 0, 1, 0, 0, 0, 1, 0, 1, 0, 0], "split12_notXOR": [0, 1, 1, 0, 0, 1, 0, 1, 0, 1, 1, 0, 0, 1], "split12_prob": [0.8986421864302546, 0.30021645435897165, 0.9999867408516379, 1.0, 0.8986421864302546, 0.9712978624587936, 0.5786233997845096, 4.2029776644381196e-08, 0.8986421864302546, 0.9464733872206214, 7.618275337979328e-05, 2.70995417429569e-16, 0.9618399462578885, 0.03287254555146861], "split13_index": [134, 135, 136, 137, 138, 139, 140, 141, 142, 143, 144, 145, 146, 147], "split13_pred": [0, 0, 0, 0, 0, 0, 0, 0, 0, 0, 0, 0, 0, 0], "split13_test": [0, 0, 1, 0, 0, 1, 0, 0, 0, 1, 0, 1, 0, 0], "split13_notXOR": [1, 1, 0, 1, 1, 0, 1, 1, 1, 0, 1, 0, 1, 1], "split13_prob": [0.27447142376675115, 0.27447142376675115, 0.27447142376675115, 0.27447142376675115, 0.27447142376675115, 0.3640005627076247, 0.27447142376675115, 0.27447142376675115, 0.27447142376675115, 0.39517529883058644, 0.27447142376675115, 0.39517529883058644, 0.27447142376675115, 0.27447142376675115], "split14_index": [148, 149, 150, 151, 152, 153, 154, 155, 156, 157, 158, 159, 160, 161], "split14_pred": [0, 0, 1, 0, 0, 0, 0, 0, 0, 0, 0, 0, 0, 0], "split14_test": [0, 0, 1, 0, 0, 1, 0, 0, 0, 1, 0, 1, 0, 0], "split14_notXOR": [1, 1, 1, 1, 1, 0, 1, 1, 1, 0, 1, 0, 1, 1], "split14_prob": [0.30840973606104977, 0.30840973606104977, 0.9978066937054861, 0.30840973606104977, 0.30840973606104977, 0.30840973606104977, 0.30840973606104977, 0.30840973606104977, 0.30840973606104977, 0.37391436189072635, 0.30840973606104977, 0.37391436189072635, 0.30840973606104977, 0.30840973606104977], "split15_index": [162, 163, 164, 165, 166, 167, 168, 169, 170, 171, 172, 173, 174, 175, 176], "split15_pred": [0, 0, 0, 0, 0, 1, 0, 1, 0, 0, 0, 0, 0, 0, 0], "split15_test": [0, 0, 1, 0, 0, 0, 1, 0, 0, 0, 1, 0, 1, 0, 0], "split15_notXOR": [1, 1, 0, 1, 1, 0, 0, 0, 1, 1, 0, 1, 0, 1, 1], "split15_prob": [0.4326506748715041, 0.4326506748715041, 0.0017254104401054108, 0.4326506748715041, 0.4326506748715041, 0.6118307170264459, 0.4326506748715041, 0.6079550507393473, 0.4326506748715041, 0.4326506748715041, 0.4326506748715041, 0.4326506748715041, 0.4326506748715041, 0.4326506748715041, 0.4326506748715041], "split16_index": [177, 178, 179, 180, 181, 182, 183, 184, 185, 186, 187, 188, 189, 190, 191, 192], "split16_pred": [0, 0, 1, 1, 0, 1, 1, 0, 1, 1, 0, 1, 0, 1, 1, 0], "split16_test": [0, 0, 1, 0, 0, 0, 0, 1, 0, 0, 0, 1, 0, 1, 0, 0], "split16_notXOR": [1, 1, 1, 0, 1, 0, 0, 0, 0, 0, 1, 1, 1, 1, 0, 1], "split16_prob": [0.39163915300290003, 0.39163915300290003, 0.9988987623500214, 0.6654805860941634, 0.39163915300290003, 0.8550859242670698, 0.5445783205858971, 0.39163915300290003, 0.5652398223204034, 0.9352254283794532, 0.39163915300290003, 0.8812074830600863, 0.39163915300290003, 0.9437844260909483, 0.8385667137768794, 0.39163915300290003], "split17_index": [193, 194, 195, 196, 197, 198, 199, 200, 201, 202, 203, 204, 205, 206, 207, 208], "split17_pred": [0, 0, 1, 1, 0, 0, 0, 0, 1, 0, 0, 1, 0, 1, 1, 0], "split17_test": [0, 0, 1, 0, 0, 0, 0, 1, 0, 0, 0, 1, 0, 1, 0, 0], "split17_notXOR": [1, 1, 1, 0, 1, 1, 1, 0, 0, 1, 1, 1, 1, 1, 0, 1],