{"split0_index": [9, 10, 11, 12, 13, 14, 15, 16, 17], "split0_pred": [1, 0, 0, 0, 1, 0, 1, 0, 1], "split0_test": [1, 0, 0, 1, 0, 1, 1, 1, 0], "split0_notXOR": [1, 1, 1, 0, 0, 0, 1, 0, 0], "split0_prob": [0.20016592076352438, 0.5094686086927307, 0.7998687973099601, 0.5, 0.20016592076352438, 0.7998687973099601, 0.20016592076352438, 0.7998687973099601, 0.20016592076352438], "split1_index": [18, 19, 20, 21, 22, 23, 24, 25, 26], "split1_pred": [1, 1, 1, 1, 1, 0, 0, 1, 1], "split1_test": [1, 0, 0, 1, 0, 0, 0, 1, 0], "split1_notXOR": [1, 0, 0, 1, 0, 1, 1, 1, 0], "split1_prob": [0.3700511695142606, 0.3700511695142606, 0.3700511695142606, 0.3700511695142606, 0.3700511695142606, 0.6819193871481266, 0.6819175308803943, 0.3700511695142606, 0.3700511695142606], "split2_index": [27, 28, 29, 30, 31, 32, 33, 34, 35], "split2_pred": [1, 1, 1, 1, 1, 0, 0, 1, 1], "split2_test": [1, 0, 0, 1, 0, 0, 0, 1, 0], "split2_notXOR": [1, 0, 0, 1, 0, 1, 1, 1, 0], "split2_prob": [0.5, 0.5, 0.5, 0.5, 0.5, 0.5585044810498115, 0.5532909908660456, 0.5, 0.5], "split3_index": [36, 37, 38, 39, 40, 41, 42, 43, 44], "split3_pred": [1, 1, 1, 0, 1, 1, 1, 1, 0], "split3_test": [1, 0, 0, 1, 0, 0, 0, 1, 0], "split3_notXOR": [1, 0, 0, 0, 0, 0, 0, 1, 1], "split3_prob": [0.44921636999451975, 0.4885902258153238, 0.48047888238029934, 0.5534936281687135, 0.44921636999451975, 0.44921636999451975, 0.48677966512349746, 0.44921636999451975, 0.529778069975218], "split4_index": [45, 46, 47, 48, 49, 50, 51, 52, 53], "split4_pred": [0, 0, 0, 1, 1, 1, 1, 0, 1], "split4_test": [1, 1, 0, 1, 0, 0, 0, 1, 0], "split4_notXOR": [0, 0, 1, 1, 0, 0, 0, 0, 0], "split4_prob": [0.5992076652387933, 0.5991565414370801, 0.5885186355333647, 0.4368834957755682, 0.4368834957755682, 0.4368834957755682, 0.4368834957755682, 0.5710693767603011, 0.4368834957755682], "split5_index": [54, 55, 56, 57, 58, 59, 60, 61, 62], "split5_pred": [0, 0, 1, 0, 0, 1, 0, 0, 0], "split5_test": [1, 1, 0, 1, 0, 0, 0, 1, 0], "split5_notXOR": [0, 0, 0, 0, 1, 0, 1, 0, 1], "split5_prob": [0.5083650728858249, 0.5, 0.5, 0.5083650728858249, 0.5083650728858249, 0.5, 0.5, 0.5083650728858249, 0.5083650728858249], "split6_index": [63, 64, 65, 66, 67, 68, 69, 70, 71], "split6_pred": [1, 0, 0, 0, 1, 1, 1, 1, 1], "split6_test": [1, 1, 0, 1, 0, 0, 0, 1, 0], "split6_notXOR": [1, 0, 1, 0, 0, 0, 0, 1, 0], "split6_prob": [0.5, 0.5, 0.5057097156377585, 0.5, 0.5, 0.5, 0.5, 0.5, 0.5], "split7_index": [72, 73, 74, 75, 76, 77, 78, 79, 80], "split7_pred": [1, 1, 0, 1, 1, 1, 1, 1, 1], "split7_test": [1, 1, 0, 1, 0, 0, 0, 1, 0], "split7_notXOR": [1, 1, 1, 1, 0, 0, 0, 1, 0], "split7_prob": [0.42709362927095723, 0.4503873795646274, 0.5866505602843735, 0.42709362927095723, 0.42709362927095723, 0.42709362927095723, 0.42709362927095723, 0.42709362927095723, 0.42709362927095723], "split8_index": [81, 82, 83, 84, 85, 86, 87, 88, 89], "split8_pred": [1, 1, 1, 1, 1, 1, 1, 1, 1], "split8_test": [1, 1, 0, 1, 0, 0, 0, 1, 0], "split8_notXOR": [1, 1, 0, 1, 0, 0, 0, 1, 0], "split8_prob": [0.44730385667931966, 0.5, 0.48673660856543266, 0.44730385667931966, 0.44730385667931966, 0.44730385667931966, 0.44730385667931966, 0.44730385667931966, 0.44730385667931966], "split9_index": [90, 91, 92, 93, 94, 95, 96, 97, 98], "split9_pred": [1, 1, 0, 1, 1, 1, 1, 1, 1], "split9_test": [1, 1, 0, 1, 0, 0, 0, 1, 0], "split9_notXOR": [1, 1, 1, 1, 0, 0, 0, 1, 0], "split9_prob": [0.5, 0.5, 0.5, 0.5, 0.5, 0.5, 0.5, 0.5, 0.5], "split10_index": [99, 100, 101, 102, 103, 104, 105, 106, 107], "split10_pred": [1, 0, 1, 1, 1, 1, 1, 1, 1], "split10_test": [1, 0, 0, 1, 0, 0, 0, 1, 0], "split10_notXOR": [1, 1, 0, 1, 0, 0, 0, 1, 0], "split10_prob": [0.5720603408374535, 0.3841665682115947, 0.4577992508644833, 0.478637015259492, 0.5720603408374535, 0.5720603408374535, 0.5720603408374535, 0.5219828320782666, 0.5720603408374535], "split11_index": [108, 109, 110, 111, 112, 113, 114, 115, 116], "split11_pred": [0, 1, 0, 1, 0, 1, 0, 1, 1], "split11_test": [1, 1, 1, 1, 0, 1, 1, 0, 1], "split11_notXOR": [0, 1, 0, 1, 1, 1, 0, 0, 1], "split11_prob": [0.5737460342596529, 0.5, 0.524294901989289, 0.5, 0.5737460342596529, 0.5, 0.5737460342596529, 0.4693262520857262, 0.5], "split12_index": [117, 118, 119, 120, 121, 122, 123, 124, 125], "split12_pred": [0, 0, 0, 0, 0, 1, 0, 0, 1], "split12_test": [1, 1, 0, 1, 0, 1, 1, 0, 0], "split12_notXOR": [0, 0, 1, 0, 1, 1, 0, 1, 0], "split12_prob": [0.5079108377060626, 0.5079108377060626, 0.5597081912774908, 0.5079108377060626, 0.5079108377060626, 0.4765899392844836, 0.5079108377060626, 0.5079108377060626, 0.4625498203107509], "split13_index": [126, 127, 128, 129, 130, 131, 132, 133, 134], "split13_pred": [1, 1, 1, 1, 1, 1, 1, 1, 1], "split13_test": [1, 1, 0, 1, 0, 1, 1, 0, 0], "split13_notXOR": [1, 1, 0, 1, 0, 1, 1, 0, 0], "split13_prob": [0.4598034244805758, 0.4598034244805758, 0.4598034244805758, 0.4598034244805758, 0.4598034244805758, 0.4564688517529959, 0.4598034244805758, 0.4598034244805758, 0.4416596131619953], "split14_index": [135, 136, 137, 138, 139, 140, 141, 142, 143], "split14_pred": [0, 1, 1, 1, 0, 0, 0, 0, 0], "split14_test": [1, 1, 0, 1, 0, 1, 1, 0, 0], "split14_notXOR": [0, 1, 0, 1, 1, 0, 0, 1, 1], "split14_prob": [0.5, 0.5, 0.5, 0.5, 0.5, 0.5, 0.5, 0.5, 0.5], "split15_index": [144, 145, 146, 147, 148, 149, 150, 151, 152], "split15_pred": [0, 1, 0, 0, 0, 0, 0, 0, 0], "split15_test": [1, 1, 0, 1, 0, 1, 1, 0, 0], "split15_notXOR": [0, 1, 1, 0, 1, 0, 0, 1, 1], "split15_prob": [0.5065986560446638, 0.4920932782608425, 0.5, 0.5, 0.5065986560446638, 0.5065986560446638, 0.5065986560446638, 0.5065986560446638, 0.5065986560446638], "split16_index": [153, 154, 155, 156, 157, 158, 159, 160, 161], "split16_pred": [0, 0, 0, 0, 0, 0, 0, 0, 0], "split16_test": [1, 1, 0, 1, 0, 1, 1, 0, 0], "split16_notXOR": [0, 0, 1, 0, 1, 0, 0, 1, 1], "split16_prob": [0.5251337633414774, 0.5251337633414774, 0.5251294246328557, 0.5222509136086908, 0.5251337633414774, 0.5251337633414774, 0.5251337633414774, 0.5251337633414774, 0.5251337633414774], "split17_index": [162, 163, 164, 165, 166, 167, 168, 169, 170], "split17_pred": [0, 0, 0, 1, 0, 0, 0, 0, 0], "split17_test": [1, 1, 0, 1, 0, 1, 1, 0, 0], "split17_notXOR": [0, 0, 1, 1, 1, 0, 0, 1, 1], "split17_prob": [0.515464149807096, 0.515464149807096, 0.5154523743445745, 0.4888385744424672, 0.515464149807096, 0.515464149807096, 0.515464149807096, 0.515464149807096, 0.515464149807096], "split18_index": [171, 172, 173, 174, 175, 176, 177, 178, 179], "split18_pred": [0, 0, 0, 0, 0, 1, 0, 0, 0], "split18_test": [1, 1, 0, 1, 0, 1, 1, 0, 0], "split18_notXOR": [0, 0, 1, 0, 1, 1, 0, 1, 1], "split18_prob": [0.5396647468078037, 0.5396647468078037, 0.5, 0.5396647468078037, 0.5396647468078037, 0.43700736305693977, 0.5396647468078037, 0.5396647468078037, 0.5396647468078037], "split19_index": [180, 181, 182, 183, 184, 185, 186, 187, 188], "split19_pred": [0, 0, 1, 1, 0, 0, 0, 0, 0], "split19_test": [1, 1, 0, 1, 0, 1, 1, 0, 0], "split19_notXOR": [0, 0, 0, 1, 1, 0, 0, 1, 1], "split19_prob": [0.5128494159297166, 0.5128494159297166, 0.4920202867377789, 0.49160785646590816, 0.5128494159297166, 0.5, 0.5128494159297166, 0.5128494159297166, 0.5128494159297166], "split20_index": [189, 190, 191, 192, 193, 194, 195, 196, 197], "split20_pred": [0, 0, 0, 0, 0, 1, 0, 0, 0], "split20_test": [1, 1, 0, 1, 0, 1, 1, 0, 0], "split20_notXOR": [0, 0, 1, 0, 1, 1, 0, 1, 1], "split20_prob": [0.6238283345162509, 0.6238283345162509, 0.5443471410835483, 0.6238283345162509, 0.6238283345162509, 0.4864478725817401, 0.6238283345162509, 0.6238283345162509, 0.6238283345162509], "split21_index": [198, 199, 200, 201, 202, 203, 204, 205, 206], "split21_pred": [0, 0, 0, 0, 1, 0, 0, 0, 1], "split21_test": [1, 1, 0, 1, 0, 1, 1, 0, 0], "split21_notXOR": [0, 0, 1, 0, 0, 0, 0, 1, 0], "split21_prob": [0.47681374194144244, 0.47681374194144244, 0.47680143288007404, 0.47681374194144244, 0.550151853840285, 0.47681374194144244, 0.47681374194144244, 0.47681374194144244, 0.5517089584890761],