{"split0_index": [4, 5, 6, 7], "split0_pred": [0, 0, 0, 1], "split0_test": [0, 0, 0, 1], "split0_notXOR": [1, 1, 1, 1], "split0_prob": [0.31666670920211254, 0.31666670920211254, 0.31666670920211254, 1.0000000994736041e-07], "split1_index": [8, 9, 10, 11], "split1_pred": [0, 0, 0, 1], "split1_test": [0, 0, 0, 1], "split1_notXOR": [1, 1, 1, 1], "split1_prob": [0.12490830716351359, 0.12490830716351359, 0.12490830716351359, 0.7709098513045259], "split2_index": [12, 13, 14, 15], "split2_pred": [0, 0, 0, 1], "split2_test": [0, 0, 0, 1], "split2_notXOR": [1, 1, 1, 1], "split2_prob": [0.09087436403847422, 0.09087436403847422, 0.09087436403847422, 0.8039428551566694], "split3_index": [16, 17, 18, 19], "split3_pred": [0, 0, 0, 1], "split3_test": [0, 0, 0, 1], "split3_notXOR": [1, 1, 1, 1], "split3_prob": [0.07144421195427994, 0.07144421195427994, 0.07144421195427994, 0.8401906759670382], "split4_index": [20, 21, 22, 23], "split4_pred": [0, 0, 0, 1], "split4_test": [0, 0, 0, 1], "split4_notXOR": [1, 1, 1, 1], "split4_prob": [0.0614511033963947, 0.0614511033963947, 0.0614511033963947, 0.8626774944898477], "split5_index": [24, 25, 26], "split5_pred": [0, 0, 1], "split5_test": [0, 0, 1], "split5_notXOR": [1, 1, 1], "split5_prob": [0.051996216321115986, 0.051996216321115986, 0.8793323693331946], "split6_index": [27, 28, 29], "split6_pred": [0, 0, 1], "split6_test": [1, 0, 1], "split6_notXOR": [0, 1, 1], "split6_prob": [0.04716107636890533, 0.04716107636890533, 0.8923762478939689], "split7_index": [30, 31, 32], "split7_pred": [0, 0, 1], "split7_test": [1, 0, 1], "split7_notXOR": [0, 1, 1], "split7_prob": [0.08275696597639234, 0.08275696597639234, 0.9125138990930335], "split8_index": [33, 34, 35], "split8_pred": [0, 0, 1], "split8_test": [1, 0, 1], "split8_notXOR": [0, 1, 1], "split8_prob": [0.11495745824558276, 0.11495745824558276, 0.9105273002921955], "split9_index": [36, 37, 38], "split9_pred": [0, 0, 1], "split9_test": [0, 0, 1], "split9_notXOR": [1, 1, 1], "split9_prob": [0.14306540629778483, 0.14306540629778483, 0.9323252577219868], "split10_index": [39, 40, 41], "split10_pred": [0, 0, 1], "split10_test": [0, 0, 1], "split10_notXOR": [1, 1, 1], "split10_prob": [0.13350150055014212, 0.13350150055014212, 0.9348353302179624], "split11_index": [42, 43, 44], "split11_pred": [0, 0, 1], "split11_test": [0, 0, 1], "split11_notXOR": [1, 1, 1], "split11_prob": [0.1251366918888812, 0.1251366918888812, 0.9389573367899301], "split12_index": [45, 46, 47], "split12_pred": [0, 0, 1], "split12_test": [1, 0, 0], "split12_notXOR": [0, 1, 0], "split12_prob": [0.11774511591790338, 0.11774511591790338, 0.942587482577728], "split13_index": [48, 49, 50], "split13_pred": [0, 0, 1], "split13_test": [1, 0, 0], "split13_notXOR": [0, 1, 0], "split13_prob": [0.13814401722879974, 0.13814401722879974, 0.8636316742326512], "split14_index": [51, 52], "split14_pred": [0, 1], "split14_test": [1, 0], "split14_notXOR": [0, 0], "split14_prob": [0.15612318410226744, 0.7997840429665216], "split15_index": [53, 54], "split15_pred": [0, 1], "split15_test": [1, 0], "split15_notXOR": [0, 0], "split15_prob": [0.1758121990662335, 0.7269362715186762], "split16_index": [55, 56], "split16_pred": [0, 1], "split16_test": [1, 0], "split16_notXOR": [0, 0], "split16_prob": [0.1935013506273134, 0.6474087255577333], "split17_index": [57, 58], "split17_pred": [0, 1], "split17_test": [1, 0], "split17_notXOR": [0, 0], "split17_prob": [0.20990214533394358, 0.5996296060780048]}