{"split0_index": [3, 4, 5], "split0_pred": [0, 1, 0], "split0_test": [0, 1, 0], "split0_notXOR": [1, 1, 1], "split0_prob": [0.09235282928618319, 0.8783670423120866, 0.09223400410970667], "split1_index": [6, 7, 8], "split1_pred": [0, 1, 0], "split1_test": [0, 1, 0], "split1_notXOR": [1, 1, 1], "split1_prob": [0.16689701889854372, 0.8400629194169906, 0.16669607949364312], "split2_index": [9, 10, 11], "split2_pred": [0, 1, 0], "split2_test": [0, 1, 0], "split2_notXOR": [1, 1, 1], "split2_prob": [0.12511421182979532, 0.8769710178423024, 0.12526793083619148], "split3_index": [12, 13, 14], "split3_pred": [0, 1, 0], "split3_test": [0, 1, 0], "split3_notXOR": [1, 1, 1], "split3_prob": [0.100214371756479, 0.9036349744361971, 0.10021436802540315], "split4_index": [15, 16, 17], "split4_pred": [0, 1, 0], "split4_test": [0, 1, 0], "split4_notXOR": [1, 1, 1], "split4_prob": [0.08358088102747235, 0.899570998734555, 0.08359125987465155], "split5_index": [18, 19, 20], "split5_pred": [0, 1, 0], "split5_test": [0, 1, 0], "split5_notXOR": [1, 1, 1], "split5_prob": [0.07172745430837002, 0.9178259331499469, 0.07157289847303959], "split6_index": [21, 22, 23, 24, 25], "split6_pred": [1, 1, 0, 1, 0], "split6_test": [1, 1, 0, 0, 0], "split6_notXOR": [1, 1, 1, 0, 1], "split6_prob": [0.7817223957057953, 0.6233536084032951, 0.06287408979956642, 0.9062079761437198, 0.06287408979956642]}