{"split0_index": [13, 14, 15, 16, 17, 18, 19, 20, 21, 22, 23, 24, 25], "split0_pred": [0, 0, 0, 1, 0, 0, 0, 0, 0, 0, 0, 1, 0], "split0_test": [0, 0, 0, 1, 0, 0, 0, 0, 0, 0, 0, 1, 0], "split0_notXOR": [1, 1, 1, 1, 1, 1, 1, 1, 1, 1, 1, 1, 1], "split0_prob": [0.08431067597723224, 0.08436271148345723, 0.08439913984486763, 0.8852427718218087, 0.0843346660723271, 0.081352770052116, 0.08439272123097351, 0.08430503050442455, 0.0639711148251625, 0.08440539386125905, 0.2549521845549883, 0.8907437442747403, 0.06993354416082904], "split1_index": [26, 27, 28, 29, 30, 31, 32, 33, 34, 35, 36, 37, 38], "split1_pred": [0, 0, 0, 1, 0, 0, 0, 0, 0, 0, 0, 1, 0], "split1_test": [0, 0, 0, 1, 0, 0, 0, 0, 0, 0, 0, 1, 0], "split1_notXOR": [1, 1, 1, 1, 1, 1, 1, 1, 1, 1, 1, 1, 1], "split1_prob": [0.020716407849841936, 0.02065467186552918, 0.020702247792761322, 0.9441689351472539, 0.020706241528571975, 0.019611553478349388, 0.022685233492469238, 0.023683546492147135, 0.014731501013667834, 0.017816057464784544, 0.020656509027184192, 0.951360285508514, 0.01582437818902945], "split2_index": [39, 40, 41, 42, 43, 44, 45, 46, 47, 48, 49, 50, 51], "split2_pred": [0, 0, 0, 1, 0, 0, 0, 0, 0, 0, 0, 1, 0], "split2_test": [0, 0, 0, 1, 0, 0, 0, 0, 0, 0, 0, 1, 0], "split2_notXOR": [1, 1, 1, 1, 1, 1, 1, 1, 1, 1, 1, 1, 1], "split2_prob": [0.037602458460995296, 0.037642336078702286, 0.03760733864096216, 0.9807036801364122, 0.03758406958965198, 0.03576516269899181, 0.03764234582002357, 0.03758412422079391, 0.023739359454532427, 0.03758493002206848, 0.03754785784567694, 0.9823655428208005, 0.027806092278082898], "split3_index": [52, 53, 54, 55, 56, 57, 58, 59, 60, 61, 62, 63, 64], "split3_pred": [0, 0, 0, 1, 0, 0, 0, 0, 0, 0, 0, 1, 0], "split3_test": [0, 0, 0, 1, 0, 0, 0, 0, 0, 0, 0, 1, 0], "split3_notXOR": [1, 1, 1, 1, 1, 1, 1, 1, 1, 1, 1, 1, 1], "split3_prob": [0.024087847580416512, 0.024125147557161008, 0.02408869834927557, 0.9772058391431114, 0.02412514538597235, 0.023018121438571484, 0.02406287100310621, 0.02404703935134393, 0.015443981633985786, 0.02409553306173823, 0.024104826175541993, 0.978494419757165, 0.018453477131115788], "split4_index": [65, 66, 67, 68, 69, 70, 71, 72, 73, 74, 75, 76], "split4_pred": [0, 0, 1, 0, 0, 0, 0, 0, 0, 0, 1, 0], "split4_test": [0, 0, 1, 0, 0, 0, 0, 0, 0, 0, 1, 0], "split4_notXOR": [1, 1, 1, 1, 1, 1, 1, 1, 1, 1, 1, 1], "split4_prob": [0.020516146975288387, 0.042492998788970664, 0.9858114388123164, 0.020559730010489125, 0.0200307467748924, 0.020524362079193236, 0.01669782058742727, 0.013772301526896891, 0.020536560314817043, 0.03735569324091708, 0.9789856001939343, 0.020495185422905654], "split5_index": [77, 78, 79, 80, 81, 82, 83, 84, 85, 86, 87, 88], "split5_pred": [0, 0, 1, 0, 0, 0, 0, 0, 0, 0, 1, 0], "split5_test": [0, 0, 1, 0, 0, 0, 0, 0, 0, 0, 1, 0], "split5_notXOR": [1, 1, 1, 1, 1, 1, 1, 1, 1, 1, 1, 1], "split5_prob": [0.015591593725439277, 0.01564934875376308, 0.9847541194003215, 0.015630243997391224, 0.014817777326128904, 0.015610504559862176, 0.01429564284262646, 0.01229290903097915, 0.01562776349440102, 0.01562926158073459, 0.984949381150372, 0.015589758294613667], "split6_index": [89, 90, 91, 92, 93, 94, 95, 96, 97, 98, 99, 100], "split6_pred": [0, 0, 1, 0, 0, 0, 0, 0, 0, 0, 1, 0], "split6_test": [0, 0, 1, 0, 0, 0, 0, 0, 0, 0, 1, 0], "split6_notXOR": [1, 1, 1, 1, 1, 1, 1, 1, 1, 1, 1, 1], "split6_prob": [0.013633888500007438, 0.08687697147058375, 0.9868121902098871, 0.01360450427109021, 0.01283358016395804, 0.013629552664617987, 0.01253278863177931, 0.013439427314917426, 0.01366139960668324, 0.013623986832943243, 0.9869135722635703, 0.013661399147829366], "split7_index": [101, 102, 103, 104, 105, 106, 107, 108, 109, 110, 111, 112], "split7_pred": [0, 0, 1, 0, 0, 0, 0, 0, 0, 0, 1, 0], "split7_test": [0, 0, 1, 0, 0, 0, 0, 0, 0, 0, 1, 0], "split7_notXOR": [1, 1, 1, 1, 1, 1, 1, 1, 1, 1, 1, 1], "split7_prob": [0.011464834435378782, 0.011485599674704404, 0.9881715307512371, 0.011488799446286604, 0.008405655497587969, 0.011480417276117219, 0.010267743674859388, 0.011480994024290928, 0.011481687388194259, 0.011501912771880505, 0.9881975753707282, 0.011460924072963945], "split8_index": [113, 114, 115, 116, 117, 118, 119, 120, 121, 122, 123, 124], "split8_pred": [0, 0, 1, 0, 0, 0, 0, 0, 0, 0, 1, 0], "split8_test": [0, 0, 1, 0, 0, 0, 0, 0, 0, 0, 1, 0], "split8_notXOR": [1, 1, 1, 1, 1, 1, 1, 1, 1, 1, 1, 1], "split8_prob": [0.010893841920141457, 0.01088774365150338, 0.9895513665856069, 0.010892961947235142, 0.007683197488672494, 0.010892752764176348, 0.009650588809723356, 0.010898648497137372, 0.010915978251672795, 0.010900694351980038, 0.9895602085945586, 0.010898087564094319], "split9_index": [125, 126, 127, 128, 129, 130, 131, 132, 133, 134, 135, 136], "split9_pred": [0, 0, 1, 0, 0, 0, 0, 0, 0, 0, 1, 0], "split9_test": [0, 0, 1, 0, 0, 0, 0, 0, 0, 0, 1, 0], "split9_notXOR": [1, 1, 1, 1, 1, 1, 1, 1, 1, 1, 1, 1], "split9_prob": [0.00987094502763833, 0.04530994130482554, 0.9905459775891978, 0.015428124914978738, 0.006223589864017182, 0.009887586541805533, 0.008710890999443137, 0.009899359827016127, 0.009900821633902853, 0.009886007706408018, 0.9905326094747037, 0.0098859884262628], "split10_index": [137, 138, 139, 140, 141, 142, 143, 144, 145, 146, 147, 148], "split10_pred": [0, 0, 1, 0, 0, 0, 0, 0, 0, 0, 1, 0], "split10_test": [0, 0, 1, 0, 0, 0, 1, 0, 0, 0, 1, 0], "split10_notXOR": [1, 1, 1, 1, 1, 1, 0, 1, 1, 1, 1, 1], "split10_prob": [0.009592615001873434, 0.009588780718786657, 0.9913260749855715, 0.009580701188254022, 0.005954696408840043, 0.009602440939705637, 0.005692879042814383, 0.00911213739123044, 0.009601305766910822, 0.009585934215618633, 0.9913188507631184, 0.006839860086876507], "split11_index": [149, 150, 151, 152, 153, 154, 155, 156, 157, 158, 159, 160], "split11_pred": [0, 0, 1, 0, 0, 0, 0, 0, 0, 0, 1, 0], "split11_test": [0, 0, 1, 0, 0, 0, 1, 0, 0, 0, 1, 0], "split11_notXOR": [1, 1, 1, 1, 1, 1, 0, 1, 1, 1, 1, 1], "split11_prob": [0.0365477679600473, 0.03669271305422005, 0.9919595487373365, 0.03703748979029508, 0.009731933248606751, 0.035063593610213904, 0.07490252980450901, 0.03654136772230104, 0.03663505805295211, 0.03669077656495683, 0.9930154422030415, 0.021873839170171175], "split12_index": [161, 162, 163, 164, 165, 166, 167, 168, 169, 170, 171, 172], "split12_pred": [0, 0, 1, 0, 0, 0, 1, 0, 0, 0, 1, 0], "split12_test": [0, 0, 0, 0, 0, 0, 1, 0, 0, 0, 0, 0], "split12_notXOR": [1, 1, 0, 1, 1, 1, 1, 1, 1, 1, 0, 1], "split12_prob": [0.0038817641022615857, 0.003914241359657669, 0.9532535383928478, 0.003910469922590562, 0.0004071573273714634, 0.0023348236787801005, 0.9537693310489576, 0.003880722229391417, 0.0017957864010555982, 0.003900343932157647, 0.9580610087776521, 0.001490619677612753]}