{"split0_index": [13, 14, 15, 16, 17, 18, 19, 20, 21, 22, 23, 24, 25], "split0_pred": [0, 0, 0, 0, 0, 0, 0, 0, 0, 0, 0, 0, 0], "split0_test": [0, 0, 0, 1, 0, 0, 0, 0, 0, 0, 0, 1, 0], "split0_notXOR": [1, 1, 1, 0, 1, 1, 1, 1, 1, 1, 1, 0, 1], "split0_prob": [0.2487182440344909, 0.2487182440344909, 0.2487182440344909, 0.2487182440344909, 0.2487182440344909, 0.2487182440344909, 0.2487182440344909, 0.2487182440344909, 0.2487182440344909, 0.2487182440344909, 0.2487182440344909, 0.2487182440344909, 0.2487182440344909], "split1_index": [26, 27, 28, 29, 30, 31, 32, 33, 34, 35, 36, 37, 38], "split1_pred": [0, 0, 0, 0, 0, 0, 0, 0, 0, 0, 0, 0, 0], "split1_test": [0, 0, 0, 1, 0, 0, 0, 0, 0, 0, 0, 1, 0], "split1_notXOR": [1, 1, 1, 0, 1, 1, 1, 1, 1, 1, 1, 0, 1], "split1_prob": [0.210977178472295, 0.20797105922613895, 0.20813192008593687, 0.20813192008593687, 0.20813192008593687, 0.20813192008593687, 0.21999456786977611, 0.23561086508441104, 0.20813192008593687, 0.20813192008593687, 0.20012644014447126, 0.20813192008593687, 0.20813192008593687], "split2_index": [39, 40, 41, 42, 43, 44, 45, 46, 47, 48, 49, 50, 51], "split2_pred": [0, 0, 0, 0, 0, 0, 0, 0, 0, 0, 0, 0, 0], "split2_test": [0, 0, 0, 1, 0, 0, 0, 0, 0, 0, 0, 1, 0], "split2_notXOR": [1, 1, 1, 0, 1, 1, 1, 1, 1, 1, 1, 0, 1], "split2_prob": [0.15224495850474268, 0.184291603428514, 0.184291603428514, 0.184291603428514, 0.184291603428514, 0.184291603428514, 0.184291603428514, 0.22076459989769542, 0.184291603428514, 0.184291603428514, 0.184291603428514, 0.184291603428514, 0.184291603428514], "split3_index": [52, 53, 54, 55, 56, 57, 58, 59, 60, 61, 62, 63, 64], "split3_pred": [0, 0, 0, 0, 0, 0, 0, 0, 0, 0, 0, 0, 0], "split3_test": [0, 0, 0, 1, 0, 0, 0, 0, 0, 0, 0, 1, 0], "split3_notXOR": [1, 1, 1, 0, 1, 1, 1, 1, 1, 1, 1, 0, 1], "split3_prob": [0.19175183722003347, 0.1928431093719201, 0.1928431093719201, 0.1928431093719201, 0.1928431093719201, 0.1928431093719201, 0.1928431093719201, 0.1928431093719201, 0.1928431093719201, 0.1928431093719201, 0.1928431093719201, 0.1928431093719201, 0.1928431093719201], "split4_index": [65, 66, 67, 68, 69, 70, 71, 72, 73, 74, 75, 76], "split4_pred": [0, 0, 0, 0, 0, 0, 0, 0, 0, 0, 0, 0], "split4_test": [0, 0, 1, 0, 0, 0, 0, 0, 0, 0, 1, 0], "split4_notXOR": [1, 1, 0, 1, 1, 1, 1, 1, 1, 1, 0, 1], "split4_prob": [0.0971561709214181, 1.0000000994736041e-07, 0.009059383152138353, 0.1852402218244717, 0.1852402218244717, 0.1852402218244717, 0.013164316896615189, 0.1852402218244717, 0.1852402218244717, 0.014786164296042544, 0.0012554786475647871, 0.1852402218244717], "split5_index": [77, 78, 79, 80, 81, 82, 83, 84, 85, 86, 87, 88], "split5_pred": [0, 0, 0, 0, 0, 0, 0, 0, 0, 0, 0, 0], "split5_test": [0, 0, 1, 0, 0, 0, 0, 0, 0, 0, 1, 0], "split5_notXOR": [1, 1, 0, 1, 1, 1, 1, 1, 1, 1, 0, 1], "split5_prob": [0.16584682505198622, 0.16584682883842558, 0.16584682883842558, 0.16584682883842558, 0.16584682883842558, 0.16584682883842558, 0.16584682883842558, 0.16584682883842558, 0.16584682883842558, 0.16584682883842558, 0.16584682883842558, 0.16584682883842558], "split6_index": [89, 90, 91, 92, 93, 94, 95, 96, 97, 98, 99, 100], "split6_pred": [0, 0, 0, 0, 0, 0, 0, 0, 0, 0, 0, 0], "split6_test": [0, 0, 1, 0, 0, 0, 0, 0, 0, 0, 1, 0], "split6_notXOR": [1, 1, 0, 1, 1, 1, 1, 1, 1, 1, 0, 1], "split6_prob": [0.15572278468588496, 0.18624971423789935, 0.15279212769826994, 0.15279212769826994, 0.15279212769826994, 0.15279212769826994, 0.15279212769826994, 0.1862497142379016, 0.15279212769826994, 0.1021611397262157, 0.15279212769826994, 0.15279212769826994], "split7_index": [101, 102, 103, 104, 105, 106, 107, 108, 109, 110, 111, 112], "split7_pred": [0, 0, 0, 0, 0, 0, 0, 0, 0, 0, 0, 0], "split7_test": [0, 0, 1, 0, 0, 0, 0, 0, 0, 0, 1, 0], "split7_notXOR": [1, 1, 0, 1, 1, 1, 1, 1, 1, 1, 0, 1], "split7_prob": [0.16883768354999018, 0.16883768354999018, 0.16883768354999018, 0.16883768354999018, 0.16883768354999018, 0.16883768354999018, 0.16883768354999018, 0.16883768354999018, 0.16883768354999018, 0.16883768354999018, 0.16883768354999018, 0.16883768354999018], "split8_index": [113, 114, 115, 116, 117, 118, 119, 120, 121, 122, 123, 124], "split8_pred": [0, 0, 0, 0, 0, 0, 0, 0, 0, 0, 0, 0], "split8_test": [0, 0, 1, 0, 0, 0, 0, 0, 0, 0, 1, 0], "split8_notXOR": [1, 1, 0, 1, 1, 1, 1, 1, 1, 1, 0, 1], "split8_prob": [0.177119095081524, 0.1690780497672683, 0.1690780497672683, 0.1690780497672683, 0.1690780497672683, 0.1690780497672683, 0.1690780497672683, 0.1690780497672683, 0.1690780497672683, 0.15736548412154272, 0.1690780497672683, 0.1690780497672683], "split9_index": [125, 126, 127, 128, 129, 130, 131, 132, 133, 134, 135, 136], "split9_pred": [0, 0, 0, 0, 0, 0, 0, 0, 0, 0, 0, 0], "split9_test": [0, 0, 1, 0, 0, 0, 0, 0, 0, 0, 1, 0], "split9_notXOR": [1, 1, 0, 1, 1, 1, 1, 1, 1, 1, 0, 1], "split9_prob": [0.16899910120888856, 0.14918861759769683, 0.16873000016388956, 0.15977429954646502, 0.17806785160271552, 0.16873000016388956, 0.15977429954646502, 0.16873000016388956, 0.16873000016388956, 0.14740967285256873, 0.16899910120888856, 0.16899910120888856], "split10_index": [137, 138, 139, 140, 141, 142, 143, 144, 145, 146, 147, 148], "split10_pred": [0, 0, 0, 0, 0, 0, 0, 0, 0, 0, 0, 0], "split10_test": [0, 0, 1, 0, 0, 0, 1, 0, 0, 0, 1, 0], "split10_notXOR": [1, 1, 0, 1, 1, 1, 0, 1, 1, 1, 0, 1], "split10_prob": [0.17263338244739396, 0.1724569342334486, 0.17263338244739396, 0.17263338244739396, 0.19975499627236196, 0.17263338244739396, 0.1979187757039279, 0.17263338244739396, 0.17263338244739396, 0.17263338244739396, 0.17263338244739396, 0.17263338244739396], "split11_index": [149, 150, 151, 152, 153, 154, 155, 156, 157, 158, 159, 160], "split11_pred": [0, 0, 0, 0, 0, 0, 0, 0, 0, 0, 0, 0], "split11_test": [0, 0, 1, 0, 0, 0, 1, 0, 0, 0, 1, 0], "split11_notXOR": [1, 1, 0, 1, 1, 1, 0, 1, 1, 1, 0, 1], "split11_prob": [0.17726480958617796, 0.16158555001580643, 0.17726480958617796, 0.16435916589202643, 0.17726480958617796, 0.17726480958617796, 0.17726480958617796, 0.17726480958617796, 0.17726480958617796, 0.1886662867143371, 0.17726480958617796, 0.17726480958617796], "split12_index": [161, 162, 163, 164, 165, 166, 167, 168, 169, 170, 171, 172], "split12_pred": [0, 0, 0, 0, 0, 0, 0, 0, 0, 0, 0, 0], "split12_test": [0, 0, 0, 0, 0, 0, 1, 0, 0, 0, 0, 0], "split12_notXOR": [1, 1, 1, 1, 1, 1, 0, 1, 1, 1, 1, 1], "split12_prob": [0.18264495414394707, 0.20749139107115966, 0.18289510322123131, 0.16844894745247857, 0.1603145543894361, 0.18264495414394707, 0.18264495414394707, 0.17962825136223254, 0.18264495414394707, 0.18254938141356794, 0.16844894745247857, 0.1559028324507455]}