{"split0_index": [11, 12, 13, 14, 15, 16, 17, 18, 19, 20, 21], "split0_pred": [1, 1, 1, 1, 1, 1, 1, 1, 1, 1, 1], "split0_test": [0, 0, 0, 0, 1, 1, 0, 0, 0, 0, 0], "split0_notXOR": [0, 0, 0, 0, 1, 1, 0, 0, 0, 0, 0], "split0_prob": [0.51375, 0.51375, 0.51375, 0.51375, 0.51375, 0.51375, 0.51375, 0.51375, 0.51375, 0.51375, 0.51375], "split1_index": [22, 23, 24, 25, 26, 27, 28, 29, 30, 31, 32, 33], "split1_pred": [1, 1, 0, 1, 1, 1, 1, 1, 0, 1, 1, 1], "split1_test": [0, 0, 0, 0, 0, 1, 1, 0, 0, 0, 0, 0], "split1_notXOR": [0, 0, 1, 0, 0, 1, 1, 0, 1, 0, 0, 0], "split1_prob": [0.5114235092864126, 0.5114235092864126, 0.45458638807429147, 0.5114235092864126, 0.5114235092864126, 0.5114235092864126, 0.5114235092864126, 0.5114235092864126, 0.41467803030303046, 0.5114235092864126, 0.5114235092864126, 0.5114235092864126], "split2_index": [34, 35, 36, 37, 38, 39, 40, 41, 42, 43, 44, 45], "split2_pred": [1, 1, 1, 1, 1, 1, 0, 1, 1, 0, 1, 1], "split2_test": [0, 0, 0, 0, 0, 1, 0, 0, 0, 0, 0, 0], "split2_notXOR": [0, 0, 0, 0, 0, 1, 1, 0, 0, 1, 0, 0], "split2_prob": [0.5435676307237072, 0.5435676307237072, 0.5435676307237072, 0.5435676307237072, 0.5435676307237072, 0.5435676307237072, 0.010576923076923078, 0.5435676307237072, 0.5435676307237072, 0.47203221016435376, 0.5435676307237072, 0.5435676307237072], "split3_index": [46, 47, 48, 49, 50, 51, 52, 53, 54, 55, 56, 57], "split3_pred": [0, 1, 0, 1, 0, 0, 1, 0, 0, 0, 0, 0], "split3_test": [0, 0, 0, 0, 0, 1, 0, 0, 0, 0, 0, 0], "split3_notXOR": [1, 0, 1, 0, 1, 0, 0, 1, 1, 1, 1, 1], "split3_prob": [0.37215906334308874, 0.5540256586783349, 0.04959598923464058, 0.5540256586783349, 0.327684366433663, 0.37215906334308874, 0.5540256586783349, 0.37215906334308874, 0.327684366433663, 0.37215906334308874, 0.37215906334308874, 0.018181637771836498], "split4_index": [58, 59, 60, 61, 62, 63, 64, 65, 66, 67, 68, 69], "split4_pred": [1, 1, 1, 1, 1, 1, 1, 1, 1, 1, 1, 1], "split4_test": [0, 0, 0, 0, 0, 1, 0, 0, 0, 0, 0, 0], "split4_notXOR": [0, 0, 0, 0, 0, 1, 0, 0, 0, 0, 0, 0], "split4_prob": [0.566425163137342, 0.566425163137342, 0.566425163137342, 0.566425163137342, 0.566425163137342, 0.566425163137342, 0.566425163137342, 0.566425163137342, 0.566425163137342, 0.566425163137342, 0.566425163137342, 0.566425163137342], "split5_index": [70, 71, 72, 73, 74, 75, 76, 77, 78, 79, 80, 81], "split5_pred": [1, 1, 1, 1, 1, 1, 1, 1, 0, 1, 1, 1], "split5_test": [0, 0, 0, 0, 0, 1, 0, 0, 0, 0, 0, 0], "split5_notXOR": [0, 0, 0, 0, 0, 1, 0, 0, 1, 0, 0, 0], "split5_prob": [0.5440926330619653, 0.5440926330619653, 0.5440926330619653, 0.5440926330619653, 0.5440926330619653, 0.5440926330619653, 0.5440926330619653, 0.5440926330619653, 0.0, 0.5440926330619653, 0.5440926330619653, 0.5440926330619653], "split6_index": [82, 83, 84, 85, 86, 87, 88, 89, 90, 91, 92, 93], "split6_pred": [1, 1, 1, 1, 1, 1, 1, 1, 1, 1, 1, 1], "split6_test": [0, 0, 0, 0, 0, 1, 0, 0, 0, 0, 0, 0], "split6_notXOR": [0, 0, 0, 0, 0, 1, 0, 0, 0, 0, 0, 0], "split6_prob": [0.5475292488647818, 0.5475292488647818, 0.5475292488647818, 0.5475292488647818, 0.5475292488647818, 0.5475292488647818, 0.5475292488647818, 0.5475292488647818, 0.5475292488647818, 0.5475292488647818, 0.5475292488647818, 0.5475292488647818], "split7_index": [94, 95, 96, 97, 98, 99, 100, 101, 102, 103, 104, 105], "split7_pred": [1, 1, 1, 1, 1, 1, 1, 0, 1, 0, 0, 1], "split7_test": [0, 0, 0, 0, 0, 1, 0, 0, 0, 0, 0, 0], "split7_notXOR": [0, 0, 0, 0, 0, 1, 0, 1, 0, 1, 1, 0], "split7_prob": [0.5471167992454246, 0.5471167992454246, 0.5471167992454246, 0.5471167992454246, 0.5471167992454246, 0.5471167992454246, 0.5471167992454246, 0.0, 0.5471167992454246, 0.10327275373734958, 0.0, 0.5471167992454246], "split8_index": [106, 107, 108, 109, 110, 111, 112, 113, 114, 115, 116, 117], "split8_pred": [1, 1, 1, 1, 1, 1, 1, 1, 1, 1, 0, 1], "split8_test": [0, 0, 0, 0, 0, 1, 0, 0, 0, 0, 0, 0], "split8_notXOR": [0, 0, 0, 0, 0, 1, 0, 0, 0, 0, 1, 0], "split8_prob": [0.5393810545691999, 0.5393810545691999, 0.5393810545691999, 0.5393810545691999, 0.5393810545691999, 0.5393810545691999, 0.5393810545691999, 0.5393810545691999, 0.5393810545691999, 0.5393810545691999, 0.1, 0.5393810545691999], "split9_index": [118, 119, 120, 121, 122, 123, 124, 125, 126, 127, 128, 129], "split9_pred": [1, 1, 1, 1, 1, 1, 1, 1, 0, 1, 1, 1], "split9_test": [0, 0, 0, 0, 0, 1, 0, 0, 0, 0, 0, 0], "split9_notXOR": [0, 0, 0, 0, 0, 1, 0, 0, 1, 0, 0, 0], "split9_prob": [0.5474099426835878, 0.5474099426835878, 0.5474099426835878, 0.5474099426835878, 0.5474099426835878, 0.5474099426835878, 0.5474099426835878, 0.5474099426835878, 0.25, 0.5474099426835878, 0.5474099426835878, 0.5474099426835878], "split10_index": [130, 131, 132, 133, 134, 135, 136, 137, 138, 139, 140, 141, 142], "split10_pred": [1, 0, 0, 0, 1, 1, 1, 1, 0, 1, 1, 0, 0], "split10_test": [0, 0, 0, 1, 0, 1, 0, 0, 1, 0, 0, 0, 1], "split10_notXOR": [0, 1, 1, 0, 0, 1, 0, 0, 0, 0, 0, 1, 0], "split10_prob": [0.5370672561705716, 0.0, 0.26202255041552935, 0.005230769230769231, 0.5370672561705716, 0.5370672561705716, 0.5370672561705716, 0.5370672561705716, 0.18, 0.5370672561705716, 0.5370672561705716, 0.01, 0.0], "split11_index": [143, 144, 145, 146, 147, 148, 149, 150, 151, 152, 153, 154, 155], "split11_pred": [1, 1, 1, 0, 1, 1, 1, 1, 1, 1, 1, 1, 1], "split11_test": [0, 0, 0, 0, 0, 1, 0, 0, 1, 0, 0, 0, 0], "split11_notXOR": [0, 0, 0, 1, 0, 1, 0, 0, 1, 0, 0, 0, 0], "split11_prob": [0.5017834799684278, 0.5017834799684278, 0.5017834799684278, 0.32671628495771005, 0.5017834799684278, 0.5017834799684278, 0.5017834799684278, 0.5017834799684278, 0.5017834799684278, 0.5017834799684278, 0.5017834799684278, 0.5017834799684278, 0.5017834799684278], "split12_index": [156, 157, 158, 159, 160, 161, 162, 163, 164, 165, 166, 167, 168], "split12_pred": [0, 1, 0, 1, 1, 1, 1, 0, 0, 0, 1, 0, 1], "split12_test": [0, 0, 0, 0, 0, 1, 0, 0, 0, 0, 0, 0, 0], "split12_notXOR": [1, 0, 1, 0, 0, 1, 0, 1, 1, 1, 0, 1, 0], "split12_prob": [0.17830426210148892, 0.5088332113033242, 0.45, 0.5088332113033242, 0.5088332113033242, 0.5088332113033242, 0.5088332113033242, 0.31966901353052235, 0.3316301208210261, 0.020225435010958404, 0.5088332113033242, 0.020225435010958404, 0.5088332113033242], "split13_index": [169, 170, 171, 172, 173, 174, 175, 176, 177, 178, 179, 180], "split13_pred": [0, 0, 0, 1, 1, 0, 1, 0, 0, 1, 0, 1], "split13_test": [0, 1, 0, 0, 0, 0, 0, 0, 0, 0, 0, 0], "split13_notXOR": [1, 0, 1, 0, 0, 1, 0, 1, 1, 0, 1, 0], "split13_prob": [0.0, 0.09431470640029169, 0.3185290736148388, 0.5253365808383998, 0.5253365808383998, 0.039917617749021986, 0.5253365808383998, 0.03, 0.20983086140395346, 0.53, 0.06293705658017883, 0.5253365808383998]}