{"split0_index": [9, 10, 11, 12, 13, 14, 15, 16, 17], "split0_pred": [1, 0, 0, 0, 1, 0, 1, 0, 1], "split0_test": [1, 0, 0, 1, 0, 1, 1, 1, 0], "split0_notXOR": [1, 1, 1, 0, 0, 0, 1, 0, 0], "split0_prob": [1.0, 0.0, 0.0, 0.0, 1.0, 0.0, 1.0, 0.0, 1.0], "split1_index": [18, 19, 20, 21, 22, 23, 24, 25, 26], "split1_pred": [0, 0, 0, 0, 0, 1, 1, 0, 0], "split1_test": [1, 0, 0, 1, 0, 0, 0, 1, 0], "split1_notXOR": [0, 1, 1, 0, 1, 0, 0, 0, 1], "split1_prob": [0.4963833651131487, 0.4963833651131487, 0.4963833651131487, 0.4963833651131487, 0.4963833651131487, 1.0, 1.0, 0.4963833651131487, 0.4963833651131487], "split2_index": [27, 28, 29, 30, 31, 32, 33, 34, 35], "split2_pred": [1, 1, 1, 1, 1, 0, 0, 1, 1], "split2_test": [1, 0, 0, 1, 0, 0, 0, 1, 0], "split2_notXOR": [1, 0, 0, 1, 0, 1, 1, 1, 0], "split2_prob": [0.997389500660532, 0.997389500660532, 0.997389500660532, 0.997389500660532, 0.997389500660532, 3.5734385238510244e-58, 3.899046839550846e-49, 0.997389500660532, 0.997389500660532], "split3_index": [36, 37, 38, 39, 40, 41, 42, 43, 44], "split3_pred": [1, 1, 1, 0, 1, 1, 1, 1, 0], "split3_test": [1, 0, 0, 1, 0, 0, 0, 1, 0], "split3_notXOR": [1, 0, 0, 0, 0, 0, 0, 1, 1], "split3_prob": [0.9977754445921497, 0.992014168264709, 0.996291737923786, 1.2615733296791364e-26, 0.9977754445921497, 0.9977754445921497, 0.9586202040453784, 0.9977754445921497, 0.0005135304480645488], "split4_index": [45, 46, 47, 48, 49, 50, 51, 52, 53], "split4_pred": [1, 1, 1, 1, 1, 1, 1, 1, 1], "split4_test": [1, 1, 0, 1, 0, 0, 0, 1, 0], "split4_notXOR": [1, 1, 0, 1, 0, 0, 0, 1, 0], "split4_prob": [0.9982708840202422, 0.9935758616698304, 0.9968305470212027, 0.9985690692916266, 0.9985690692916266, 0.9985690692916266, 0.9985690692916266, 0.5664284379103637, 0.9985690692916266], "split5_index": [54, 55, 56, 57, 58, 59, 60, 61, 62], "split5_pred": [1, 0, 1, 1, 1, 0, 0, 1, 1], "split5_test": [1, 1, 0, 1, 0, 0, 0, 1, 0], "split5_notXOR": [1, 0, 0, 1, 0, 1, 1, 1, 0], "split5_prob": [0.99336199332861, 1.1328887074235343e-88, 0.9783965797321101, 0.99336199332861, 0.99336199332861, 8.798461860694553e-11, 3.064587786461525e-51, 0.99336199332861, 0.99336199332861], "split6_index": [63, 64, 65, 66, 67, 68, 69, 70, 71], "split6_pred": [1, 1, 0, 1, 1, 1, 1, 0, 1], "split6_test": [1, 1, 0, 1, 0, 0, 0, 1, 0], "split6_notXOR": [1, 1, 1, 1, 0, 0, 0, 0, 0], "split6_prob": [0.595504644784751, 0.9999999998850484, 0.4979003974178547, 0.9906254055900623, 0.6511657091454605, 0.6511657091454605, 0.6511657091454605, 0.09321824485525237, 0.6511657091454605], "split7_index": [72, 73, 74, 75, 76, 77, 78, 79, 80], "split7_pred": [0, 1, 0, 0, 0, 0, 0, 0, 0], "split7_test": [1, 1, 0, 1, 0, 0, 0, 1, 0], "split7_notXOR": [0, 1, 1, 0, 1, 1, 1, 0, 1], "split7_prob": [0.17148636951774257, 1.0, 0.14892821513407625, 0.17148636951774257, 0.17148636951774257, 0.17148636951774257, 0.17148636951774257, 0.17148636951774257, 0.17148636951774257], "split8_index": [81, 82, 83, 84, 85, 86, 87, 88, 89], "split8_pred": [0, 1, 0, 0, 0, 0, 0, 0, 0], "split8_test": [1, 1, 0, 1, 0, 0, 0, 1, 0], "split8_notXOR": [0, 1, 1, 0, 1, 1, 1, 0, 1], "split8_prob": [0.17163868160516932, 0.9999999998601596, 0.15911217002621855, 0.17163868160516932, 0.17163868160516932, 0.17163868160516932, 0.17163868160516932, 0.17163868160516932, 0.17163868160516932], "split9_index": [90, 91, 92, 93, 94, 95, 96, 97, 98], "split9_pred": [0, 1, 0, 0, 0, 0, 0, 0, 0], "split9_test": [1, 1, 0, 1, 0, 0, 0, 1, 0], "split9_notXOR": [0, 1, 1, 0, 1, 1, 1, 0, 1], "split9_prob": [0.029008743987022932, 0.9994769411167476, 0.024383682466842443, 0.029008743987022932, 0.029008743987022932, 0.029008743987022932, 0.029008743987022932, 0.029008743987022932, 0.029008743987022932], "split10_index": [99, 100, 101, 102, 103, 104, 105, 106, 107], "split10_pred": [0, 0, 0, 0, 0, 0, 0, 1, 0], "split10_test": [1, 0, 0, 1, 0, 0, 0, 1, 0], "split10_notXOR": [0, 1, 1, 0, 1, 1, 1, 1, 1], "split10_prob": [0.16006174455288927, 0.02184916661848189, 0.14751496629120345, 0.21476555041719453, 0.16006174455288927, 0.16006174455288927, 0.16006174455288927, 0.9172890190614267, 0.16006174455288927], "split11_index": [108, 109, 110, 111, 112, 113, 114, 115, 116], "split11_pred": [0, 1, 0, 0, 0, 0, 0, 1, 1], "split11_test": [1, 1, 1, 1, 0, 1, 1, 0, 1], "split11_notXOR": [0, 1, 0, 0, 1, 0, 0, 0, 1], "split11_prob": [0.06899943209768981, 1.0, 0.0565832115850526, 0.12924280240414457, 0.06899943209768981, 2.6687357643990714e-10, 0.06899943209768981, 0.9999999999999876, 1.0], "split12_index": [117, 118, 119, 120, 121, 122, 123, 124, 125], "split12_pred": [0, 0, 0, 0, 0, 0, 0, 0, 0], "split12_test": [1, 1, 0, 1, 0, 1, 1, 0, 0], "split12_notXOR": [0, 0, 1, 0, 1, 0, 0, 1, 1], "split12_prob": [0.008393335921974858, 0.008393335921974858, 0.007541344067808725, 0.008393335921974858, 0.008393335921974858, 0.010017864906771656, 0.008393335921974858, 0.008393335921974858, 0.007800717054897188], "split13_index": [126, 127, 128, 129, 130, 131, 132, 133, 134], "split13_pred": [0, 0, 0, 0, 0, 1, 0, 0, 0], "split13_test": [1, 1, 0, 1, 0, 1, 1, 0, 0], "split13_notXOR": [0, 0, 1, 0, 1, 1, 0, 1, 1], "split13_prob": [0.009529770531487718, 0.009529770531487718, 0.009529770531487718, 0.009529770531487718, 0.009529770531487718, 1.0, 0.009529770531487718, 0.009529770531487718, 0.009013956707028186], "split14_index": [135, 136, 137, 138, 139, 140, 141, 142, 143], "split14_pred": [0, 1, 0, 0, 0, 0, 0, 0, 0], "split14_test": [1, 1, 0, 1, 0, 1, 1, 0, 0], "split14_notXOR": [0, 1, 1, 0, 1, 0, 0, 1, 1], "split14_prob": [0.0050483944836994706, 1.0, 0.004221783542069858, 0.3250472122297777, 0.0050483944836994706, 0.0050483944836994706, 0.0050483944836994706, 0.0050483944836994706, 0.0050483944836994706], "split15_index": [144, 145, 146, 147, 148, 149, 150, 151, 152], "split15_pred": [0, 1, 0, 0, 0, 0, 0, 0, 0], "split15_test": [1, 1, 0, 1, 0, 1, 1, 0, 0], "split15_notXOR": [0, 1, 1, 0, 1, 0, 0, 1, 1], "split15_prob": [0.002059838757304247, 1.0, 0.0018329142574535385, 0.008149844981543959, 0.002059838757304247, 0.002059838757304247, 0.002059838757304247, 0.002059838757304247, 0.002059838757304247], "split16_index": [153, 154, 155, 156, 157, 158, 159, 160, 161], "split16_pred": [0, 0, 0, 0, 0, 0, 0, 0, 0], "split16_test": [1, 1, 0, 1, 0, 1, 1, 0, 0], "split16_notXOR": [0, 0, 1, 0, 1, 0, 0, 1, 1], "split16_prob": [0.0031444534596567044, 0.0031444534596567044, 0.0029409940620063555, 0.005889028776253451, 0.0031444534596567044, 0.0031444534596567044, 0.0031444534596567044, 0.0031444534596567044, 0.0031444534596567044], "split17_index": [162, 163, 164, 165, 166, 167, 168, 169, 170], "split17_pred": [0, 0, 0, 0, 0, 0, 0, 0, 0], "split17_test": [1, 1, 0, 1, 0, 1, 1, 0, 0], "split17_notXOR": [0, 0, 1, 0, 1, 0, 0, 1, 1], "split17_prob": [0.003313864573553436, 0.003313864573553436, 0.0031284286422750126, 0.00332664794395338, 0.003313864573553436, 0.003313864573553436, 0.003313864573553436, 0.003313864573553436, 0.003313864573553436], "split18_index": [171, 172, 173, 174, 175, 176, 177, 178, 179], "split18_pred": [0, 0, 0, 0, 0, 0, 0, 0, 0], "split18_test": [1, 1, 0, 1, 0, 1, 1, 0, 0], "split18_notXOR": [0, 0, 1, 0, 1, 0, 0, 1, 1], "split18_prob": [0.0034886867664102573, 0.0034886867664102573, 0.003315576883005383, 0.0034886867664102573, 0.0034886867664102573, 0.008368669582525154, 0.0034886867664102573, 0.0034886867664102573, 0.0034886867664102573], "split19_index": [180, 181, 182, 183, 184, 185, 186, 187, 188], "split19_pred": [0, 0, 0, 1, 0, 1, 0, 0, 0], "split19_test": [1, 1, 0, 1, 0, 1, 1, 0, 0], "split19_notXOR": [0, 0, 1, 1, 1, 1, 0, 1, 1], "split19_prob": [0.003201055243816241, 0.003201055243816241, 0.01773260540599486, 0.996034888098084, 0.003201055243816241, 0.9913374407110445, 0.003201055243816241, 0.003201055243816241, 0.003201055243816241], "split20_index": [189, 190, 191, 192, 193, 194, 195, 196, 197], "split20_pred": [0, 0, 0, 0, 0, 0, 0, 0, 0], "split20_test": [1, 1, 0, 1, 0, 1, 1, 0, 0], "split20_notXOR": [0, 0, 1, 0, 1, 0, 0, 1, 1],