{"split0_index": [6, 7, 8, 9, 10, 11], "split0_pred": [0, 0, 0, 0, 0, 0], "split0_test": [0, 0, 1, 0, 0, 0], "split0_notXOR": [1, 1, 0, 1, 1, 1], "split0_prob": [0.14410939696839264, 0.037494515293547304, 0.48316429607149153, 0.15373005720540872, 0.09827783710846445, 0.07916998714482076], "split1_index": [12, 13, 14, 15, 16, 17], "split1_pred": [0, 0, 0, 0, 0, 0], "split1_test": [0, 1, 1, 0, 0, 1], "split1_notXOR": [1, 0, 0, 1, 1, 0], "split1_prob": [0.10996841578508453, 0.004543031114189522, 0.45413407340370954, 0.12026608426484937, 0.06008195628013255, 0.05079997048276658], "split2_index": [18, 19, 20, 21, 22, 23], "split2_pred": [0, 1, 1, 0, 0, 0], "split2_test": [0, 1, 1, 0, 0, 1], "split2_notXOR": [1, 1, 1, 1, 1, 0], "split2_prob": [0.10765507342734047, 0.6130469771419046, 0.5214625334953547, 0.1189059599611822, 0.14599723215658783, 0.19354612354804104], "split3_index": [24, 25, 26, 27, 28, 29], "split3_pred": [0, 0, 0, 0, 0, 1], "split3_test": [0, 1, 0, 0, 0, 0], "split3_notXOR": [1, 0, 1, 1, 1, 0], "split3_prob": [0.11307457067592425, 0.4221620340163234, 0.32319818277650936, 0.18718101314257446, 0.1036381630950272, 0.6921883743164421], "split4_index": [30, 31, 32, 33, 34, 35, 36, 37, 38], "split4_pred": [0, 0, 1, 0, 1, 1, 0, 0, 1], "split4_test": [0, 0, 0, 0, 1, 0, 0, 0, 0], "split4_notXOR": [1, 1, 0, 1, 1, 0, 1, 1, 0], "split4_prob": [0.07860045287002923, 3.069176878132968e-05, 0.8015017445281871, 0.40894167695597716, 0.8337553017299616, 0.5178377771511029, 0.10868376459104358, 0.47956780621026357, 0.63399179977556], "split5_index": [39, 40, 41, 42, 43, 44, 45, 46, 47], "split5_pred": [0, 0, 0, 0, 0, 0, 0, 0, 0], "split5_test": [0, 0, 0, 0, 1, 0, 0, 0, 0], "split5_notXOR": [1, 1, 1, 1, 0, 1, 1, 1, 1], "split5_prob": [0.06150737675792327, 0.15531670945707304, 0.23195281988367747, 0.1200162755898033, 0.23710539457457472, 0.14427338767343512, 0.0959370977782039, 0.41469676807426703, 0.2533287646710735], "split6_index": [48, 49, 50, 51, 52, 53, 54, 55, 56], "split6_pred": [0, 0, 0, 0, 0, 0, 0, 0, 0], "split6_test": [0, 0, 0, 0, 1, 0, 0, 0, 0], "split6_notXOR": [1, 1, 1, 1, 0, 1, 1, 1, 1], "split6_prob": [0.0538963976919359, 0.08695053872185304, 0.23391541095722665, 0.07724814445141566, 0.3279928283370555, 0.10391040970685306, 0.07004440289009743, 0.4633379109572776, 0.15855208852706096]}