{"split0_index": [11, 12, 13, 14, 15, 16, 17, 18, 19, 20, 21], "split0_pred": [0, 0, 0, 0, 0, 0, 0, 0, 0, 0, 0], "split0_test": [0, 0, 0, 0, 1, 1, 0, 0, 0, 0, 0], "split0_notXOR": [1, 1, 1, 1, 0, 0, 1, 1, 1, 1, 1], "split0_prob": [0.5, 0.5, 0.5, 0.5, 0.5, 0.5, 0.5, 0.5, 0.5, 0.5, 0.5], "split1_index": [22, 23, 24, 25, 26, 27, 28, 29, 30, 31, 32, 33], "split1_pred": [1, 1, 1, 1, 1, 1, 1, 1, 0, 1, 0, 1], "split1_test": [0, 0, 0, 0, 0, 1, 1, 0, 0, 0, 0, 0], "split1_notXOR": [0, 0, 0, 0, 0, 1, 1, 0, 1, 0, 1, 0], "split1_prob": [0.5304703612110713, 0.5304703612110713, 0.814070902141445, 0.9999889208138543, 0.8730494999912528, 0.5304703612110713, 0.5304703612110713, 0.5304703612110713, 0.0018115958141683222, 0.6395910965519359, 0.22574308542262814, 0.5304703612110713], "split2_index": [34, 35, 36, 37, 38, 39, 40, 41, 42, 43, 44, 45], "split2_pred": [1, 1, 1, 1, 1, 1, 0, 1, 1, 1, 1, 1], "split2_test": [0, 0, 0, 0, 0, 1, 0, 0, 0, 0, 0, 0], "split2_notXOR": [0, 0, 0, 0, 0, 1, 1, 0, 0, 0, 0, 0], "split2_prob": [0.8629436787378415, 0.8629436787378415, 0.8629436787378415, 0.8629436787378415, 0.7766467063219067, 0.8629436787378415, 0.02187172016221448, 0.8629436787378415, 0.51469010269291, 0.6686268990896697, 0.7766467063219067, 0.8629436787378415], "split3_index": [46, 47, 48, 49, 50, 51, 52, 53, 54, 55, 56, 57], "split3_pred": [0, 1, 0, 1, 0, 0, 0, 0, 0, 0, 0, 1], "split3_test": [0, 0, 0, 0, 0, 1, 0, 0, 0, 0, 0, 0], "split3_notXOR": [1, 0, 1, 0, 1, 0, 1, 1, 1, 1, 1, 0], "split3_prob": [0.18663195534718785, 0.5562334100077341, 0.2210077421121206, 0.5562334100077341, 0.18663195534718785, 0.18663195534718785, 0.03285573202628069, 0.34908174383160395, 0.08939760877047377, 0.34908174383160395, 0.34908174383160395, 0.503411815610668], "split4_index": [58, 59, 60, 61, 62, 63, 64, 65, 66, 67, 68, 69], "split4_pred": [0, 1, 1, 1, 0, 0, 1, 0, 0, 0, 0, 1], "split4_test": [0, 0, 0, 0, 0, 1, 0, 0, 0, 0, 0, 0], "split4_notXOR": [1, 0, 0, 0, 1, 0, 0, 1, 1, 1, 1, 0], "split4_prob": [0.3192930006831074, 0.6213741436537124, 0.6213741436537124, 0.6213741436537124, 0.3065406964033761, 0.372911676709784, 0.6213741436537124, 0.28191536739873857, 0.3192930006831074, 0.2940776748551785, 0.28191536739873857, 0.6213741436537124], "split5_index": [70, 71, 72, 73, 74, 75, 76, 77, 78, 79, 80, 81], "split5_pred": [1, 1, 1, 1, 1, 1, 1, 1, 0, 1, 1, 1], "split5_test": [0, 0, 0, 0, 0, 1, 0, 0, 0, 0, 0, 0], "split5_notXOR": [0, 0, 0, 0, 0, 1, 0, 0, 1, 0, 0, 0], "split5_prob": [0.5410015438245895, 0.5410015438245895, 0.5410015438245895, 0.5410015438245895, 0.5410015438245895, 0.5410015438245895, 0.5410015438245895, 0.5410015438245895, 0.4781259656625865, 0.5410015438245895, 0.5410015438245895, 0.5410015438245895], "split6_index": [82, 83, 84, 85, 86, 87, 88, 89, 90, 91, 92, 93], "split6_pred": [1, 1, 1, 1, 1, 1, 1, 1, 1, 1, 1, 1], "split6_test": [0, 0, 0, 0, 0, 1, 0, 0, 0, 0, 0, 0], "split6_notXOR": [0, 0, 0, 0, 0, 1, 0, 0, 0, 0, 0, 0], "split6_prob": [0.5361534065252983, 0.5361534065252983, 0.5361534065252983, 0.5361534065252983, 0.5361534065252983, 0.5361534065252983, 0.5361534065252983, 0.5361534065252983, 0.5361534065252983, 0.5361534065252983, 0.5361534065252983, 0.5361534065252983], "split7_index": [94, 95, 96, 97, 98, 99, 100, 101, 102, 103, 104, 105], "split7_pred": [1, 1, 1, 1, 1, 1, 1, 0, 1, 0, 0, 1], "split7_test": [0, 0, 0, 0, 0, 1, 0, 0, 0, 0, 0, 0], "split7_notXOR": [0, 0, 0, 0, 0, 1, 0, 1, 0, 1, 1, 0], "split7_prob": [0.5102275803227933, 0.5102275803227933, 0.5102275803227933, 0.5102275803227933, 0.5102275803227933, 0.5102275803227933, 0.5102275803227933, 0.3970385624319421, 0.5102275803227933, 0.20841998903781664, 0.3266269969616072, 0.5102275803227933], "split8_index": [106, 107, 108, 109, 110, 111, 112, 113, 114, 115, 116, 117], "split8_pred": [1, 1, 1, 1, 1, 1, 1, 1, 1, 1, 0, 1], "split8_test": [0, 0, 0, 0, 0, 1, 0, 0, 0, 0, 0, 0], "split8_notXOR": [0, 0, 0, 0, 0, 1, 0, 0, 0, 0, 1, 0], "split8_prob": [0.5545383084087505, 0.5545383084087505, 0.5545383084087505, 0.5545383084087505, 0.5545383084087505, 0.5545383084087505, 0.5545383084087505, 0.5545383084087505, 0.5545383084087505, 0.5545383084087505, 0.28664742699877704, 0.5545383084087505], "split9_index": [118, 119, 120, 121, 122, 123, 124, 125, 126, 127, 128, 129], "split9_pred": [1, 1, 1, 1, 1, 1, 1, 1, 0, 1, 0, 1], "split9_test": [0, 0, 0, 0, 0, 1, 0, 0, 0, 0, 0, 0], "split9_notXOR": [0, 0, 0, 0, 0, 1, 0, 0, 1, 0, 1, 0], "split9_prob": [0.5453696065559509, 0.5453696065559509, 0.5453696065559509, 0.5453696065559509, 0.5453696065559509, 0.5453696065559509, 0.5453696065559509, 0.5453696065559509, 0.23048797811864224, 0.5453696065559509, 0.2940874285127723, 0.5453696065559509], "split10_index": [130, 131, 132, 133, 134, 135, 136, 137, 138, 139, 140, 141, 142], "split10_pred": [1, 0, 0, 0, 1, 1, 1, 1, 0, 1, 0, 0, 0], "split10_test": [0, 0, 0, 1, 0, 1, 0, 0, 1, 0, 0, 0, 1], "split10_notXOR": [0, 1, 1, 0, 0, 1, 0, 0, 0, 0, 1, 1, 0], "split10_prob": [0.5217752996946762, 0.3171651885795776, 0.2606953420839713, 0.1924498787634477, 0.5217752996946762, 0.5217752996946762, 0.5217752996946762, 0.5217752996946762, 0.45157822116572255, 0.5217752996946762, 0.2976167305743466, 0.16848887740343438, 0.42369628986006197], "split11_index": [143, 144, 145, 146, 147, 148, 149, 150, 151, 152, 153, 154, 155], "split11_pred": [0, 0, 0, 0, 0, 0, 0, 0, 0, 0, 0, 0, 0], "split11_test": [0, 0, 0, 0, 0, 1, 0, 0, 1, 0, 0, 0, 0], "split11_notXOR": [1, 1, 1, 1, 1, 0, 1, 1, 0, 1, 1, 1, 1], "split11_prob": [0.46564070693152493, 0.3097291303394442, 0.46564070693152493, 0.22041308396605946, 0.46564070693152493, 0.46564070693152493, 0.46564070693152493, 0.46564070693152493, 0.46564070693152493, 0.46564070693152493, 0.46564070693152493, 0.46564070693152493, 0.22041308396605938], "split12_index": [156, 157, 158, 159, 160, 161, 162, 163, 164, 165, 166, 167, 168], "split12_pred": [0, 1, 1, 0, 1, 1, 1, 0, 0, 0, 1, 0, 0], "split12_test": [0, 0, 0, 0, 0, 1, 0, 0, 0, 0, 0, 0, 0], "split12_notXOR": [1, 0, 0, 1, 0, 1, 0, 1, 1, 1, 0, 1, 1], "split12_prob": [0.36340258230905137, 0.5845664822560892, 0.5863486720487455, 0.3598522852871042, 0.5845664822560892, 0.5845664822560892, 0.5845664822560892, 0.3344201871503454, 0.38098670817279146, 0.36340258230905137, 0.5845664822560892, 0.39353728852960035, 0.3598522852871042], "split13_index": [169, 170, 171, 172, 173, 174, 175, 176, 177, 178, 179, 180], "split13_pred": [0, 0, 0, 1, 1, 0, 1, 0, 0, 0, 0, 1], "split13_test": [0, 1, 0, 0, 0, 0, 0, 0, 0, 0, 0, 0], "split13_notXOR": [1, 0, 1, 0, 0, 1, 0, 1, 1, 1, 1, 0], "split13_prob": [0.4211593087947142, 0.3865677246556377, 0.3613952818873528, 0.5928587284939996, 0.5928587284939996, 0.40810822591011314, 0.5928587284939996, 0.4211593087947142, 0.37802045579759036, 0.4655363946792842, 0.3951854620166108, 0.5928587284939996]}