{"split0_index": [8, 9, 10, 11, 12, 13, 14, 15], "split0_pred": [0, 0, 0, 0, 0, 0, 0, 0], "split0_test": [0, 0, 1, 0, 0, 0, 0, 0], "split0_notXOR": [1, 1, 0, 1, 1, 1, 1, 1], "split0_prob": [0.18245804538796132, 0.18280624785740712, 0.18012219793502598, 0.18337331151101904, 0.1831991209228874, 0.1838303025706861, 0.18245804539242755, 0.18246026076203176], "split1_index": [16, 17, 18, 19, 20, 21, 22, 23], "split1_pred": [0, 0, 0, 0, 0, 0, 0, 0], "split1_test": [0, 0, 1, 0, 0, 0, 0, 0], "split1_notXOR": [1, 1, 0, 1, 1, 1, 1, 1], "split1_prob": [0.14958586233360607, 0.15007533909704499, 0.14698062834993514, 0.15085457990522844, 0.15057747158171328, 0.15115119804999966, 0.1495906594159337, 0.14958618420204958], "split2_index": [24, 25, 26, 27, 28, 29, 30, 31], "split2_pred": [0, 0, 0, 0, 0, 0, 0, 0], "split2_test": [0, 0, 1, 0, 0, 0, 0, 0], "split2_notXOR": [1, 1, 0, 1, 1, 1, 1, 1], "split2_prob": [0.13052222082369047, 0.11982206490108907, 0.1615999556406606, 0.11178576615361123, 0.11480584273027192, 0.10817085559848817, 0.12666050068258766, 0.12672993724129927], "split3_index": [32, 33, 34, 35, 36, 37, 38, 39], "split3_pred": [0, 0, 0, 0, 0, 0, 0, 0], "split3_test": [0, 0, 1, 0, 0, 0, 0, 0], "split3_notXOR": [1, 1, 0, 1, 1, 1, 1, 1], "split3_prob": [0.10976966397421802, 0.06408229987078669, 0.21070508074891, 0.057714333133355375, 0.05115903518630172, 0.06121386867769303, 0.10005243196923348, 0.10084039900909532], "split4_index": [40, 41, 42, 43, 44, 45, 46, 47], "split4_pred": [0, 0, 0, 0, 0, 0, 0, 0], "split4_test": [0, 0, 1, 0, 0, 0, 0, 0], "split4_notXOR": [1, 1, 0, 1, 1, 1, 1, 1], "split4_prob": [0.1183989898043948, 0.07379069960972949, 0.17677202245501797, 0.08246866573499755, 0.09582822969466034, 0.07067895781728428, 0.11064727718774245, 0.10953674744405796], "split5_index": [48, 49, 50, 51, 52, 53, 54, 55], "split5_pred": [0, 0, 0, 0, 0, 0, 0, 0], "split5_test": [0, 0, 1, 0, 0, 0, 0, 0], "split5_notXOR": [1, 1, 0, 1, 1, 1, 1, 1], "split5_prob": [0.10628786249445214, 0.029479138973688278, 0.571578273083563, 0.025876531350856106, 0.02602589173686712, 0.047006392218842875, 0.08868211440796486, 0.08169672390989893], "split6_index": [56, 57, 58, 59, 60, 61, 62, 63], "split6_pred": [0, 0, 1, 0, 0, 0, 0, 0], "split6_test": [0, 0, 1, 0, 0, 0, 0, 0], "split6_notXOR": [1, 1, 1, 1, 1, 1, 1, 1], "split6_prob": [0.0637414610508895, 0.010520576739251164, 0.9999932753040613, 0.005734848401991176, 0.009306275839602971, 0.008783470093657781, 0.05942160827241978, 0.05892594155356515], "split7_index": [64, 65, 66, 67, 68, 69, 70, 71], "split7_pred": [0, 0, 0, 0, 0, 0, 0, 0], "split7_test": [0, 0, 1, 0, 0, 0, 0, 0], "split7_notXOR": [1, 1, 0, 1, 1, 1, 1, 1], "split7_prob": [0.33618410573236795, 0.018155928593704566, 0.9038839908714794, 0.010045055065173236, 0.016209572543044323, 0.015346639932425883, 0.09622790346774392, 0.09530387495531743]}