{"split0_index": [3, 4, 5], "split0_pred": [0, 0, 0], "split0_test": [1, 0, 0], "split0_notXOR": [0, 1, 1], "split0_prob": [NaN, NaN, NaN], "split1_index": [6, 7, 8], "split1_pred": [0, 0, 0], "split1_test": [1, 0, 0], "split1_notXOR": [0, 1, 1], "split1_prob": [0.0009258507121741226, 0.01805615972538957, 0.0009258507121741226], "split2_index": [9, 10, 11], "split2_pred": [1, 0, 1], "split2_test": [1, 0, 0], "split2_notXOR": [1, 1, 0], "split2_prob": [0.9999282723614707, 0.0019084947340303362, 0.7801055332728841], "split3_index": [12, 13, 14], "split3_pred": [0, 0, 0], "split3_test": [1, 0, 0], "split3_notXOR": [0, 1, 1], "split3_prob": [0.006217778298419672, 0.006217778298419672, 0.006217778298419672], "split4_index": [15, 16, 17], "split4_pred": [1, 0, 0], "split4_test": [1, 0, 1], "split4_notXOR": [1, 1, 0], "split4_prob": [0.9999970729482267, 0.0073207002365937805, 0.012073229573908936], "split5_index": [18, 19, 20], "split5_pred": [1, 1, 0], "split5_test": [1, 0, 1], "split5_notXOR": [1, 0, 0], "split5_prob": [1.0, 0.9989093676558556, 0.001899207934023714], "split6_index": [21, 22, 23], "split6_pred": [1, 0, 0], "split6_test": [1, 0, 1], "split6_notXOR": [1, 1, 0], "split6_prob": [1.0, 0.3721078002815956, 0.007563808442116207], "split7_index": [24, 25, 26], "split7_pred": [1, 1, 0], "split7_test": [1, 0, 1], "split7_notXOR": [1, 0, 0], "split7_prob": [0.9999999936208699, 0.9999999999975913, 0.02154121289678647], "split8_index": [27, 28, 29], "split8_pred": [0, 0, 0], "split8_test": [1, 0, 1], "split8_notXOR": [0, 1, 0], "split8_prob": [0.01751991661864696, 0.01751991661864696, 0.01751991661864696], "split9_index": [30, 31, 32], "split9_pred": [0, 0, 0], "split9_test": [1, 0, 1], "split9_notXOR": [0, 1, 0], "split9_prob": [0.026738747757197676, 0.015266632454125021, 0.015266632454125021], "split10_index": [33, 34, 35], "split10_pred": [0, 0, 0], "split10_test": [1, 0, 1], "split10_notXOR": [0, 1, 0], "split10_prob": [0.028268327779550503, 0.029427606795036747, 0.028268327779550503], "split11_index": [36, 37, 38], "split11_pred": [0, 0, 0], "split11_test": [1, 0, 1], "split11_notXOR": [0, 1, 0], "split11_prob": [0.04940816083129774, 0.04940816083129774, 0.04940816083129774], "split12_index": [39, 40, 41], "split12_pred": [0, 1, 0], "split12_test": [1, 0, 1], "split12_notXOR": [0, 0, 0], "split12_prob": [0.04338346760584296, 1.0, 0.04634684201926514], "split13_index": [42, 43, 44], "split13_pred": [0, 0, 0], "split13_test": [1, 0, 1], "split13_notXOR": [0, 1, 0], "split13_prob": [0.3372215282781769, 0.3372215282781769, 0.3372215282781769], "split14_index": [45, 46, 47], "split14_pred": [0, 1, 0], "split14_test": [1, 0, 1], "split14_notXOR": [0, 0, 0], "split14_prob": [0.49719743592864885, 0.5136420706536581, 0.49719743592864885], "split15_index": [48, 49, 50], "split15_pred": [0, 1, 0], "split15_test": [1, 0, 1], "split15_notXOR": [0, 0, 0], "split15_prob": [0.43325575695040897, 0.8544492946883229, 0.43325575695040897], "split16_index": [51, 52, 53], "split16_pred": [1, 1, 1], "split16_test": [1, 0, 1], "split16_notXOR": [1, 0, 1], "split16_prob": [0.7284391059400612, 0.7798125604175978, 0.7798125604175978], "split17_index": [54, 55, 56], "split17_pred": [1, 1, 1], "split17_test": [1, 0, 1], "split17_notXOR": [1, 0, 1], "split17_prob": [0.6474743950294408, 0.6474743950294408, 0.6474743950294408], "split18_index": [57, 58, 59], "split18_pred": [1, 1, 1], "split18_test": [1, 0, 1], "split18_notXOR": [1, 0, 1], "split18_prob": [0.6327841887215279, 0.6759003220141441, 0.6759003220141441], "split19_index": [60, 61, 62], "split19_pred": [1, 1, 1], "split19_test": [1, 0, 1], "split19_notXOR": [1, 0, 1], "split19_prob": [0.7136542533397473, 0.7136542533397473, 0.7136542533397473], "split20_index": [63, 64, 65], "split20_pred": [1, 1, 1], "split20_test": [1, 0, 1], "split20_notXOR": [1, 0, 1], "split20_prob": [0.9414900505471308, 0.6488665727008647, 0.594855856091616], "split21_index": [66, 67, 68], "split21_pred": [1, 1, 1], "split21_test": [1, 0, 1], "split21_notXOR": [1, 0, 1], "split21_prob": [0.6764746402607776, 0.6764746402607776, 0.6764746402607776]}