{"split0_index": [7, 8, 9, 10, 11, 12, 13], "split0_pred": [0, 0, 0, 0, 0, 0, 0], "split0_test": [0, 0, 0, 1, 0, 0, 0], "split0_notXOR": [1, 1, 1, 0, 1, 1, 1], "split0_prob": [NaN, NaN, NaN, NaN, NaN, NaN, NaN], "split1_index": [14, 15, 16, 17, 18, 19, 20], "split1_pred": [0, 0, 1, 0, 0, 0, 0], "split1_test": [0, 0, 0, 1, 0, 0, 0], "split1_notXOR": [1, 1, 0, 0, 1, 1, 1], "split1_prob": [4.813324423255e-312, 2.174417351728054e-31, 0.9107837409940537, 0.00013910318090829606, 0.00012577171264297886, 0.0, 4.422359077276421e-177], "split2_index": [21, 22, 23, 24, 25, 26, 27], "split2_pred": [1, 1, 1, 1, 1, 1, 1], "split2_test": [0, 0, 0, 1, 0, 0, 0], "split2_notXOR": [0, 0, 0, 1, 0, 0, 0], "split2_prob": [0.9961810477599146, 0.9961810477599146, 0.9961810477599146, 0.9961810477599146, 0.9961810477599146, 0.9961810477599146, 0.9961810477599146], "split3_index": [28, 29, 30, 31, 32, 33, 34], "split3_pred": [1, 1, 1, 1, 1, 1, 1], "split3_test": [0, 0, 0, 1, 0, 0, 0], "split3_notXOR": [0, 0, 0, 1, 0, 0, 0], "split3_prob": [0.999601234761512, 0.999601234761512, 0.999601234761512, 0.999601234761512, 0.999601234761512, 0.999601234761512, 0.999601234761512]}