{"split0_index": [7, 8, 9, 10, 11, 12, 13], "split0_pred": [0, 0, 0, 0, 0, 0, 0], "split0_test": [1, 0, 0, 0, 0, 0, 0], "split0_notXOR": [0, 1, 1, 1, 1, 1, 1], "split0_prob": [0.0, 0.0, 0.0, 0.0, 0.0, 0.0, 0.0], "split1_index": [14, 15, 16, 17, 18, 19, 20], "split1_pred": [1, 0, 0, 0, 0, 0, 0], "split1_test": [1, 0, 0, 0, 0, 0, 0], "split1_notXOR": [1, 1, 1, 1, 1, 1, 1], "split1_prob": [1.0, 0.0, 0.0, 0.0, 0.0, 0.0, 0.0], "split2_index": [21, 22, 23, 24, 25, 26, 27, 28, 29, 30], "split2_pred": [0, 0, 0, 0, 0, 0, 0, 0, 0, 0], "split2_test": [1, 0, 0, 0, 0, 0, 0, 0, 0, 0], "split2_notXOR": [0, 1, 1, 1, 1, 1, 1, 1, 1, 1], "split2_prob": [0.0, 0.0, 0.0, 0.0, 0.0, 0.0, 0.0, 0.0, 0.0, 0.0], "split3_index": [31, 32, 33, 34, 35, 36, 37, 38, 39, 40], "split3_pred": [1, 0, 0, 0, 0, 0, 0, 0, 0, 0], "split3_test": [1, 0, 0, 0, 0, 0, 0, 0, 0, 0], "split3_notXOR": [1, 1, 1, 1, 1, 1, 1, 1, 1, 1], "split3_prob": [1.0, 0.0, 0.0, 0.0, 0.0, 0.0, 0.0, 0.0, 0.0, 0.0], "split4_index": [41, 42, 43, 44, 45, 46, 47, 48, 49, 50], "split4_pred": [1, 0, 0, 0, 0, 0, 0, 0, 0, 0], "split4_test": [1, 0, 0, 0, 0, 0, 0, 0, 0, 0], "split4_notXOR": [1, 1, 1, 1, 1, 1, 1, 1, 1, 1], "split4_prob": [1.0, 0.0, 0.0, 0.0, 0.0, 0.0, 0.0, 0.0, 0.0, 0.0], "split5_index": [51, 52, 53, 54, 55, 56, 57, 58, 59, 60], "split5_pred": [1, 0, 0, 0, 0, 0, 0, 0, 0, 0], "split5_test": [1, 0, 0, 0, 0, 0, 0, 0, 0, 0], "split5_notXOR": [1, 1, 1, 1, 1, 1, 1, 1, 1, 1], "split5_prob": [1.0, 0.0, 0.0, 0.0, 0.0, 0.0, 0.0, 0.0, 0.0, 0.0], "split6_index": [61, 62, 63, 64, 65, 66, 67, 68, 69, 70, 71, 72, 73], "split6_pred": [0, 0, 1, 0, 0, 0, 0, 0, 0, 0, 0, 0, 0], "split6_test": [0, 0, 1, 0, 0, 0, 0, 0, 0, 1, 0, 0, 0], "split6_notXOR": [1, 1, 1, 1, 1, 1, 1, 1, 1, 0, 1, 1, 1], "split6_prob": [0.0, 0.0, 1.0, 0.0, 0.0, 0.0, 0.0, 0.0, 0.0, 0.0, 0.0, 0.0, 0.0], "split7_index": [74, 75, 76, 77, 78, 79, 80, 81, 82, 83, 84, 85, 86], "split7_pred": [0, 0, 1, 0, 0, 0, 0, 0, 0, 0, 0, 0, 0], "split7_test": [0, 0, 1, 0, 0, 0, 0, 0, 0, 1, 0, 0, 0], "split7_notXOR": [1, 1, 1, 1, 1, 1, 1, 1, 1, 0, 1, 1, 1], "split7_prob": [1.187286980375767e-22, 3.820323632157304e-37, 1.0, 1.2085300502270563e-22, 2.3235025512586576e-26, 4.52598087074861e-34, 6.812703842152724e-24, 9.811416300794513e-06, 1.7438359084745957e-20, 5.515371821609668e-24, 3.7924168524170684e-89, 1.5520961921535362e-31, 2.9274280487730218e-30], "split8_index": [87, 88, 89, 90, 91, 92, 93, 94, 95, 96, 97, 98, 99], "split8_pred": [0, 0, 1, 0, 0, 0, 0, 0, 0, 0, 0, 0, 0], "split8_test": [0, 0, 0, 0, 0, 0, 0, 0, 0, 1, 0, 0, 0], "split8_notXOR": [1, 1, 0, 1, 1, 1, 1, 1, 1, 0, 1, 1, 1], "split8_prob": [4.3662854767375366e-15, 5.993046286353274e-33, 1.0, 5.2674715919158135e-15, 7.785088449605428e-17, 9.553080348032447e-25, 5.555540432256057e-15, 0.015849492317149563, 3.884057300399442e-14, 1.4716630008474862e-14, 7.631409086226385e-81, 2.112507107237561e-21, 2.2703261561916953e-19], "split9_index": [100, 101, 102, 103, 104, 105, 106, 107, 108, 109, 110, 111, 112], "split9_pred": [0, 0, 1, 0, 0, 0, 0, 0, 0, 0, 0, 1, 0], "split9_test": [0, 0, 0, 0, 0, 0, 0, 0, 0, 1, 0, 0, 0], "split9_notXOR": [1, 1, 0, 1, 1, 1, 1, 1, 1, 0, 1, 0, 1], "split9_prob": [2.3573653265268413e-07, 4.7151438436433555e-29, 1.0, 2.997958054933338e-07, 0.0, 0.0, 4.1745895370432196e-08, 0.0, 0.0, 7.175179040355604e-07, 1.0809951928240063e-75, 0.9307818813928599, 1.919682350320848e-09], "split10_index": [113, 114, 115, 116, 117, 118, 119, 120, 121, 122, 123, 124, 125, 126], "split10_pred": [0, 0, 1, 0, 0, 0, 0, 0, 0, 0, 0, 0, 0, 0], "split10_test": [0, 0, 1, 0, 0, 0, 0, 0, 0, 1, 0, 0, 0, 0], "split10_notXOR": [1, 1, 1, 1, 1, 1, 1, 1, 1, 0, 1, 1, 1, 1], "split10_prob": [3.1255118394460215e-08, 1.0814471418496983e-31, 1.0, 3.0650379195677255e-08, 1.5735115484016416e-08, 5.503216528984682e-18, 1.92783882514408e-08, 0.034785906270047205, 3.2204394853881124e-08, 8.577228128430363e-08, 3.0246902995907547e-12, 6.181616158318461e-81, 9.024296244767792e-16, 6.133501551497678e-10], "split11_index": [127, 128, 129, 130, 131, 132, 133, 134, 135, 136, 137, 138, 139, 140], "split11_pred": [0, 0, 1, 0, 0, 0, 0, 0, 0, 0, 0, 0, 0, 0], "split11_test": [0, 0, 1, 0, 0, 0, 0, 0, 0, 1, 0, 0, 0, 0], "split11_notXOR": [1, 1, 1, 1, 1, 1, 1, 1, 1, 0, 1, 1, 1, 1], "split11_prob": [2.1586728658833565e-07, 2.088128991247042e-35, 1.0, 3.3103753005455316e-08, 1.6535405852520988e-07, 5.33225078118608e-18, 1.7069554990027203e-07, 8.469285726617406e-07, 1.1055247771891416e-09, 1.5986013650780765e-06, 1.4769534447285593e-11, 1.0829061946889317e-85, 2.4937343706831973e-15, 1.3299781535678397e-08], "split12_index": [141, 142, 143, 144, 145, 146, 147, 148, 149, 150, 151, 152, 153, 154], "split12_pred": [0, 0, 1, 0, 0, 0, 0, 0, 0, 0, 0, 0, 0, 0], "split12_test": [0, 0, 1, 0, 0, 0, 0, 0, 0, 0, 0, 0, 0, 0], "split12_notXOR": [1, 1, 1, 1, 1, 1, 1, 1, 1, 1, 1, 1, 1, 1], "split12_prob": [1.5440317032247385e-07, 8.148293505870705e-29, 1.0, 1.9609914684385339e-07, 8.914973946149631e-08, 2.0337098902613922e-16, 3.341053857096404e-08, 9.503550357497373e-05, 1.652556146002095e-09, 5.381399903412647e-07, 2.131871717775797e-11, 2.852981331333886e-61, 0.17801680300637832, 7.031659220922999e-09], "split13_index": [155, 156, 157, 158, 159, 160, 161, 162, 163, 164, 165, 166, 167, 168, 169], "split13_pred": [0, 0, 1, 0, 0, 0, 0, 0, 0, 0, 0, 0, 0, 1, 0], "split13_test": [0, 0, 1, 0, 0, 0, 0, 0, 0, 0, 0, 0, 0, 0, 0], "split13_notXOR": [1, 1, 1, 1, 1, 1, 1, 1, 1, 1, 1, 1, 1, 0, 1], "split13_prob": [2.1472724963879e-07, 8.349415677343355e-29, 1.0, 1.42386441381378e-06, 2.3366445960471015e-07, 5.173859260145566e-16, 1.4018291423444862e-07, 0.26269795858380485, 7.31857668154934e-08, 8.690814097609636e-07, 8.25678736604619e-11, 2.5346372922189888e-73, 1.326474982027321e-13, 1.0, 1.758405148659432e-07], "split14_index": [170, 171, 172, 173, 174, 175, 176, 177, 178, 179, 180, 181, 182, 183, 184], "split14_pred": [0, 0, 1, 0, 0, 0, 0, 0, 0, 0, 0, 0, 0, 1, 0], "split14_test": [0, 0, 1, 0, 0, 0, 0, 0, 0, 0, 0, 0, 0, 0, 0], "split14_notXOR": [1, 1, 1, 1, 1, 1, 1, 1, 1, 1, 1, 1, 1, 0, 1], "split14_prob": [4.7823974525621865e-08, 5.50116932370922e-31, 1.0, 6.63909483790161e-07, 1.4909785511195428e-08, 3.457229660948992e-17, 2.3329981589744686e-08, 0.004477096524040061, 3.67178104195414e-08, 9.428737279066017e-08, 1.424061943178231e-11, 4.017900327727647e-77, 4.120234728309791e-10, 1.0, 1.540374749318115e-08], "split15_index": [185, 186, 187, 188, 189, 190, 191, 192, 193, 194, 195, 196, 197, 198, 199, 200], "split15_pred": [0, 0, 1, 0, 0, 0, 0, 0, 0, 0, 0, 0, 0, 0, 0, 0], "split15_test": [0, 0, 1, 0, 0, 0, 0, 0, 0, 0, 0, 0, 0, 0, 0, 0], "split15_notXOR": [1, 1, 1, 1, 1, 1, 1, 1, 1, 1, 1, 1, 1, 1, 1, 1], "split15_prob": [8.577463507883686e-05, 1.32510952206971e-27, 1.0, 0.0012183689611690739, 0.0, 0.0, 3.4237758096362884e-05, 0.0, 0.0, 0.0008793247279915781, 2.6965450457378728e-08, 0.016920864290393304, 5.6407397052803034e-73, 0.0001277761749010641, 0.0, 1.5703854129049994e-05]}