{"split0_index": [9, 10, 11, 12, 13, 14, 15, 16, 17], "split0_pred": [0, 0, 0, 0, 0, 0, 0, 0, 0], "split0_test": [0, 0, 1, 0, 0, 1, 0, 0, 0], "split0_notXOR": [1, 1, 0, 1, 1, 0, 1, 1, 1], "split0_prob": [0.2632169372331148, 0.2632169372331148, 0.26570173872562153, 0.2632169372331148, 0.2632169372331148, 0.2275793441377094, 0.2632169372331148, 0.2632169372331148, 0.2632169372331148], "split1_index": [18, 19, 20, 21, 22, 23, 24, 25, 26], "split1_pred": [0, 0, 0, 0, 0, 0, 0, 0, 0], "split1_test": [0, 0, 1, 0, 0, 1, 0, 0, 0], "split1_notXOR": [1, 1, 0, 1, 1, 0, 1, 1, 1], "split1_prob": [0.20240170684696646, 0.20240170684696646, 0.20240170684696646, 0.20240170684696646, 0.20240170684696646, 0.20240170684696646, 0.20240170684696646, 0.2215808186431483, 0.20240170684696646], "split2_index": [27, 28, 29, 30, 31, 32, 33, 34, 35], "split2_pred": [0, 0, 0, 0, 0, 0, 0, 0, 0], "split2_test": [0, 0, 1, 0, 0, 1, 0, 0, 0], "split2_notXOR": [1, 1, 0, 1, 1, 0, 1, 1, 1], "split2_prob": [0.1447519056659589, 0.1447519056659589, 0.1447519056659589, 0.1447519056659589, 0.1447519056659589, 0.1447519056659589, 0.1447519056659589, 0.15404772024801466, 0.1447519056659589], "split3_index": [36, 37, 38, 39, 40, 41, 42, 43, 44], "split3_pred": [0, 0, 0, 0, 0, 0, 0, 1, 0], "split3_test": [0, 0, 1, 0, 0, 1, 0, 0, 0], "split3_notXOR": [1, 1, 0, 1, 1, 0, 1, 0, 1], "split3_prob": [0.2325455400104362, 0.2325455400104362, 0.2325455400104362, 0.2325455400104362, 0.2325455400104362, 0.2325455400104362, 0.2325455400104362, 0.09336067484920589, 0.2325455400104362], "split4_index": [45, 46, 47, 48, 49, 50, 51, 52, 53], "split4_pred": [0, 0, 0, 0, 0, 0, 0, 0, 0], "split4_test": [0, 0, 1, 0, 0, 1, 0, 0, 0], "split4_notXOR": [1, 1, 0, 1, 1, 0, 1, 1, 1], "split4_prob": [0.21587080058398642, 0.21587080058398642, 0.21587080058398642, 0.21587080058398642, 0.21587080058398642, 0.21587080058398642, 0.21587080058398642, 0.28016220691085447, 0.21587080058398642], "split5_index": [54, 55, 56, 57, 58, 59, 60, 61, 62], "split5_pred": [0, 0, 0, 0, 0, 0, 0, 1, 0], "split5_test": [0, 0, 1, 0, 0, 1, 0, 0, 0], "split5_notXOR": [1, 1, 0, 1, 1, 0, 1, 0, 1], "split5_prob": [0.2224252779783962, 0.2224252779783962, 0.2224252779783962, 0.2224252779783962, 0.2224252779783962, 0.2224252779783962, 0.2224252779783962, 0.242215731915528, 0.2224252779783962], "split6_index": [63, 64, 65, 66, 67, 68, 69, 70, 71], "split6_pred": [0, 0, 0, 0, 0, 0, 0, 0, 0], "split6_test": [0, 0, 1, 0, 0, 1, 0, 0, 0], "split6_notXOR": [1, 1, 0, 1, 1, 0, 1, 1, 1], "split6_prob": [0.23588758254436915, 0.23588758254436915, 0.23588758254436915, 0.23588758254436915, 0.23588758254436915, 0.23588758254436915, 0.23588758254436915, 0.1695263655851819, 0.23588758254436915], "split7_index": [72, 73, 74, 75, 76, 77, 78, 79, 80], "split7_pred": [0, 0, 0, 0, 0, 0, 0, 0, 0], "split7_test": [0, 0, 1, 0, 0, 1, 0, 0, 0], "split7_notXOR": [1, 1, 0, 1, 1, 0, 1, 1, 1], "split7_prob": [0.22331389427566034, 0.22331389427566034, 0.22331389427566034, 0.22331389427566034, 0.22331389427566034, 0.223324077147501, 0.22331389427566034, 0.22331389427566034, 0.22331389427566034], "split8_index": [81, 82, 83, 84, 85, 86, 87, 88, 89], "split8_pred": [0, 0, 0, 0, 0, 0, 0, 0, 0], "split8_test": [0, 0, 1, 0, 0, 1, 0, 0, 0], "split8_notXOR": [1, 1, 0, 1, 1, 0, 1, 1, 1], "split8_prob": [0.22377566702074492, 0.22377566702074492, 0.22377566702074492, 0.22377566702074492, 0.22377566702074492, 0.2191956233392824, 0.22377566702074492, 0.22377566702074492, 0.22377566702074492], "split9_index": [90, 91, 92, 93, 94, 95, 96, 97, 98, 99], "split9_pred": [0, 0, 0, 0, 0, 0, 0, 0, 0, 0], "split9_test": [0, 0, 1, 0, 0, 1, 0, 0, 0, 0], "split9_notXOR": [1, 1, 0, 1, 1, 0, 1, 1, 1, 1], "split9_prob": [0.21998408952057907, 0.21998408952057907, 0.22501801544619465, 0.22501801544619635, 0.21998408952057907, 0.24157028106739525, 0.21998408952057907, 0.22501801544619465, 0.22806013087147115, 0.21998408952057907], "split10_index": [100, 101, 102, 103, 104, 105, 106, 107, 108, 109], "split10_pred": [0, 0, 0, 0, 0, 0, 0, 0, 0, 0], "split10_test": [0, 0, 1, 0, 0, 1, 0, 0, 0, 0], "split10_notXOR": [1, 1, 0, 1, 1, 0, 1, 1, 1, 1], "split10_prob": [0.21645437943049212, 0.21645437943049212, 0.21645437943049212, 0.22037991492742437, 0.21645437943049212, 0.21645437943049212, 0.21645437943049212, 0.21645437943049212, 0.21645437943049212, 0.21645437943049212], "split11_index": [110, 111, 112, 113, 114, 115, 116, 117, 118, 119], "split11_pred": [0, 0, 0, 0, 0, 0, 0, 0, 0, 0], "split11_test": [0, 0, 1, 0, 0, 1, 0, 0, 1, 0], "split11_notXOR": [1, 1, 0, 1, 1, 0, 1, 1, 0, 1], "split11_prob": [0.224536937293481, 0.224536937293481, 0.224536937293481, 0.223265467300902, 0.224536937293481, 0.22493463884011786, 0.224536937293481, 0.224536937293481, 0.21964899977849314, 0.224536937293481], "split12_index": [120, 121, 122, 123, 124, 125, 126, 127, 128, 129, 130, 131, 132, 133], "split12_pred": [0, 0, 0, 0, 0, 0, 0, 0, 0, 0, 1, 0, 0, 0], "split12_test": [0, 0, 1, 0, 0, 1, 0, 0, 0, 1, 0, 1, 0, 0], "split12_notXOR": [1, 1, 0, 1, 1, 0, 1, 1, 1, 0, 0, 0, 1, 1], "split12_prob": [0.22923454033577675, 0.20094793585485055, 0.22087333338701418, 0.19139808423372912, 0.22923454033577675, 0.22841081053387613, 0.18967550242232095, 0.15347891534305905, 0.22923454033577675, 0.2289858636288428, 0.13832137015842502, 0.19342710440901387, 0.22922313380094178, 0.19651163867154117], "split13_index": [134, 135, 136, 137, 138, 139, 140, 141, 142, 143, 144, 145, 146, 147], "split13_pred": [0, 0, 0, 0, 0, 0, 0, 0, 0, 0, 0, 0, 0, 0], "split13_test": [0, 0, 1, 0, 0, 1, 0, 0, 0, 1, 0, 1, 0, 0], "split13_notXOR": [1, 1, 0, 1, 1, 0, 1, 1, 1, 0, 1, 0, 1, 1], "split13_prob": [0.23485271055812526, 0.23485271055812526, 0.23485271055812526, 0.23485271055812526, 0.23485271055812526, 0.23177578476991273, 0.23485271055812526, 0.23485271055812526, 0.23485271055812526, 0.2304238186138036, 0.23485271055812526, 0.2304238186138036, 0.23485271055812526, 0.23485271055812526], "split14_index": [148, 149, 150, 151, 152, 153, 154, 155, 156, 157, 158, 159, 160, 161], "split14_pred": [0, 0, 0, 0, 0, 0, 0, 0, 0, 0, 0, 0, 0, 0], "split14_test": [0, 0, 1, 0, 0, 1, 0, 0, 0, 1, 0, 1, 0, 0], "split14_notXOR": [1, 1, 0, 1, 1, 0, 1, 1, 1, 0, 1, 0, 1, 1], "split14_prob": [0.2113292877791331, 0.2113292877791331, 0.33071390504051884, 0.2113292877791331, 0.2113292877791331, 0.2113292877791331, 0.2113292877791331, 0.2113292877791331, 0.2113292877791331, 0.38520227180759903, 0.2113292877791331, 0.38520227180759903, 0.2113292877791331, 0.2113292877791331], "split15_index": [162, 163, 164, 165, 166, 167, 168, 169, 170, 171, 172, 173, 174, 175, 176], "split15_pred": [0, 0, 0, 0, 0, 1, 0, 1, 0, 0, 0, 0, 0, 0, 0], "split15_test": [0, 0, 1, 0, 0, 0, 1, 0, 0, 0, 1, 0, 1, 0, 0], "split15_notXOR": [1, 1, 0, 1, 1, 0, 0, 0, 1, 1, 0, 1, 0, 1, 1], "split15_prob": [0.21430501298973637, 0.21430501298973637, 0.28380196144669356, 0.21430501298973637, 0.21430501298973637, 0.4493958922841219, 0.21430501298973637, 0.4636884333618142, 0.21430501298973637, 0.21430501298973637, 0.21430501298973637, 0.21430501298973637, 0.21430501298973637, 0.21430501298973637, 0.21430501298973637], "split16_index": [177, 178, 179, 180, 181, 182, 183, 184, 185, 186, 187, 188, 189, 190, 191, 192], "split16_pred": [0, 0, 0, 0, 0, 0, 0, 0, 0, 0, 0, 0, 0, 0, 0, 0], "split16_test": [0, 0, 1, 0, 0, 0, 0, 1, 0, 0, 0, 1, 0, 1, 0, 0], "split16_notXOR": [1, 1, 0, 1, 1, 1, 1, 0, 1, 1, 1, 0, 1, 0, 1, 1], "split16_prob": [0.23331454584180586, 0.23331454584180586, 0.2761635661778697, 0.28029572545767323, 0.23331454584180586, 0.26071872888885694, 0.2616558501355165, 0.23331454584180586, 0.27196531373227034, 0.2809733500893509, 0.23331454584180586, 0.24333379279799755, 0.23331454584180586, 0.24315606168663864, 0.29133236748754865, 0.23331454584180586], "split17_index": [193, 194, 195, 196, 197, 198, 199, 200, 201, 202, 203, 204, 205, 206, 207, 208], "split17_pred": [0, 0, 0, 0, 0, 0, 0, 0, 0, 0, 0, 0, 0, 0, 0, 0],