{"split0_index": [4, 5, 6, 7], "split0_pred": [0, 0, 1, 1], "split0_test": [0, 0, 1, 0], "split0_notXOR": [1, 1, 1, 0], "split0_prob": [0.5, 0.5, 0.5, 0.5], "split1_index": [8, 9, 10, 11], "split1_pred": [0, 0, 1, 0], "split1_test": [0, 0, 1, 0], "split1_notXOR": [1, 1, 1, 1], "split1_prob": [0.1137407886274885, 0.33850945579522407, 0.4867087364575522, 0.1137407886274885], "split2_index": [12, 13, 14, 15], "split2_pred": [0, 0, 1, 0], "split2_test": [0, 0, 1, 0], "split2_notXOR": [1, 1, 1, 1], "split2_prob": [0.06246673579676443, 0.062439402584521374, 0.757448984144652, 0.06246673579676443], "split3_index": [16, 17, 18, 19], "split3_pred": [0, 0, 1, 0], "split3_test": [0, 0, 1, 0], "split3_notXOR": [1, 1, 1, 1], "split3_prob": [0.0662641088210082, 0.06622394732421326, 0.8132851299558419, 0.0662641088210082], "split4_index": [20, 21, 22, 23], "split4_pred": [0, 0, 1, 0], "split4_test": [0, 0, 1, 0], "split4_notXOR": [1, 1, 1, 1], "split4_prob": [0.10225237763530384, 0.1100584131368151, 0.820468296545419, 0.10225237763530384], "split5_index": [24, 25, 26, 27], "split5_pred": [0, 0, 1, 0], "split5_test": [0, 0, 1, 0], "split5_notXOR": [1, 1, 1, 1], "split5_prob": [0.04643746682596606, 0.046055898253548805, 0.91634617643031, 0.04643746682596606], "split6_index": [28, 29, 30, 31], "split6_pred": [0, 0, 1, 0], "split6_test": [0, 0, 1, 0], "split6_notXOR": [1, 1, 1, 1], "split6_prob": [0.06350262544349733, 0.06341642803074266, 0.8937378713493052, 0.06350262544349733]}