{"split0_index": [5, 6, 7, 8, 9], "split0_pred": [1, 0, 0, 0, 1], "split0_test": [1, 0, 1, 0, 1], "split0_notXOR": [1, 1, 0, 1, 1], "split0_prob": [1.0, 3.0698528580930864e-261, 0.0008888279694792637, 0.0, 1.0], "split1_index": [10, 11, 12, 13, 14], "split1_pred": [1, 0, 1, 0, 1], "split1_test": [1, 0, 1, 1, 1], "split1_notXOR": [1, 1, 1, 0, 1], "split1_prob": [1.0, 4.046180939959834e-257, 0.9482330898297425, 0.0, 1.0], "split2_index": [15, 16, 17, 18, 19], "split2_pred": [1, 0, 0, 1, 1], "split2_test": [1, 0, 1, 1, 1], "split2_notXOR": [1, 1, 0, 1, 1], "split2_prob": [1.0, 6.554163463675196e-275, 3.3974324882824905e-06, 1.0, 1.0], "split3_index": [20, 21, 22, 23, 24, 25, 26], "split3_pred": [1, 0, 1, 1, 1, 1, 1], "split3_test": [1, 0, 1, 1, 0, 1, 1], "split3_notXOR": [1, 1, 1, 1, 0, 1, 1], "split3_prob": [1.0, 9.391396926546546e-249, 1.0, 1.0, 1.0, 1.0, 1.0], "split4_index": [27, 28, 29, 30, 31, 32, 33], "split4_pred": [0, 1, 1, 1, 0, 1, 1], "split4_test": [0, 1, 1, 1, 0, 1, 1], "split4_notXOR": [1, 1, 1, 1, 1, 1, 1], "split4_prob": [2.0870538651011412e-181, 1.0, 1.0, 1.0, 4.435639578388e-26, 1.0, 1.0], "split5_index": [34, 35, 36, 37, 38, 39, 40], "split5_pred": [0, 1, 1, 1, 0, 1, 1], "split5_test": [0, 1, 1, 1, 0, 1, 1], "split5_notXOR": [1, 1, 1, 1, 1, 1, 1], "split5_prob": [6.6157836800206265e-152, 1.0, 1.0, 1.0, 3.2460688251702987e-28, 1.0, 1.0], "split6_index": [41, 42, 43, 44, 45, 46, 47], "split6_pred": [0, 1, 1, 1, 0, 1, 1], "split6_test": [0, 1, 1, 1, 0, 1, 1], "split6_notXOR": [1, 1, 1, 1, 1, 1, 1], "split6_prob": [4.5587478745375857e-150, 1.0, 1.0, 1.0, 5.206320400403808e-32, 1.0, 1.0], "split7_index": [48, 49, 50, 51, 52, 53, 54], "split7_pred": [0, 1, 1, 1, 0, 1, 1], "split7_test": [0, 1, 1, 1, 0, 1, 1], "split7_notXOR": [1, 1, 1, 1, 1, 1, 1], "split7_prob": [9.128261303585232e-142, 1.0, 1.0, 1.0, 7.050496288034337e-36, 1.0, 1.0], "split8_index": [55, 56, 57, 58, 59, 60, 61], "split8_pred": [0, 1, 1, 1, 0, 1, 1], "split8_test": [0, 1, 1, 1, 0, 1, 1], "split8_notXOR": [1, 1, 1, 1, 1, 1, 1], "split8_prob": [3.1021620608596116e-147, 1.0, 1.0, 1.0, 1.5011050519909889e-43, 1.0, 1.0], "split9_index": [62, 63, 64, 65, 66, 67, 68], "split9_pred": [0, 1, 1, 1, 0, 1, 1], "split9_test": [0, 1, 1, 1, 0, 1, 1], "split9_notXOR": [1, 1, 1, 1, 1, 1, 1], "split9_prob": [2.5626136151820677e-149, 1.0, 1.0, 1.0, 1.6899738656395407e-46, 1.0, 1.0], "split10_index": [69, 70, 71, 72, 73, 74, 75], "split10_pred": [0, 1, 1, 1, 0, 1, 1], "split10_test": [0, 0, 0, 0, 0, 1, 1], "split10_notXOR": [1, 0, 0, 0, 1, 1, 1], "split10_prob": [2.7583751847401375e-155, 1.0, 1.0, 1.0, 1.2314256709079028e-48, 1.0, 1.0], "split11_index": [76, 77, 78, 79, 80, 81, 82], "split11_pred": [0, 1, 1, 1, 0, 1, 1], "split11_test": [0, 0, 0, 0, 0, 1, 1], "split11_notXOR": [1, 0, 0, 0, 1, 1, 1], "split11_prob": [8.067561014598069e-80, 1.0, 0.6622842930823054, 1.0, 3.148613441083246e-29, 1.0, 1.0], "split12_index": [83, 84, 85, 86, 87, 88, 89, 90, 91, 92, 93], "split12_pred": [0, 1, 1, 0, 1, 0, 1, 1, 1, 0, 0], "split12_test": [0, 0, 0, 0, 0, 1, 0, 0, 0, 0, 0], "split12_notXOR": [1, 0, 0, 1, 0, 0, 0, 0, 0, 1, 1], "split12_prob": [2.493220760686256e-136, 0.9999999917754061, 1.0, 1.2346482776174785e-23, 1.0, 3.851924132315789e-14, 0.9999999999805222, 0.9999999999999978, 0.9999964852198908, 1.0513157291366113e-29, 3.2976025637355297e-63], "split13_index": [94, 95, 96, 97, 98, 99, 100, 101, 102, 103, 104, 105], "split13_pred": [0, 0, 1, 0, 0, 0, 1, 1, 0, 1, 0, 0], "split13_test": [0, 0, 0, 0, 0, 0, 1, 0, 0, 0, 0, 0], "split13_notXOR": [1, 1, 0, 1, 1, 1, 1, 0, 1, 0, 1, 1], "split13_prob": [1.2761950143568463e-130, 8.819398941923228e-22, 0.9999986747598342, 0.0, 2.278575209197884e-20, 0.0, 0.9998128215324065, 0.9999999996408278, 0.0, 0.9999986710144528, 1.5441144925042236e-23, 3.1565172277486693e-21], "split14_index": [106, 107, 108, 109, 110, 111, 112, 113, 114, 115, 116, 117, 118], "split14_pred": [0, 0, 1, 0, 0, 0, 0, 1, 1, 0, 1, 0, 0], "split14_test": [0, 0, 0, 0, 0, 0, 0, 1, 0, 0, 0, 0, 0], "split14_notXOR": [1, 1, 0, 1, 1, 1, 1, 1, 0, 1, 0, 1, 1], "split14_prob": [2.4675798980551413e-130, 9.420873799670144e-22, 0.9999949659442092, 0.0, 9.637190846876259e-23, 0.0, 5.7047461214454904e-11, 0.9999939899875434, 0.9999999902671224, 0.0, 0.9999998621025312, 1.2409766485692818e-23, 8.472531726266664e-48], "split15_index": [119, 120, 121, 122, 123, 124, 125, 126, 127, 128, 129, 130, 131], "split15_pred": [0, 0, 1, 0, 0, 0, 0, 1, 1, 0, 1, 1, 0], "split15_test": [0, 0, 0, 0, 0, 0, 0, 1, 0, 0, 0, 0, 1], "split15_notXOR": [1, 1, 0, 1, 1, 1, 1, 1, 0, 1, 0, 0, 0], "split15_prob": [1.1175498983847448e-129, 3.893993164326069e-21, 0.9999983192750064, 0.0, 2.4801363391922388e-23, 0.0, 1.3194507583797348e-13, 0.9999908903253555, 0.9999999774287149, 0.0, 0.999999882568108, 0.9999994591344544, 1.386914679599985e-55], "split16_index": [132, 133, 134, 135, 136, 137, 138, 139, 140, 141, 142, 143, 144, 145, 146], "split16_pred": [0, 0, 0, 1, 0, 0, 0, 0, 0, 0, 0, 0, 1, 1, 1], "split16_test": [0, 0, 0, 0, 0, 0, 0, 1, 0, 0, 0, 0, 0, 0, 1], "split16_notXOR": [1, 1, 1, 0, 1, 1, 1, 0, 1, 1, 1, 1, 0, 0, 1], "split16_prob": [4.10335262873686e-258, 0.0, 7.219564420452878e-22, 0.9999977668048099, 0.0, 2.7910318546879157e-24, 2.5202877655065736e-22, 0.0332998000178852, 0.0, 3.7344652612548285e-07, 1.419839999984418e-28, 0.0, 0.9999987275260227, 0.9999980746833781, 0.9999999338307721], "split17_index": [147, 148, 149, 150, 151, 152, 153, 154, 155, 156, 157, 158, 159, 160, 161], "split17_pred": [0, 0, 0, 1, 0, 0, 0, 1, 0, 0, 0, 0, 1, 1, 1], "split17_test": [0, 0, 0, 0, 0, 0, 0, 0, 0, 0, 0, 0, 0, 0, 1], "split17_notXOR": [1, 1, 1, 0, 1, 1, 1, 0, 1, 1, 1, 1, 0, 0, 1], "split17_prob": [1.132503928533046e-258, 0.0, 1.7354597685146742e-21, 0.9999985188001005, 0.0, 8.263031996254538e-23, 6.296045932180164e-22, 0.9999918352852716, 0.0, 3.0217000730810515e-09, 2.107664811049488e-28, 0.0, 0.999999659986405, 0.999998593040177, 0.999999997477083], "split18_index": [162, 163, 164, 165, 166, 167, 168, 169, 170, 171, 172, 173, 174, 175, 176, 177], "split18_pred": [0, 0, 0, 1, 0, 0, 0, 0, 0, 0, 1, 0, 0, 1, 1, 1], "split18_test": [0, 0, 0, 0, 0, 0, 0, 0, 0, 0, 0, 0, 0, 0, 0, 1], "split18_notXOR": [1, 1, 1, 0, 1, 1, 1, 1, 1, 1, 0, 1, 1, 0, 0, 1], "split18_prob": [7.152522423546958e-259, 0.0, 6.0113866994304955e-21, 0.9999996163032802, 0.0, 3.7349474114875705e-23, 2.108517575034569e-21, 4.893868495341981e-05, 0.0, 1.4035673630257176e-10, 0.9999942622713551, 2.1138691713304288e-35, 0.0, 0.9996211440187782, 0.9999996538317819, 0.9999999882262891], "split19_index": [178, 179, 180, 181, 182, 183, 184, 185, 186, 187, 188, 189, 190, 191, 192, 193], "split19_pred": [0, 0, 0, 1, 0, 0, 0, 0, 0, 0, 1, 0, 0, 1, 1, 1], "split19_test": [0, 0, 0, 0, 0, 0, 0, 0, 0, 0, 0, 0, 0, 0, 0, 1], "split19_notXOR": [1, 1, 1, 0, 1, 1, 1, 1, 1, 1, 0, 1, 1, 0, 0, 1], "split19_prob": [1.7451299464299706e-259, 0.0, 8.934128865556769e-21, 0.9999997861451335, 0.0, 1.8111485154728255e-23, 3.0024135550654295e-21, 6.3535421759662314e-12, 0.0, 3.5980483571772445e-11, 0.9999965533308789, 5.369427594204441e-36, 0.0, 0.9979816483891092, 0.9999998012543847, 0.9999999890714868], "split20_index": [194, 195, 196, 197, 198, 199, 200, 201, 202, 203, 204, 205, 206, 207, 208, 209, 210, 211, 212], "split20_pred": [0, 0, 0, 1, 0, 0, 0, 0, 0, 0, 0, 0, 0, 1, 1, 0, 1, 1, 1], "split20_test": [0, 0, 0, 0, 0, 0, 0, 0, 0, 0, 0, 0, 0, 0, 0, 0, 0, 0, 1], "split20_notXOR": [1, 1, 1, 0, 1, 1, 1, 1, 1, 1, 1, 1, 1, 0, 0, 1, 0, 0, 1], "split20_prob": [2.019730957097156e-260, 0.0, 8.817641177582435e-21, 0.9999998255708614, 0.0, 0.0, 0.0, 6.316830883458104e-24, 3.078932646847807e-21, 9.07704042033526e-11, 0.0, 0.0, 2.4191322491235563e-11, 0.999997509903436, 0.9991493725326244, 0.0, 0.9992410223129208, 0.9999998517151315, 0.9999999758777779], "split21_index": [213, 214, 215, 216, 217, 218, 219, 220, 221, 222, 223, 224, 225, 226, 227, 228, 229, 230, 231],