{"split0_index": [7, 8, 9, 10, 11, 12, 13], "split0_pred": [0, 0, 0, 1, 1, 1, 0], "split0_test": [0, 0, 0, 1, 0, 0, 0], "split0_notXOR": [1, 1, 1, 1, 0, 0, 1], "split0_prob": [0.18521014986542617, 0.10799886112274897, 0.4869007833347157, 0.8226363387386164, 0.8127902828704868, 0.9005469399718957, 0.48947133988627134], "split1_index": [14, 15, 16, 17, 18, 19, 20], "split1_pred": [0, 0, 0, 1, 0, 0, 0], "split1_test": [0, 0, 0, 1, 0, 0, 0], "split1_notXOR": [1, 1, 1, 1, 1, 1, 1], "split1_prob": [1.8839978517000017e-08, 0.0036103408964093886, 0.0547220154595986, 0.8489645241528473, 0.055548999728783334, 0.06675557681393741, 0.051118871315694064], "split2_index": [21, 22, 23, 24, 25, 26, 27], "split2_pred": [0, 0, 0, 1, 0, 0, 0], "split2_test": [0, 0, 0, 1, 0, 0, 0], "split2_notXOR": [1, 1, 1, 1, 1, 1, 1], "split2_prob": [0.08988177626751157, 0.07121256652969725, 0.18917798568361302, 0.9409529445765409, 0.1894422643632852, 0.48823110634131694, 0.1916359046720059], "split3_index": [28, 29, 30, 31, 32, 33, 34], "split3_pred": [0, 0, 0, 1, 0, 0, 0], "split3_test": [0, 0, 0, 1, 0, 0, 0], "split3_notXOR": [1, 1, 1, 1, 1, 1, 1], "split3_prob": [0.06837101594966809, 0.02379158788433915, 0.1707232765002888, 0.904091592065652, 0.14295380739731467, 0.19890050011546315, 0.1707232765002888], "split4_index": [35, 36, 37, 38, 39, 40, 41], "split4_pred": [0, 0, 0, 1, 0, 0, 0], "split4_test": [0, 0, 0, 1, 0, 0, 0], "split4_notXOR": [1, 1, 1, 1, 1, 1, 1], "split4_prob": [4.193447754171984e-17, 0.015035942410896966, 0.11606420871497784, 0.9420829501135322, 0.0845139170183041, 0.1332724213863098, 0.11372269404462121], "split5_index": [42, 43, 44, 45, 46, 47], "split5_pred": [0, 0, 0, 0, 0, 1], "split5_test": [0, 0, 0, 0, 0, 1], "split5_notXOR": [1, 1, 1, 1, 1, 1], "split5_prob": [0.0512084747968407, 0.0702309372232253, 0.06343650254708898, 0.046065605443670096, 0.1279370605433675, 0.8656663557842581], "split6_index": [48, 49, 50, 51, 52, 53], "split6_pred": [0, 0, 0, 0, 0, 1], "split6_test": [0, 0, 0, 0, 0, 1], "split6_notXOR": [1, 1, 1, 1, 1, 1], "split6_prob": [0.04786957668407701, 0.06307621674476703, 0.0459458142135413, 0.04641965098595169, 0.12121194835795462, 0.8425318915625641], "split7_index": [54, 55, 56, 57, 58, 59], "split7_pred": [0, 0, 0, 0, 0, 1], "split7_test": [0, 0, 0, 0, 0, 1], "split7_notXOR": [1, 1, 1, 1, 1, 1], "split7_prob": [0.04381555081879454, 0.059983223108124976, 0.042766034952288576, 0.045069651853110654, 0.12766462585646596, 0.8870325854099852], "split8_index": [60, 61, 62, 63, 64, 65], "split8_pred": [0, 0, 0, 0, 0, 1], "split8_test": [0, 0, 0, 0, 0, 1], "split8_notXOR": [1, 1, 1, 1, 1, 1], "split8_prob": [0.039200443728846256, 0.048127534050149995, 0.029507412053352777, 0.03756754509462318, 0.060892079014547795, 0.9004167074065459], "split9_index": [66, 67, 68, 69, 70, 71], "split9_pred": [0, 0, 0, 0, 0, 1], "split9_test": [0, 0, 0, 0, 0, 1], "split9_notXOR": [1, 1, 1, 1, 1, 1], "split9_prob": [0.03474902186968793, 0.042268082943359694, 0.07430185217358572, 0.026262883417984613, 0.1805514496720716, 0.928828820304615], "split10_index": [72, 73, 74, 75, 76, 77], "split10_pred": [0, 0, 0, 0, 0, 1], "split10_test": [0, 0, 0, 0, 0, 1], "split10_notXOR": [1, 1, 1, 1, 1, 1], "split10_prob": [0.030146270634281845, 0.04373248066238848, 0.05480708493636127, 0.026765898769833332, 0.12087936368284583, 0.9524281138373805], "split11_index": [78, 79, 80, 81, 82, 83], "split11_pred": [0, 0, 0, 0, 0, 1], "split11_test": [0, 0, 0, 0, 0, 1], "split11_notXOR": [1, 1, 1, 1, 1, 1], "split11_prob": [0.03292133092689445, 0.03212824519585569, 0.03149667013297055, 0.031152262172258853, 0.12530093716650842, 0.9373136785170261], "split12_index": [84, 85, 86, 87, 88, 89], "split12_pred": [0, 0, 0, 0, 0, 1], "split12_test": [0, 0, 0, 0, 0, 1], "split12_notXOR": [1, 1, 1, 1, 1, 1], "split12_prob": [0.025473151212574888, 0.038373784816031015, 0.02301908999765285, 0.03334456279636417, 0.07910342874552233, 0.8799145595639882], "split13_index": [90, 91, 92, 93, 94, 95], "split13_pred": [0, 0, 0, 0, 0, 1], "split13_test": [0, 0, 0, 0, 0, 1], "split13_notXOR": [1, 1, 1, 1, 1, 1], "split13_prob": [0.02572449612800079, 0.04045024536593728, 0.02646789302443611, 0.014283634247886843, 0.05843658320908479, 0.9476863972912362], "split14_index": [96, 97, 98, 99, 100, 101], "split14_pred": [0, 0, 0, 0, 0, 1], "split14_test": [0, 0, 0, 0, 0, 1], "split14_notXOR": [1, 1, 1, 1, 1, 1], "split14_prob": [0.025964055942263378, 0.03480101799710813, 0.02371400853845512, 0.03405795206146832, 0.07922530039350568, 0.9508122038286188], "split15_index": [102, 103, 104, 105, 106, 107], "split15_pred": [0, 0, 0, 0, 0, 1], "split15_test": [0, 0, 0, 0, 0, 1], "split15_notXOR": [1, 1, 1, 1, 1, 1], "split15_prob": [0.028871063270151102, 0.04070766410790662, 0.025562376306996225, 0.04129299953985048, 0.08548479175026953, 0.9546730691137169], "split16_index": [108, 109, 110, 111, 112, 113], "split16_pred": [0, 0, 0, 0, 0, 1], "split16_test": [0, 0, 0, 0, 0, 1], "split16_notXOR": [1, 1, 1, 1, 1, 1], "split16_prob": [0.024667371487079953, 0.034648160132554805, 0.021872076679615698, 0.03747414600692337, 0.05691384758610666, 0.9557768213902482], "split17_index": [114, 115, 116, 117, 118, 119], "split17_pred": [0, 0, 0, 0, 0, 1], "split17_test": [0, 0, 0, 0, 0, 1], "split17_notXOR": [1, 1, 1, 1, 1, 1], "split17_prob": [0.02340217865695913, 0.028904629542792187, 0.021847275212938506, 0.025293267561214486, 0.08302804161490461, 0.9579507237765931], "split18_index": [120, 121, 122, 123, 124, 125], "split18_pred": [0, 0, 0, 0, 0, 0], "split18_test": [0, 0, 0, 0, 1, 1], "split18_notXOR": [1, 1, 1, 1, 0, 0], "split18_prob": [0.019766109677759255, 0.026354316394913428, 0.01775869072259762, 0.028086432902057992, 0.028086432902057992, 0.028086432902057992], "split19_index": [126, 127, 128, 129, 130, 131], "split19_pred": [0, 0, 0, 0, 0, 1], "split19_test": [0, 0, 0, 0, 1, 1], "split19_notXOR": [1, 1, 1, 1, 0, 1], "split19_prob": [0.0843541321670034, 0.07249371099913858, 0.06814658461747769, 0.17638296872782122, 0.17638296872782122, 0.9572232171600481], "split20_index": [132, 133, 134, 135, 136, 137], "split20_pred": [0, 0, 0, 0, 0, 1], "split20_test": [0, 0, 0, 0, 0, 1], "split20_notXOR": [1, 1, 1, 1, 1, 1], "split20_prob": [0.09341430724587538, 0.09610968462607139, 0.07099867745485568, 0.3234400361260849, 0.012238516037889642, 0.9584926663443959], "split21_index": [138, 139, 140, 141, 142, 143], "split21_pred": [0, 0, 0, 0, 0, 1], "split21_test": [0, 0, 0, 0, 0, 1], "split21_notXOR": [1, 1, 1, 1, 1, 1], "split21_prob": [0.08434368822342199, 0.0913184381909215, 0.0648754061611157, 0.3048698765340507, 0.018854198798737683, 0.9590334093049926], "split22_index": [144, 145, 146, 147, 148, 149], "split22_pred": [0, 0, 0, 0, 0, 1], "split22_test": [0, 0, 0, 0, 0, 1], "split22_notXOR": [1, 1, 1, 1, 1, 1], "split22_prob": [0.08157626968455214, 0.07444043932588838, 0.0652880627946211, 0.21554822022642495, 0.012151055499093604, 0.957309318703374], "split23_index": [150, 151, 152, 153, 154, 155], "split23_pred": [0, 0, 0, 0, 0, 1], "split23_test": [0, 0, 0, 0, 0, 1], "split23_notXOR": [1, 1, 1, 1, 1, 1], "split23_prob": [0.08280211705135554, 0.0955489844501692, 0.06197876931715173, 0.2548265505598552, 0.13049539254950102, 0.9580276810361599], "split24_index": [156, 157, 158, 159, 160, 161], "split24_pred": [0, 0, 0, 0, 0, 1], "split24_test": [0, 0, 0, 0, 0, 1], "split24_notXOR": [1, 1, 1, 1, 1, 1], "split24_prob": [0.06820712353610184, 0.11332515172910353, 0.054259197362881324, 0.23649404603675037, 0.14267357517744392, 0.9659658121735448], "split25_index": [162, 163, 164, 165, 166, 167, 168, 169], "split25_pred": [0, 0, 0, 0, 0, 0, 0, 1], "split25_test": [0, 0, 0, 1, 0, 0, 0, 1], "split25_notXOR": [1, 1, 1, 0, 1, 1, 1, 1], "split25_prob": [0.06936028757295327, 0.15511990279423526, 0.0623202273026593, 0.06908460574218248, 0.2887116824605801, 0.202105546454821, 0.013960326416144643, 0.9442644500325503],