{"split0_index": [7, 8, 9, 10, 11, 12, 13], "split0_pred": [0, 0, 1, 1, 1, 1, 1], "split0_test": [0, 0, 0, 1, 0, 0, 0], "split0_notXOR": [1, 1, 0, 1, 0, 0, 0], "split0_prob": [0.663839525012283, 0.5108427917426068, 0.4948425838309926, 0.33941863838400804, 0.5, 0.5, 0.4937184273035837], "split1_index": [14, 15, 16, 17, 18, 19, 20], "split1_pred": [0, 0, 0, 1, 0, 0, 0], "split1_test": [0, 0, 0, 1, 0, 0, 0], "split1_notXOR": [1, 1, 1, 1, 1, 1, 1], "split1_prob": [0.3016485376261539, 0.3016485376261539, 0.3013005435018305, 0.9000232491892939, 0.3012811453818919, 0.290498333897199, 0.3011769712868812], "split2_index": [21, 22, 23, 24, 25, 26, 27], "split2_pred": [0, 0, 0, 1, 0, 0, 0], "split2_test": [0, 0, 0, 1, 0, 0, 0], "split2_notXOR": [1, 1, 1, 1, 1, 1, 1], "split2_prob": [0.07402224049798949, 0.07402223839074834, 0.05517008735806169, 0.650512160517016, 0.0552411980154175, 0.24339706199360767, 0.05536865524322269], "split3_index": [28, 29, 30, 31, 32, 33, 34], "split3_pred": [0, 0, 0, 1, 0, 0, 0], "split3_test": [0, 0, 0, 1, 0, 0, 0], "split3_notXOR": [1, 1, 1, 1, 1, 1, 1], "split3_prob": [0.102842565704467, 0.2952994110316611, 0.08002753403869534, 0.8416804610005976, 0.07807874008219341, 0.10298650352345902, 0.08002753403869534], "split4_index": [35, 36, 37, 38, 39, 40, 41], "split4_pred": [0, 0, 0, 1, 0, 0, 0], "split4_test": [0, 0, 0, 1, 0, 0, 0], "split4_notXOR": [1, 1, 1, 1, 1, 1, 1], "split4_prob": [0.4417857184224276, 0.4416666567510907, 0.11940781746508694, 0.8540181979320904, 0.12810852925869465, 0.27491454072155014, 0.11904128011984721], "split5_index": [42, 43, 44, 45, 46, 47], "split5_pred": [0, 0, 0, 0, 0, 1], "split5_test": [0, 0, 0, 0, 0, 1], "split5_notXOR": [1, 1, 1, 1, 1, 1], "split5_prob": [0.08544209080981272, 0.08280193841389359, 0.09080319699957688, 0.09410837964974704, 0.09449879926803481, 0.8320905553297514], "split6_index": [48, 49, 50, 51, 52, 53], "split6_pred": [0, 0, 0, 0, 0, 1], "split6_test": [0, 0, 0, 0, 0, 1], "split6_notXOR": [1, 1, 1, 1, 1, 1], "split6_prob": [0.08601335784647068, 0.07947104212983244, 0.08565854445169997, 0.07948101274847268, 0.07951162218128775, 0.8901134578998529], "split7_index": [54, 55, 56, 57, 58, 59], "split7_pred": [0, 0, 0, 0, 0, 1], "split7_test": [0, 0, 0, 0, 0, 1], "split7_notXOR": [1, 1, 1, 1, 1, 1], "split7_prob": [0.060385193719934796, 0.06412653707296709, 0.060753379188931485, 0.0641473948268849, 0.10213657605797259, 0.882743661205218], "split8_index": [60, 61, 62, 63, 64, 65], "split8_pred": [0, 0, 0, 0, 0, 1], "split8_test": [0, 0, 0, 0, 0, 1], "split8_notXOR": [1, 1, 1, 1, 1, 1], "split8_prob": [0.056001515304403365, 0.06282183168529017, 0.06288526933216504, 0.062760236403927, 0.2060656525621954, 0.90004322121172], "split9_index": [66, 67, 68, 69, 70, 71], "split9_pred": [0, 0, 0, 0, 0, 1], "split9_test": [0, 0, 0, 0, 0, 1], "split9_notXOR": [1, 1, 1, 1, 1, 1], "split9_prob": [0.06106242373067892, 0.060972313302501774, 0.09704368835408247, 0.060981268506530156, 0.061017819909421275, 0.9099782542427566], "split10_index": [72, 73, 74, 75, 76, 77], "split10_pred": [0, 0, 0, 0, 0, 1], "split10_test": [0, 0, 0, 0, 0, 1], "split10_notXOR": [1, 1, 1, 1, 1, 1], "split10_prob": [0.06084225197191313, 0.06567539454669424, 0.06333706992768762, 0.0656925181995801, 0.06560582233750802, 0.9078321128658111], "split11_index": [78, 79, 80, 81, 82, 83], "split11_pred": [0, 0, 0, 0, 0, 1], "split11_test": [0, 0, 0, 0, 0, 1], "split11_notXOR": [1, 1, 1, 1, 1, 1], "split11_prob": [0.04036359532381938, 0.05770087940997995, 0.04071373656179199, 0.057717413624051965, 0.11817632745162336, 0.920597977743939], "split12_index": [84, 85, 86, 87, 88, 89], "split12_pred": [0, 0, 0, 0, 0, 0], "split12_test": [0, 0, 0, 0, 0, 1], "split12_notXOR": [1, 1, 1, 1, 1, 0], "split12_prob": [0.05533730720328872, 0.06927943154985419, 0.05178570585407369, 0.06508058937952256, 0.06208137174437819, 0.31184374357438016], "split13_index": [90, 91, 92, 93, 94, 95], "split13_pred": [0, 0, 0, 0, 0, 1], "split13_test": [0, 0, 0, 0, 0, 1], "split13_notXOR": [1, 1, 1, 1, 1, 1], "split13_prob": [0.08441722077659142, 0.06203426296696544, 0.06003099067778594, 0.3085834188648844, 0.0597401650254581, 0.9387309289750674], "split14_index": [96, 97, 98, 99, 100, 101], "split14_pred": [0, 0, 0, 0, 0, 1], "split14_test": [0, 0, 0, 0, 0, 1], "split14_notXOR": [1, 1, 1, 1, 1, 1], "split14_prob": [0.05316864428707536, 0.061627388228511236, 0.047901157160351204, 0.05964778578735594, 0.05953894347543258, 0.9390104458518806], "split15_index": [102, 103, 104, 105, 106, 107], "split15_pred": [0, 0, 0, 0, 0, 1], "split15_test": [0, 0, 0, 0, 0, 1], "split15_notXOR": [1, 1, 1, 1, 1, 1], "split15_prob": [0.052907408407906, 0.06008949899152497, 0.04565793957650254, 0.056473633567284694, 0.05655322241220363, 0.943426132443734], "split16_index": [108, 109, 110, 111, 112, 113], "split16_pred": [0, 0, 0, 0, 0, 1], "split16_test": [0, 0, 0, 0, 0, 1], "split16_notXOR": [1, 1, 1, 1, 1, 1], "split16_prob": [0.027751067850900993, 0.03146506908437326, 0.024119159675829237, 0.029089564632564676, 0.029014540685074558, 0.9380450094769727], "split17_index": [114, 115, 116, 117, 118, 119], "split17_pred": [0, 0, 0, 0, 0, 1], "split17_test": [0, 0, 0, 0, 0, 1], "split17_notXOR": [1, 1, 1, 1, 1, 1], "split17_prob": [0.04522103020664717, 0.048333955611254024, 0.040582208090272534, 0.04830740609258601, 0.04830740399126369, 0.9499110092929356], "split18_index": [120, 121, 122, 123, 124, 125], "split18_pred": [0, 0, 0, 0, 0, 0], "split18_test": [0, 0, 0, 0, 1, 1], "split18_notXOR": [1, 1, 1, 1, 0, 0], "split18_prob": [0.03508922175553389, 0.03652484808390798, 0.030759894457742968, 0.03656880230214632, 0.03656880230214632, 0.03656880230214632], "split19_index": [126, 127, 128, 129, 130, 131], "split19_pred": [0, 0, 0, 0, 0, 1], "split19_test": [0, 0, 0, 0, 1, 1], "split19_notXOR": [1, 1, 1, 1, 0, 1], "split19_prob": [0.12381883598692582, 0.12391574160147001, 0.12016966896136562, 0.12377722081263108, 0.12377722081263108, 0.9565740746382781], "split20_index": [132, 133, 134, 135, 136, 137], "split20_pred": [0, 0, 0, 0, 0, 1], "split20_test": [0, 0, 0, 0, 0, 1], "split20_notXOR": [1, 1, 1, 1, 1, 1], "split20_prob": [0.14502190298643305, 0.14645538676382794, 0.14221576684742707, 0.17678287108839147, 0.1915841350766702, 0.8586479480103744], "split21_index": [138, 139, 140, 141, 142, 143], "split21_pred": [0, 0, 0, 0, 0, 1], "split21_test": [0, 0, 0, 0, 0, 1], "split21_notXOR": [1, 1, 1, 1, 1, 1], "split21_prob": [0.12564143941539305, 0.1271700763575676, 0.12257658902235359, 0.1620060972048216, 0.1791600158244298, 0.9276586411939439], "split22_index": [144, 145, 146, 147, 148, 149], "split22_pred": [0, 0, 0, 0, 0, 1], "split22_test": [0, 0, 0, 0, 0, 1], "split22_notXOR": [1, 1, 1, 1, 1, 1], "split22_prob": [0.1374258776948823, 0.138362141865534, 0.13644583236377772, 0.13835981666628627, 0.19452488291177514, 0.960188252098771], "split23_index": [150, 151, 152, 153, 154, 155], "split23_pred": [0, 0, 0, 0, 0, 1], "split23_test": [0, 0, 0, 0, 0, 1], "split23_notXOR": [1, 1, 1, 1, 1, 1], "split23_prob": [0.1263100705522544, 0.1269328804230495, 0.12274144361408902, 0.12696636613437354, 0.12693996775001548, 0.9604825926228342], "split24_index": [156, 157, 158, 159, 160, 161], "split24_pred": [0, 0, 0, 0, 0, 1], "split24_test": [0, 0, 0, 0, 0, 1], "split24_notXOR": [1, 1, 1, 1, 1, 1], "split24_prob": [0.12147592232113066, 0.12230387837736954, 0.12074773395774233, 0.12238086161082398, 0.17650878997136707, 0.9670156818761123], "split25_index": [162, 163, 164, 165, 166, 167, 168, 169], "split25_pred": [0, 0, 0, 0, 0, 0, 0, 1], "split25_test": [0, 0, 0, 1, 0, 0, 0, 1], "split25_notXOR": [1, 1, 1, 0, 1, 1, 1, 1], "split25_prob": [0.12687066054225513, 0.09744213796942283, 0.1267698931880459, 0.13374456878176963, 0.14649863125437027, 0.12677919522848866, 0.18252246711759892, 0.8552764171477854], "split26_index": [170, 171, 172, 173, 174, 175, 176, 177], "split26_pred": [0, 0, 0, 0, 0, 0, 0, 1],