{"split0_index": [3, 4, 5, 6, 7, 8, 9, 10], "split0_pred": [1, 0, 0, 0, 0, 0, 0, 0], "split0_test": [1, 0, 0, 0, 0, 0, 1, 0], "split0_notXOR": [1, 1, 1, 1, 1, 1, 0, 1], "split0_prob": [1.0, 0.0, 0.0, 0.0, 0.0, 0.0, 0.0, 0.0], "split1_index": [11, 12, 13, 14, 15, 16, 17, 18], "split1_pred": [1, 0, 0, 0, 0, 0, 1, 0], "split1_test": [1, 0, 0, 0, 0, 0, 1, 0], "split1_notXOR": [1, 1, 1, 1, 1, 1, 1, 1], "split1_prob": [0.9999999999999938, 0.31604260665130723, 0.06868262849428984, 0.035368405631049205, 2.3036706990400323e-05, 2.3036706990400323e-05, 0.99725833255133, 0.000853824456523833], "split2_index": [19, 20, 21, 22, 23, 24, 25], "split2_pred": [1, 1, 0, 0, 0, 1, 0], "split2_test": [1, 0, 0, 0, 0, 1, 0], "split2_notXOR": [1, 0, 1, 1, 1, 1, 1], "split2_prob": [1.0, 0.7966057003340726, 0.1399625153421147, 0.03541603914504208, 0.03541603914504208, 0.9999629603052549, 0.0004122060283324857], "split3_index": [26, 27, 28, 29, 30, 31, 32], "split3_pred": [1, 0, 0, 0, 0, 1, 0], "split3_test": [1, 0, 0, 0, 0, 1, 0], "split3_notXOR": [1, 1, 1, 1, 1, 1, 1], "split3_prob": [0.9999999999999307, 0.20494269224525632, 0.06788103980179583, 0.011653242906805972, 0.011653242906805972, 0.998929610213466, 0.006540665314346114], "split4_index": [33, 34, 35, 36, 37, 38, 39], "split4_pred": [1, 0, 0, 0, 0, 0, 0], "split4_test": [1, 0, 0, 0, 0, 0, 0], "split4_notXOR": [1, 1, 1, 1, 1, 1, 1], "split4_prob": [0.9999999998652314, 0.4184404176682716, 0.14118771976516054, 0.015818366719881086, 0.015818366719881086, 0.4521164764811897, 0.0002120682179795372], "split5_index": [40, 41, 42, 43, 44, 45, 46], "split5_pred": [1, 0, 0, 0, 0, 0, 0], "split5_test": [1, 0, 0, 0, 0, 0, 0], "split5_notXOR": [1, 1, 1, 1, 1, 1, 1], "split5_prob": [0.999999998673573, 0.012665753786006151, 0.02029374318453438, 0.010417883135003352, 0.010417883135003352, 0.09392895362479853, 0.0005587108140186274]}