{"split0_index": [13, 14, 15, 16, 17, 18, 19, 20, 21, 22, 23, 24, 25], "split0_pred": [0, 1, 0, 0, 0, 0, 0, 0, 0, 0, 0, 1, 0], "split0_test": [0, 0, 1, 0, 0, 1, 0, 0, 0, 0, 0, 0, 1], "split0_notXOR": [1, 0, 0, 1, 1, 0, 1, 1, 1, 1, 1, 0, 0], "split0_prob": [0.7286169514577429, 0.3965100837214623, 0.7285989668592806, 0.7285989668592806, 0.7309441283537627, 0.7285989682685915, 0.7289025624678006, 0.9168014084197834, 0.7285989668592806, 0.7285989668592806, 0.7309441283537627, 0.3965100837214623, 0.7285989668592806], "split1_index": [26, 27, 28, 29, 30, 31, 32, 33, 34, 35, 36, 37, 38, 39, 40, 41], "split1_pred": [1, 0, 1, 0, 0, 0, 0, 0, 0, 0, 0, 0, 0, 0, 1, 1], "split1_test": [0, 1, 0, 0, 0, 0, 1, 0, 0, 0, 0, 0, 0, 0, 1, 0], "split1_notXOR": [0, 0, 0, 1, 1, 1, 0, 1, 1, 1, 1, 1, 1, 1, 1, 0], "split1_prob": [0.6843312174210461, 0.38618255779142774, 0.6737341270604654, 0.5408769923846566, 0.36119325654947304, 0.34455590488973425, 0.37473297289718854, 0.5306961583128037, 0.5306961583128035, 0.31173741424678725, 0.5459005914493081, 0.30137346751728433, 0.26461460156868344, 0.5306961583128035, 0.6877327007344711, 0.6843312174210461], "split2_index": [42, 43, 44, 45, 46, 47, 48, 49, 50, 51, 52, 53, 54, 55, 56, 57, 58], "split2_pred": [1, 0, 0, 0, 0, 1, 0, 1, 0, 0, 0, 0, 1, 1, 0, 0, 1], "split2_test": [0, 0, 0, 0, 0, 0, 1, 0, 0, 0, 0, 0, 0, 0, 0, 1, 0], "split2_notXOR": [0, 1, 1, 1, 1, 0, 0, 0, 1, 1, 1, 1, 0, 0, 1, 0, 0], "split2_prob": [0.5971851403634305, 0.4701438938154897, 0.4033075016199639, 0.4558581668185741, 0.40087475435894515, 0.5971851403634305, 0.4531562551960402, 0.6079529791328054, 0.40105895610717074, 0.4012954096752257, 0.4125329259143647, 0.43469584937583783, 0.5971851403634305, 0.5971851403634305, 0.4012954096752257, 0.4728266064011633, 0.5971851403634305], "split3_index": [59, 60, 61, 62, 63, 64, 65, 66, 67, 68, 69, 70, 71, 72, 73, 74, 75], "split3_pred": [1, 0, 0, 1, 0, 1, 1, 0, 0, 1, 0, 0, 1, 1, 1, 0, 1], "split3_test": [0, 0, 0, 0, 0, 0, 1, 0, 0, 0, 0, 0, 0, 0, 0, 1, 0], "split3_notXOR": [0, 1, 1, 0, 1, 0, 1, 1, 1, 0, 1, 1, 0, 0, 0, 0, 0], "split3_prob": [0.5988977786518064, 0.40031498977583096, 0.45704970285268504, 0.5506505796587565, 0.3960819638200488, 0.5988977786518064, 0.5988977786518064, 0.39824326986444286, 0.45374402511766293, 0.5988977786518064, 0.3960819638200488, 0.4681148864843802, 0.5988977786518064, 0.5988977786518064, 0.5155513031398473, 0.462089467704966, 0.5988977786518064], "split4_index": [76, 77, 78, 79, 80, 81, 82, 83, 84, 85, 86, 87, 88, 89, 90], "split4_pred": [1, 1, 0, 0, 0, 0, 0, 0, 0, 0, 0, 0, 0, 1, 1], "split4_test": [0, 0, 0, 0, 0, 0, 1, 0, 0, 0, 0, 0, 0, 1, 0], "split4_notXOR": [0, 0, 1, 1, 1, 1, 0, 1, 1, 1, 1, 1, 1, 1, 0], "split4_prob": [0.4666779495316115, 0.5054726506094859, 0.3034917644692944, 0.3487256548080806, 0.36760703735099415, 0.39478241595634556, 0.4229669642666675, 0.3633447952263942, 0.3604742638010856, 0.3283243281525704, 0.42593184673939305, 0.43277352654592227, 0.3643618936366014, 0.649029253275249, 0.48346712264384195], "split5_index": [91, 92, 93, 94, 95, 96, 97, 98, 99, 100, 101, 102, 103, 104, 105, 106], "split5_pred": [1, 1, 0, 0, 1, 1, 0, 1, 0, 0, 1, 0, 1, 1, 1, 1], "split5_test": [0, 0, 0, 0, 0, 0, 1, 0, 0, 0, 0, 0, 0, 0, 1, 0], "split5_notXOR": [0, 0, 1, 1, 0, 0, 0, 0, 1, 1, 0, 1, 0, 0, 1, 0], "split5_prob": [0.5061410624287923, 0.7143533597603892, 0.19779022835256246, 0.2856478387859883, 0.6573363374541279, 0.6573363374541279, 0.28403377975778626, 0.6573363374541279, 0.19771007454068001, 0.2895563631220375, 0.6573363374541279, 0.2545052262099716, 0.6573363374541279, 0.6573363374541279, 0.6573363374541279, 0.6573363374541279], "split6_index": [107, 108, 109, 110, 111, 112, 113, 114, 115, 116, 117, 118, 119, 120, 121, 122], "split6_pred": [0, 1, 1, 1, 1, 1, 0, 1, 1, 1, 1, 0, 1, 1, 0, 0], "split6_test": [0, 0, 0, 0, 0, 0, 0, 0, 0, 0, 0, 0, 0, 0, 0, 1], "split6_notXOR": [1, 0, 0, 0, 0, 0, 1, 0, 0, 0, 0, 1, 0, 0, 1, 0], "split6_prob": [0.19354184515762393, 0.6575795093941394, 0.6575795093941394, 0.6575795093941394, 0.6575795093941394, 0.6575795093941394, 0.2761226351426221, 0.6575795093941394, 0.6575795093941394, 0.6575795093941394, 0.6575795093941394, 0.19354184515762393, 0.6575795093941394, 0.6575795093941394, 0.23453982546132815, 0.19140620362451438]}