{"split0_index": [2, 3], "split0_pred": [1, 0], "split0_test": [1, 0], "split0_notXOR": [1, 1], "split0_prob": [0.8148331110446364, 0.1851668889553636], "split1_index": [4, 5], "split1_pred": [1, 0], "split1_test": [1, 0], "split1_notXOR": [1, 1], "split1_prob": [0.9032127004558769, 0.1228646149670482], "split2_index": [6, 7], "split2_pred": [1, 0], "split2_test": [1, 0], "split2_notXOR": [1, 1], "split2_prob": [0.9189265772085506, 0.09463929104166847], "split3_index": [8, 9], "split3_pred": [1, 0], "split3_test": [1, 0], "split3_notXOR": [1, 1], "split3_prob": [0.9316869972254209, 0.07781119601605437], "split4_index": [10, 11], "split4_pred": [1, 0], "split4_test": [1, 0], "split4_notXOR": [1, 1], "split4_prob": [0.9406207114503758, 0.0665131548638763], "split5_index": [12, 13], "split5_pred": [1, 0], "split5_test": [1, 0], "split5_notXOR": [1, 1], "split5_prob": [0.9640593690750545, 0.05834322827800548], "split6_index": [14, 15], "split6_pred": [1, 0], "split6_test": [1, 0], "split6_notXOR": [1, 1], "split6_prob": [0.9661208366626509, 0.052486369415817906], "split7_index": [16, 17], "split7_pred": [1, 0], "split7_test": [1, 0], "split7_notXOR": [1, 1], "split7_prob": [0.9765585981690833, 0.04774006158876634], "split8_index": [18, 19], "split8_pred": [1, 0], "split8_test": [1, 0], "split8_notXOR": [1, 1], "split8_prob": [0.9771534054153587, 0.04411584062011345], "split9_index": [20, 21], "split9_pred": [1, 0], "split9_test": [1, 0], "split9_notXOR": [1, 1], "split9_prob": [0.977833299935631, 0.04099021197075534], "split10_index": [22, 23], "split10_pred": [1, 0], "split10_test": [1, 0], "split10_notXOR": [1, 1], "split10_prob": [0.9785367763989792, 0.03828185669881789]}