{"split0_index": [2, 3], "split0_pred": [1, 0], "split0_test": [1, 0], "split0_notXOR": [1, 1], "split0_prob": [0.33916468932587035, 0.663839525012283], "split1_index": [4, 5], "split1_pred": [1, 0], "split1_test": [1, 0], "split1_notXOR": [1, 1], "split1_prob": [0.7530784676565156, 0.2422498432746036], "split2_index": [6, 7], "split2_pred": [1, 0], "split2_test": [1, 0], "split2_notXOR": [1, 1], "split2_prob": [0.8009306395061173, 0.19997084002910673], "split3_index": [8, 9], "split3_pred": [1, 0], "split3_test": [1, 0], "split3_notXOR": [1, 1], "split3_prob": [0.8334482977642433, 0.1666172884480059], "split4_index": [10, 11], "split4_pred": [1, 0], "split4_test": [1, 0], "split4_notXOR": [1, 1], "split4_prob": [0.8573034188495081, 0.1428285939979187], "split5_index": [12, 13], "split5_pred": [1, 0], "split5_test": [1, 0], "split5_notXOR": [1, 1], "split5_prob": [0.8624743624804997, 0.1249481091666452], "split6_index": [14, 15], "split6_pred": [1, 0], "split6_test": [1, 0], "split6_notXOR": [1, 1], "split6_prob": [0.8886088034530623, 0.11116668065500664], "split7_index": [16, 17], "split7_pred": [1, 0], "split7_test": [1, 0], "split7_notXOR": [1, 1], "split7_prob": [0.886638326510189, 0.09996238560664404], "split8_index": [18, 19], "split8_pred": [1, 0], "split8_test": [1, 0], "split8_notXOR": [1, 1], "split8_prob": [0.9065355600823856, 0.09096113133776615], "split9_index": [20, 21], "split9_pred": [1, 0], "split9_test": [1, 0], "split9_notXOR": [1, 1], "split9_prob": [0.9128794106569452, 0.08333569768832294], "split10_index": [22, 23], "split10_pred": [1, 0], "split10_test": [1, 0], "split10_notXOR": [1, 1], "split10_prob": [0.9221644779410159, 0.07697494907941978]}