{"split0_index": [3, 4, 5, 6, 7, 8], "split0_pred": [1, 1, 0, 0, 1, 1], "split0_test": [1, 1, 0, 1, 0, 1], "split0_notXOR": [1, 1, 1, 0, 0, 1], "split0_prob": [0.74, 0.74, 0.21, 0.08, 0.74, 0.74], "split1_index": [9, 10, 11, 12, 13, 14], "split1_pred": [1, 1, 1, 0, 1, 0], "split1_test": [1, 0, 1, 0, 1, 0], "split1_notXOR": [1, 0, 1, 1, 1, 1], "split1_prob": [0.7921190476190475, 0.7921190476190475, 0.7921190476190475, 0.02873809523809524, 0.7921190476190475, 0.35], "split2_index": [15, 16, 17, 18, 19, 20], "split2_pred": [1, 1, 1, 0, 1, 0], "split2_test": [1, 0, 1, 0, 1, 0], "split2_notXOR": [1, 0, 1, 1, 1, 1], "split2_prob": [0.7841081418581415, 0.7841081418581415, 0.7841081418581415, 0.04151515151515151, 0.7841081418581415, 0.03], "split3_index": [21, 22, 23, 24, 25, 26], "split3_pred": [1, 1, 1, 0, 1, 0], "split3_test": [1, 0, 1, 0, 1, 0], "split3_notXOR": [1, 0, 1, 1, 1, 1], "split3_prob": [0.7419231975454885, 0.7419231975454885, 0.7419231975454885, 0.0, 0.7419231975454885, 0.46], "split4_index": [27, 28, 29, 30, 31, 32, 33], "split4_pred": [1, 1, 1, 0, 1, 1, 0], "split4_test": [1, 0, 1, 0, 1, 1, 0], "split4_notXOR": [1, 0, 1, 1, 1, 1, 1], "split4_prob": [0.7683488734777433, 0.7683488734777433, 0.7683488734777433, 0.0, 0.7683488734777433, 0.7683488734777433, 0.04], "split5_index": [34, 35, 36, 37, 38, 39, 40], "split5_pred": [1, 1, 1, 0, 1, 1, 0], "split5_test": [1, 0, 1, 0, 1, 1, 1], "split5_notXOR": [1, 0, 1, 1, 1, 1, 0], "split5_prob": [0.7784247368389176, 0.7784247368389176, 0.7784247368389176, 0.0, 0.7784247368389176, 0.7784247368389176, 0.01], "split6_index": [41, 42, 43, 44, 45, 46, 47, 48], "split6_pred": [1, 1, 1, 0, 0, 1, 1, 1], "split6_test": [1, 0, 1, 0, 0, 1, 1, 0], "split6_notXOR": [1, 0, 1, 1, 1, 1, 1, 0], "split6_prob": [0.7653174707571628, 0.7653174707571628, 0.7653174707571628, 0.0, 0.0, 0.7653174707571628, 0.7653174707571628, 0.54]}