{"split0_index": [2, 3], "split0_pred": [0, 1], "split0_test": [0, 1], "split0_notXOR": [1, 1], "split0_prob": [0.0, 1.0], "split1_index": [4, 5], "split1_pred": [0, 1], "split1_test": [0, 1], "split1_notXOR": [1, 1], "split1_prob": [1.5497074814126322e-61, 1.0], "split2_index": [6, 7], "split2_pred": [0, 0], "split2_test": [0, 1], "split2_notXOR": [1, 0], "split2_prob": [0.0, 0.0], "split3_index": [8, 9], "split3_pred": [0, 1], "split3_test": [0, 1], "split3_notXOR": [1, 1], "split3_prob": [1.8290302132609567e-41, 1.0], "split4_index": [10, 11], "split4_pred": [0, 1], "split4_test": [0, 1], "split4_notXOR": [1, 1], "split4_prob": [1.2267255727983183e-41, 1.0], "split5_index": [12, 13], "split5_pred": [0, 0], "split5_test": [0, 1], "split5_notXOR": [1, 0], "split5_prob": [2.3529163864772196e-40, 2.3529163864772196e-40], "split6_index": [14, 15], "split6_pred": [0, 1], "split6_test": [0, 1], "split6_notXOR": [1, 1], "split6_prob": [9.113480780523122e-40, 1.0], "split7_index": [16, 17], "split7_pred": [0, 1], "split7_test": [0, 1], "split7_notXOR": [1, 1], "split7_prob": [1.690855197330908e-39, 1.0], "split8_index": [18, 19], "split8_pred": [0, 1], "split8_test": [0, 1], "split8_notXOR": [1, 1], "split8_prob": [1.3506520284143137e-39, 1.0], "split9_index": [20, 21], "split9_pred": [0, 1], "split9_test": [0, 1], "split9_notXOR": [1, 1], "split9_prob": [1.519439382492517e-39, 1.0], "split10_index": [22, 23], "split10_pred": [0, 1], "split10_test": [0, 1], "split10_notXOR": [1, 1], "split10_prob": [1.3770650396534353e-39, 1.0], "split11_index": [24, 25], "split11_pred": [0, 1], "split11_test": [0, 1], "split11_notXOR": [1, 1], "split11_prob": [1.2175138644170782e-39, 1.0], "split12_index": [26, 27], "split12_pred": [1, 0], "split12_test": [0, 1], "split12_notXOR": [0, 0], "split12_prob": [1.0, 1.0729670982548314e-38], "split13_index": [28, 29], "split13_pred": [0, 0], "split13_test": [0, 1], "split13_notXOR": [1, 0], "split13_prob": [1.4962718712853782e-18, 1.8255544620391524e-18], "split14_index": [30, 31], "split14_pred": [0, 1], "split14_test": [0, 1], "split14_notXOR": [1, 1], "split14_prob": [1.1759172957841488e-22, 1.0], "split15_index": [32, 33], "split15_pred": [0, 1], "split15_test": [0, 1], "split15_notXOR": [1, 1], "split15_prob": [3.3978937123773513e-23, 1.0], "split16_index": [34, 35], "split16_pred": [0, 0], "split16_test": [0, 1], "split16_notXOR": [1, 0], "split16_prob": [1.3793659368768144e-23, 1.3793659368768144e-23], "split17_index": [36, 37], "split17_pred": [0, 1], "split17_test": [0, 1], "split17_notXOR": [1, 1], "split17_prob": [1.4248472831054106e-23, 1.0], "split18_index": [38, 39], "split18_pred": [0, 0], "split18_test": [0, 1], "split18_notXOR": [1, 0], "split18_prob": [4.311105042477563e-19, 4.311105042477563e-19], "split19_index": [40, 41], "split19_pred": [0, 1], "split19_test": [0, 1], "split19_notXOR": [1, 1], "split19_prob": [3.1572028360178737e-23, 1.0], "split20_index": [42, 43], "split20_pred": [0, 1], "split20_test": [0, 1], "split20_notXOR": [1, 1], "split20_prob": [3.141532285885088e-23, 1.0], "split21_index": [44, 45], "split21_pred": [0, 0], "split21_test": [0, 1], "split21_notXOR": [1, 0], "split21_prob": [4.338453616318576e-23, 4.338453616318576e-23], "split22_index": [46, 47], "split22_pred": [0, 1], "split22_test": [0, 1], "split22_notXOR": [1, 1], "split22_prob": [3.3319908273503014e-23, 1.0], "split23_index": [48, 49], "split23_pred": [0, 1], "split23_test": [0, 1], "split23_notXOR": [1, 1], "split23_prob": [2.499281198618215e-23, 1.0], "split24_index": [50, 51], "split24_pred": [0, 1], "split24_test": [0, 1], "split24_notXOR": [1, 1], "split24_prob": [3.22183031238749e-23, 1.0], "split25_index": [52, 53], "split25_pred": [0, 1], "split25_test": [0, 1], "split25_notXOR": [1, 1], "split25_prob": [2.5119602080822793e-23, 1.0], "split26_index": [54, 55], "split26_pred": [0, 0], "split26_test": [0, 1], "split26_notXOR": [1, 0], "split26_prob": [2.3950293534424938e-23, 5.170741947918776e-23], "split27_index": [56, 57], "split27_pred": [0, 0], "split27_test": [0, 1], "split27_notXOR": [1, 0], "split27_prob": [2.4262377619637837e-23, 2.4262377619637837e-23]}