{"split0_index": [3, 4, 5], "split0_pred": [0, 0, 0], "split0_test": [0, 0, 1], "split0_notXOR": [1, 1, 0], "split0_prob": [0.6666666799695937, 0.6666666799695937, 0.6666666799695937], "split1_index": [6, 7, 8], "split1_pred": [0, 0, 0], "split1_test": [0, 0, 1], "split1_notXOR": [1, 1, 0], "split1_prob": [0.45835511824345093, 0.45835511824345093, 0.45835511824345093], "split2_index": [9, 10, 11], "split2_pred": [0, 0, 0], "split2_test": [0, 0, 1], "split2_notXOR": [1, 1, 0], "split2_prob": [0.3792909695393799, 0.3792909695393799, 0.3792909695393799], "split3_index": [12, 13, 14], "split3_pred": [0, 0, 0], "split3_test": [0, 0, 1], "split3_notXOR": [1, 1, 0], "split3_prob": [0.3682407815362473, 0.3682407815362473, 0.3682407815362473], "split4_index": [15, 16, 17], "split4_pred": [0, 0, 0], "split4_test": [0, 0, 1], "split4_notXOR": [1, 1, 0], "split4_prob": [0.1841691181870146, 0.3615519736709425, 0.3615519736709425], "split5_index": [18, 19, 20], "split5_pred": [0, 0, 0], "split5_test": [0, 0, 1], "split5_notXOR": [1, 1, 0], "split5_prob": [0.3571645801049014, 0.3571645801049014, 0.3571645801049014], "split6_index": [21, 22, 23], "split6_pred": [0, 0, 0], "split6_test": [0, 0, 1], "split6_notXOR": [1, 1, 0], "split6_prob": [0.1350437817849236, 0.3684255840308795, 0.3684255840308795], "split7_index": [24, 25, 26], "split7_pred": [0, 0, 0], "split7_test": [0, 0, 1], "split7_notXOR": [1, 1, 0], "split7_prob": [0.17203522532751103, 0.363951704123756, 0.363951704123756], "split8_index": [27, 28, 29], "split8_pred": [0, 0, 0], "split8_test": [0, 0, 1], "split8_notXOR": [1, 1, 0], "split8_prob": [0.41755393959923826, 0.04454631599858993, 0.3853697075029564], "split9_index": [30, 31, 32], "split9_pred": [0, 0, 0], "split9_test": [1, 0, 1], "split9_notXOR": [0, 1, 0], "split9_prob": [0.045978807647952556, 0.42191434668646843, 0.42191434668646843], "split10_index": [33, 34, 35], "split10_pred": [0, 0, 0], "split10_test": [1, 0, 1], "split10_notXOR": [0, 1, 0], "split10_prob": [0.39896502515849686, 0.39896502515849686, 0.39896502515849686], "split11_index": [36, 37, 38], "split11_pred": [0, 0, 0], "split11_test": [1, 0, 1], "split11_notXOR": [0, 1, 0], "split11_prob": [0.41685823595391214, 0.41685823595391214, 0.41685823595391214], "split12_index": [39, 40, 41], "split12_pred": [0, 0, 0], "split12_test": [1, 0, 1], "split12_notXOR": [0, 1, 0], "split12_prob": [0.5355443460859678, 0.5355443460859678, 0.29591911552596883], "split13_index": [42, 43, 44], "split13_pred": [0, 0, 0], "split13_test": [1, 0, 1], "split13_notXOR": [0, 1, 0], "split13_prob": [0.4599449012599479, 0.4599449012599479, 0.4599449012599479], "split14_index": [45, 46, 47], "split14_pred": [0, 0, 0], "split14_test": [1, 0, 1], "split14_notXOR": [0, 1, 0], "split14_prob": [0.5080974612978345, 0.5080974612978345, 0.5080974612978345], "split15_index": [48, 49, 50], "split15_pred": [0, 0, 0], "split15_test": [1, 0, 1], "split15_notXOR": [0, 1, 0], "split15_prob": [0.5, 0.5, 0.5], "split16_index": [51, 52, 53], "split16_pred": [0, 0, 0], "split16_test": [1, 0, 1], "split16_notXOR": [0, 1, 0], "split16_prob": [0.5405051329794771, 0.5379739506358555, 0.5379739506358555], "split17_index": [54, 55, 56], "split17_pred": [0, 0, 0], "split17_test": [1, 0, 1], "split17_notXOR": [0, 1, 0], "split17_prob": [0.516089447928972, 0.516089447928972, 0.516089447928972], "split18_index": [57, 58, 59], "split18_pred": [1, 1, 1], "split18_test": [1, 0, 1], "split18_notXOR": [1, 0, 1], "split18_prob": [0.4564431440924123, 0.4564431440924123, 0.4564431440924123], "split19_index": [60, 61, 62], "split19_pred": [1, 1, 1], "split19_test": [1, 0, 1], "split19_notXOR": [1, 0, 1], "split19_prob": [0.3825581513430104, 0.3825581513430104, 0.3825581513430104], "split20_index": [63, 64, 65], "split20_pred": [1, 1, 1], "split20_test": [1, 0, 1], "split20_notXOR": [1, 0, 1], "split20_prob": [0.4439652348760884, 0.4439652348760884, 0.4439652348760884], "split21_index": [66, 67, 68], "split21_pred": [1, 1, 1], "split21_test": [1, 0, 1], "split21_notXOR": [1, 0, 1], "split21_prob": [0.43075977145629396, 0.43075977145629396, 0.43075977145629396], "split22_index": [69, 70, 71], "split22_pred": [1, 1, 1], "split22_test": [1, 0, 1], "split22_notXOR": [1, 0, 1], "split22_prob": [0.4487409460415441, 0.4487409460415441, 0.4487409460415441], "split23_index": [72, 73, 74], "split23_pred": [1, 1, 1], "split23_test": [1, 0, 1], "split23_notXOR": [1, 0, 1], "split23_prob": [0.5382836060817686, 0.5399517161862842, 0.5399517161862842], "split24_index": [75, 76, 77], "split24_pred": [1, 1, 1], "split24_test": [1, 0, 1], "split24_notXOR": [1, 0, 1], "split24_prob": [0.5085540278191636, 0.5085540278191636, 0.5085540278191636], "split25_index": [78, 79, 80], "split25_pred": [0, 1, 1], "split25_test": [1, 0, 1], "split25_notXOR": [0, 0, 1], "split25_prob": [0.42189629886854935, 0.5496005887650101, 0.5496005887650101], "split26_index": [81, 82, 83], "split26_pred": [1, 1, 1], "split26_test": [1, 0, 1], "split26_notXOR": [1, 0, 1], "split26_prob": [0.544522849456604, 0.5415611837697205, 0.5415611837697205], "split27_index": [84, 85, 86, 87], "split27_pred": [1, 1, 1, 1], "split27_test": [0, 1, 0, 1], "split27_notXOR": [0, 1, 0, 1], "split27_prob": [0.5510599830184804, 0.528827595107221, 0.5510599830184804, 0.5510599830184804], "split28_index": [88, 89, 90, 91], "split28_pred": [1, 1, 1, 1], "split28_test": [0, 1, 0, 1], "split28_notXOR": [0, 1, 0, 1], "split28_prob": [0.5, 0.5659993703710423, 0.5, 0.6247105509406398], "split29_index": [92, 93, 94, 95], "split29_pred": [1, 1, 1, 1], "split29_test": [0, 1, 0, 1], "split29_notXOR": [0, 1, 0, 1], "split29_prob": [0.4733465328111544, 0.4733465328111544, 0.5106032805585107, 0.4733465328111544], "split30_index": [96, 97, 98, 99], "split30_pred": [1, 1, 1, 1], "split30_test": [0, 1, 0, 1], "split30_notXOR": [0, 1, 0, 1], "split30_prob": [0.5, 0.5455845141582188, 0.5, 0.5], "split31_index": [100, 101, 102, 103], "split31_pred": [1, 1, 1, 1], "split31_test": [0, 1, 0, 1], "split31_notXOR": [0, 1, 0, 1], "split31_prob": [0.5437971555619153, 0.5, 0.5, 0.5], "split32_index": [104, 105, 106, 107], "split32_pred": [1, 1, 1, 1], "split32_test": [0, 1, 0, 1], "split32_notXOR": [0, 1, 0, 1], "split32_prob": [0.533178002606983, 0.533178002606983, 0.533178002606983, 0.533178002606983], "split33_index": [108, 109, 110, 111], "split33_pred": [1, 1, 1, 1], "split33_test": [0, 1, 0, 1], "split33_notXOR": [0, 1, 0, 1], "split33_prob": [0.5, 0.5, 0.5, 0.5637090492793198], "split34_index": [112, 113, 114, 115], "split34_pred": [1, 1, 1, 1], "split34_test": [0, 1, 0, 1], "split34_notXOR": [0, 1, 0, 1], "split34_prob": [0.527725352415238, 0.5374966205986285, 0.527725352415238, 0.527725352415238], "split35_index": [116, 117, 118, 119], "split35_pred": [1, 1, 1, 1], "split35_test": [0, 1, 0, 1], "split35_notXOR": [0, 1, 0, 1], "split35_prob": [0.5, 0.5931397890196735, 0.5, 0.5], "split36_index": [120, 121, 122, 123], "split36_pred": [1, 1, 1, 1], "split36_test": [0, 1, 0, 1], "split36_notXOR": [0, 1, 0, 1], "split36_prob": [0.5, 0.5, 0.5, 0.5], "split37_index": [124, 125, 126, 127], "split37_pred": [1, 1, 1, 1], "split37_test": [0, 1, 0, 1], "split37_notXOR": [0, 1, 0, 1], "split37_prob": [0.508675540572306, 0.5, 0.508675540572306, 0.508675540572306], "split38_index": [128, 129, 130, 131], "split38_pred": [1, 1, 1, 1], "split38_test": [0, 1, 0, 1], "split38_notXOR": [0, 1, 0, 1], "split38_prob": [0.4887995073004795, 0.5814646008891494, 0.4887995073004795, 0.4887995073004795], "split39_index": [132, 133, 134, 135], "split39_pred": [1, 1, 1, 1], "split39_test": [0, 1, 0, 1], "split39_notXOR": [0, 1, 0, 1], "split39_prob": [0.4874240451988612, 0.4874240451988612, 0.4874240451988612, 0.4874240451988612], "split40_index": [136, 137, 138, 139], "split40_pred": [1, 1, 1, 1], "split40_test": [0, 0, 0, 1], "split40_notXOR": [0, 0, 0, 1], "split40_prob": [0.5162131071247565, 0.5314493437389191, 0.5077296847716165, 0.5077296847716165],