{"split0_index": [5, 6, 7, 8, 9], "split0_pred": [0, 0, 0, 0, 0], "split0_test": [1, 0, 1, 0, 1], "split0_notXOR": [0, 1, 0, 1, 0], "split0_prob": [NaN, NaN, NaN, NaN, NaN], "split1_index": [10, 11, 12, 13, 14], "split1_pred": [1, 0, 0, 1, 1], "split1_test": [1, 0, 1, 1, 1], "split1_notXOR": [1, 1, 0, 1, 1], "split1_prob": [1.0, 8.619556478509064e-19, 8.619556478509064e-19, 1.0, 1.0], "split2_index": [15, 16, 17, 18, 19], "split2_pred": [1, 0, 0, 1, 1], "split2_test": [1, 0, 1, 1, 1], "split2_notXOR": [1, 1, 0, 1, 1], "split2_prob": [1.0, 3.154448364823741e-19, 3.154448364823741e-19, 1.0, 1.0], "split3_index": [20, 21, 22, 23, 24, 25, 26], "split3_pred": [1, 0, 1, 1, 1, 1, 1], "split3_test": [1, 0, 1, 1, 0, 1, 1], "split3_notXOR": [1, 1, 1, 1, 0, 1, 1], "split3_prob": [1.0, 1.9069020711054537e-18, 1.0, 1.0, 1.0, 1.0, 1.0], "split4_index": [27, 28, 29, 30, 31, 32, 33], "split4_pred": [0, 1, 0, 0, 0, 0, 1], "split4_test": [0, 1, 1, 1, 0, 1, 1], "split4_notXOR": [1, 1, 0, 0, 1, 0, 1], "split4_prob": [0.0006204182703142358, 0.999999964152589, 0.0006204182703142358, 0.0006204182703142358, 0.0006204182703142358, 0.0006204182703142358, 1.0], "split5_index": [34, 35, 36, 37, 38, 39, 40], "split5_pred": [0, 1, 0, 0, 0, 1, 1], "split5_test": [0, 1, 1, 1, 0, 1, 1], "split5_notXOR": [1, 1, 0, 0, 1, 1, 1], "split5_prob": [0.0017802090405553584, 0.999999145860899, 0.0017802090405553584, 0.0017802090405553584, 0.0017802090405553584, 0.987122231584633, 1.0], "split6_index": [41, 42, 43, 44, 45, 46, 47], "split6_pred": [0, 1, 0, 1, 0, 0, 0], "split6_test": [0, 1, 1, 1, 0, 1, 1], "split6_notXOR": [1, 1, 0, 1, 1, 0, 0], "split6_prob": [6.941507631701061e-06, 1.0, 6.941507631701061e-06, 1.0, 0.0010834456044867956, 0.05267466128362141, 0.05267466128362141], "split7_index": [48, 49, 50, 51, 52, 53, 54], "split7_pred": [0, 0, 0, 0, 0, 1, 0], "split7_test": [0, 1, 1, 1, 0, 1, 1], "split7_notXOR": [1, 0, 0, 0, 1, 1, 0], "split7_prob": [6.800974538880305e-07, 6.800974538880305e-07, 6.800974538880305e-07, 6.800974538880305e-07, 6.800974538880305e-07, 1.0, 6.800974538880305e-07], "split8_index": [55, 56, 57, 58, 59, 60, 61], "split8_pred": [0, 0, 0, 0, 0, 0, 0], "split8_test": [0, 1, 1, 1, 0, 1, 1], "split8_notXOR": [1, 0, 0, 0, 1, 0, 0], "split8_prob": [0.0046647939158971094, 0.0046647939158971094, 0.0046647939158971094, 0.0046647939158971094, 0.0046647939158971094, 0.0046647939158971094, 0.0046647939158971094], "split9_index": [62, 63, 64, 65, 66, 67, 68], "split9_pred": [0, 0, 0, 0, 0, 1, 0], "split9_test": [0, 1, 1, 1, 0, 1, 1], "split9_notXOR": [1, 0, 0, 0, 1, 1, 0], "split9_prob": [1.2015093427153314e-07, 0.00023044544734695643, 1.2015093427153314e-07, 1.2015093427153314e-07, 1.2015093427153314e-07, 1.0, 1.2015093427153314e-07], "split10_index": [69, 70, 71, 72, 73, 74, 75], "split10_pred": [1, 1, 1, 1, 0, 1, 1], "split10_test": [0, 0, 0, 0, 0, 1, 1], "split10_notXOR": [0, 0, 0, 0, 1, 1, 1], "split10_prob": [0.9979558656769846, 1.0, 0.9979558656769846, 1.0, 0.0030069858479811378, 1.0, 0.9999991792793506], "split11_index": [76, 77, 78, 79, 80, 81, 82], "split11_pred": [1, 0, 0, 1, 0, 0, 0], "split11_test": [0, 0, 0, 0, 0, 1, 1], "split11_notXOR": [0, 1, 1, 0, 1, 0, 0], "split11_prob": [0.8470815174329739, 0.10582678306536603, 0.09248278138101086, 0.9961162092886043, 0.09248278138101086, 0.09248278138101086, 0.09248278138101086], "split12_index": [83, 84, 85, 86, 87, 88, 89, 90, 91, 92, 93], "split12_pred": [1, 0, 1, 0, 0, 1, 0, 0, 0, 0, 1], "split12_test": [0, 0, 0, 0, 0, 1, 0, 0, 0, 0, 0], "split12_notXOR": [0, 1, 0, 1, 1, 1, 1, 1, 1, 1, 0], "split12_prob": [0.9029894160019368, 0.47613216043322404, 0.5117543399152409, 0.00020376787846382224, 0.47613216043322404, 0.7372616535586973, 0.47613216043322404, 0.47613216043322404, 0.47613216043322404, 0.47613216043322404, 0.803531400808091], "split13_index": [94, 95, 96, 97, 98, 99, 100, 101, 102, 103, 104, 105], "split13_pred": [0, 1, 0, 0, 1, 0, 0, 0, 0, 0, 0, 0], "split13_test": [0, 0, 0, 0, 0, 0, 1, 0, 0, 0, 0, 0], "split13_notXOR": [1, 0, 1, 1, 0, 1, 0, 1, 1, 1, 1, 1], "split13_prob": [0.38095458788652503, 0.9999999908839776, 0.3817545384762517, 0.3697921034492614, 0.585572167760626, 0.31481573767396237, 0.3817545384762517, 0.009378967518912987, 0.4769973455145533, 0.3817545384762517, 0.38095458788652503, 0.38095458788652503], "split14_index": [106, 107, 108, 109, 110, 111, 112, 113, 114, 115, 116, 117, 118], "split14_pred": [0, 0, 0, 0, 0, 0, 1, 0, 0, 0, 0, 0, 0], "split14_test": [0, 0, 0, 0, 0, 0, 0, 1, 0, 0, 0, 0, 0], "split14_notXOR": [1, 1, 1, 1, 1, 1, 0, 0, 1, 1, 1, 1, 1], "split14_prob": [0.21174472143325615, 0.21152035430303523, 0.21152035430303523, 0.21152035430303523, 0.31217419901725973, 0.21152035430303523, 1.0, 0.21152035430303523, 0.21152035430303523, 0.21152035430303523, 0.21152035430303523, 0.21152035430303523, 0.21152035430303523], "split15_index": [119, 120, 121, 122, 123, 124, 125, 126, 127, 128, 129, 130, 131], "split15_pred": [0, 0, 0, 1, 0, 0, 0, 0, 0, 0, 0, 1, 0], "split15_test": [0, 0, 0, 0, 0, 0, 0, 1, 0, 0, 0, 0, 1], "split15_notXOR": [1, 1, 1, 0, 1, 1, 1, 0, 1, 1, 1, 0, 0], "split15_prob": [0.43988113902506454, 0.43988113902506454, 0.43988113902506454, 0.5967827110636471, 0.43988113902506454, 0.43988113902506454, 0.43988113902506454, 0.43988113902506454, 0.43988113902506454, 0.43988113902506454, 0.43988113902506454, 0.5549938452147826, 0.31534690561796413], "split16_index": [132, 133, 134, 135, 136, 137, 138, 139, 140, 141, 142, 143, 144, 145, 146], "split16_pred": [1, 0, 0, 0, 0, 0, 1, 0, 0, 0, 0, 0, 0, 0, 0], "split16_test": [0, 0, 0, 0, 0, 0, 0, 1, 0, 0, 0, 0, 0, 0, 1], "split16_notXOR": [0, 1, 1, 1, 1, 1, 0, 0, 1, 1, 1, 1, 1, 1, 0], "split16_prob": [0.8107636176758878, 0.023357911174409607, 0.342110128151374, 0.342110128151374, 0.3507415686546728, 0.150053352036946, 0.6964974941595128, 0.342110128151374, 0.14389703112371302, 0.342110128151374, 0.02296760009393093, 0.28062161096970945, 0.342110128151374, 0.3739018670600743, 0.342110128151374], "split17_index": [147, 148, 149, 150, 151, 152, 153, 154, 155, 156, 157, 158, 159, 160, 161], "split17_pred": [0, 0, 0, 0, 0, 0, 0, 0, 0, 0, 0, 0, 0, 0, 0], "split17_test": [0, 0, 0, 0, 0, 0, 0, 0, 0, 0, 0, 0, 0, 0, 1], "split17_notXOR": [1, 1, 1, 1, 1, 1, 1, 1, 1, 1, 1, 1, 1, 1, 0], "split17_prob": [0.0005027799384260023, 0.0012335948817107333, 0.0005840218537507984, 0.0005027799384260023, 0.0005840218537507984, 5.985473540974835e-15, 0.0011478552146170246, 0.0005572586251081922, 0.0006707185342750725, 0.0005551986826109265, 0.00013622386801518947, 7.02541445566414e-05, 0.0005027799384260023, 0.0005027799384260023, 0.0005027799384260023], "split18_index": [162, 163, 164, 165, 166, 167, 168, 169, 170, 171, 172, 173, 174, 175, 176, 177], "split18_pred": [1, 1, 1, 1, 1, 1, 1, 1, 1, 1, 1, 1, 1, 1, 1, 1], "split18_test": [0, 0, 0, 0, 0, 0, 0, 0, 0, 0, 0, 0, 0, 0, 0, 1], "split18_notXOR": [0, 0, 0, 0, 0, 0, 0, 0, 0, 0, 0, 0, 0, 0, 0, 1], "split18_prob": [0.755879146925015, 0.755879146925015, 0.755879146925015, 0.755879146925015, 0.755879146925015, 0.7741749313143739, 0.755879146925015, 0.7825658630515145, 0.755879146925015, 0.755879146925015, 0.7787398023255915, 0.755879146925015, 0.755879146925015, 0.755879146925015, 0.755879146925015, 0.755879146925015], "split19_index": [178, 179, 180, 181, 182, 183, 184, 185, 186, 187, 188, 189, 190, 191, 192, 193], "split19_pred": [1, 1, 1, 1, 1, 1, 1, 1, 1, 1, 1, 1, 1, 1, 1, 1], "split19_test": [0, 0, 0, 0, 0, 0, 0, 0, 0, 0, 0, 0, 0, 0, 0, 1], "split19_notXOR": [0, 0, 0, 0, 0, 0, 0, 0, 0, 0, 0, 0, 0, 0, 0, 1], "split19_prob": [0.8457603520444859, 0.8457603520444859, 0.8457603520444859, 0.8457603520444859, 0.8457603520444859, 0.8457603520444859, 0.8457603520444859, 0.7029564560093511, 0.8457603520444859, 0.8457603520444859, 0.8457603520444859, 0.8457603520444859, 0.8457603520444859, 0.8457603520444859, 0.8457603520444859, 0.8457603520444859],