{"split0_index": [19, 20, 21, 22, 23, 24, 25, 26, 27, 28, 29, 30, 31, 32, 33, 34, 35, 36, 37, 38, 39], "split0_pred": [0, 0, 0, 0, 0, 0, 0, 0, 0, 0, 0, 0, 0, 0, 0, 0, 0, 0, 0, 0, 0], "split0_test": [1, 0, 0, 0, 0, 0, 0, 0, 0, 0, 0, 0, 0, 0, 0, 0, 1, 0, 0, 0, 0], "split0_notXOR": [0, 1, 1, 1, 1, 1, 1, 1, 1, 1, 1, 1, 1, 1, 1, 1, 0, 1, 1, 1, 1], "split0_prob": [0.27515275041988313, 0.1277497061932131, 0.18818714056834648, 0.12630016855968965, 0.2664424132823391, 0.4107760937017125, 0.29323328439418894, 0.24649541305795228, 0.4005416048697446, 0.300463150642644, 0.0432780972614949, 0.16414934998752456, 0.2754759557711848, 0.259877522318037, 0.3248768635661812, 0.26274983617904785, 0.4277323201704203, 0.2091047578128578, 0.20650719334505926, 0.3285107109001011, 0.24540388510120126], "split1_index": [40, 41, 42, 43, 44, 45, 46, 47, 48, 49, 50, 51, 52, 53, 54, 55, 56, 57, 58, 59, 60], "split1_pred": [0, 0, 0, 0, 0, 0, 0, 0, 0, 0, 0, 0, 0, 0, 0, 0, 0, 0, 0, 0, 0], "split1_test": [1, 0, 1, 0, 0, 0, 0, 0, 0, 0, 0, 0, 0, 0, 0, 0, 1, 0, 0, 0, 0], "split1_notXOR": [0, 1, 0, 1, 1, 1, 1, 1, 1, 1, 1, 1, 1, 1, 1, 1, 0, 1, 1, 1, 1], "split1_prob": [0.3139999314564857, 0.09453234454802643, 0.19573506130659243, 0.13065669006860767, 0.22007099652228898, 0.22714987312172197, 0.13842786229319176, 0.2193667068196147, 0.21598260971268157, 0.1941670699438068, 0.051264165253864465, 0.16609349742487242, 0.18133576553140193, 0.12452482496876995, 0.2154378195814724, 0.1153151983700647, 0.42823125213497154, 0.13498133720498806, 0.15188238766721898, 0.15272879805853615, 0.11613305128721149], "split2_index": [61, 62, 63, 64, 65, 66, 67, 68, 69, 70, 71, 72, 73, 74, 75, 76, 77, 78, 79, 80, 81], "split2_pred": [0, 0, 0, 0, 0, 0, 0, 0, 0, 0, 0, 0, 0, 0, 0, 0, 0, 0, 0, 0, 0], "split2_test": [1, 0, 1, 0, 0, 0, 0, 0, 0, 0, 0, 0, 0, 0, 0, 0, 1, 0, 0, 0, 0], "split2_notXOR": [0, 1, 0, 1, 1, 1, 1, 1, 1, 1, 1, 1, 1, 1, 1, 1, 0, 1, 1, 1, 1], "split2_prob": [0.4625959887194701, 0.07523533785720654, 0.23885381164510683, 0.10550699241106874, 0.21737716463065007, 0.18126188010625557, 0.1003049760347454, 0.1859486412406795, 0.17016320545634372, 0.17351194357335795, 0.04581766664368168, 0.14519584620274656, 0.13921379016706562, 0.08627806853368392, 0.17925077905370757, 0.08403187151191326, 0.48833752557134796, 0.10596194850815945, 0.10338774421759225, 0.10468973919504704, 0.07849404806735345], "split3_index": [82, 83, 84, 85, 86, 87, 88, 89, 90, 91, 92, 93, 94, 95, 96, 97, 98, 99, 100, 101, 102], "split3_pred": [1, 0, 0, 0, 0, 0, 0, 0, 0, 0, 0, 0, 0, 0, 0, 0, 1, 0, 0, 0, 0], "split3_test": [1, 0, 1, 0, 0, 0, 0, 0, 0, 0, 0, 0, 0, 0, 0, 0, 1, 0, 0, 0, 0], "split3_notXOR": [1, 1, 0, 1, 1, 1, 1, 1, 1, 1, 1, 1, 1, 1, 1, 1, 1, 1, 1, 1, 1], "split3_prob": [0.5960047636650547, 0.09931873359132522, 0.34285493709714904, 0.09436439892683125, 0.21488018915443333, 0.1492813384876774, 0.08410701842844903, 0.1539103036273763, 0.1396008374153299, 0.1753988943993027, 0.061043990993042745, 0.11474932793392487, 0.12972501850528484, 0.06796468956951057, 0.15403535055310824, 0.07486314217665546, 0.5398457381539186, 0.09440831527852007, 0.07541274791482301, 0.07071968254578295, 0.05521283892732062], "split4_index": [103, 104, 105, 106, 107, 108, 109, 110, 111, 112, 113, 114, 115, 116, 117, 118, 119, 120, 121, 122, 123], "split4_pred": [1, 0, 0, 0, 0, 0, 0, 0, 0, 0, 0, 0, 0, 0, 0, 0, 1, 0, 0, 0, 0], "split4_test": [1, 0, 1, 0, 0, 0, 0, 0, 0, 0, 0, 0, 0, 0, 0, 0, 1, 0, 0, 0, 0], "split4_notXOR": [1, 1, 0, 1, 1, 1, 1, 1, 1, 1, 1, 1, 1, 1, 1, 1, 1, 1, 1, 1, 1], "split4_prob": [0.6446821842671289, 0.10977591389797874, 0.3718629367122514, 0.08589724905141004, 0.2324582667151882, 0.11706959592047095, 0.08193581012713445, 0.15335537491941809, 0.11436701952707382, 0.1672272102840042, 0.061162040741876235, 0.10704071435601084, 0.11120513315223823, 0.06561807567176069, 0.15512926950457032, 0.0680377778654583, 0.5691878176884099, 0.08647478286626993, 0.05060191660824178, 0.05427842503123952, 0.04341857445967579], "split5_index": [124, 125, 126, 127, 128, 129, 130, 131, 132, 133, 134, 135, 136, 137, 138, 139, 140, 141, 142, 143, 144], "split5_pred": [1, 0, 0, 0, 0, 0, 0, 0, 0, 0, 0, 0, 0, 0, 0, 0, 1, 0, 0, 0, 0], "split5_test": [1, 0, 1, 0, 0, 0, 0, 0, 0, 0, 0, 0, 0, 0, 0, 0, 1, 0, 0, 0, 0], "split5_notXOR": [1, 1, 0, 1, 1, 1, 1, 1, 1, 1, 1, 1, 1, 1, 1, 1, 1, 1, 1, 1, 1], "split5_prob": [0.6934975000719539, 0.0841237229313989, 0.4310462448844267, 0.07875068789889551, 0.2248208429665273, 0.10205976787853645, 0.07364510014746185, 0.04472988183464665, 0.09953568121397162, 0.1644410247321034, 0.026198519990800122, 0.09274476312866804, 0.09817053675636901, 0.05720073689576858, 0.14980266887450674, 0.06315857654402869, 0.6365499034927302, 0.1348323494694442, 0.040099183170698244, 0.05259887357514704, 0.032830929836776296], "split6_index": [145, 146, 147, 148, 149, 150, 151, 152, 153, 154, 155, 156, 157, 158, 159, 160, 161, 162, 163, 164, 165], "split6_pred": [1, 0, 0, 0, 0, 0, 0, 0, 0, 0, 0, 0, 0, 0, 0, 0, 1, 0, 0, 0, 0], "split6_test": [1, 0, 1, 0, 0, 0, 0, 0, 0, 0, 0, 0, 0, 0, 0, 0, 1, 0, 0, 0, 0], "split6_notXOR": [1, 1, 0, 1, 1, 1, 1, 1, 1, 1, 1, 1, 1, 1, 1, 1, 1, 1, 1, 1, 1], "split6_prob": [0.7350577175619412, 0.07486119024885778, 0.4740981181675683, 0.0719491812342613, 0.22027648349269152, 0.09263958564221607, 0.06319225048907959, 0.03778712575671631, 0.08964553981006611, 0.1607555297298591, 0.024972391904782343, 0.08307682551993974, 0.08633408765296291, 0.043920297623422755, 0.1388906698181501, 0.054469531760651765, 0.6664260201759112, 0.13071768767286934, 0.032450403320868154, 0.03866626247839907, 0.02639656625488371], "split7_index": [166, 167, 168, 169, 170, 171, 172, 173, 174, 175, 176, 177, 178, 179, 180, 181, 182, 183, 184, 185, 186], "split7_pred": [1, 0, 1, 0, 0, 0, 0, 0, 0, 0, 0, 0, 0, 0, 0, 0, 1, 0, 0, 0, 0], "split7_test": [1, 0, 1, 0, 0, 0, 0, 1, 0, 0, 0, 0, 0, 0, 0, 0, 1, 0, 0, 0, 1], "split7_notXOR": [1, 1, 1, 1, 1, 1, 1, 0, 1, 1, 1, 1, 1, 1, 1, 1, 1, 1, 1, 1, 0], "split7_prob": [0.7768457582428737, 0.06937065852335046, 0.5200777807116818, 0.06627587210908072, 0.2114543363871147, 0.08370730403504255, 0.05673637364978369, 0.016050597066297276, 0.08080791979261945, 0.15551762267402294, 0.038747710448274575, 0.07482203898852814, 0.07705559882242843, 0.03813247281549923, 0.12794918420472776, 0.049618728790595486, 0.6919066062275079, 0.12238317276621716, 0.026789361026350596, 0.032989748472312425, 0.009903289422708341], "split8_index": [187, 188, 189, 190, 191, 192, 193, 194, 195, 196, 197, 198, 199, 200, 201, 202, 203, 204, 205, 206, 207], "split8_pred": [1, 0, 1, 0, 0, 0, 0, 0, 0, 0, 0, 0, 0, 0, 0, 0, 1, 0, 0, 0, 0], "split8_test": [1, 0, 1, 0, 0, 0, 0, 1, 0, 0, 0, 0, 0, 0, 0, 0, 1, 0, 0, 0, 1], "split8_notXOR": [1, 1, 1, 1, 1, 1, 1, 0, 1, 1, 1, 1, 1, 1, 1, 1, 1, 1, 1, 1, 0], "split8_prob": [0.7831537900051522, 0.14495496883152392, 0.5016351966849282, 0.058301696681509814, 0.1818112904371186, 0.07821337003077293, 0.05834897881006047, 0.151967036895848, 0.07566649578490572, 0.1656566916784082, 0.0409345269090132, 0.06891028337235822, 0.05486021607281125, 0.04092004541839369, 0.1389688318102067, 0.045722013135915, 0.6998077196452731, 0.09625064311625113, 0.011932257492483809, 0.045494936517904296, 0.09192599951411311], "split9_index": [208, 209, 210, 211, 212, 213, 214, 215, 216, 217, 218, 219, 220, 221, 222, 223, 224, 225, 226, 227, 228], "split9_pred": [1, 0, 1, 0, 0, 0, 0, 0, 0, 0, 0, 0, 0, 0, 0, 0, 0, 0, 0, 0, 0], "split9_test": [1, 0, 1, 0, 0, 0, 0, 1, 0, 0, 0, 0, 0, 0, 0, 0, 1, 0, 0, 0, 1], "split9_notXOR": [1, 1, 1, 1, 1, 1, 1, 0, 1, 1, 1, 1, 1, 1, 1, 1, 0, 1, 1, 1, 0],