{"split0_index": [14, 15, 16, 17, 18, 19, 20, 21, 22, 23, 24, 25, 26, 27], "split0_pred": [0, 0, 0, 0, 0, 0, 0, 0, 0, 0, 0, 0, 0, 0], "split0_test": [0, 0, 0, 0, 1, 0, 0, 1, 0, 0, 0, 0, 0, 0], "split0_notXOR": [1, 1, 1, 1, 0, 1, 1, 0, 1, 1, 1, 1, 1, 1], "split0_prob": [0.19834739612089788, 0.165757090209746, 0.16561955866509423, 0.17624476071127299, 0.16520924683135446, 0.16863551903483218, 0.16608191069639328, 0.036951250045984284, 0.16575571139498754, 0.1660819050644967, 0.22550383810234756, 0.18456454354624705, 0.24998926383672396, 0.16602612039979464], "split1_index": [28, 29, 30, 31, 32, 33, 34, 35, 36, 37, 38, 39, 40, 41], "split1_pred": [0, 0, 0, 0, 0, 0, 0, 0, 0, 0, 0, 0, 0, 0], "split1_test": [0, 0, 0, 0, 1, 0, 0, 1, 0, 0, 0, 0, 0, 0], "split1_notXOR": [1, 1, 1, 1, 0, 1, 1, 0, 1, 1, 1, 1, 1, 1], "split1_prob": [0.05487669901978675, 0.12034508773683124, 0.1204679740888885, 0.09174959399763045, 0.12223473791080079, 0.11162161830862191, 0.11990920486855192, 0.9928831071592747, 0.11960776578911125, 0.11987798337321486, 0.028271861528143497, 0.07408477974701781, 0.016204931226107652, 0.1199092291744415], "split2_index": [42, 43, 44, 45, 46, 47, 48, 49, 50, 51, 52, 53, 54, 55], "split2_pred": [0, 0, 0, 0, 0, 0, 0, 1, 0, 0, 0, 0, 0, 0], "split2_test": [0, 0, 0, 0, 1, 0, 0, 1, 0, 0, 0, 0, 0, 0], "split2_notXOR": [1, 1, 1, 1, 0, 1, 1, 1, 1, 1, 1, 1, 1, 1], "split2_prob": [0.05535831003930357, 0.10908102949895006, 0.10912108055149677, 0.0860462721097454, 0.11064665505673427, 0.10210195833520364, 0.1088934474478131, 0.9805505439439353, 0.10889346698522993, 0.10883826250088768, 0.031131642680662264, 0.07138960775392257, 0.019206375696730022, 0.10887388151718175], "split3_index": [56, 57, 58, 59, 60, 61, 62, 63, 64, 65, 66, 67, 68, 69], "split3_pred": [0, 0, 0, 0, 0, 0, 0, 1, 0, 0, 0, 0, 0, 0], "split3_test": [0, 0, 0, 0, 1, 0, 0, 0, 0, 0, 0, 0, 0, 0], "split3_notXOR": [1, 1, 1, 1, 0, 1, 1, 0, 1, 1, 1, 1, 1, 1], "split3_prob": [0.029943388986637474, 0.11839788460032409, 0.11819677182438834, 0.07506393071294357, 0.12159413503024408, 0.10444627529493453, 0.11783155301342134, 0.9999999294417998, 0.11807805024260287, 0.11784388224759013, 0.009798450924404945, 0.05428216303571473, 0.003864241189048079, 0.11783159282985145], "split4_index": [70, 71, 72, 73, 74, 75, 76, 77, 78, 79, 80, 81, 82], "split4_pred": [0, 0, 0, 0, 0, 0, 0, 0, 0, 0, 0, 0, 0], "split4_test": [0, 0, 0, 0, 1, 0, 0, 0, 0, 0, 0, 0, 0], "split4_notXOR": [1, 1, 1, 1, 0, 1, 1, 1, 1, 1, 1, 1, 1], "split4_prob": [0.048879405815576066, 0.18315943523236639, 0.04618637191319646, 0.08805866879125532, 0.555544068156309, 0.15170698671907426, 0.9575115355410171, 0.23412673469831097, 0.03280490151854415, 0.03095458318646325, 0.07554684657526513, 0.013790312630249768, 0.09994248341348835], "split5_index": [83, 84, 85, 86, 87, 88, 89, 90, 91, 92, 93, 94, 95, 96], "split5_pred": [0, 0, 0, 0, 0, 0, 0, 0, 0, 0, 0, 0, 0, 0], "split5_test": [0, 0, 0, 0, 1, 0, 0, 0, 0, 0, 0, 0, 0, 0], "split5_notXOR": [1, 1, 1, 1, 0, 1, 1, 1, 1, 1, 1, 1, 1, 1], "split5_prob": [0.028213405480126002, 0.15399644477030275, 0.06014135742017557, 0.09935915952474075, 0.39903881750809655, 0.09897591909733812, 0.7736443426625349, 0.042122161471387885, 0.011386105440900712, 0.02583933944261825, 0.10009376839643123, 0.01662463789371229, 0.09897559731221707, 0.17376395599218944], "split6_index": [97, 98, 99, 100, 101, 102, 103, 104, 105, 106, 107, 108, 109, 110], "split6_pred": [0, 0, 0, 0, 0, 0, 0, 0, 0, 0, 0, 0, 0, 0], "split6_test": [0, 0, 0, 0, 1, 0, 0, 0, 0, 0, 0, 0, 0, 0], "split6_notXOR": [1, 1, 1, 1, 0, 1, 1, 1, 1, 1, 1, 1, 1, 1], "split6_prob": [0.04202451829532893, 0.13598530889988225, 0.06447442401751535, 0.09696795807084184, 0.6645543930220185, 0.09696793839020183, 0.7814267483241013, 0.030334850845721604, 0.04669455279803476, 0.03412556931004282, 0.05702068043022843, 0.02228235049300066, 0.09725941113596037, 0.27829980793706477], "split7_index": [111, 112, 113, 114, 115, 116, 117, 118, 119, 120, 121, 122, 123, 124], "split7_pred": [0, 0, 0, 0, 0, 0, 0, 0, 0, 0, 0, 0, 0, 0], "split7_test": [0, 0, 0, 0, 1, 0, 0, 0, 0, 0, 0, 0, 0, 0], "split7_notXOR": [1, 1, 1, 1, 0, 1, 1, 1, 1, 1, 1, 1, 1, 1], "split7_prob": [0.056890467261463094, 0.09083465802445101, 0.09083452208683411, 0.09058994467451256, 0.5765516546722753, 0.09020050421034566, 0.3537131465662882, 0.039122917468304916, 0.06186798543692834, 0.058357388860071496, 0.043692754398864435, 0.05084548412009465, 0.09059170140900735, 0.13103412637539988], "split8_index": [125, 126, 127, 128, 129, 130, 131, 132, 133, 134, 135, 136, 137, 138], "split8_pred": [0, 0, 0, 0, 0, 0, 0, 0, 0, 0, 0, 0, 0, 0], "split8_test": [0, 0, 0, 0, 1, 0, 0, 0, 0, 0, 0, 0, 0, 0], "split8_notXOR": [1, 1, 1, 1, 0, 1, 1, 1, 1, 1, 1, 1, 1, 1], "split8_prob": [0.0013149051403716953, 0.01233075832479348, 0.09844662134375776, 0.09735625844711535, 0.9999997617839037, 0.00408018928582329, 0.19941738387994234, 0.004107574791981492, 0.09690629381523291, 0.0017745759482441746, 0.0011953966431762634, 0.0014939338565768475, 0.03417837957690478, 0.09729736259886723], "split9_index": [139, 140, 141, 142, 143, 144, 145, 146, 147, 148, 149, 150, 151, 152], "split9_pred": [0, 0, 0, 0, 0, 0, 0, 0, 0, 0, 0, 0, 0, 0], "split9_test": [0, 0, 0, 0, 1, 0, 0, 0, 0, 0, 0, 0, 0, 0], "split9_notXOR": [1, 1, 1, 1, 0, 1, 1, 1, 1, 1, 1, 1, 1, 1], "split9_prob": [0.0035895801387352782, 0.02026344558203797, 0.10956384400313762, 0.10967693665016268, 0.9912639124254593, 0.006788301238165805, 0.10867937105900674, 0.01505202746973628, 0.10940541553411957, 0.004115859061624156, 0.004902903466597622, 0.0036134179999376004, 0.06135067032417206, 0.10940522964660412], "split10_index": [153, 154, 155, 156, 157, 158, 159, 160, 161, 162, 163, 164, 165, 166], "split10_pred": [0, 0, 0, 0, 0, 0, 0, 0, 0, 0, 0, 0, 0, 0], "split10_test": [0, 0, 0, 0, 1, 0, 0, 0, 0, 0, 0, 0, 0, 0], "split10_notXOR": [1, 1, 1, 1, 0, 1, 1, 1, 1, 1, 1, 1, 1, 1], "split10_prob": [0.0020376611762247853, 0.015010878339020185, 0.1199762942918962, 0.1210433190973755, 0.9999898725128474, 0.004128735600051125, 0.11997636887417897, 0.01120615058640681, 0.11994175082244722, 0.0023252198700757045, 0.0027674108307342822, 0.001934029831640625, 0.060498527246687285, 0.1207495807842322], "split11_index": [167, 168, 169, 170, 171, 172, 173, 174, 175, 176, 177, 178, 179, 180], "split11_pred": [0, 0, 0, 0, 0, 0, 0, 0, 0, 0, 0, 0, 0, 0], "split11_test": [0, 0, 0, 0, 1, 0, 0, 0, 0, 0, 0, 0, 0, 0], "split11_notXOR": [1, 1, 1, 1, 0, 1, 1, 1, 1, 1, 1, 1, 1, 1], "split11_prob": [0.004618772287179008, 0.02120265941579994, 0.11629865351381807, 0.11622600479627654, 0.9921065517132727, 0.007802049147509177, 0.11583827568782629, 0.03784214878975364, 0.11583818720434298, 0.005078429962151198, 0.005462308345782593, 0.004359916753159025, 0.06455084787431672, 0.11662106752673028], "split12_index": [181, 182, 183, 184, 185, 186, 187, 188, 189, 190, 191, 192, 193, 194], "split12_pred": [0, 0, 0, 0, 0, 0, 0, 0, 0, 0, 0, 0, 0, 0], "split12_test": [0, 0, 0, 0, 1, 0, 0, 0, 0, 0, 0, 0, 0, 0], "split12_notXOR": [1, 1, 1, 1, 0, 1, 1, 1, 1, 1, 1, 1, 1, 1], "split12_prob": [0.0031949688429421825, 0.015138626192764772, 0.10176480945848485, 0.10152397094976372, 0.9958820514321779, 0.00539879403956112, 0.10176497296618367, 0.08467081122145911, 0.10201333235708909, 0.003528085001286033, 0.003471648572299583, 0.0030052903591344534, 0.054915151026442635, 0.10191344942772702], "split13_index": [195, 196, 197, 198, 199, 200, 201, 202, 203, 204, 205, 206, 207, 208], "split13_pred": [0, 0, 0, 0, 1, 0, 0, 0, 0, 0, 0, 0, 0, 0], "split13_test": [0, 0, 0, 0, 1, 0, 0, 0, 0, 0, 0, 0, 0, 0], "split13_notXOR": [1, 1, 1, 1, 1, 1, 1, 1, 1, 1, 1, 1, 1, 1],