{"split0_index": [11, 12, 13, 14, 15, 16, 17, 18, 19, 20, 21], "split0_pred": [1, 1, 1, 1, 1, 1, 1, 1, 0, 1, 1], "split0_test": [1, 0, 1, 1, 1, 1, 1, 1, 0, 1, 1], "split0_notXOR": [1, 0, 1, 1, 1, 1, 1, 1, 1, 1, 1], "split0_prob": [0.9989261113615745, 0.8091790224018806, 0.9999954598163001, 0.9997243079859716, 0.8044443064116455, 0.9993255771972037, 0.9793036605440079, 0.9999465556019799, 1.6105878940316222e-10, 0.9999619930459057, 0.9988628204162638], "split1_index": [22, 23, 24, 25, 26, 27, 28, 29, 30, 31, 32], "split1_pred": [1, 1, 1, 1, 0, 1, 1, 1, 0, 1, 1], "split1_test": [0, 0, 0, 0, 0, 0, 0, 0, 0, 1, 0], "split1_notXOR": [0, 0, 0, 0, 1, 0, 0, 0, 1, 1, 0], "split1_prob": [0.9994715719298605, 0.9533087649243218, 0.999999902970415, 0.9999802975214035, 0.35918132028137534, 0.9999484140968892, 0.9932198228363992, 0.9999969169068313, 1.5894347934771247e-12, 0.9999999715798009, 0.9998085767600976]}