{"split0_index": [3, 4, 5], "split0_pred": [0, 0, 0], "split0_test": [1, 0, 0], "split0_notXOR": [0, 1, 1], "split0_prob": [0.582925044007652, 0.5829431781345404, 0.6264552732417673], "split1_index": [6, 7, 8], "split1_pred": [0, 0, 0], "split1_test": [1, 0, 0], "split1_notXOR": [0, 1, 1], "split1_prob": [0.3640948104002417, 0.36202298137327166, 0.3622953497727069], "split2_index": [9, 10, 11], "split2_pred": [0, 0, 0], "split2_test": [1, 0, 0], "split2_notXOR": [0, 1, 1], "split2_prob": [0.8772878075808562, 0.12627909242065807, 0.8664946918180056], "split3_index": [12, 13, 14], "split3_pred": [1, 0, 0], "split3_test": [1, 0, 0], "split3_notXOR": [1, 1, 1], "split3_prob": [0.48917248564570065, 0.19148313497876665, 0.19143466198619574], "split4_index": [15, 16, 17], "split4_pred": [1, 0, 0], "split4_test": [1, 0, 1], "split4_notXOR": [1, 1, 0], "split4_prob": [0.9823323485816557, 0.06940605783031813, 0.4300345490451703], "split5_index": [18, 19, 20], "split5_pred": [1, 0, 0], "split5_test": [1, 0, 1], "split5_notXOR": [1, 1, 0], "split5_prob": [0.7342235103973512, 0.19877434439191244, 0.29682675282946025], "split6_index": [21, 22, 23], "split6_pred": [1, 0, 1], "split6_test": [1, 0, 1], "split6_notXOR": [1, 1, 1], "split6_prob": [0.8036678694566868, 0.298048995275885, 0.8051630366711463], "split7_index": [24, 25, 26], "split7_pred": [1, 0, 1], "split7_test": [1, 0, 1], "split7_notXOR": [1, 1, 1], "split7_prob": [0.6322105447890206, 0.08266265526562816, 0.4294596916293918], "split8_index": [27, 28, 29], "split8_pred": [1, 0, 1], "split8_test": [1, 0, 1], "split8_notXOR": [1, 1, 1], "split8_prob": [0.9300200482191026, 0.05755266100423423, 0.8849680399188756], "split9_index": [30, 31, 32], "split9_pred": [1, 0, 1], "split9_test": [1, 0, 1], "split9_notXOR": [1, 1, 1], "split9_prob": [0.9177532705552691, 0.02452016983335894, 0.8919197923264175], "split10_index": [33, 34, 35], "split10_pred": [1, 0, 1], "split10_test": [1, 0, 1], "split10_notXOR": [1, 1, 1], "split10_prob": [0.8929210326936994, 0.13326805016099122, 0.8428181282175503], "split11_index": [36, 37, 38], "split11_pred": [1, 0, 1], "split11_test": [1, 0, 1], "split11_notXOR": [1, 1, 1], "split11_prob": [0.9167705114907022, 0.06655132244194352, 0.867432245265774], "split12_index": [39, 40, 41], "split12_pred": [1, 0, 1], "split12_test": [1, 0, 1], "split12_notXOR": [1, 1, 1], "split12_prob": [0.928160284027821, 0.11547421466577772, 0.8770497068898012], "split13_index": [42, 43, 44], "split13_pred": [1, 0, 1], "split13_test": [1, 0, 1], "split13_notXOR": [1, 1, 1], "split13_prob": [0.9205209286662677, 0.05409471791917246, 0.856838753779783], "split14_index": [45, 46, 47], "split14_pred": [1, 0, 1], "split14_test": [1, 0, 1], "split14_notXOR": [1, 1, 1], "split14_prob": [0.9527086650541795, 0.042586447423448984, 0.9097733116187646], "split15_index": [48, 49, 50], "split15_pred": [1, 0, 1], "split15_test": [1, 0, 1], "split15_notXOR": [1, 1, 1], "split15_prob": [0.9722670280367374, 0.05443011578749821, 0.9441482130905833], "split16_index": [51, 52, 53], "split16_pred": [1, 0, 1], "split16_test": [1, 0, 1], "split16_notXOR": [1, 1, 1], "split16_prob": [0.930953605138447, 0.046713808171863776, 0.9141029086520888], "split17_index": [54, 55, 56], "split17_pred": [1, 0, 1], "split17_test": [1, 0, 1], "split17_notXOR": [1, 1, 1], "split17_prob": [0.9794718293677412, 0.011902748640218029, 0.9548880976921627], "split18_index": [57, 58, 59], "split18_pred": [1, 0, 1], "split18_test": [1, 0, 1], "split18_notXOR": [1, 1, 1], "split18_prob": [0.9579774826534468, 0.029217391736723036, 0.936603234602697], "split19_index": [60, 61, 62], "split19_pred": [1, 0, 1], "split19_test": [1, 0, 1], "split19_notXOR": [1, 1, 1], "split19_prob": [0.9646417055907266, 0.03334123642779231, 0.9337195431666366], "split20_index": [63, 64, 65], "split20_pred": [1, 0, 1], "split20_test": [1, 0, 1], "split20_notXOR": [1, 1, 1], "split20_prob": [0.604015330920564, 0.056754871320018385, 0.9575059999152814], "split21_index": [66, 67, 68], "split21_pred": [1, 0, 1], "split21_test": [1, 0, 1], "split21_notXOR": [1, 1, 1], "split21_prob": [0.9567849494166736, 0.022592005610250484, 0.8321353493742263]}