{"split0_index": [22, 23, 24, 25, 26, 27, 28, 29, 30, 31, 32, 33, 34, 35, 36, 37, 38, 39, 40, 41, 42], "split0_pred": [0, 0, 0, 0, 0, 0, 0, 0, 0, 0, 0, 0, 0, 0, 0, 0, 0, 0, 0, 0, 0], "split0_test": [0, 0, 0, 0, 0, 0, 1, 0, 0, 1, 0, 0, 0, 0, 0, 0, 0, 0, 1, 0, 1], "split0_notXOR": [1, 1, 1, 1, 1, 1, 0, 1, 1, 0, 1, 1, 1, 1, 1, 1, 1, 1, 0, 1, 0], "split0_prob": [0.1924247494669563, 0.1924247494669563, 0.1924247494669563, 0.1924247494669563, 0.1924247494669563, 0.1924247494669563, 0.1924247494669563, 0.1924247494669563, 0.1924247494669563, 0.1924247494669563, 0.1924247494669563, 0.1924247494669563, 0.1924247494669563, 0.1924247494669563, 0.1924247494669563, 0.1924247494669563, 0.1924247494669563, 0.1924247494669563, 0.1924247494669563, 0.1924247494669563, 0.1924247494669563], "split1_index": [43, 44, 45, 46, 47, 48, 49, 50, 51, 52, 53, 54, 55, 56, 57, 58, 59, 60, 61, 62, 63, 64, 65, 66, 67], "split1_pred": [0, 0, 0, 0, 0, 0, 1, 0, 0, 0, 0, 0, 0, 0, 1, 0, 0, 0, 0, 0, 0, 0, 0, 0, 0], "split1_test": [0, 0, 0, 0, 0, 0, 0, 0, 1, 0, 0, 1, 0, 0, 0, 0, 1, 0, 0, 0, 0, 0, 1, 0, 1], "split1_notXOR": [1, 1, 1, 1, 1, 1, 0, 1, 0, 1, 1, 0, 1, 1, 0, 1, 0, 1, 1, 1, 1, 1, 0, 1, 0], "split1_prob": [1.0000000994736041e-07, 0.1517528418218849, 0.15658811826119612, 0.008480103666842485, 0.00018501606146791198, 0.18293423274525542, 1.0000000994736041e-07, 0.18293423274525542, 0.05093681769412834, 0.28819813930538934, 0.18835692036068535, 1.0000000994736041e-07, 0.014689256878249492, 0.13344653774020138, 1.0000000994736041e-07, 0.18293423274525542, 5.947002352752197e-05, 0.18293423274525542, 0.18293423274525542, 0.00019229371490891092, 1.0000000994736041e-07, 0.003641715293403302, 0.13344653774020138, 1.0000000994736041e-07, 1.798827067255451e-05], "split2_index": [68, 69, 70, 71, 72, 73, 74, 75, 76, 77, 78, 79, 80, 81, 82, 83, 84, 85, 86, 87, 88, 89, 90, 91, 92, 93, 94], "split2_pred": [0, 0, 0, 0, 0, 0, 0, 0, 0, 0, 0, 0, 0, 0, 0, 0, 0, 0, 0, 0, 0, 0, 0, 0, 0, 0, 0], "split2_test": [0, 0, 0, 0, 0, 0, 0, 0, 0, 0, 1, 0, 0, 1, 0, 0, 0, 0, 1, 0, 0, 0, 0, 0, 1, 0, 1], "split2_notXOR": [1, 1, 1, 1, 1, 1, 1, 1, 1, 1, 0, 1, 1, 0, 1, 1, 1, 1, 0, 1, 1, 1, 1, 1, 0, 1, 0], "split2_prob": [0.19244953739280873, 0.19244953739280873, 0.19244953739280873, 0.19244953739280873, 0.19230724422514797, 0.19262727956188325, 0.19244915648005725, 0.19244953739280873, 0.19261195549988164, 0.19244953739280873, 0.19244953739280873, 0.1924548921794581, 0.19244953739280873, 0.19239958468842788, 0.19244953739280873, 0.19244953739280873, 0.19244516234685205, 0.19244953739280873, 0.19248039014570914, 0.19244953739280873, 0.19244953739280873, 0.19249478769097042, 0.19244953739280873, 0.19244953739280873, 0.19244953739280873, 0.19241351118328573, 0.19244953739280873], "split3_index": [95, 96, 97, 98, 99, 100, 101, 102, 103, 104, 105, 106, 107, 108, 109, 110, 111, 112, 113, 114, 115, 116, 117, 118, 119, 120, 121], "split3_pred": [0, 0, 0, 0, 0, 0, 0, 0, 0, 0, 0, 0, 0, 0, 0, 0, 0, 0, 0, 0, 0, 0, 0, 0, 0, 0, 0], "split3_test": [0, 0, 0, 0, 0, 0, 0, 0, 0, 0, 1, 0, 0, 1, 0, 0, 0, 0, 1, 0, 0, 0, 0, 0, 1, 0, 1], "split3_notXOR": [1, 1, 1, 1, 1, 1, 1, 1, 1, 1, 0, 1, 1, 0, 1, 1, 1, 1, 0, 1, 1, 1, 1, 1, 0, 1, 0], "split3_prob": [0.18090039993116622, 0.18090039993116622, 0.18090039993116622, 0.18090039993116622, 0.18090039993116622, 0.18058217219574005, 0.18090039993116622, 0.18090039993116622, 0.18090039993116622, 0.18090039993116622, 0.18090039993116622, 0.18090039993116622, 0.18090039993116622, 0.18090039993116622, 0.18090039993116622, 0.18090039993116622, 0.18090039993116622, 0.18008909607448997, 0.18090039993116622, 0.18090039993116622, 0.18090039993116622, 0.18572398240550672, 0.18090039993116622, 0.1900659091299211, 0.18090039993116622, 0.18090039993116622, 0.2400504487227971], "split4_index": [122, 123, 124, 125, 126, 127, 128, 129, 130, 131, 132, 133, 134, 135, 136, 137, 138, 139, 140, 141, 142, 143, 144, 145, 146, 147, 148], "split4_pred": [0, 0, 0, 0, 0, 0, 0, 0, 0, 0, 0, 0, 0, 0, 0, 0, 0, 0, 0, 0, 0, 0, 0, 0, 0, 0, 0], "split4_test": [0, 0, 0, 0, 0, 0, 0, 0, 0, 0, 1, 1, 0, 1, 0, 0, 0, 0, 1, 0, 0, 0, 0, 0, 1, 0, 1], "split4_notXOR": [1, 1, 1, 1, 1, 1, 1, 1, 1, 1, 0, 0, 1, 0, 1, 1, 1, 1, 0, 1, 1, 1, 1, 1, 0, 1, 0], "split4_prob": [0.1620589346761757, 0.1620589346761757, 0.1620589346761757, 0.1620589346761757, 0.1620589346761757, 0.1620589346761757, 0.1620589346761757, 0.1620589346761757, 0.1620589346761757, 0.1620589346761757, 0.16076837036338693, 0.16241124628900797, 0.1620589346761757, 0.1620589346761757, 0.1620589346761757, 0.1620589346761757, 0.1620589346761757, 0.1620589346761757, 0.1620589346761757, 0.1620589346761757, 0.1620589346761757, 0.1620589346761757, 0.16223768135773112, 0.1620589346761757, 0.1620589346761757, 0.18559440469013547, 0.15677905093658928], "split5_index": [149, 150, 151, 152, 153, 154, 155, 156, 157, 158, 159, 160, 161, 162, 163, 164, 165, 166, 167, 168, 169, 170, 171, 172, 173, 174, 175, 176, 177], "split5_pred": [0, 0, 0, 0, 0, 0, 0, 0, 0, 0, 0, 0, 0, 0, 0, 0, 0, 0, 0, 0, 0, 0, 0, 0, 0, 0, 0, 0, 1], "split5_test": [0, 0, 0, 0, 0, 0, 0, 0, 0, 0, 1, 0, 0, 1, 0, 0, 0, 0, 0, 1, 0, 0, 0, 0, 0, 0, 0, 0, 1], "split5_notXOR": [1, 1, 1, 1, 1, 1, 1, 1, 1, 1, 0, 1, 1, 0, 1, 1, 1, 1, 1, 0, 1, 1, 1, 1, 1, 1, 1, 1, 1], "split5_prob": [0.181873572903095, 0.18122957784279672, 0.22713581930741558, 0.19462789489614393, 0.178961379483737, 0.41667700709446087, 0.18111860597230148, 0.18122957784279672, 0.18111860597230148, 0.18111860597230148, 0.18081125963517666, 0.17758821260227667, 0.18113351041160408, 0.18311030098288336, 0.20685784402122281, 0.18111860597230148, 0.18122957784279672, 0.18318297438034914, 0.31893130197458786, 0.18113351041160408, 0.18113351041160408, 0.18113351041160408, 0.31029766859589963, 0.18111860597230148, 0.2800993281276591, 0.181873572903095, 0.18519363989308357, 0.36395934924079393, 0.7483113633818171], "split6_index": [178, 179, 180, 181, 182, 183, 184, 185, 186, 187, 188, 189, 190, 191, 192, 193, 194, 195, 196, 197, 198, 199, 200, 201, 202, 203, 204], "split6_pred": [0, 0, 0, 0, 0, 0, 0, 0, 0, 0, 0, 0, 0, 0, 0, 0, 0, 0, 0, 0, 0, 0, 0, 0, 0, 0, 0], "split6_test": [0, 0, 0, 0, 0, 0, 0, 0, 0, 0, 1, 0, 0, 1, 0, 0, 0, 0, 0, 1, 0, 0, 0, 0, 0, 0, 1], "split6_notXOR": [1, 1, 1, 1, 1, 1, 1, 1, 1, 1, 0, 1, 1, 0, 1, 1, 1, 1, 1, 0, 1, 1, 1, 1, 1, 1, 0], "split6_prob": [0.17066649500999742, 0.17066649500999742, 0.17066649500999742, 0.17066649500999742, 0.17066649500999742, 0.17066649500999742, 0.17066649500999742, 0.16910038753135476, 0.17066649500999742, 0.17066649500999742, 0.17066649500999742, 0.17066649500999742, 0.17066649500999742, 0.17066649500999742, 0.17066649500999742, 0.17066649500999742, 0.17066649500999742, 0.16964604620274326, 0.17066649500999742, 0.17066649500999742, 0.17066649500999742, 0.17066649500999742, 0.17066649500999742, 0.17066649500999742, 0.16951527605812614, 0.17066649500999742, 0.2460534553190698], "split7_index": [205, 206, 207, 208, 209, 210, 211, 212, 213, 214, 215, 216, 217, 218, 219, 220, 221, 222, 223, 224, 225, 226, 227, 228, 229, 230], "split7_pred": [0, 0, 0, 0, 0, 0, 0, 0, 0, 0, 0, 0, 0, 0, 0, 0, 0, 0, 0, 0, 0, 0, 0, 0, 0, 0], "split7_test": [0, 0, 0, 0, 0, 0, 0, 0, 0, 0, 0, 0, 0, 0, 0, 0, 0, 0, 1, 0, 0, 0, 0, 0, 0, 1], "split7_notXOR": [1, 1, 1, 1, 1, 1, 1, 1, 1, 1, 1, 1, 1, 1, 1, 1, 1, 1, 0, 1, 1, 1, 1, 1, 1, 0], "split7_prob": [0.1701799977052649, 0.16984792859630948, 0.16663547400533837, 0.17326767286622913, 0.16984792859630948, 0.17019438523910682, 0.1701799977052649, 0.1699715070965507, 0.16992850508403126, 0.1701799977052649, 0.16938998047200396, 0.1699715070965507, 0.16520791123335157, 0.17034868613728824, 0.1701799977052649, 0.1701799977052649, 0.19684986550617745, 0.1696843603566201, 0.1701799977052649, 0.1699141244659469, 0.1701799977052649, 0.1681817176894972, 0.1696843603566201, 0.1701799977052649, 0.16960949100852335, 0.16712742585872592],