{"split0_index": [10, 11, 12, 13, 14, 15, 16, 17, 18, 19], "split0_pred": [1, 0, 1, 1, 1, 1, 0, 1, 1, 1], "split0_test": [0, 0, 0, 0, 1, 0, 0, 1, 0, 0], "split0_notXOR": [0, 1, 0, 0, 1, 0, 1, 1, 0, 0], "split0_prob": [1.0, 9.617825589690181e-44, 1.0, 1.0, 1.0, 1.0, 1.5025894308792575e-43, 1.0, 1.0, 1.0], "split1_index": [20, 21, 22, 23, 24, 25, 26, 27, 28, 29], "split1_pred": [0, 0, 0, 1, 0, 0, 0, 1, 0, 0], "split1_test": [0, 0, 0, 0, 1, 0, 0, 1, 0, 0], "split1_notXOR": [1, 1, 1, 0, 0, 1, 1, 1, 1, 1], "split1_prob": [8.420438691101646e-18, 4.7155041844119455e-26, 3.209025836143314e-28, 1.0, 1.5715647911666653e-08, 7.953873494428632e-19, 1.2313157006758383e-23, 1.0, 3.859599234483731e-34, 6.242195160188485e-20], "split2_index": [30, 31, 32, 33, 34, 35, 36, 37, 38, 39, 40], "split2_pred": [1, 1, 0, 0, 0, 0, 0, 1, 0, 1, 0], "split2_test": [0, 0, 0, 0, 0, 0, 0, 0, 0, 1, 0], "split2_notXOR": [0, 0, 1, 1, 1, 1, 1, 0, 1, 1, 1], "split2_prob": [1.0, 1.0, 3.0378574664802866e-23, 2.540711305152161e-12, 5.575173104803117e-19, 2.626106871895948e-18, 1.108184905151105e-19, 1.0, 1.7442599273153753e-18, 1.0, 5.912919031593771e-26], "split3_index": [41, 42, 43, 44, 45, 46, 47, 48, 49, 50, 51], "split3_pred": [0, 0, 0, 0, 0, 0, 0, 0, 0, 1, 0], "split3_test": [0, 0, 0, 1, 0, 0, 0, 0, 0, 1, 0], "split3_notXOR": [1, 1, 1, 0, 1, 1, 1, 1, 1, 1, 1], "split3_prob": [2.7333669963694722e-15, 1.8696976169184903e-16, 2.0398881798466862e-19, 1.9568861721112214e-06, 1.2451754032208809e-16, 6.483995325508171e-16, 2.6360340828829352e-18, 7.14758194864557e-15, 1.8332822340682166e-16, 1.0, 3.528248646657632e-20], "split4_index": [52, 53, 54, 55, 56, 57, 58, 59, 60, 61, 62], "split4_pred": [0, 0, 0, 1, 0, 0, 0, 0, 0, 1, 0], "split4_test": [0, 0, 0, 0, 0, 0, 0, 0, 0, 1, 0], "split4_notXOR": [1, 1, 1, 0, 1, 1, 1, 1, 1, 1, 1], "split4_prob": [1.361713241791296e-26, 7.420937229307709e-26, 1.6142534062941567e-26, 1.0, 3.399905461128568e-20, 7.361914567858273e-07, 1.157006229256768e-24, 9.795648917311393e-27, 3.87581936757278e-25, 1.0, 1.2339137644221389e-24]}