{"split0_index": [7, 8, 9, 10, 11, 12, 13, 14, 15, 16], "split0_pred": [0, 0, 0, 1, 0, 0, 0, 0, 0, 0], "split0_test": [0, 0, 0, 1, 0, 0, 0, 0, 0, 1], "split0_notXOR": [1, 1, 1, 1, 1, 1, 1, 1, 1, 0], "split0_prob": [0.31680527861091784, 0.29896164893567856, 0.30102976372474277, 0.3949108726313292, 0.29900766020982605, 0.3114374575290582, 0.2989631113711538, 0.3065126986423036, 0.2996783574609466, 0.31514229546414263], "split1_index": [17, 18, 19, 20, 21, 22, 23, 24, 25, 26], "split1_pred": [0, 0, 0, 1, 0, 0, 0, 0, 0, 0], "split1_test": [0, 0, 0, 1, 0, 0, 0, 0, 0, 0], "split1_notXOR": [1, 1, 1, 1, 1, 1, 1, 1, 1, 1], "split1_prob": [0.0977881322053418, 0.0672896628516768, 0.07829060914683676, 0.9869884840448576, 0.07420067547945258, 0.26778016826122386, 0.07580185100130112, 0.07417079204586634, 0.0753584108725275, 0.570545621276197], "split2_index": [27, 28, 29, 30, 31, 32, 33, 34, 35, 36], "split2_pred": [0, 0, 0, 1, 0, 0, 0, 0, 0, 0], "split2_test": [0, 0, 0, 1, 0, 0, 0, 0, 0, 0], "split2_notXOR": [1, 1, 1, 1, 1, 1, 1, 1, 1, 1], "split2_prob": [0.07037724577702628, 0.058943712379243396, 0.06674450084514627, 0.9737360083118501, 0.06171096629639884, 0.08809154333558356, 0.0625797795075097, 0.0637901784969112, 0.06315021193348291, 0.09382115607826856], "split3_index": [37, 38, 39, 40, 41, 42, 43, 44, 45, 46], "split3_pred": [0, 0, 0, 1, 0, 0, 0, 0, 0, 0], "split3_test": [0, 0, 0, 1, 0, 0, 0, 0, 0, 0], "split3_notXOR": [1, 1, 1, 1, 1, 1, 1, 1, 1, 1], "split3_prob": [0.05957339921504881, 0.04305682337900449, 0.047027492350789145, 0.9749254322545069, 0.07384698268865691, 0.04501432567488349, 0.05096009869977556, 0.03804060171089804, 0.04711718786263279, 0.2539647400344292], "split4_index": [47, 48, 49, 50, 51, 52, 53, 54, 55, 56], "split4_pred": [0, 0, 0, 0, 1, 0, 0, 0, 0, 0], "split4_test": [0, 0, 0, 0, 1, 0, 0, 0, 0, 0], "split4_notXOR": [1, 1, 1, 1, 1, 1, 1, 1, 1, 1], "split4_prob": [0.04069881690393539, 0.035725813668099314, 0.03794139096794977, 0.04654617150261712, 0.9644557250443717, 0.03965905722745778, 0.04564840506775732, 0.047201576671089124, 0.04525775531665973, 0.04471203041630656], "split5_index": [57, 58, 59, 60, 61, 62, 63, 64, 65, 66, 67], "split5_pred": [1, 0, 0, 0, 0, 0, 0, 0, 0, 0, 0], "split5_test": [1, 0, 0, 0, 0, 0, 0, 0, 0, 0, 0], "split5_notXOR": [1, 1, 1, 1, 1, 1, 1, 1, 1, 1, 1], "split5_prob": [0.6551342609647527, 0.0466619739631301, 0.0432848658073921, 0.03617185910209345, 0.030529971395710787, 0.03951159310162838, 0.05274132327851386, 0.04049988738514939, 0.05067100390130027, 0.038582007053812456, 0.02490275948544119], "split6_index": [68, 69, 70, 71, 72, 73, 74, 75, 76, 77, 78], "split6_pred": [1, 0, 0, 0, 0, 0, 0, 0, 0, 0, 0], "split6_test": [1, 0, 0, 0, 0, 0, 0, 0, 0, 1, 0], "split6_notXOR": [1, 1, 1, 1, 1, 1, 1, 1, 1, 0, 1], "split6_prob": [0.9144769902119675, 0.032793440187014196, 0.1313956207400876, 0.03828855703466059, 0.028523663710203012, 0.045814081129748475, 0.060098445896290875, 0.03827809316250497, 0.03625968792362681, 0.037095632112064764, 0.026428761683740767], "split7_index": [79, 80, 81, 82, 83, 84, 85, 86, 87, 88, 89], "split7_pred": [1, 0, 0, 0, 0, 0, 0, 0, 0, 0, 0], "split7_test": [1, 0, 0, 0, 0, 0, 0, 0, 0, 0, 0], "split7_notXOR": [1, 1, 1, 1, 1, 1, 1, 1, 1, 1, 1], "split7_prob": [0.9411128896351332, 0.03956922711252609, 0.04319824854731599, 0.04132638363039673, 0.03303685129148178, 0.028538108890777434, 0.04285091888486864, 0.04320137019468268, 0.04288389091190309, 0.06133601707514151, 0.03040926779054793], "split8_index": [90, 91, 92, 93, 94, 95, 96, 97, 98, 99, 100, 101], "split8_pred": [1, 0, 0, 0, 0, 0, 0, 0, 0, 0, 0, 0], "split8_test": [1, 0, 0, 0, 0, 0, 0, 1, 0, 0, 0, 0], "split8_notXOR": [1, 1, 1, 1, 1, 1, 1, 0, 1, 1, 1, 1], "split8_prob": [0.9502579119123786, 0.03594074482592642, 0.0397343974087853, 0.039743847441323, 0.024872248542882502, 0.021692382843796664, 0.03981130650202793, 0.030285848242084256, 0.03976174758850869, 0.0388110708119018, 0.04122011845105852, 0.02774885456641881], "split9_index": [102, 103, 104, 105, 106, 107, 108, 109, 110, 111, 112, 113, 114], "split9_pred": [1, 0, 0, 0, 0, 0, 0, 0, 0, 0, 0, 0, 0], "split9_test": [1, 0, 0, 0, 0, 0, 0, 0, 0, 0, 0, 0, 0], "split9_notXOR": [1, 1, 1, 1, 1, 1, 1, 1, 1, 1, 1, 1, 1], "split9_prob": [0.9072640226440276, 0.04384591263972163, 0.04516648415426126, 0.044840073001858965, 0.04850280490981088, 0.03847034460739514, 0.0337658045078718, 0.047552638581926675, 0.046717883346077, 0.04845761880047411, 0.04985769726707876, 0.04851818782212419, 0.04246389189547347], "split10_index": [115, 116, 117, 118, 119, 120, 121, 122, 123, 124, 125, 126, 127], "split10_pred": [1, 0, 0, 0, 0, 0, 0, 0, 0, 0, 0, 0, 0], "split10_test": [1, 0, 0, 0, 0, 0, 0, 0, 0, 0, 0, 0, 0], "split10_notXOR": [1, 1, 1, 1, 1, 1, 1, 1, 1, 1, 1, 1, 1], "split10_prob": [0.9598474281829421, 0.03785527184105926, 0.04157871005330584, 0.03935670980385173, 0.042662397061459426, 0.03449549618939287, 0.0251407153874773, 0.03988036682434294, 0.04157871005330584, 0.04257308274463255, 0.04213631794422726, 0.042567861243566645, 0.028579493808867377], "split11_index": [128, 129, 130, 131, 132, 133, 134, 135, 136, 137, 138, 139, 140], "split11_pred": [1, 0, 0, 0, 0, 0, 0, 0, 0, 0, 0, 0, 0], "split11_test": [1, 0, 0, 0, 0, 0, 0, 0, 0, 0, 0, 0, 0], "split11_notXOR": [1, 1, 1, 1, 1, 1, 1, 1, 1, 1, 1, 1, 1], "split11_prob": [0.9462392283503867, 0.028773802496692254, 0.03374058831489875, 0.03531362330682892, 0.034012333031393845, 0.026780247401358627, 0.020010075969517555, 0.03406923510399132, 0.03374058831489875, 0.03299830055242136, 0.030072732794510143, 0.037803499158389466, 0.04538560226601752], "split12_index": [141, 142, 143, 144, 145, 146, 147, 148, 149, 150, 151, 152, 153], "split12_pred": [1, 0, 0, 0, 0, 0, 0, 0, 0, 0, 0, 0, 0], "split12_test": [1, 0, 0, 0, 0, 0, 0, 0, 0, 0, 0, 0, 0], "split12_notXOR": [1, 1, 1, 1, 1, 1, 1, 1, 1, 1, 1, 1, 1], "split12_prob": [0.9714503443307733, 0.031619903376284064, 0.03477037402086763, 0.033142333789296215, 0.03127188827725544, 0.029205369043745946, 0.022205733449906628, 0.035101134366686944, 0.03477037402086763, 0.035727572019739015, 0.03794357119573059, 0.035748417899428224, 0.039590012957861485], "split13_index": [154, 155, 156, 157, 158, 159, 160, 161, 162, 163, 164, 165, 166], "split13_pred": [1, 0, 0, 0, 0, 0, 0, 0, 0, 0, 0, 0, 0], "split13_test": [1, 0, 0, 0, 0, 0, 0, 0, 0, 0, 0, 0, 0], "split13_notXOR": [1, 1, 1, 1, 1, 1, 1, 1, 1, 1, 1, 1, 1], "split13_prob": [0.9664845846456128, 0.02796226320773898, 0.027990223923932914, 0.02958131001478119, 0.03101916689776569, 0.025787902121708884, 0.017184261174271038, 0.031252819480498746, 0.027990223923932914, 0.03138869797936643, 0.03142642893899689, 0.03143155221431303, 0.028720837280486994], "split14_index": [167, 168, 169, 170, 171, 172, 173, 174, 175, 176, 177, 178], "split14_pred": [1, 0, 0, 0, 0, 0, 0, 0, 0, 0, 0, 0], "split14_test": [1, 0, 0, 0, 0, 0, 0, 0, 0, 0, 0, 0], "split14_notXOR": [1, 1, 1, 1, 1, 1, 1, 1, 1, 1, 1, 1], "split14_prob": [0.9663476887404192, 0.02693431359095692, 0.027052096561337505, 0.02790311142114629, 0.030404047718290424, 0.023422184083725484, 0.01448042465260696, 0.01403091643025005, 0.027052096561337505, 0.030415723740053243, 0.0238443973663664, 0.02789163300180158], "split15_index": [179, 180, 181, 182, 183, 184, 185, 186, 187, 188, 189, 190], "split15_pred": [1, 0, 0, 0, 0, 0, 0, 0, 0, 0, 0, 0], "split15_test": [1, 0, 0, 0, 0, 0, 0, 0, 0, 0, 0, 0], "split15_notXOR": [1, 1, 1, 1, 1, 1, 1, 1, 1, 1, 1, 1], "split15_prob": [0.9738318138209445, 0.024540568037078988, 0.024025743202594825, 0.024638027346758698, 0.027921953840501886, 0.02263775568634496, 0.014034159534613108, 0.019124609721047334, 0.024025743202594825, 0.02869763264363348, 0.023038137303857172, 0.025732374240731333], "split16_index": [191, 192, 193, 194, 195, 196, 197, 198, 199, 200, 201, 202], "split16_pred": [1, 0, 0, 0, 0, 0, 0, 0, 0, 0, 0, 0], "split16_test": [1, 0, 0, 0, 0, 0, 0, 0, 0, 0, 0, 0],