{"split0_index": [3, 4, 5], "split0_pred": [1, 0, 0], "split0_test": [1, 0, 0], "split0_notXOR": [1, 1, 1], "split0_prob": [0.5741563194278744, 0.11457069056410803, 0.3080521885423469], "split1_index": [6, 7, 8], "split1_pred": [1, 0, 0], "split1_test": [1, 0, 0], "split1_notXOR": [1, 1, 1], "split1_prob": [0.6715230238972378, 0.06560638599583629, 0.25252753690561475], "split2_index": [9, 10, 11], "split2_pred": [1, 0, 0], "split2_test": [1, 0, 0], "split2_notXOR": [1, 1, 1], "split2_prob": [0.7263554605876613, 0.06990930586100567, 0.21342191044417122], "split3_index": [12, 13, 14], "split3_pred": [1, 0, 0], "split3_test": [1, 0, 1], "split3_notXOR": [1, 1, 0], "split3_prob": [0.791428633573689, 0.06902470038160537, 0.06443141623388972], "split4_index": [15, 16, 17], "split4_pred": [1, 0, 1], "split4_test": [1, 0, 1], "split4_notXOR": [1, 1, 1], "split4_prob": [0.8184208807920458, 0.10396116472220492, 0.5062031968238122], "split5_index": [18, 19, 20], "split5_pred": [1, 0, 1], "split5_test": [1, 0, 1], "split5_notXOR": [1, 1, 1], "split5_prob": [0.8431744099090968, 0.09889061786346921, 0.6635232758028536], "split6_index": [21, 22, 23], "split6_pred": [1, 0, 1], "split6_test": [1, 0, 0], "split6_notXOR": [1, 1, 0], "split6_prob": [0.8610749761268313, 0.0907215144764393, 0.7397065721221159], "split7_index": [24, 25, 26], "split7_pred": [1, 0, 1], "split7_test": [1, 1, 0], "split7_notXOR": [1, 0, 0], "split7_prob": [0.8722568450365491, 0.0630523080797225, 0.5935494588417652], "split8_index": [27, 28, 29], "split8_pred": [1, 0, 0], "split8_test": [1, 1, 0], "split8_notXOR": [1, 0, 1], "split8_prob": [0.8831900812533057, 0.13818705056640376, 0.49946488179509646], "split9_index": [30, 31, 32], "split9_pred": [1, 0, 0], "split9_test": [1, 1, 0], "split9_notXOR": [1, 0, 1], "split9_prob": [0.8943917388955841, 0.3555871118797534, 0.4322590854313311], "split10_index": [33, 34, 35], "split10_pred": [1, 1, 0], "split10_test": [0, 1, 0], "split10_notXOR": [0, 1, 1], "split10_prob": [0.8788933473085947, 0.5066099150925658, 0.2642391751335739], "split11_index": [36, 37, 38], "split11_pred": [1, 1, 0], "split11_test": [0, 1, 0], "split11_notXOR": [0, 1, 1], "split11_prob": [0.829492884716172, 0.6044906044177913, 0.39978793552776537], "split12_index": [39, 40, 41], "split12_pred": [1, 1, 0], "split12_test": [0, 1, 0], "split12_notXOR": [0, 1, 1], "split12_prob": [0.7713030338232992, 0.6657152354904693, 0.2928358264068506]}