{"split0_index": [14, 15, 16, 17, 18, 19, 20, 21, 22, 23, 24, 25, 26, 27], "split0_pred": [0, 0, 0, 0, 0, 0, 0, 1, 0, 0, 0, 0, 0, 0], "split0_test": [0, 0, 0, 0, 1, 0, 0, 1, 0, 0, 0, 0, 0, 0], "split0_notXOR": [1, 1, 1, 1, 0, 1, 1, 1, 1, 1, 1, 1, 1, 1], "split0_prob": [0.05281643539334534, 0.08932587672837008, 0.0729266895771955, 0.11881829041433975, 0.27555130333309147, 0.1359153829890633, 0.09250620459575716, 0.542911115025966, 0.1090307469609975, 0.059490557349701295, 0.07686251451702014, 0.09649655046379757, 0.17984819993266257, 0.09752753731402537], "split1_index": [28, 29, 30, 31, 32, 33, 34, 35, 36, 37, 38, 39, 40, 41], "split1_pred": [0, 0, 0, 0, 0, 0, 0, 1, 0, 0, 0, 0, 0, 0], "split1_test": [0, 0, 0, 0, 1, 0, 0, 1, 0, 0, 0, 0, 0, 0], "split1_notXOR": [1, 1, 1, 1, 0, 1, 1, 1, 1, 1, 1, 1, 1, 1], "split1_prob": [0.029006940698743672, 0.07136144346225523, 0.05168427996416145, 0.0986926735277199, 0.3645641563647776, 0.12996352593173327, 0.06701417867297112, 0.6942495724847306, 0.08737969381473383, 0.034931577597872056, 0.05018270586436307, 0.07084819913142787, 0.17321381025656676, 0.07690423674477637], "split2_index": [42, 43, 44, 45, 46, 47, 48, 49, 50, 51, 52, 53, 54, 55], "split2_pred": [0, 0, 0, 0, 0, 0, 0, 1, 0, 0, 0, 0, 0, 0], "split2_test": [0, 0, 0, 0, 1, 0, 0, 1, 0, 0, 0, 0, 0, 0], "split2_notXOR": [1, 1, 1, 1, 0, 1, 1, 1, 1, 1, 1, 1, 1, 1], "split2_prob": [0.018931568282119483, 0.06289743825825705, 0.04227579873022348, 0.08379958514239061, 0.4359966964931391, 0.12441152550718812, 0.05209192236503994, 0.7645819273105402, 0.07409176783461219, 0.02371249493252483, 0.036487233565855134, 0.05579683159318936, 0.1596194717546274, 0.06530140321791063], "split3_index": [56, 57, 58, 59, 60, 61, 62, 63, 64, 65, 66, 67, 68, 69], "split3_pred": [0, 0, 0, 0, 0, 0, 0, 1, 0, 0, 0, 0, 0, 0], "split3_test": [0, 0, 0, 0, 1, 0, 0, 0, 0, 0, 0, 0, 0, 0], "split3_notXOR": [1, 1, 1, 1, 0, 1, 1, 0, 1, 1, 1, 1, 1, 1], "split3_prob": [0.01359329683561332, 0.05615643701066825, 0.03542271084120511, 0.07302629879461867, 0.49059857825232983, 0.11860071340068924, 0.04288664786224987, 0.8012942876273588, 0.06445988070669426, 0.017124226561596435, 0.028389158570298847, 0.04615685464968995, 0.14902618082442012, 0.057536284139987584], "split4_index": [70, 71, 72, 73, 74, 75, 76, 77, 78, 79, 80, 81, 82], "split4_pred": [0, 0, 0, 0, 0, 0, 1, 0, 0, 0, 0, 0, 0], "split4_test": [0, 0, 0, 0, 1, 0, 0, 0, 0, 0, 0, 0, 0], "split4_notXOR": [1, 1, 1, 1, 0, 1, 0, 1, 1, 1, 1, 1, 1], "split4_prob": [0.010950708994021788, 0.0007527327462206742, 0.001859694211879318, 0.01058560405832894, 4.391208695751775e-05, 0.0010907642330532864, 0.7555663530156347, 0.000645954786621565, 0.0013082610173247415, 0.021597256986620864, 0.0010232047583532947, 0.12593227263481646, 0.0004036133532559525], "split5_index": [83, 84, 85, 86, 87, 88, 89, 90, 91, 92, 93, 94, 95, 96], "split5_pred": [0, 0, 0, 0, 1, 0, 1, 0, 0, 0, 0, 0, 0, 0], "split5_test": [0, 0, 0, 0, 1, 0, 0, 0, 0, 0, 0, 0, 0, 0], "split5_notXOR": [1, 1, 1, 1, 1, 1, 0, 1, 1, 1, 1, 1, 1, 1], "split5_prob": [0.008957985127802486, 0.025530612960156473, 0.02879043648839094, 0.05260469334533024, 0.5759374460533927, 0.025783236585503494, 0.5767617697726658, 0.01081760486923681, 0.012931595489925597, 0.01804750975626555, 0.01602354235940175, 0.09251877392241904, 0.023752373692453102, 0.2518536124859289], "split6_index": [97, 98, 99, 100, 101, 102, 103, 104, 105, 106, 107, 108, 109, 110], "split6_pred": [0, 0, 0, 0, 1, 0, 1, 0, 0, 0, 0, 0, 0, 0], "split6_test": [0, 0, 0, 0, 1, 0, 0, 0, 0, 0, 0, 0, 0, 0], "split6_notXOR": [1, 1, 1, 1, 1, 1, 0, 1, 1, 1, 1, 1, 1, 1], "split6_prob": [0.014659522890837271, 0.04214075733698777, 0.03150082347330727, 0.0519263621168723, 0.7012307616655851, 0.035505484809187984, 0.5052771903662627, 0.009514041911312745, 0.013941533783023619, 0.011149694458328342, 0.014093374644818253, 0.07737647933392358, 0.025230203946255844, 0.05195952945932819], "split7_index": [111, 112, 113, 114, 115, 116, 117, 118, 119, 120, 121, 122, 123, 124], "split7_pred": [0, 0, 0, 0, 0, 0, 0, 0, 0, 0, 0, 0, 0, 0], "split7_test": [0, 0, 0, 0, 1, 0, 0, 0, 0, 0, 0, 0, 0, 0], "split7_notXOR": [1, 1, 1, 1, 0, 1, 1, 1, 1, 1, 1, 1, 1, 1], "split7_prob": [0.013547188203050411, 0.037421877511348234, 0.028934737951041727, 0.0370513194060355, 0.1747927116895447, 0.03280037766324549, 0.44694425742086313, 0.0077076000933105245, 0.01261976191603341, 0.01237298251780627, 0.011900735665474145, 0.0672899906078276, 0.023023268445773005, 0.04555011849897603], "split8_index": [125, 126, 127, 128, 129, 130, 131, 132, 133, 134, 135, 136, 137, 138], "split8_pred": [0, 0, 0, 0, 1, 0, 0, 0, 0, 0, 0, 0, 0, 0], "split8_test": [0, 0, 0, 0, 1, 0, 0, 0, 0, 0, 0, 0, 0, 0], "split8_notXOR": [1, 1, 1, 1, 1, 1, 1, 1, 1, 1, 1, 1, 1, 1], "split8_prob": [0.022127687234052347, 0.035464566330005755, 0.0265032819550239, 0.04052256779076569, 0.6263191083185718, 0.03572388371891468, 0.38492445799992286, 0.010864674571872998, 0.011952261642713673, 0.018952816408327255, 0.009414116358091819, 0.047884558747834274, 0.017134016024660224, 0.03944835656350657], "split9_index": [139, 140, 141, 142, 143, 144, 145, 146, 147, 148, 149, 150, 151, 152], "split9_pred": [0, 0, 0, 0, 1, 0, 0, 0, 0, 0, 0, 0, 0, 0], "split9_test": [0, 0, 0, 0, 1, 0, 0, 0, 0, 0, 0, 0, 0, 0], "split9_notXOR": [1, 1, 1, 1, 1, 1, 1, 1, 1, 1, 1, 1, 1, 1], "split9_prob": [0.020765253259017118, 0.03317455153263916, 0.024552757598437187, 0.03737264480414184, 0.6119348832419912, 0.0320676035453829, 0.34147396633622035, 0.010554436258876797, 0.011196912878341188, 0.01699978900645074, 0.008315045056717905, 0.0418844643341354, 0.019311434062640357, 0.036411838727268435], "split10_index": [153, 154, 155, 156, 157, 158, 159, 160, 161, 162, 163, 164, 165, 166], "split10_pred": [0, 0, 0, 0, 1, 0, 0, 0, 0, 0, 0, 0, 0, 0], "split10_test": [0, 0, 0, 0, 1, 0, 0, 0, 0, 0, 0, 0, 0, 0], "split10_notXOR": [1, 1, 1, 1, 1, 1, 1, 1, 1, 1, 1, 1, 1, 1], "split10_prob": [0.021023640738072658, 0.03232437157597464, 0.024203209365454174, 0.03643010153341461, 0.7136023299779543, 0.03060553206748711, 0.32894094191030787, 0.01134934127640894, 0.011145898959997274, 0.013627129271824115, 0.007614320834714407, 0.03744569574584564, 0.014556673139833299, 0.03517107625579526], "split11_index": [167, 168, 169, 170, 171, 172, 173, 174, 175, 176, 177, 178, 179, 180], "split11_pred": [0, 0, 0, 0, 1, 0, 0, 0, 0, 0, 0, 0, 0, 0], "split11_test": [0, 0, 0, 0, 1, 0, 0, 0, 0, 0, 0, 0, 0, 0], "split11_notXOR": [1, 1, 1, 1, 1, 1, 1, 1, 1, 1, 1, 1, 1, 1], "split11_prob": [0.015581082688888873, 0.023831286182654284, 0.01803669265026015, 0.02687683877965266, 0.7196802058577143, 0.022094050392048432, 0.23621259944333442, 0.008810893077861003, 0.008281345695251971, 0.011036379930362362, 0.005293180106209658, 0.025751379914342037, 0.010794014835420324, 0.025845665477924874], "split12_index": [181, 182, 183, 184, 185, 186, 187, 188, 189, 190, 191, 192, 193, 194], "split12_pred": [0, 0, 0, 0, 1, 0, 0, 0, 0, 0, 0, 0, 0, 0], "split12_test": [0, 0, 0, 0, 1, 0, 0, 0, 0, 0, 0, 0, 0, 0], "split12_notXOR": [1, 1, 1, 1, 1, 1, 1, 1, 1, 1, 1, 1, 1, 1], "split12_prob": [0.021680335976953853, 0.02985780541689926, 0.02269465387256096, 0.033388071329002206, 0.831534770452764, 0.028159682443484182, 0.2758652262654918, 0.011045656043615347, 0.010462360542359909, 0.015166130533699744, 0.006315659596796615, 0.03022796255374316, 0.014513505409512186, 0.03253513573314114], "split13_index": [195, 196, 197, 198, 199, 200, 201, 202, 203, 204, 205, 206, 207, 208], "split13_pred": [0, 0, 0, 0, 1, 0, 0, 0, 0, 0, 0, 0, 0, 0], "split13_test": [0, 0, 0, 0, 1, 0, 0, 0, 0, 0, 0, 0, 0, 0], "split13_notXOR": [1, 1, 1, 1, 1, 1, 1, 1, 1, 1, 1, 1, 1, 1],