{"split0_index": [38, 39, 40, 41, 42, 43, 44, 45, 46, 47, 48, 49, 50, 51, 52, 53, 54, 55, 56, 57, 58, 59, 60, 61, 62, 63, 64, 65, 66, 67, 68, 69, 70, 71, 72, 73, 74, 75], "split0_pred": [0, 0, 0, 0, 0, 0, 0, 0, 0, 0, 0, 0, 0, 0, 0, 0, 0, 0, 0, 0, 0, 0, 0, 0, 0, 0, 0, 0, 0, 0, 0, 0, 0, 0, 0, 0, 0, 0], "split0_test": [1, 0, 1, 0, 0, 1, 1, 0, 1, 0, 1, 0, 1, 0, 0, 0, 1, 0, 0, 1, 0, 0, 0, 0, 0, 0, 1, 0, 0, 0, 0, 0, 0, 1, 0, 1, 0, 0], "split0_notXOR": [0, 1, 0, 1, 1, 0, 0, 1, 0, 1, 0, 1, 0, 1, 1, 1, 0, 1, 1, 0, 1, 1, 1, 1, 1, 1, 0, 1, 1, 1, 1, 1, 1, 0, 1, 0, 1, 1], "split0_prob": [0.5, 0.5, 0.5, 0.5, 0.5, 0.5, 0.5, 0.5, 0.5, 0.5, 0.5, 0.5, 0.5, 0.5, 0.5, 0.5, 0.5, 0.5, 0.5, 0.5, 0.5, 0.5, 0.5, 0.5, 0.5, 0.5, 0.5, 0.5, 0.5, 0.5, 0.5, 0.5, 0.5, 0.5, 0.5, 0.5, 0.5, 0.5], "split1_index": [76, 77, 78, 79, 80, 81, 82, 83, 84, 85, 86, 87, 88, 89, 90, 91, 92, 93, 94, 95, 96, 97, 98, 99, 100, 101, 102, 103, 104, 105, 106, 107, 108, 109, 110, 111, 112, 113], "split1_pred": [1, 0, 1, 0, 0, 0, 0, 0, 0, 1, 0, 1, 0, 0, 1, 1, 1, 1, 1, 0, 0, 0, 0, 0, 1, 0, 0, 0, 1, 0, 0, 0, 1, 0, 0, 1, 0, 0], "split1_test": [1, 0, 1, 0, 0, 1, 1, 0, 1, 0, 1, 0, 1, 0, 0, 0, 1, 0, 0, 1, 0, 0, 0, 0, 0, 0, 1, 0, 0, 0, 0, 0, 0, 1, 0, 1, 0, 0], "split1_notXOR": [1, 1, 1, 1, 1, 0, 0, 1, 0, 0, 0, 0, 0, 1, 0, 0, 1, 0, 0, 0, 1, 1, 1, 1, 0, 1, 0, 1, 0, 1, 1, 1, 0, 0, 1, 1, 1, 1], "split1_prob": [0.9999928377421126, 0.4997722901302262, 0.9946081418404373, 0.4997722901302262, 0.4997722901302262, 0.4997722901302262, 0.4997722901302262, 0.4997722901302262, 0.4997722901302262, 0.5503753172864219, 0.4997722901302262, 1.0, 0.4997722901302262, 0.0026809630684830653, 0.983910573711097, 0.9917520436371315, 0.9167307569307348, 0.9999961346145342, 0.9991992975601226, 0.4997722901302262, 0.4997722901302262, 0.4997722901302262, 0.4997722901302262, 0.4997722901302262, 0.99999999873927, 0.4997722901302262, 0.4997722901302262, 0.4997722901302262, 0.9999999999608207, 0.4997722901302262, 0.4997722901302262, 0.009119940662268523, 0.9999977324077617, 0.4997722901302262, 0.4997722901302262, 0.9999999999998568, 0.09546478879936689, 8.002576269936293e-16], "split2_index": [114, 115, 116, 117, 118, 119, 120, 121, 122, 123, 124, 125, 126, 127, 128, 129, 130, 131, 132, 133, 134, 135, 136, 137, 138, 139, 140, 141, 142, 143, 144, 145, 146, 147, 148, 149, 150, 151, 152, 153, 154, 155], "split2_pred": [1, 1, 0, 0, 0, 1, 0, 1, 1, 0, 0, 0, 0, 0, 1, 1, 0, 1, 1, 0, 1, 1, 1, 1, 1, 1, 0, 1, 1, 1, 0, 0, 1, 1, 1, 1, 1, 1, 1, 0, 0, 0], "split2_test": [1, 0, 1, 0, 0, 1, 1, 0, 1, 0, 1, 1, 1, 0, 0, 0, 0, 1, 1, 0, 1, 1, 0, 0, 0, 1, 0, 0, 0, 0, 1, 0, 0, 0, 0, 0, 0, 1, 0, 1, 0, 0], "split2_notXOR": [1, 0, 0, 1, 1, 1, 0, 0, 1, 1, 0, 0, 0, 1, 0, 0, 1, 1, 1, 1, 1, 1, 0, 0, 0, 1, 1, 0, 0, 0, 0, 1, 0, 0, 0, 0, 0, 1, 0, 0, 1, 1], "split2_prob": [0.5104719341710198, 0.5104719341710198, 0.26716156570517324, 0.3500626636541273, 0.03991185084864797, 0.5104719341710198, 0.3698527162517035, 0.5104719341710198, 0.5104719341710198, 0.34781964917692443, 0.09580741166744053, 0.022490194476981692, 0.09580741166744053, 0.4874186139594359, 0.5104719341710198, 0.5104719341710198, 0.2914417785638905, 0.5104719341710198, 0.5104719341710198, 0.1804978701485479, 0.9856023119053693, 0.5104719341710198, 0.5104719341710198, 0.5322940713344502, 0.5104719341710198, 0.5104719341710198, 0.04065366347892681, 0.5104719341710198, 0.5104719341710198, 0.5104719341710198, 0.2804566041757622, 0.13781798966519915, 0.5104719341710198, 0.5104719341710198, 0.7796333319598362, 0.7146338315276505, 0.5104719341710198, 0.5104719341710198, 0.5104719341710198, 0.48499561464216057, 0.009437481528961506, 0.3969613745953171], "split3_index": [156, 157, 158, 159, 160, 161, 162, 163, 164, 165, 166, 167, 168, 169, 170, 171, 172, 173, 174, 175, 176, 177, 178, 179, 180, 181, 182, 183, 184, 185, 186, 187, 188, 189, 190, 191, 192, 193, 194, 195, 196, 197], "split3_pred": [0, 0, 0, 0, 0, 0, 0, 0, 0, 0, 0, 0, 0, 0, 0, 0, 0, 1, 0, 0, 1, 0, 0, 0, 0, 0, 0, 0, 0, 0, 0, 0, 0, 0, 0, 0, 0, 0, 0, 0, 0, 0], "split3_test": [1, 0, 1, 0, 0, 1, 1, 0, 1, 0, 1, 1, 1, 0, 0, 0, 0, 1, 1, 0, 0, 1, 0, 0, 0, 1, 0, 0, 0, 0, 1, 0, 0, 0, 0, 0, 0, 1, 0, 1, 0, 0], "split3_notXOR": [0, 1, 0, 1, 1, 0, 0, 1, 0, 1, 0, 0, 0, 1, 1, 1, 1, 1, 0, 1, 0, 0, 1, 1, 1, 0, 1, 1, 1, 1, 0, 1, 1, 1, 1, 1, 1, 0, 1, 0, 1, 1], "split3_prob": [0.4865404127762209, 0.4865404127762209, 0.4865404127762209, 0.4865404127762209, 0.4865404127762209, 0.4865404127762209, 0.4865404127762209, 0.4865404127762209, 0.4865404127762209, 0.4865404127762209, 0.4865404127762209, 0.4865404127762209, 0.4865404127762209, 0.4865404127762209, 0.4865404127762209, 0.4865404127762209, 0.4865404127762209, 0.5684933982498767, 0.4865404127762209, 0.4865404127762209, 0.5054160706910351, 0.4865404127762209, 0.4865404127762209, 0.4865404127762209, 0.4865404127762209, 0.4865404127762209, 0.4865404127762209, 0.4865404127762209, 0.4865404127762209, 0.4865404127762209, 0.4865404127762209, 0.4865404127762209, 0.4865404127762209, 0.4865404127762209, 0.4865404127762209, 0.4865404127762209, 0.4865404127762209, 0.4865404127762209, 0.4865404127762209, 0.4865404127762209, 0.4865404127762209, 0.4865404127762209], "split4_index": [198, 199, 200, 201, 202, 203, 204, 205, 206, 207, 208, 209, 210, 211, 212, 213, 214, 215, 216, 217, 218, 219, 220, 221, 222, 223, 224, 225, 226, 227, 228, 229, 230, 231, 232, 233, 234, 235, 236, 237, 238, 239, 240, 241, 242, 243], "split4_pred": [0, 0, 0, 0, 0, 0, 0, 0, 0, 0, 0, 0, 0, 0, 0, 0, 0, 0, 0, 0, 0, 0, 0, 0, 0, 0, 0, 0, 0, 0, 0, 0, 0, 0, 0, 0, 0, 0, 0, 0, 0, 0, 0, 0, 0, 0], "split4_test": [0, 0, 1, 0, 0, 1, 0, 1, 1, 0, 1, 0, 1, 0, 1, 0, 0, 0, 0, 0, 1, 1, 0, 0, 1, 0, 0, 0, 1, 0, 0, 0, 0, 1, 0, 0, 0, 0, 0, 0, 0, 1, 0, 1, 0, 0], "split4_notXOR": [1, 1, 0, 1, 1, 0, 1, 0, 0, 1, 0, 1, 0, 1, 0, 1, 1, 1, 1, 1, 0, 0, 1, 1, 0, 1, 1, 1, 0, 1, 1, 1, 1, 0, 1, 1, 1, 1, 1, 1, 1, 0, 1, 0, 1, 1], "split4_prob": [0.4895921493679254, 0.4895921493679254, 0.4895921493679254, 0.4895921493679254, 0.4895921493679254, 0.4895921493679254, 0.4895921493679254, 0.4895921493679254, 0.4895921493679254, 0.4895921493679254, 0.4895921493679254, 0.4895921493679254, 0.4895921493679254, 0.48386140012290413, 0.4895921493679254, 0.4895921493679254, 0.4895921493679254, 0.4895921493679254, 0.4895921493679254, 0.4895921493679254, 0.4895921493679254, 0.4895921493679254, 0.4895921493679254, 0.4895921493679254, 0.4895921493679254, 0.4895921493679254, 0.4895921493679254, 0.4895921493679254, 0.4895921493679254, 0.4895921493679254, 0.4895921493679254, 0.4895921493679254, 0.4895921493679254, 0.4895921493679254, 0.4895921493679254, 0.4895921493679254, 0.4895921493679254, 0.4895921493679254, 0.4895921493679254, 0.4895921493679254, 0.4895921493679254, 0.4895921493679254, 0.4895921493679254, 0.4895921493679254, 0.4895921493679254, 0.4895921493679254], "split5_index": [244, 245, 246, 247, 248, 249, 250, 251, 252, 253, 254, 255, 256, 257, 258, 259, 260, 261, 262, 263, 264, 265, 266, 267, 268, 269, 270, 271, 272, 273, 274, 275, 276, 277, 278, 279, 280, 281, 282, 283, 284, 285, 286, 287, 288, 289], "split5_pred": [0, 0, 0, 0, 0, 0, 0, 0, 0, 0, 0, 0, 0, 0, 0, 0, 0, 0, 0, 0, 0, 0, 0, 0, 0, 0, 0, 0, 0, 0, 0, 0, 0, 0, 0, 0, 0, 0, 0, 0, 0, 0, 0, 0, 0, 0], "split5_test": [0, 0, 1, 0, 0, 1, 0, 1, 1, 0, 1, 0, 1, 0, 1, 0, 0, 0, 0, 0, 1, 1, 0, 0, 1, 0, 0, 0, 1, 0, 0, 0, 0, 1, 0, 0, 0, 0, 0, 0, 0, 1, 0, 1, 0, 0], "split5_notXOR": [1, 1, 0, 1, 1, 0, 1, 0, 0, 1, 0, 1, 0, 1, 0, 1, 1, 1, 1, 1, 0, 0, 1, 1, 0, 1, 1, 1, 0, 1, 1, 1, 1, 0, 1, 1, 1, 1, 1, 1, 1, 0, 1, 0, 1, 1],