{"split0_index": [6, 7, 8, 9, 10, 11, 12], "split0_pred": [0, 0, 0, 0, 0, 0, 0], "split0_test": [0, 1, 0, 0, 0, 0, 0], "split0_notXOR": [1, 0, 1, 1, 1, 1, 1], "split0_prob": [0.0, 0.0, 0.0, 0.0, 0.0, 0.0, 0.0], "split1_index": [13, 14, 15, 16, 17, 18, 19], "split1_pred": [0, 1, 0, 0, 0, 0, 0], "split1_test": [0, 1, 0, 0, 0, 0, 0], "split1_notXOR": [1, 1, 1, 1, 1, 1, 1], "split1_prob": [0.0, 0.9999999999812141, 0.0, 0.0, 0.0, 0.0, 0.0], "split2_index": [20, 21, 22, 23, 24, 25, 26], "split2_pred": [0, 1, 0, 0, 0, 0, 0], "split2_test": [0, 1, 0, 0, 0, 0, 0], "split2_notXOR": [1, 1, 1, 1, 1, 1, 1], "split2_prob": [0.0, 0.9999995457857771, 0.0, 0.0, 0.0, 0.0, 0.0], "split3_index": [27, 28, 29, 30, 31, 32, 33], "split3_pred": [0, 1, 0, 0, 0, 0, 0], "split3_test": [0, 1, 0, 0, 1, 0, 0], "split3_notXOR": [1, 1, 1, 1, 0, 1, 1], "split3_prob": [0.0, 0.999998605635479, 0.0, 0.0, 0.0, 0.0, 0.0], "split4_index": [34, 35, 36, 37, 38, 39, 40], "split4_pred": [0, 1, 0, 0, 1, 0, 1], "split4_test": [0, 1, 0, 0, 0, 0, 0], "split4_notXOR": [1, 1, 1, 1, 0, 1, 0], "split4_prob": [1.30252631110252e-23, 0.9970800269593443, 4.461626366442592e-64, 0.37005715881806756, 0.8818093196790504, 4.461626366442592e-64, 0.819797624828721], "split5_index": [41, 42, 43, 44, 45, 46, 47], "split5_pred": [0, 1, 0, 0, 1, 0, 1], "split5_test": [0, 1, 0, 0, 0, 0, 0], "split5_notXOR": [1, 1, 1, 1, 0, 1, 0], "split5_prob": [6.009362312968391e-26, 0.9966635492561495, 6.327558085656221e-71, 0.2874967812825815, 0.6844930292329742, 6.327558085656221e-71, 0.5323566156624598], "split6_index": [48, 49, 50, 51, 52, 53, 54], "split6_pred": [0, 1, 0, 0, 0, 0, 0], "split6_test": [0, 1, 0, 0, 0, 0, 0], "split6_notXOR": [1, 1, 1, 1, 1, 1, 1], "split6_prob": [1.8833203462972084e-28, 0.9967023009936947, 3.830709869085617e-78, 0.22011720880788657, 0.4400952925732844, 3.830709869085617e-78, 0.2647054672578403], "split7_index": [55, 56, 57, 58, 59, 60, 61], "split7_pred": [0, 1, 0, 0, 0, 0, 0], "split7_test": [0, 1, 0, 0, 0, 0, 0], "split7_notXOR": [1, 1, 1, 1, 1, 1, 1], "split7_prob": [1.6415620514859188e-31, 0.9974516521220984, 1.410835670457574e-85, 0.16380452427521622, 0.3179369956852196, 0.1679430433594351, 1.410835670457574e-85], "split8_index": [62, 63, 64, 65, 66, 67, 68], "split8_pred": [0, 1, 0, 0, 0, 0, 0], "split8_test": [0, 1, 0, 0, 0, 0, 0], "split8_notXOR": [1, 1, 1, 1, 1, 1, 1], "split8_prob": [3.342426601963387e-34, 0.9976515551912586, 2.5087219511266973e-93, 0.11158672681745185, 0.17849493495753754, 0.07639157590975255, 2.5087219511266973e-93], "split9_index": [69, 70, 71, 72, 73, 74, 75, 76], "split9_pred": [0, 0, 0, 0, 0, 0, 0, 0], "split9_test": [0, 0, 1, 0, 0, 0, 0, 0], "split9_notXOR": [1, 1, 0, 1, 1, 1, 1, 1], "split9_prob": [6.0466180379584855e-09, 6.1389831564198854e-37, 0.11875672523725354, 3.6903839829583235e-101, 0.0739922189446056, 0.09299005047571121, 0.03320882864801026, 3.6903839829583235e-101], "split10_index": [77, 78, 79, 80, 81, 82, 83, 84], "split10_pred": [0, 0, 1, 0, 0, 1, 0, 0], "split10_test": [0, 0, 1, 0, 0, 0, 0, 0], "split10_notXOR": [1, 1, 1, 1, 1, 0, 1, 1], "split10_prob": [7.648144482223673e-10, 1.0498264232673157e-39, 0.9845540756083959, 7.47401978212197e-107, 0.05493534262890638, 0.9899832067062012, 0.2622180889008816, 7.47401978212197e-107], "split11_index": [85, 86, 87, 88, 89, 90, 91, 92], "split11_pred": [0, 0, 1, 0, 0, 1, 0, 0], "split11_test": [0, 0, 1, 0, 0, 0, 0, 0], "split11_notXOR": [1, 1, 1, 1, 1, 0, 1, 1], "split11_prob": [8.61447753331158e-11, 1.5741688252765177e-42, 0.9950023863372787, 3.7105923332628294e-114, 0.02701025320880589, 0.9881326273660527, 0.24939830842744737, 3.7105923332628294e-114], "split12_index": [93, 94, 95, 96, 97, 98, 99, 100], "split12_pred": [0, 0, 1, 0, 0, 1, 0, 0], "split12_test": [0, 0, 1, 0, 0, 0, 0, 0], "split12_notXOR": [1, 1, 1, 1, 1, 0, 1, 1], "split12_prob": [1.0178011937730668e-11, 2.3061000757859757e-45, 0.9968472180825412, 1.0336050667114448e-121, 0.014315283231179036, 0.9846875603695648, 0.20234186978582117, 1.0336050667114448e-121], "split13_index": [101, 102, 103, 104, 105, 106, 107, 108, 109, 110], "split13_pred": [0, 0, 0, 1, 0, 0, 0, 1, 0, 0], "split13_test": [0, 0, 0, 1, 0, 0, 1, 1, 1, 0], "split13_notXOR": [1, 1, 1, 1, 1, 1, 0, 1, 0, 1], "split13_prob": [1.2389102259577228e-12, 1.4571892938334714e-13, 3.3111116163913747e-48, 0.9944570166406334, 2.3068807761983827e-129, 5.585901036870173e-37, 0.007862583808953633, 0.9795905101673216, 0.14987346151501055, 2.3068807761983827e-129], "split14_index": [111, 112, 113, 114, 115, 116, 117, 118, 119, 120], "split14_pred": [0, 0, 0, 1, 0, 0, 0, 1, 1, 0], "split14_test": [0, 0, 0, 1, 0, 0, 1, 1, 1, 0], "split14_notXOR": [1, 1, 1, 1, 1, 1, 0, 1, 1, 1], "split14_prob": [3.201464441430977e-05, 5.676290262871597e-06, 8.146046503264059e-29, 0.991623658608232, 4.067467947462951e-76, 4.0671892885767807e-20, 0.3492728121503708, 0.9808357692531469, 0.9103469309652539, 4.067467947462951e-76], "split15_index": [121, 122, 123, 124, 125, 126, 127, 128, 129, 130], "split15_pred": [0, 0, 0, 1, 0, 0, 1, 1, 1, 0], "split15_test": [0, 0, 0, 1, 0, 0, 1, 1, 1, 1], "split15_notXOR": [1, 1, 1, 1, 1, 1, 1, 1, 1, 0], "split15_prob": [0.00096423638601341, 0.000210743764708631, 2.3826077772486137e-24, 0.9904905867480776, 3.913575972329621e-64, 4.056715396089731e-17, 0.5726956027717506, 0.9814828225924689, 0.9592943253738416, 3.913575972329621e-64], "split16_index": [131, 132, 133, 134, 135, 136, 137, 138, 139, 140], "split16_pred": [0, 0, 0, 1, 0, 0, 1, 1, 1, 0], "split16_test": [0, 0, 0, 1, 0, 0, 1, 1, 1, 1], "split16_notXOR": [1, 1, 1, 1, 1, 1, 1, 1, 1, 0], "split16_prob": [0.4767007940651183, 0.3962229568667347, 1.9982290061758164e-05, 0.7289592861625116, 3.0517935558936496e-13, 0.08461201747952785, 0.762533089033215, 0.9736095840066618, 0.9429182042743774, 3.0517935558936496e-13], "split17_index": [141, 142, 143, 144, 145, 146, 147, 148, 149, 150], "split17_pred": [0, 0, 0, 1, 0, 1, 1, 1, 1, 0], "split17_test": [0, 0, 0, 1, 0, 0, 1, 1, 1, 1], "split17_notXOR": [1, 1, 1, 1, 1, 0, 1, 1, 1, 0], "split17_prob": [0.4963146677358823, 0.4351125343754257, 0.0013380501118111753, 0.9085571222063228, 2.9836909828141934e-08, 0.7612940947740707, 0.6902229418628201, 0.9584972424570611, 0.9041146459279751, 2.9836909828141934e-08], "split18_index": [151, 152, 153, 154, 155, 156, 157, 158, 159, 160], "split18_pred": [0, 0, 0, 1, 0, 1, 1, 1, 1, 0], "split18_test": [0, 0, 0, 1, 0, 0, 1, 1, 1, 1], "split18_notXOR": [1, 1, 1, 1, 1, 0, 1, 1, 1, 0], "split18_prob": [0.49141466078552815, 0.30100375890593584, 0.005872262917788265, 0.8333486157332519, 1.8570969555799722e-06, 0.9510107332053375, 0.6465790264230471, 0.9440627112037724, 0.8756679136396417, 1.8570969555799722e-06], "split19_index": [161, 162, 163, 164, 165, 166, 167, 168, 169, 170], "split19_pred": [0, 0, 0, 1, 0, 1, 1, 1, 1, 0], "split19_test": [0, 0, 0, 0, 0, 0, 1, 1, 1, 1], "split19_notXOR": [1, 1, 1, 0, 1, 0, 1, 1, 1, 0], "split19_prob": [0.4690180407026263, 0.2945092740935635, 0.013315288154411633, 0.942491989735699, 2.2271467393098323e-05, 0.9539160093211072, 0.5994916368933516, 0.9327934594523184, 0.8457128682075902, 2.2271467393098323e-05]}