{"split0_index": [10, 11, 12, 13, 14, 15, 16, 17, 18, 19], "split0_pred": [0, 0, 0, 0, 1, 0, 0, 0, 0, 0], "split0_test": [0, 0, 0, 0, 1, 0, 0, 1, 0, 0], "split0_notXOR": [1, 1, 1, 1, 1, 1, 1, 0, 1, 1], "split0_prob": [0.024829772959970194, 1.2575528046775217e-06, 1.5641872135216687e-12, 0.0, 1.0, 0.00013625817525258986, 1.0640447432923958e-05, 0.0, 0.0, 0.0], "split1_index": [20, 21, 22, 23, 24, 25, 26, 27, 28, 29], "split1_pred": [0, 0, 0, 0, 1, 0, 0, 1, 0, 0], "split1_test": [0, 0, 0, 0, 1, 0, 0, 1, 0, 0], "split1_notXOR": [1, 1, 1, 1, 1, 1, 1, 1, 1, 1], "split1_prob": [4.821304066635534e-10, 4.128317435171771e-15, 1.8717712084395515e-21, 3.213295072444048e-51, 0.9999999993471207, 7.182546023078501e-13, 6.569022580578577e-14, 1.0, 1.601813176221457e-25, 1.1896266915075608e-10], "split2_index": [30, 31, 32, 33, 34, 35, 36, 37, 38, 39, 40], "split2_pred": [1, 1, 0, 1, 1, 1, 1, 1, 0, 1, 0], "split2_test": [0, 0, 0, 0, 0, 0, 0, 0, 0, 1, 0], "split2_notXOR": [0, 0, 1, 0, 0, 0, 0, 0, 1, 1, 1], "split2_prob": [1.0, 1.0, 1.6999346136487417e-22, 1.0, 1.0, 1.0, 1.0, 1.0, 1.3058720049848866e-17, 1.0, 3.4287827072244768e-25], "split3_index": [41, 42, 43, 44, 45, 46, 47, 48, 49, 50, 51], "split3_pred": [0, 0, 0, 1, 0, 0, 0, 0, 0, 1, 0], "split3_test": [0, 0, 0, 1, 0, 0, 0, 0, 0, 1, 0], "split3_notXOR": [1, 1, 1, 1, 1, 1, 1, 1, 1, 1, 1], "split3_prob": [1.831864964666116e-17, 1.3592719560778e-18, 4.65268444977553e-21, 0.9999999998681037, 1.274598499424524e-16, 4.675790828530176e-16, 3.8389977634451473e-19, 2.8950006491026576e-17, 2.2298074138202616e-17, 1.0, 2.473351291319388e-22], "split4_index": [52, 53, 54, 55, 56, 57, 58, 59, 60, 61, 62], "split4_pred": [0, 0, 0, 1, 0, 0, 0, 0, 0, 1, 0], "split4_test": [0, 0, 0, 0, 0, 0, 0, 0, 0, 1, 0], "split4_notXOR": [1, 1, 1, 0, 1, 1, 1, 1, 1, 1, 1], "split4_prob": [1.836570565130715e-17, 1.7992462600958722e-17, 8.376026922054128e-18, 1.0, 1.1224087501145786e-12, 8.58518743601259e-15, 5.7602451559371295e-18, 7.807172156952022e-18, 9.122100361366715e-18, 1.0, 2.302276903304178e-16]}