{"split0_index": [19, 20, 21, 22, 23, 24, 25, 26, 27, 28, 29, 30, 31, 32, 33, 34, 35, 36, 37], "split0_pred": [0, 0, 0, 0, 0, 0, 0, 0, 0, 0, 0, 0, 0, 0, 0, 0, 0, 0, 0], "split0_test": [0, 1, 1, 0, 0, 0, 1, 0, 0, 0, 1, 1, 0, 0, 1, 1, 0, 0, 0], "split0_notXOR": [1, 0, 0, 1, 1, 1, 0, 1, 1, 1, 0, 0, 1, 1, 0, 0, 1, 1, 1], "split0_prob": [0.5, 0.5, 0.5, 0.5, 0.5, 0.5, 0.5, 0.5, 0.5, 0.5, 0.5, 0.5, 0.5, 0.5, 0.5, 0.5, 0.5, 0.5, 0.5], "split1_index": [38, 39, 40, 41, 42, 43, 44, 45, 46, 47, 48, 49, 50, 51, 52, 53, 54, 55, 56], "split1_pred": [1, 1, 1, 1, 1, 1, 1, 1, 1, 1, 1, 1, 1, 1, 1, 1, 1, 1, 1], "split1_test": [0, 1, 1, 0, 0, 0, 1, 0, 0, 0, 1, 1, 0, 0, 1, 1, 0, 0, 0], "split1_notXOR": [0, 1, 1, 0, 0, 0, 1, 0, 0, 0, 1, 1, 0, 0, 1, 1, 0, 0, 0], "split1_prob": [0.5296636926806695, 0.5296636926806695, 0.9994743827628753, 0.5296636926806695, 0.5296636926806695, 0.5296636926806695, 0.5296636926806695, 0.5296636926806695, 0.5296636926806695, 0.5296636926806695, 0.5296636926806695, 0.9994235275404263, 0.5296636926806695, 0.5296636926806695, 0.5296636926806695, 0.5296636926806695, 0.5296636926806695, 0.5296636926806695, 0.5296636926806695], "split2_index": [57, 58, 59, 60, 61, 62, 63, 64, 65, 66, 67, 68, 69, 70, 71, 72, 73, 74, 75], "split2_pred": [0, 1, 1, 1, 0, 0, 0, 0, 0, 0, 0, 1, 0, 0, 0, 0, 0, 1, 0], "split2_test": [0, 1, 1, 0, 0, 0, 1, 0, 0, 0, 1, 1, 0, 0, 1, 1, 0, 0, 0], "split2_notXOR": [1, 1, 1, 0, 1, 1, 0, 1, 1, 1, 0, 1, 1, 1, 0, 0, 1, 0, 1], "split2_prob": [0.4145985746238932, 0.9996073826940625, 0.9997750135264885, 0.9996335603812859, 0.4145985746238932, 0.4145985746238932, 0.4145985746238932, 0.4145985746238932, 0.4145985746238932, 0.4145985746238932, 0.4145985746238932, 0.9996073826940625, 0.4145985746238932, 0.4145985746238932, 0.4145985746238932, 0.4145985746238932, 0.4145985746238932, 0.9996042978514182, 0.4145985746238932], "split3_index": [76, 77, 78, 79, 80, 81, 82, 83, 84, 85, 86, 87, 88, 89, 90, 91, 92, 93, 94], "split3_pred": [0, 0, 0, 0, 0, 0, 0, 0, 0, 0, 0, 0, 0, 0, 0, 0, 0, 0, 0], "split3_test": [0, 1, 1, 0, 0, 0, 1, 0, 0, 0, 1, 1, 0, 0, 1, 1, 0, 0, 0], "split3_notXOR": [1, 0, 0, 1, 1, 1, 0, 1, 1, 1, 0, 0, 1, 1, 0, 0, 1, 1, 1], "split3_prob": [0.46004976232761086, 0.46004976232761086, 0.46004976232761086, 0.46004976232761086, 0.46004976232761086, 0.46004976232761086, 0.46004976232761086, 0.46004976232761086, 0.46004976232761086, 0.46004976232761086, 0.46004976232761086, 0.46004976232761086, 0.46004976232761086, 0.46004976232761086, 0.46004976232761086, 0.46004976232761086, 0.46004976232761086, 0.46004976232761086, 0.46004976232761086], "split4_index": [95, 96, 97, 98, 99, 100, 101, 102, 103, 104, 105, 106, 107, 108, 109, 110, 111, 112, 113, 114], "split4_pred": [0, 0, 0, 0, 0, 0, 0, 0, 0, 0, 0, 0, 0, 0, 1, 0, 0, 0, 0, 1], "split4_test": [0, 1, 1, 0, 0, 0, 1, 0, 0, 0, 1, 1, 0, 0, 1, 1, 0, 0, 0, 0], "split4_notXOR": [1, 0, 0, 1, 1, 1, 0, 1, 1, 1, 0, 0, 1, 1, 1, 0, 1, 1, 1, 0], "split4_prob": [0.4588648775120231, 0.4588648775120231, 0.4588648775120231, 0.4588648775120231, 0.4588648775120231, 0.4588648775120231, 0.4588648775120231, 0.4588648775120231, 0.4588648775120231, 0.4588648775120231, 0.4588648775120231, 0.4588648775120231, 0.4588648775120231, 0.4588648775120231, 0.7675288019256705, 0.4588648775120231, 0.4588648775120231, 0.4588648775120231, 0.4588648775120231, 0.9999901361373839], "split5_index": [115, 116, 117, 118, 119, 120, 121, 122, 123, 124, 125, 126, 127, 128, 129, 130, 131, 132, 133, 134], "split5_pred": [0, 0, 0, 0, 0, 0, 0, 0, 0, 0, 0, 0, 0, 0, 0, 0, 0, 0, 0, 0], "split5_test": [0, 1, 1, 0, 0, 0, 1, 0, 0, 0, 1, 1, 0, 0, 1, 1, 0, 0, 0, 0], "split5_notXOR": [1, 0, 0, 1, 1, 1, 0, 1, 1, 1, 0, 0, 1, 1, 0, 0, 1, 1, 1, 1], "split5_prob": [0.46915602648372995, 0.46915602648372995, 0.46915602648372995, 0.46915602648372995, 0.46915602648372995, 0.46915602648372995, 0.46915602648372995, 0.46915602648372995, 0.46915602648372995, 0.46915602648372995, 0.46915602648372995, 0.46915602648372995, 0.46915602648372995, 0.46915602648372995, 0.46915602648372995, 0.46915602648372995, 0.46915602648372995, 0.46915602648372995, 0.46915602648372995, 0.46915602648372995], "split6_index": [135, 136, 137, 138, 139, 140, 141, 142, 143, 144, 145, 146, 147, 148, 149, 150, 151, 152, 153, 154], "split6_pred": [0, 0, 0, 0, 0, 0, 0, 0, 0, 0, 0, 0, 0, 0, 0, 0, 0, 0, 0, 0], "split6_test": [0, 1, 1, 0, 0, 0, 1, 0, 0, 0, 1, 1, 0, 0, 1, 1, 0, 0, 0, 0], "split6_notXOR": [1, 0, 0, 1, 1, 1, 0, 1, 1, 1, 0, 0, 1, 1, 0, 0, 1, 1, 1, 1], "split6_prob": [0.4742200852122755, 0.4742200852122755, 0.4742200852122755, 0.4742200852122755, 0.4742200852122755, 0.4742200852122755, 0.4742200852122755, 0.4742200852122755, 0.4742200852122755, 0.4742200852122755, 0.4742200852122755, 0.4742200852122755, 0.4742200852122755, 0.4742200852122755, 0.4742200852122755, 0.4742200852122755, 0.4742200852122755, 0.4742200852122755, 0.4742200852122755, 0.4742200852122755], "split7_index": [155, 156, 157, 158, 159, 160, 161, 162, 163, 164, 165, 166, 167, 168, 169, 170, 171, 172, 173, 174], "split7_pred": [0, 0, 0, 0, 0, 0, 0, 0, 0, 0, 0, 0, 0, 0, 0, 0, 0, 0, 0, 0], "split7_test": [0, 1, 1, 0, 0, 0, 1, 0, 0, 0, 1, 1, 0, 0, 1, 1, 0, 0, 0, 0], "split7_notXOR": [1, 0, 0, 1, 1, 1, 0, 1, 1, 1, 0, 0, 1, 1, 0, 0, 1, 1, 1, 1], "split7_prob": [0.47785369085818924, 0.47785369085818924, 0.47785369085818924, 0.47785369085818924, 0.47785369085818924, 0.47785369085818924, 0.47785369085818924, 0.47785369085818924, 0.47785369085818924, 0.47785369085818924, 0.47785369085818924, 0.47785369085818924, 0.47785369085818924, 0.47785369085818924, 0.47785369085818924, 0.47785369085818924, 0.47785369085818924, 0.47785369085818924, 0.47785369085818924, 0.47785369085818924], "split8_index": [175, 176, 177, 178, 179, 180, 181, 182, 183, 184, 185, 186, 187, 188, 189, 190, 191, 192, 193, 194, 195], "split8_pred": [1, 0, 0, 0, 0, 0, 0, 0, 0, 0, 1, 1, 0, 0, 1, 0, 0, 0, 0, 1, 0], "split8_test": [0, 1, 1, 0, 0, 0, 1, 0, 0, 0, 1, 1, 0, 0, 1, 1, 0, 0, 0, 0, 0], "split8_notXOR": [0, 0, 0, 1, 1, 1, 0, 1, 1, 1, 1, 1, 1, 1, 1, 0, 1, 1, 1, 0, 1], "split8_prob": [0.8425667568513147, 0.48058706001603296, 0.48058706001603296, 0.48058706001603296, 0.48058706001603296, 0.48058706001603296, 0.48058706001603296, 0.48058706001603296, 0.48058706001603296, 0.48058706001603296, 0.6276078886767862, 0.9817462309980618, 0.48058706001603296, 0.48058706001603296, 0.753442542916863, 0.48058706001603296, 0.48058706001603296, 0.48058706001603296, 0.48058706001603296, 0.9984575860412901, 0.48058706001603296], "split9_index": [196, 197, 198, 199, 200, 201, 202, 203, 204, 205, 206, 207, 208, 209, 210, 211, 212, 213, 214, 215, 216], "split9_pred": [1, 1, 1, 1, 0, 0, 1, 0, 1, 0, 1, 0, 1, 0, 0, 1, 0, 0, 0, 0, 0], "split9_test": [0, 0, 0, 1, 0, 0, 0, 1, 0, 0, 1, 0, 0, 0, 0, 1, 0, 0, 0, 0, 0], "split9_notXOR": [0, 0, 0, 1, 1, 1, 0, 0, 0, 1, 1, 1, 0, 1, 1, 1, 1, 1, 1, 1, 1], "split9_prob": [0.997228157543208, 0.7245679224341716, 0.9999999979508054, 0.9810401088975366, 0.48776122925805454, 0.48776122925805454, 0.910333893827506, 0.48776122925805454, 0.7245679224341716, 0.48776122925805454, 0.702610681317893, 0.48776122925805454, 0.9659782149744583, 0.48776122925805454, 0.24798896637532358, 0.8422983825650658, 0.48776122925805454, 0.48776122925805454, 0.48776122925805454, 0.48776122925805454, 0.48776122925805454], "split10_index": [217, 218, 219, 220, 221, 222, 223, 224, 225, 226, 227, 228, 229, 230, 231, 232, 233, 234], "split10_pred": [0, 0, 1, 0, 0, 1, 0, 1, 0, 1, 1, 0, 0, 1, 0, 0, 1, 1], "split10_test": [0, 0, 1, 1, 0, 0, 0, 0, 0, 0, 1, 1, 0, 0, 0, 0, 0, 0], "split10_notXOR": [1, 1, 1, 0, 1, 0, 1, 0, 1, 0, 1, 0, 1, 0, 1, 1, 0, 0],