{"split0_index": [3, 4, 5], "split0_pred": [0, 0, 0], "split0_test": [0, 1, 0], "split0_notXOR": [1, 0, 1], "split0_prob": [0.628905481229922, 0.4310331644804048, 0.6289054732627382], "split1_index": [6, 7, 8], "split1_pred": [0, 1, 0], "split1_test": [0, 1, 0], "split1_notXOR": [1, 1, 1], "split1_prob": [0.29707132673718767, 0.4535608316245552, 0.29707133236239963], "split2_index": [9, 10, 11], "split2_pred": [0, 1, 0], "split2_test": [0, 1, 0], "split2_notXOR": [1, 1, 1], "split2_prob": [0.08528091389928555, 0.8788020855064645, 0.08528092745183523], "split3_index": [12, 13, 14], "split3_pred": [0, 1, 0], "split3_test": [0, 1, 0], "split3_notXOR": [1, 1, 1], "split3_prob": [0.0861589545082968, 0.8450850978734415, 0.0825757062588177], "split4_index": [15, 16, 17], "split4_pred": [0, 1, 0], "split4_test": [0, 1, 0], "split4_notXOR": [1, 1, 1], "split4_prob": [0.08416893400108574, 0.8655161363155324, 0.08421560732613309], "split5_index": [18, 19, 20], "split5_pred": [0, 1, 0], "split5_test": [0, 1, 0], "split5_notXOR": [1, 1, 1], "split5_prob": [0.07184593291628004, 0.8858624454154561, 0.07184591940895343], "split6_index": [21, 22, 23, 24], "split6_pred": [0, 1, 0, 0], "split6_test": [0, 1, 1, 0], "split6_notXOR": [1, 1, 0, 1], "split6_prob": [0.06060064969794521, 0.8891203244904422, 0.06495708474353958, 0.06321736062546639], "split7_index": [25, 26, 27, 28], "split7_pred": [0, 1, 1, 0], "split7_test": [0, 1, 1, 0], "split7_notXOR": [1, 1, 1, 1], "split7_prob": [0.1012014273427107, 0.9101504270484778, 0.694948219622309, 0.10678047870705884], "split8_index": [29, 30, 31, 32], "split8_pred": [0, 1, 1, 0], "split8_test": [0, 1, 1, 0], "split8_notXOR": [1, 1, 1, 1], "split8_prob": [0.058896230138198634, 0.9553609302322789, 0.9553189385162678, 0.06198302899074768], "split9_index": [33, 34, 35, 36], "split9_pred": [0, 1, 1, 0], "split9_test": [0, 1, 1, 0], "split9_notXOR": [1, 1, 1, 1], "split9_prob": [0.04417322776998632, 0.9402609437593149, 0.9402755491201106, 0.0489521690415344], "split10_index": [37, 38, 39, 40], "split10_pred": [0, 1, 1, 0], "split10_test": [0, 1, 1, 0], "split10_notXOR": [1, 1, 1, 1], "split10_prob": [0.267215543221277, 0.9469200185173304, 0.9469200226844204, 0.010393513396978433], "split11_index": [41, 42, 43, 44], "split11_pred": [0, 1, 1, 0], "split11_test": [0, 1, 0, 0], "split11_notXOR": [1, 1, 0, 1], "split11_prob": [0.134765854966876, 0.9490329369188597, 0.9689062545301191, 0.006590022652666491], "split12_index": [45, 46, 47, 48], "split12_pred": [0, 1, 1, 0], "split12_test": [0, 1, 0, 0], "split12_notXOR": [1, 1, 0, 1], "split12_prob": [0.08883787827837278, 0.920694971553088, 0.6251844537205287, 0.007983904961430355], "split13_index": [49, 50, 51, 52, 53], "split13_pred": [0, 1, 1, 0, 0], "split13_test": [0, 1, 0, 0, 0], "split13_notXOR": [1, 1, 0, 1, 1], "split13_prob": [0.05572003382049164, 0.9168168055663495, 0.5134007799289309, 0.008835273313762054, 0.0057604802867873145], "split14_index": [54, 55, 56, 57, 58, 59], "split14_pred": [0, 0, 0, 0, 1, 1], "split14_test": [0, 1, 0, 0, 1, 0], "split14_notXOR": [1, 0, 1, 1, 1, 0], "split14_prob": [0.017242823176356663, 0.2976992565992575, 0.013394911765922137, 0.11774191507008787, 0.8916549320487478, 0.4537597970597664], "split15_index": [60, 61, 62, 63, 64, 65], "split15_pred": [0, 1, 0, 0, 1, 0], "split15_test": [0, 1, 0, 0, 1, 0], "split15_notXOR": [1, 1, 1, 1, 1, 1], "split15_prob": [0.046337964886376294, 0.802986676156256, 0.11180757783391976, 0.05417164742531771, 0.9695810998428417, 0.18145569243354576], "split16_index": [66, 67, 68, 69, 70, 71], "split16_pred": [0, 1, 0, 0, 1, 0], "split16_test": [0, 1, 0, 0, 1, 0], "split16_notXOR": [1, 1, 1, 1, 1, 1], "split16_prob": [0.03860759176891364, 0.9781099530040565, 0.07178871303862586, 0.047719412192332736, 0.9785632759707067, 0.1863556862080227], "split17_index": [72, 73, 74, 75, 76, 77, 78], "split17_pred": [0, 1, 0, 0, 1, 0, 0], "split17_test": [0, 1, 0, 0, 1, 0, 0], "split17_notXOR": [1, 1, 1, 1, 1, 1, 1], "split17_prob": [0.029893474535410143, 0.9685362612484723, 0.057811997220726205, 0.037832098499030166, 0.9685117938392996, 0.15451782541006231, 0.13837953972491052], "split18_index": [79, 80, 81, 82, 83, 84, 85], "split18_pred": [0, 1, 0, 0, 1, 0, 0], "split18_test": [0, 1, 0, 0, 1, 0, 0], "split18_notXOR": [1, 1, 1, 1, 1, 1, 1], "split18_prob": [0.02159191485654168, 0.9817037656453329, 0.045320922552669854, 0.029103332205703988, 0.9816736258701523, 0.15228092678161287, 0.1318162611639047], "split19_index": [86, 87, 88, 89, 90, 91, 92], "split19_pred": [0, 1, 0, 0, 1, 0, 0], "split19_test": [0, 1, 0, 0, 1, 0, 0], "split19_notXOR": [1, 1, 1, 1, 1, 1, 1], "split19_prob": [0.020655826629330954, 0.9717877543577695, 0.041549674859753444, 0.028008499288088465, 0.9717670726442169, 0.1398443845679677, 0.12016037018710192], "split20_index": [93, 94, 95, 96, 97], "split20_pred": [0, 1, 1, 0, 1], "split20_test": [0, 0, 1, 0, 1], "split20_notXOR": [1, 0, 1, 1, 1], "split20_prob": [0.01777298957684335, 0.905089987242848, 0.9863155461137505, 0.024708200548152846, 0.9733702179617241], "split21_index": [98, 99, 100, 101, 102], "split21_pred": [0, 1, 1, 0, 1], "split21_test": [0, 0, 1, 0, 1], "split21_notXOR": [1, 0, 1, 1, 1], "split21_prob": [0.019599535468914984, 0.8008349202178565, 0.9764064194757701, 0.026834452987278396, 0.9533335257052987], "split22_index": [103, 104, 105, 106, 107, 108], "split22_pred": [0, 1, 1, 1, 0, 1], "split22_test": [0, 0, 0, 1, 0, 1], "split22_notXOR": [1, 0, 0, 1, 1, 1], "split22_prob": [0.019150878034087184, 0.7045764233675805, 0.9773103811169217, 0.9800444099279804, 0.02626025566799495, 0.9425613771338552], "split23_index": [109, 110, 111, 112, 113, 114], "split23_pred": [0, 1, 1, 1, 0, 1], "split23_test": [0, 0, 0, 1, 0, 1], "split23_notXOR": [1, 0, 0, 1, 1, 1], "split23_prob": [0.017814298351048696, 0.6311678632226204, 0.9511283734953278, 0.9592967734277287, 0.025459520389112377, 0.9260657120499952], "split24_index": [115, 116, 117, 118, 119, 120], "split24_pred": [0, 0, 1, 1, 0, 1], "split24_test": [0, 0, 0, 1, 0, 1], "split24_notXOR": [1, 1, 0, 1, 1, 1], "split24_prob": [0.023821167992279124, 0.011539712560371347, 0.8824011385379799, 0.905314792843417, 0.03236101592352165, 0.9053147596587482], "split25_index": [121, 122, 123, 124, 125, 126], "split25_pred": [0, 0, 1, 1, 0, 1], "split25_test": [0, 0, 0, 1, 0, 1], "split25_notXOR": [1, 1, 0, 1, 1, 1], "split25_prob": [0.023605264477522515, 0.011139805323013065, 0.8823938260925275, 0.9063812864880411, 0.03202782902709886, 0.9065287840443669], "split26_index": [127, 128, 129, 130, 131, 132], "split26_pred": [0, 0, 1, 1, 0, 1], "split26_test": [0, 0, 0, 1, 0, 1], "split26_notXOR": [1, 1, 0, 1, 1, 1], "split26_prob": [0.0249960535652387, 0.01212916137245117, 0.8509406340569011, 0.8801541472980018, 0.03316951511201634, 0.8802751371870746], "split27_index": [133, 134, 135, 136, 137, 138], "split27_pred": [0, 0, 1, 1, 0, 1], "split27_test": [0, 0, 0, 1, 0, 1], "split27_notXOR": [1, 1, 0, 1, 1, 1], "split27_prob": [0.023805795380976023, 0.011114403414254187, 0.8752520498263395, 0.902344988485142, 0.03186648821131445, 0.9023112631468516], "split28_index": [139, 140, 141, 142, 143, 144], "split28_pred": [0, 0, 1, 1, 0, 1], "split28_test": [0, 0, 0, 0, 0, 1], "split28_notXOR": [1, 1, 0, 0, 1, 1], "split28_prob": [0.026828383805048848, 0.013167292131030867, 0.850453862907923, 0.8817532634749137, 0.03524137952321122, 0.8817532743753178], "split29_index": [145, 146, 147, 148, 149, 150], "split29_pred": [0, 0, 1, 1, 0, 1], "split29_test": [0, 0, 0, 0, 0, 1], "split29_notXOR": [1, 1, 0, 0, 1, 1], "split29_prob": [0.041395033566029804, 0.022661455951210444, 0.8042781335190042, 0.756790420171802, 0.05184340644629012, 0.839366633657524], "split30_index": [151, 152, 153, 154, 155, 156], "split30_pred": [0, 0, 0, 1, 0, 1], "split30_test": [0, 0, 0, 0, 0, 1], "split30_notXOR": [1, 1, 1, 0, 1, 1],