{"split0_index": [5, 6, 7, 8, 9], "split0_pred": [0, 0, 0, 0, 0], "split0_test": [0, 0, 1, 1, 0], "split0_notXOR": [1, 1, 0, 0, 1], "split0_prob": [0.0825, 0.46333333333333326, 0.46333333333333326, 0.2341666666666667, 0.1025], "split1_index": [10, 11, 12, 13, 14], "split1_pred": [0, 0, 0, 0, 0], "split1_test": [0, 0, 1, 1, 0], "split1_notXOR": [1, 1, 0, 0, 1], "split1_prob": [0.03716666666666667, 0.49266666666666664, 0.49266666666666664, 0.4593333333333333, 0.08266666666666665], "split2_index": [15, 16, 17, 18, 19], "split2_pred": [0, 0, 0, 1, 0], "split2_test": [0, 0, 1, 1, 0], "split2_notXOR": [1, 1, 0, 1, 1], "split2_prob": [0.02083333333333333, 0.4558333333333333, 0.4558333333333333, 0.6200000000000001, 0.008333333333333333], "split3_index": [20, 21, 22, 23, 24], "split3_pred": [0, 0, 0, 1, 0], "split3_test": [0, 0, 1, 1, 0], "split3_notXOR": [1, 1, 0, 1, 1], "split3_prob": [0.0075, 0.4598333333333334, 0.4598333333333334, 0.8499999999999999, 0.42833333333333334], "split4_index": [25, 26, 27, 28, 29], "split4_pred": [1, 0, 0, 0, 1], "split4_test": [1, 0, 1, 0, 0], "split4_notXOR": [1, 1, 0, 1, 0], "split4_prob": [0.9733333333333334, 0.22333333333333336, 0.48566666666666675, 0.0, 0.5201666666666667], "split5_index": [30, 31, 32, 33, 34], "split5_pred": [0, 1, 0, 1, 1], "split5_test": [0, 0, 1, 1, 1], "split5_notXOR": [1, 0, 0, 1, 1], "split5_prob": [0.026666666666666665, 0.5376666666666666, 0.29700000000000004, 0.5489999999999999, 0.963], "split6_index": [35, 36, 37, 38, 39], "split6_pred": [0, 0, 0, 0, 1], "split6_test": [0, 0, 1, 1, 1], "split6_notXOR": [1, 1, 0, 0, 1], "split6_prob": [0.0, 0.3623809523809524, 0.29, 0.47083333333333327, 0.98], "split7_index": [40, 41, 42, 43, 44], "split7_pred": [0, 0, 1, 1, 1], "split7_test": [0, 0, 1, 0, 1], "split7_notXOR": [1, 1, 1, 0, 1], "split7_prob": [0.12, 0.17583333333333337, 0.81, 0.8516666666666666, 0.99], "split8_index": [45, 46, 47, 48, 49], "split8_pred": [0, 1, 1, 1, 1], "split8_test": [0, 0, 0, 0, 1], "split8_notXOR": [1, 0, 0, 0, 1], "split8_prob": [0.42083333333333334, 0.62, 0.87, 0.58, 1.0], "split9_index": [50, 51, 52, 53, 54], "split9_pred": [1, 1, 0, 0, 1], "split9_test": [1, 0, 0, 0, 0], "split9_notXOR": [1, 0, 1, 1, 0], "split9_prob": [0.88, 0.51, 0.2975, 0.11499999999999998, 0.5533333333333332], "split10_index": [55, 56, 57, 58, 59, 60], "split10_pred": [1, 1, 0, 0, 0, 0], "split10_test": [0, 1, 0, 0, 0, 0], "split10_notXOR": [0, 1, 1, 1, 1, 1], "split10_prob": [0.53, 1.0, 0.3486666666666667, 0.24, 0.04166666666666666, 0.15783333333333333], "split11_index": [61, 62, 63, 64, 65, 66], "split11_pred": [0, 1, 0, 0, 0, 0], "split11_test": [0, 1, 0, 0, 0, 0], "split11_notXOR": [1, 1, 1, 1, 1, 1], "split11_prob": [0.33, 0.9866666666666667, 0.06, 0.11, 0.0, 0.049166666666666664], "split12_index": [67, 68, 69, 70, 71, 72, 73, 74], "split12_pred": [0, 1, 0, 0, 0, 0, 0, 0], "split12_test": [0, 0, 0, 1, 0, 0, 0, 0], "split12_notXOR": [1, 0, 1, 0, 1, 1, 1, 1], "split12_prob": [0.39, 0.7226666666666667, 0.18, 0.24, 0.2, 0.15333333333333335, 0.135, 0.23], "split13_index": [75, 76, 77, 78, 79, 80, 81, 82, 83], "split13_pred": [0, 0, 1, 0, 0, 0, 0, 0, 0], "split13_test": [0, 0, 0, 0, 1, 0, 0, 0, 0], "split13_notXOR": [1, 1, 0, 1, 0, 1, 1, 1, 1], "split13_prob": [0.07, 0.22, 0.5065, 0.12, 0.31, 0.425, 0.10566666666666666, 0.24, 0.29]}