{"split0_index": [10, 11, 12, 13, 14, 15, 16, 17, 18, 19], "split0_pred": [0, 0, 0, 1, 1, 0, 0, 1, 0, 0], "split0_test": [0, 0, 0, 0, 1, 0, 0, 1, 0, 0], "split0_notXOR": [1, 1, 1, 0, 1, 1, 1, 1, 1, 1], "split0_prob": [1.0000000994736041e-07, 1.0000000994736041e-07, 1.0000000994736041e-07, 0.9999999999889517, 0.9999999999999699, 1.0000000994736041e-07, 1.0000000994736041e-07, 0.9999999999999699, 1.0000000994736041e-07, 1.0000000994736041e-07], "split1_index": [20, 21, 22, 23, 24, 25, 26, 27, 28, 29], "split1_pred": [0, 0, 0, 0, 0, 0, 0, 0, 0, 0], "split1_test": [0, 0, 0, 0, 1, 0, 0, 1, 0, 0], "split1_notXOR": [1, 1, 1, 1, 0, 1, 1, 0, 1, 1], "split1_prob": [0.1639459828004484, 0.1639459828004484, 0.1639459828004484, 0.16442480588356864, 0.1639459828004484, 0.1639459828004484, 0.1639459828004484, 0.1679928804008618, 0.1636637483716299, 0.1639459828004484], "split2_index": [30, 31, 32, 33, 34, 35, 36, 37, 38, 39, 40], "split2_pred": [0, 0, 0, 1, 1, 0, 0, 0, 0, 1, 0], "split2_test": [0, 0, 0, 0, 0, 0, 0, 0, 0, 1, 0], "split2_notXOR": [1, 1, 1, 0, 0, 1, 1, 1, 1, 1, 1], "split2_prob": [0.3906688863476036, 0.3936442372001777, 0.3833633433150802, 0.5995065924277054, 0.5700519148555984, 0.3998734694066182, 0.4335857481185093, 0.3872192561923853, 0.3906431437160396, 0.6093113403624246, 0.39494937018581344], "split3_index": [41, 42, 43, 44, 45, 46, 47, 48, 49, 50, 51], "split3_pred": [0, 0, 0, 0, 0, 0, 0, 0, 0, 0, 0], "split3_test": [0, 0, 0, 1, 0, 0, 0, 0, 0, 1, 0], "split3_notXOR": [1, 1, 1, 0, 1, 1, 1, 1, 1, 0, 1], "split3_prob": [0.2965731829750245, 0.2965731829750245, 0.2965731829750245, 0.3373329510706703, 0.2719732558869209, 0.30049277941096275, 0.29975049869239606, 0.2965731829750245, 0.2960503631382106, 0.39983799243030843, 0.3095978760712829], "split4_index": [52, 53, 54, 55, 56, 57, 58, 59, 60, 61, 62], "split4_pred": [0, 0, 0, 0, 0, 0, 0, 0, 0, 0, 0], "split4_test": [0, 0, 0, 0, 0, 0, 0, 0, 0, 1, 0], "split4_notXOR": [1, 1, 1, 1, 1, 1, 1, 1, 1, 0, 1], "split4_prob": [0.4736395270954391, 0.47383591276089315, 0.47383591276089315, 0.4762160566781519, 0.47707337717319503, 0.4767814513813676, 0.47383591276089315, 0.47383591276089315, 0.47383591276089315, 0.5, 0.47383591276089315]}