{"split0_index": [23, 24, 25, 26, 27, 28, 29, 30, 31, 32, 33, 34, 35, 36, 37, 38, 39, 40, 41, 42, 43, 44, 45, 46], "split0_pred": [0, 0, 0, 0, 0, 0, 0, 0, 0, 0, 0, 0, 0, 0, 0, 0, 0, 0, 0, 0, 0, 0, 0, 0], "split0_test": [0, 0, 1, 0, 0, 0, 0, 0, 0, 0, 0, 0, 0, 0, 1, 0, 0, 0, 0, 0, 0, 0, 0, 0], "split0_notXOR": [1, 1, 0, 1, 1, 1, 1, 1, 1, 1, 1, 1, 1, 1, 0, 1, 1, 1, 1, 1, 1, 1, 1, 1], "split0_prob": [0.08478260869565224, 0.08478260869565224, 0.08478260869565224, 0.08478260869565224, 0.08478260869565224, 0.08478260869565224, 0.08478260869565224, 0.08478260869565224, 0.08478260869565224, 0.08478260869565224, 0.08478260869565224, 0.08478260869565224, 0.08478260869565224, 0.08478260869565224, 0.08478260869565224, 0.08478260869565224, 0.08478260869565224, 0.08478260869565224, 0.08478260869565224, 0.08478260869565224, 0.08478260869565224, 0.08478260869565224, 0.08478260869565224, 0.08478260869565224], "split1_index": [47, 48, 49, 50, 51, 52, 53, 54, 55, 56, 57, 58, 59, 60, 61, 62, 63, 64, 65, 66, 67, 68, 69, 70, 71, 72, 73], "split1_pred": [0, 0, 0, 0, 0, 0, 0, 0, 0, 0, 0, 0, 0, 0, 0, 0, 0, 0, 0, 0, 0, 0, 0, 0, 0, 0, 0], "split1_test": [0, 0, 0, 1, 0, 0, 0, 0, 0, 0, 0, 0, 0, 0, 0, 0, 0, 1, 0, 0, 0, 1, 0, 0, 0, 0, 0], "split1_notXOR": [1, 1, 1, 0, 1, 1, 1, 1, 1, 1, 1, 1, 1, 1, 1, 1, 1, 0, 1, 1, 1, 0, 1, 1, 1, 1, 1], "split1_prob": [0.0855702105527687, 0.0855702105527687, 0.0855702105527687, 0.0855702105527687, 0.0855702105527687, 0.0855702105527687, 0.0855702105527687, 0.0855702105527687, 0.0855702105527687, 0.06, 0.0855702105527687, 0.0855702105527687, 0.06, 0.0855702105527687, 0.06, 0.0855702105527687, 0.0855702105527687, 0.06, 0.0855702105527687, 0.031529628333811545, 0.06, 0.04, 0.0855702105527687, 0.09, 0.0855702105527687, 0.03125185055603377, 0.0855702105527687], "split2_index": [74, 75, 76, 77, 78, 79, 80, 81, 82, 83, 84, 85, 86, 87, 88, 89, 90, 91, 92, 93, 94, 95, 96, 97, 98, 99, 100], "split2_pred": [0, 0, 0, 0, 0, 0, 0, 0, 0, 0, 0, 0, 0, 0, 0, 0, 0, 0, 0, 0, 0, 0, 0, 0, 0, 0, 0], "split2_test": [0, 0, 1, 1, 0, 0, 0, 0, 0, 0, 0, 0, 0, 0, 0, 0, 0, 1, 0, 0, 0, 0, 1, 0, 0, 0, 0], "split2_notXOR": [1, 1, 0, 0, 1, 1, 1, 1, 1, 1, 1, 1, 1, 1, 1, 1, 1, 0, 1, 1, 1, 1, 0, 1, 1, 1, 1], "split2_prob": [0.3007017543859649, 0.06180312295725322, 0.4, 0.23, 0.004795946757399328, 0.07453524816807774, 0.21, 0.004795946757399328, 0.23, 0.28, 0.36, 0.21, 0.34, 0.32, 0.23, 0.39, 0.23, 0.0073569411498091075, 0.07330987864594424, 0.39, 0.28, 0.37, 0.17, 0.39, 0.39, 0.39, 0.34], "split3_index": [101, 102, 103, 104, 105, 106, 107, 108, 109, 110, 111, 112, 113, 114, 115, 116, 117, 118, 119, 120, 121, 122, 123, 124, 125, 126, 127, 128], "split3_pred": [0, 0, 0, 0, 0, 0, 0, 0, 0, 0, 0, 0, 0, 0, 0, 0, 0, 0, 0, 0, 0, 0, 0, 0, 0, 0, 0, 0], "split3_test": [0, 0, 1, 0, 0, 1, 0, 0, 0, 0, 0, 0, 0, 0, 0, 0, 0, 0, 0, 1, 0, 0, 0, 0, 1, 0, 0, 0], "split3_notXOR": [1, 1, 0, 1, 1, 0, 1, 1, 1, 1, 1, 1, 1, 1, 1, 1, 1, 1, 1, 0, 1, 1, 1, 1, 0, 1, 1, 1], "split3_prob": [0.24, 0.33, 0.08096153846153847, 0.06902012707282473, 0.32, 0.06855858861128628, 0.45, 0.06902012707282473, 0.06902012707282473, 0.06902012707282473, 0.06902012707282473, 0.06902012707282473, 0.25, 0.06902012707282473, 0.06902012707282473, 0.3201612903225806, 0.06902012707282473, 0.06902012707282473, 0.06902012707282473, 0.46, 0.06902012707282473, 0.24016129032258063, 0.06902012707282473, 0.24, 0.06902012707282473, 0.06902012707282473, 0.06902012707282473, 0.06902012707282473], "split4_index": [129, 130, 131, 132, 133, 134, 135, 136, 137, 138, 139, 140, 141, 142, 143, 144, 145, 146, 147, 148, 149, 150, 151, 152, 153, 154, 155, 156], "split4_pred": [0, 0, 0, 0, 0, 0, 0, 0, 0, 0, 0, 0, 0, 0, 0, 0, 0, 0, 0, 1, 0, 0, 0, 0, 0, 0, 0, 0], "split4_test": [0, 0, 0, 0, 0, 0, 0, 0, 0, 0, 0, 0, 0, 0, 0, 0, 0, 0, 0, 1, 0, 0, 0, 0, 0, 0, 0, 0], "split4_notXOR": [1, 1, 1, 1, 1, 1, 1, 1, 1, 1, 1, 1, 1, 1, 1, 1, 1, 1, 1, 1, 1, 1, 1, 1, 1, 1, 1, 1], "split4_prob": [0.07296788832279667, 0.07296788832279667, 0.13, 0.07296788832279667, 0.07296788832279667, 0.01795716319326851, 0.07296788832279667, 0.07296788832279667, 0.07296788832279667, 0.07296788832279667, 0.07296788832279667, 0.07296788832279667, 0.07296788832279667, 0.07296788832279667, 0.07296788832279667, 0.07296788832279667, 0.07296788832279667, 0.07296788832279667, 0.07296788832279667, 0.6188071404138878, 0.07296788832279667, 0.07296788832279667, 0.07296788832279667, 0.07296788832279667, 0.0037564086930284113, 0.07296788832279667, 0.07296788832279667, 0.07296788832279667], "split5_index": [157, 158, 159, 160, 161, 162, 163, 164, 165, 166, 167, 168, 169, 170, 171, 172, 173, 174, 175, 176, 177, 178, 179, 180, 181, 182, 183, 184], "split5_pred": [0, 0, 0, 1, 0, 0, 0, 0, 0, 1, 0, 0, 0, 0, 0, 1, 0, 0, 0, 0, 0, 0, 0, 0, 0, 0, 0, 0], "split5_test": [0, 0, 0, 0, 0, 0, 0, 0, 0, 0, 0, 0, 0, 0, 0, 0, 0, 0, 0, 1, 0, 0, 0, 0, 0, 0, 0, 0], "split5_notXOR": [1, 1, 1, 0, 1, 1, 1, 1, 1, 0, 1, 1, 1, 1, 1, 0, 1, 1, 1, 0, 1, 1, 1, 1, 1, 1, 1, 1], "split5_prob": [0.05554020771743264, 0.05554020771743264, 0.05554020771743264, 0.6219143334377284, 0.05554020771743264, 0.05554020771743264, 0.14, 0.05554020771743264, 0.05554020771743264, 0.62, 0.05554020771743264, 0.05554020771743264, 0.05554020771743264, 0.05554020771743264, 0.05554020771743264, 0.7222450031479234, 0.05554020771743264, 0.05554020771743264, 0.05554020771743264, 0.10590747404440562, 0.05554020771743264, 0.05554020771743264, 0.05554020771743264, 0.05554020771743264, 0.05554020771743264, 0.05554020771743264, 0.05554020771743264, 0.05554020771743264], "split6_index": [185, 186, 187, 188, 189, 190, 191, 192, 193, 194, 195, 196, 197, 198, 199, 200, 201, 202, 203, 204, 205, 206, 207, 208, 209, 210, 211, 212], "split6_pred": [0, 0, 0, 1, 1, 0, 1, 0, 0, 0, 0, 0, 0, 0, 0, 1, 0, 0, 0, 0, 0, 0, 0, 0, 0, 0, 0, 1], "split6_test": [0, 0, 0, 0, 0, 0, 0, 0, 0, 0, 0, 0, 0, 0, 0, 0, 0, 0, 0, 1, 0, 0, 0, 0, 0, 0, 0, 0], "split6_notXOR": [1, 1, 1, 0, 0, 1, 0, 1, 1, 1, 1, 1, 1, 1, 1, 0, 1, 1, 1, 0, 1, 1, 1, 1, 1, 1, 1, 0], "split6_prob": [0.04282135306961716, 0.41, 0.04282135306961716, 0.6143550217765007, 0.5932530934018451, 0.04282135306961716, 0.5410453232719236, 0.04282135306961716, 0.04282135306961716, 0.15700061324832665, 0.04282135306961716, 0.04282135306961716, 0.04282135306961716, 0.04282135306961716, 0.04282135306961716, 0.53, 0.04282135306961716, 0.04282135306961716, 0.04282135306961716, 0.37, 0.04282135306961716, 0.04282135306961716, 0.04282135306961716, 0.04282135306961716, 0.04282135306961716, 0.04282135306961716, 0.04282135306961716, 0.7310453232719236], "split7_index": [213, 214, 215, 216, 217, 218, 219, 220, 221, 222, 223, 224, 225, 226, 227, 228, 229, 230, 231, 232, 233, 234, 235, 236, 237, 238, 239, 240], "split7_pred": [0, 0, 0, 0, 0, 0, 0, 0, 0, 0, 0, 0, 0, 0, 0, 0, 0, 0, 0, 0, 0, 1, 0, 0, 0, 0, 0, 0], "split7_test": [0, 0, 0, 0, 0, 0, 0, 0, 0, 0, 0, 0, 0, 0, 0, 0, 0, 0, 0, 1, 0, 0, 0, 0, 0, 0, 0, 0], "split7_notXOR": [1, 1, 1, 1, 1, 1, 1, 1, 1, 1, 1, 1, 1, 1, 1, 1, 1, 1, 1, 0, 1, 0, 1, 1, 1, 1, 1, 1], "split7_prob": [0.03567251407376072, 0.03567251407376072, 0.03567251407376072, 0.03567251407376072, 0.03567251407376072, 0.03567251407376072, 0.03567251407376072, 0.03567251407376072, 0.03567251407376072, 0.03567251407376072, 0.03567251407376072, 0.03567251407376072, 0.03567251407376072, 0.03567251407376072, 0.03567251407376072, 0.03567251407376072, 0.03567251407376072, 0.03567251407376072, 0.03567251407376072, 0.03567251407376072, 0.03567251407376072, 0.6615685082632785, 0.03567251407376072, 0.03567251407376072, 0.03567251407376072, 0.0030948345982474263, 0.03567251407376072, 0.03567251407376072], "split8_index": [241, 242, 243, 244, 245, 246, 247, 248, 249, 250, 251, 252, 253, 254, 255, 256, 257, 258, 259, 260, 261, 262, 263, 264, 265, 266, 267, 268], "split8_pred": [0, 0, 0, 0, 0, 0, 0, 0, 0, 0, 0, 0, 0, 0, 0, 0, 0, 0, 0, 0, 0, 0, 0, 0, 0, 0, 0, 0], "split8_test": [0, 0, 0, 0, 0, 0, 0, 0, 0, 0, 0, 0, 0, 0, 0, 0, 0, 0, 0, 1, 0, 0, 0, 0, 0, 0, 0, 0],