{"split0_index": [7, 8, 9, 10, 11, 12, 13, 14], "split0_pred": [0, 0, 0, 0, 0, 0, 0, 0], "split0_test": [1, 0, 1, 0, 0, 0, 0, 0], "split0_notXOR": [0, 1, 0, 1, 1, 1, 1, 1], "split0_prob": [0.18325148745495076, 0.3649267691810636, 0.22444647502474657, 0.36927514929551686, 0.3492001678563331, 0.19288893204938953, 0.356238372914835, 0.3649267691810636], "split1_index": [15, 16, 17, 18, 19, 20, 21, 22, 23], "split1_pred": [1, 0, 1, 0, 0, 1, 0, 0, 0], "split1_test": [1, 0, 1, 0, 0, 0, 0, 0, 0], "split1_notXOR": [1, 1, 1, 1, 1, 0, 1, 1, 1], "split1_prob": [0.2885263968260577, 0.27566519555065755, 0.28725148201075973, 0.2740768878053573, 0.27629699025910237, 0.28601056625377647, 0.27566519529069466, 0.2824085265784509, 0.27566519555065755], "split2_index": [24, 25, 26, 27, 28, 29, 30, 31, 32], "split2_pred": [1, 0, 1, 0, 0, 1, 0, 0, 0], "split2_test": [1, 0, 1, 0, 0, 0, 0, 0, 0], "split2_notXOR": [1, 1, 1, 1, 1, 0, 1, 1, 1], "split2_prob": [0.3376230336877944, 0.23179226823829266, 0.3449268487159064, 0.21238528576307578, 0.2318379296275786, 0.32217704204270464, 0.21238528576307578, 0.2318379296275786, 0.23179226823829266], "split3_index": [33, 34, 35, 36, 37, 38, 39, 40, 41], "split3_pred": [1, 0, 1, 0, 0, 1, 0, 0, 0], "split3_test": [1, 0, 1, 0, 0, 0, 0, 0, 0], "split3_notXOR": [1, 1, 1, 1, 1, 0, 1, 1, 1], "split3_prob": [0.6933097689740889, 0.07476632886523166, 0.8117486380607538, 0.032749317651611015, 0.0747663326543432, 0.6036769271503569, 0.032749317651611015, 0.0747663326543432, 0.07476632886523166], "split4_index": [42, 43, 44, 45, 46, 47, 48, 49, 50], "split4_pred": [1, 0, 1, 0, 0, 1, 0, 0, 0], "split4_test": [1, 0, 1, 0, 0, 0, 0, 0, 0], "split4_notXOR": [1, 1, 1, 1, 1, 0, 1, 1, 1], "split4_prob": [0.7696228334244268, 0.08746347715376353, 0.7691110125647119, 0.05121204733630831, 0.08759883651134767, 0.4094943883793691, 0.08722019357446661, 0.08759884688388649, 0.08746347715376353], "split5_index": [51, 52, 53, 54, 55, 56, 57, 58, 59], "split5_pred": [1, 0, 1, 0, 0, 0, 0, 0, 0], "split5_test": [1, 0, 1, 0, 0, 0, 0, 0, 0], "split5_notXOR": [1, 1, 1, 1, 1, 1, 1, 1, 1], "split5_prob": [0.9112186194197502, 0.010318540385829923, 0.9111688746939344, 0.003041092805999138, 0.010335159388830685, 0.1654034498945135, 0.010328586583571232, 0.010335150034718462, 0.010318540385829923], "split6_index": [60, 61, 62, 63, 64, 65, 66, 67, 68], "split6_pred": [1, 0, 1, 0, 0, 0, 0, 0, 0], "split6_test": [1, 0, 1, 0, 0, 0, 0, 0, 0], "split6_notXOR": [1, 1, 1, 1, 1, 1, 1, 1, 1], "split6_prob": [0.9161179127732662, 0.042339726066986605, 0.9123579859917912, 0.01579875155444233, 0.04237126014201371, 0.20184162837700134, 0.042404836302147655, 0.04244158473918747, 0.042339726066986605], "split7_index": [69, 70, 71, 72, 73, 74, 75, 76, 77], "split7_pred": [1, 0, 1, 0, 0, 0, 0, 0, 0], "split7_test": [1, 0, 1, 0, 0, 0, 0, 0, 0], "split7_notXOR": [1, 1, 1, 1, 1, 1, 1, 1, 1], "split7_prob": [0.9395075773433416, 0.02522936405915825, 0.7908451871558682, 0.007728237504217415, 0.02525212392395084, 0.08105160466844114, 0.025210312028453245, 0.02894197444042712, 0.02522936405915825], "split8_index": [78, 79, 80, 81, 82, 83, 84, 85, 86], "split8_pred": [1, 0, 1, 0, 0, 0, 0, 0, 0], "split8_test": [1, 0, 1, 0, 0, 0, 0, 0, 0], "split8_notXOR": [1, 1, 1, 1, 1, 1, 1, 1, 1], "split8_prob": [0.971285886061243, 0.020702502785934294, 0.9712532183299754, 0.004685827518667026, 0.014972399690692065, 0.05408382582455012, 0.020704617712098965, 0.02510054102261845, 0.020702502785934294], "split9_index": [87, 88, 89, 90, 91, 92, 93, 94, 95], "split9_pred": [1, 0, 1, 0, 0, 0, 0, 0, 0], "split9_test": [1, 0, 1, 0, 0, 0, 0, 0, 0], "split9_notXOR": [1, 1, 1, 1, 1, 1, 1, 1, 1], "split9_prob": [0.9665159354685632, 0.01737278196091378, 0.9665256522849276, 0.0035040253615680745, 0.01097666398456519, 0.02143504086743082, 0.0173763467827532, 0.017393867094413804, 0.01737278196091378], "split10_index": [96, 97, 98, 99, 100, 101, 102, 103, 104], "split10_pred": [1, 0, 1, 0, 0, 0, 1, 0, 0], "split10_test": [1, 0, 1, 0, 0, 0, 0, 0, 0], "split10_notXOR": [1, 1, 1, 1, 1, 1, 0, 1, 1], "split10_prob": [0.9999850356215246, 0.01719895089979382, 0.9715746964415156, 0.004077411152900989, 0.020686712801641183, 0.16845217720584776, 0.9769093756965544, 0.017173982670533064, 0.01719895089979382], "split11_index": [105, 106, 107, 108, 109, 110, 111, 112, 113], "split11_pred": [1, 0, 1, 0, 0, 0, 1, 0, 0], "split11_test": [1, 0, 1, 0, 0, 0, 0, 0, 0], "split11_notXOR": [1, 1, 1, 1, 1, 1, 0, 1, 1], "split11_prob": [0.9999906788802158, 0.02815620200043559, 0.9805656898460375, 0.005458670368254148, 0.021632780506855076, 0.1982481740371961, 0.9619962010866309, 0.028159076737033988, 0.02815620200043559], "split12_index": [114, 115, 116, 117, 118, 119, 120, 121, 122], "split12_pred": [1, 0, 1, 0, 0, 0, 1, 0, 0], "split12_test": [1, 0, 1, 0, 0, 0, 0, 0, 0], "split12_notXOR": [1, 1, 1, 1, 1, 1, 0, 1, 1], "split12_prob": [0.9897685865038429, 0.01637093004583535, 0.9280340436902224, 0.003933912416204684, 0.01253902001178938, 0.08323246266963832, 0.7838771799943802, 0.24459062641315657, 0.01637093004583535], "split13_index": [123, 124, 125, 126, 127, 128, 129, 130, 131], "split13_pred": [1, 0, 1, 0, 0, 1, 0, 0, 0], "split13_test": [1, 0, 1, 0, 0, 0, 0, 0, 0], "split13_notXOR": [1, 1, 1, 1, 1, 0, 1, 1, 1], "split13_prob": [0.7843032020730336, 0.01659985297192355, 0.7843530605185179, 0.004036011789331987, 0.016588373152433226, 0.35510850229599505, 0.118803419768136, 0.016592367279209243, 0.01659985297192355], "split14_index": [132, 133, 134, 135, 136, 137, 138, 139, 140, 141], "split14_pred": [1, 0, 1, 1, 0, 0, 1, 0, 0, 0], "split14_test": [1, 0, 0, 1, 0, 0, 0, 0, 0, 0], "split14_notXOR": [1, 1, 0, 1, 1, 1, 0, 1, 1, 1], "split14_prob": [0.8209585288386958, 0.0024753802317773986, 0.2776119340911423, 0.8210821234520768, 0.00035213743775722146, 0.0029432267082971004, 0.26918534791475696, 0.051776484505928866, 0.002943227431620547, 0.0024753802317773986], "split15_index": [142, 143, 144, 145, 146, 147, 148, 149, 150, 151], "split15_pred": [1, 0, 1, 1, 0, 0, 1, 0, 0, 0], "split15_test": [1, 0, 0, 1, 0, 0, 0, 0, 0, 0], "split15_notXOR": [1, 1, 0, 1, 1, 1, 0, 1, 1, 1], "split15_prob": [0.2046952775044168, 0.002807635432913282, 0.3434732639123889, 0.8641923728683115, 0.014292705441414989, 0.00575537405969438, 0.7155137714066807, 0.0886751731156188, 0.005749311463735283, 0.002807635432913282], "split16_index": [152, 153, 154, 155, 156, 157, 158, 159, 160, 161], "split16_pred": [1, 0, 1, 1, 0, 0, 1, 0, 0, 0], "split16_test": [1, 0, 0, 1, 0, 0, 0, 0, 0, 0], "split16_notXOR": [1, 1, 0, 1, 1, 1, 0, 1, 1, 1], "split16_prob": [0.24725659313498466, 0.004261797943904866, 0.36184358023205254, 0.8177134720319778, 0.027939103626499942, 0.012479898139912148, 0.6815147091378819, 0.12857402726636405, 0.00923304049491304, 0.004261797943904866], "split17_index": [162, 163, 164, 165, 166, 167, 168, 169, 170, 171], "split17_pred": [1, 0, 1, 1, 0, 0, 1, 0, 0, 0], "split17_test": [1, 0, 0, 1, 0, 0, 0, 0, 0, 0], "split17_notXOR": [1, 1, 0, 1, 1, 1, 0, 1, 1, 1], "split17_prob": [0.1602924685396082, 0.0006298026685198565, 0.2520311494509736, 0.8124695643537494, 0.01100105634036901, 0.004081420796870782, 0.645184672795717, 0.07149517157757478, 0.0015664071682692507, 0.0006298026685198565], "split18_index": [172, 173, 174, 175, 176, 177, 178, 179, 180, 181, 182, 183], "split18_pred": [1, 0, 1, 1, 0, 0, 0, 0, 1, 0, 1, 0], "split18_test": [1, 0, 0, 1, 0, 0, 0, 0, 0, 0, 0, 0], "split18_notXOR": [1, 1, 0, 1, 1, 1, 1, 1, 0, 1, 0, 1], "split18_prob": [0.3532228720922357, 0.014148136046592104, 0.4019548250152166, 0.7902427407420284, 0.005403635326180003, 0.09354131735438133, 0.02198773813628921, 0.057244693730365316, 0.6828606858720437, 0.2600791811006909, 0.7586120485104875, 0.014148136046592104], "split19_index": [184, 185, 186, 187, 188, 189, 190, 191, 192, 193], "split19_pred": [1, 0, 1, 0, 0, 0, 1, 0, 1, 0], "split19_test": [1, 0, 1, 0, 0, 0, 0, 0, 0, 0],