{"split0_index": [7, 8, 9, 10, 11, 12, 13], "split0_pred": [0, 0, 0, 0, 0, 0, 0], "split0_test": [0, 0, 0, 1, 0, 0, 0], "split0_notXOR": [1, 1, 1, 0, 1, 1, 1], "split0_prob": [0.05454079870317358, 0.05454079870317358, 0.06364121287787856, 0.25038746981975935, 0.06340862730261647, 0.0633506048519039, 0.06364121287787856], "split1_index": [14, 15, 16, 17, 18, 19, 20], "split1_pred": [0, 0, 0, 0, 0, 0, 0], "split1_test": [0, 0, 0, 1, 0, 0, 0], "split1_notXOR": [1, 1, 1, 0, 1, 1, 1], "split1_prob": [0.04724952898308778, 0.04724952898308778, 7.272327241356658e-08, 0.058562180799648686, 4.590134361275499e-18, 2.5375930507496646e-17, 7.272327241356658e-08], "split2_index": [21, 22, 23, 24, 25, 26, 27], "split2_pred": [0, 0, 0, 0, 0, 0, 0], "split2_test": [0, 0, 0, 1, 0, 0, 0], "split2_notXOR": [1, 1, 1, 0, 1, 1, 1], "split2_prob": [0.10184686363844266, 0.10184686363844266, 0.1532766977369331, 0.26215600201644323, 0.1532766977369331, 0.1659015011260491, 0.1532766977369331], "split3_index": [28, 29, 30, 31, 32, 33, 34], "split3_pred": [0, 0, 0, 0, 0, 0, 0], "split3_test": [0, 0, 0, 1, 0, 0, 0], "split3_notXOR": [1, 1, 1, 0, 1, 1, 1], "split3_prob": [0.08004079590465321, 0.08004079590465321, 0.18404021812530794, 0.18909930948712841, 0.13699069278738824, 0.1508716300512608, 0.15845909193350832], "split4_index": [35, 36, 37, 38, 39, 40, 41], "split4_pred": [0, 0, 0, 0, 0, 0, 0], "split4_test": [0, 0, 0, 1, 0, 0, 0], "split4_notXOR": [1, 1, 1, 0, 1, 1, 1], "split4_prob": [0.06957462675879172, 0.06957462675879172, 0.19745631256779972, 0.20434140468178036, 0.13313012485858644, 0.1492094828995178, 0.19278719666523914], "split5_index": [42, 43, 44, 45, 46, 47], "split5_pred": [0, 0, 0, 0, 0, 0], "split5_test": [0, 0, 0, 0, 0, 1], "split5_notXOR": [1, 1, 1, 1, 1, 0], "split5_prob": [0.30399418527269273, 0.06135102416444249, 0.01971721063921186, 0.06135102416444249, 0.13172295466889408, 0.14104917691352203], "split6_index": [48, 49, 50, 51, 52, 53], "split6_pred": [0, 0, 0, 0, 0, 0], "split6_test": [0, 0, 0, 0, 0, 1], "split6_notXOR": [1, 1, 1, 1, 1, 0], "split6_prob": [0.30430654967474424, 0.05901398163610086, 0.05901398163610086, 0.05901398163610086, 0.13131974163227936, 0.2224915196760742], "split7_index": [54, 55, 56, 57, 58, 59], "split7_pred": [0, 0, 0, 0, 0, 0], "split7_test": [0, 0, 0, 0, 0, 1], "split7_notXOR": [1, 1, 1, 1, 1, 0], "split7_prob": [0.3175496915429818, 0.054747624128432634, 0.054747624128432634, 0.054747624128432634, 0.1594008409011953, 0.2310360623878048], "split8_index": [60, 61, 62, 63, 64, 65], "split8_pred": [0, 0, 0, 0, 0, 0], "split8_test": [0, 0, 0, 0, 0, 1], "split8_notXOR": [1, 1, 1, 1, 1, 0], "split8_prob": [0.32019045339211333, 0.04964981752599762, 0.04964981752599762, 0.04964981752599762, 0.1331109930284188, 0.23451063553986096], "split9_index": [66, 67, 68, 69, 70, 71], "split9_pred": [0, 0, 0, 0, 0, 0], "split9_test": [0, 0, 0, 0, 0, 1], "split9_notXOR": [1, 1, 1, 1, 1, 0], "split9_prob": [0.33063460005136575, 0.04760445324766647, 0.04760445324766647, 0.04760445324766647, 0.13474675049556975, 0.2415308947681197], "split10_index": [72, 73, 74, 75, 76, 77], "split10_pred": [0, 0, 0, 0, 0, 0], "split10_test": [0, 0, 0, 0, 0, 1], "split10_notXOR": [1, 1, 1, 1, 1, 0], "split10_prob": [0.3342651884333255, 0.04770872432150186, 0.04770872432150186, 0.04770872432150186, 0.1253404829713257, 0.30355094952729467], "split11_index": [78, 79, 80, 81, 82, 83], "split11_pred": [0, 0, 0, 0, 0, 0], "split11_test": [0, 0, 0, 0, 0, 1], "split11_notXOR": [1, 1, 1, 1, 1, 0], "split11_prob": [0.33728462193395514, 0.04604091461613346, 0.04604091461613346, 0.04604091461613346, 0.21302087441427867, 0.2516278805126366], "split12_index": [84, 85, 86, 87, 88, 89], "split12_pred": [0, 0, 0, 0, 0, 0], "split12_test": [0, 0, 0, 0, 0, 1], "split12_notXOR": [1, 1, 1, 1, 1, 0], "split12_prob": [0.3382113798102279, 1.1615078302848809e-08, 0.04501701488375914, 0.04501701488375914, 0.20855118194684383, 0.24173272023088876], "split13_index": [90, 91, 92, 93, 94, 95], "split13_pred": [0, 0, 0, 0, 0, 0], "split13_test": [0, 0, 0, 0, 0, 1], "split13_notXOR": [1, 1, 1, 1, 1, 0], "split13_prob": [0.33599333302482404, 0.042778330472123725, 0.042778330472123725, 0.042778330472123725, 0.15991617077221337, 0.25704848100553834], "split14_index": [96, 97, 98, 99, 100, 101], "split14_pred": [0, 0, 0, 0, 0, 0], "split14_test": [0, 0, 0, 0, 0, 1], "split14_notXOR": [1, 1, 1, 1, 1, 0], "split14_prob": [0.33709460937720215, 0.040195214568250426, 0.040195214568250426, 0.040195214568250426, 0.1724192140706925, 0.26084888724939786], "split15_index": [102, 103, 104, 105, 106, 107], "split15_pred": [0, 0, 0, 0, 0, 0], "split15_test": [0, 0, 0, 0, 0, 1], "split15_notXOR": [1, 1, 1, 1, 1, 0], "split15_prob": [0.3446555204628368, 0.0373911662119237, 0.0373911662119237, 0.0373911662119237, 0.17012314323106703, 0.2679647986900662], "split16_index": [108, 109, 110, 111, 112, 113], "split16_pred": [0, 0, 0, 0, 0, 0], "split16_test": [0, 0, 0, 0, 0, 1], "split16_notXOR": [1, 1, 1, 1, 1, 0], "split16_prob": [0.3505671553075159, 0.03668604692400285, 0.03668604692400285, 0.03668604692400285, 0.16853331347626482, 0.2717392401034075], "split17_index": [114, 115, 116, 117, 118, 119], "split17_pred": [0, 0, 0, 0, 0, 0], "split17_test": [0, 0, 0, 0, 0, 1], "split17_notXOR": [1, 1, 1, 1, 1, 0], "split17_prob": [0.35590543141535247, 0.03604412197002731, 0.03604412197002731, 0.03604412197002731, 0.16693332144889458, 0.2751827091708991], "split18_index": [120, 121, 122, 123, 124, 125], "split18_pred": [0, 0, 0, 0, 0, 0], "split18_test": [0, 0, 0, 0, 1, 1], "split18_notXOR": [1, 1, 1, 1, 0, 0], "split18_prob": [0.03546045303516163, 0.03546045303516163, 0.03546045303516163, 0.03546045303516163, 0.007290305558363666, 0.0003722461258708283], "split19_index": [126, 127, 128, 129, 130, 131], "split19_pred": [0, 0, 0, 0, 0, 0], "split19_test": [0, 0, 0, 0, 1, 1], "split19_notXOR": [1, 1, 1, 1, 0, 0], "split19_prob": [0.3721415385311668, 0.044694804699110545, 0.044694804699110545, 0.044694804699110545, 0.04469480469911059, 0.2907923702295275], "split20_index": [132, 133, 134, 135, 136, 137], "split20_pred": [0, 0, 0, 0, 0, 0], "split20_test": [0, 0, 0, 0, 0, 1], "split20_notXOR": [1, 1, 1, 1, 1, 0], "split20_prob": [0.37430843253431473, 0.0565267583649319, 0.0565267583649319, 0.0565267583649319, 0.16794258338782442, 0.2981879369675051], "split21_index": [138, 139, 140, 141, 142, 143], "split21_pred": [0, 0, 0, 0, 0, 0], "split21_test": [0, 0, 0, 0, 0, 1], "split21_notXOR": [1, 1, 1, 1, 1, 0], "split21_prob": [0.377717882508166, 0.055187916775782934, 0.055187916775782934, 0.055187916775782934, 0.1663039491451623, 0.3002860449049856], "split22_index": [144, 145, 146, 147, 148, 149], "split22_pred": [0, 0, 0, 0, 0, 0], "split22_test": [0, 0, 0, 0, 0, 1], "split22_notXOR": [1, 1, 1, 1, 1, 0], "split22_prob": [0.3808568992378029, 0.05395701357162404, 0.05395701357162404, 0.05395701357162404, 0.16442752553469087, 0.3052554395841461], "split23_index": [150, 151, 152, 153, 154, 155], "split23_pred": [0, 0, 0, 0, 0, 0], "split23_test": [0, 0, 0, 0, 0, 1], "split23_notXOR": [1, 1, 1, 1, 1, 0], "split23_prob": [0.3838335424401573, 0.05256520872320431, 0.05256520872320431, 0.05256520872320431, 0.16242290454030694, 0.3039424496152932], "split24_index": [156, 157, 158, 159, 160, 161], "split24_pred": [0, 0, 0, 0, 0, 0], "split24_test": [0, 0, 0, 0, 0, 1], "split24_notXOR": [1, 1, 1, 1, 1, 0], "split24_prob": [0.38650206459407127, 0.051514692536990564, 0.051514692536990564, 0.051514692536990564, 0.1608256180764235, 0.30021293030990265], "split25_index": [162, 163, 164, 165, 166, 167, 168, 169], "split25_pred": [0, 0, 0, 0, 0, 0, 0, 0], "split25_test": [0, 0, 0, 1, 0, 0, 0, 1], "split25_notXOR": [1, 1, 1, 0, 1, 1, 1, 0], "split25_prob": [0.3888548170225495, 0.44993534790301787, 0.050761685184590045, 0.491838752964427, 0.4555129298119335, 0.050761685184590045, 0.15967667805908925, 0.06209980289931609],