{"split0_index": [7, 8, 9, 10, 11, 12, 13, 14, 15, 16], "split0_pred": [1, 1, 1, 1, 1, 1, 1, 1, 1, 1], "split0_test": [0, 0, 0, 1, 0, 0, 0, 0, 0, 1], "split0_notXOR": [0, 0, 0, 1, 0, 0, 0, 0, 0, 1], "split0_prob": [0.5, 0.5, 0.5, 0.5, 0.5, 0.5, 0.5, 0.5, 0.5, 0.5], "split1_index": [17, 18, 19, 20, 21, 22, 23, 24, 25, 26], "split1_pred": [0, 0, 0, 0, 0, 0, 0, 0, 0, 0], "split1_test": [0, 0, 0, 1, 0, 0, 0, 0, 0, 0], "split1_notXOR": [1, 1, 1, 0, 1, 1, 1, 1, 1, 1], "split1_prob": [0.6212766589125356, 0.6212766589125356, 0.6212766589125356, 0.6212766589125356, 0.6212766589125356, 0.5273374827533635, 0.6212766589125356, 0.6212766589125356, 0.6212766589125356, 0.48951697610934697], "split2_index": [27, 28, 29, 30, 31, 32, 33, 34, 35, 36], "split2_pred": [0, 0, 0, 0, 0, 0, 0, 0, 0, 0], "split2_test": [0, 0, 0, 1, 0, 0, 0, 0, 0, 0], "split2_notXOR": [1, 1, 1, 0, 1, 1, 1, 1, 1, 1], "split2_prob": [0.6294486738074343, 0.6294486738074343, 0.6294486738074343, 0.6294486738074343, 0.6294486738074343, 0.6294486738074343, 0.6294486738074343, 0.6294486738074343, 0.6294486738074343, 0.6294486738074343], "split3_index": [37, 38, 39, 40, 41, 42, 43, 44, 45, 46], "split3_pred": [1, 1, 1, 1, 0, 1, 1, 1, 1, 1], "split3_test": [0, 0, 0, 1, 0, 0, 0, 0, 0, 0], "split3_notXOR": [0, 0, 0, 1, 1, 0, 0, 0, 0, 0], "split3_prob": [0.19418473186463464, 0.2057324297197429, 0.2057324297197429, 0.2022002760056163, 0.6034849737712291, 0.2057324297197429, 0.19418473186463464, 0.1843597380812106, 0.2057324297197429, 0.31619713981392056], "split4_index": [47, 48, 49, 50, 51, 52, 53, 54, 55, 56], "split4_pred": [0, 0, 0, 0, 0, 0, 0, 0, 0, 0], "split4_test": [0, 0, 0, 0, 1, 0, 0, 0, 0, 0], "split4_notXOR": [1, 1, 1, 1, 0, 1, 1, 1, 1, 1], "split4_prob": [0.6181904190281161, 0.6181904190281161, 0.6181904190281161, 0.6181904190281161, 0.6181904190281161, 0.6181904190281161, 0.6181904190281161, 0.6181904190281161, 0.6181904190281161, 0.5272006920402826], "split5_index": [57, 58, 59, 60, 61, 62, 63, 64, 65, 66, 67], "split5_pred": [0, 0, 0, 0, 0, 0, 0, 0, 0, 0, 0], "split5_test": [1, 0, 0, 0, 0, 0, 0, 0, 0, 0, 0], "split5_notXOR": [0, 1, 1, 1, 1, 1, 1, 1, 1, 1, 1], "split5_prob": [0.7452991818039862, 0.7048770443180259, 0.7048770443180259, 0.7048770443180259, 0.6585103776246068, 0.7048770443180259, 0.6776176941605314, 0.7048770443180259, 0.7048770443180259, 0.7048770443180259, 0.7073814474276139], "split6_index": [68, 69, 70, 71, 72, 73, 74, 75, 76, 77, 78], "split6_pred": [1, 1, 1, 1, 1, 1, 1, 1, 1, 1, 1], "split6_test": [1, 0, 0, 0, 0, 0, 0, 0, 0, 1, 0], "split6_notXOR": [1, 0, 0, 0, 0, 0, 0, 0, 0, 1, 0], "split6_prob": [0.43034191591699017, 0.43034191591699017, 0.43034191591699017, 0.43034191591699017, 0.43034191591699017, 0.43034191591699017, 0.43034191591699017, 0.43034191591699017, 0.43034191591699017, 0.43034191591699017, 0.43034191591699017], "split7_index": [79, 80, 81, 82, 83, 84, 85, 86, 87, 88, 89], "split7_pred": [1, 1, 1, 1, 1, 1, 1, 1, 1, 1, 1], "split7_test": [1, 0, 0, 0, 0, 0, 0, 0, 0, 0, 0], "split7_notXOR": [1, 0, 0, 0, 0, 0, 0, 0, 0, 0, 0], "split7_prob": [0.283597380534496, 0.283597380534496, 0.283597380534496, 0.283597380534496, 0.283597380534496, 0.283597380534496, 0.283597380534496, 0.283597380534496, 0.283597380534496, 0.283597380534496, 0.283597380534496], "split8_index": [90, 91, 92, 93, 94, 95, 96, 97, 98, 99, 100, 101], "split8_pred": [0, 0, 0, 0, 0, 0, 0, 0, 0, 0, 0, 0], "split8_test": [1, 0, 0, 0, 0, 0, 0, 1, 0, 0, 0, 0], "split8_notXOR": [0, 1, 1, 1, 1, 1, 1, 0, 1, 1, 1, 1], "split8_prob": [0.5, 0.5, 0.5, 0.5, 0.5323105107166678, 0.5733897096308518, 0.5, 0.5, 0.5, 0.5, 0.5719867782121594, 0.5076554515602357], "split9_index": [102, 103, 104, 105, 106, 107, 108, 109, 110, 111, 112, 113, 114], "split9_pred": [1, 0, 0, 0, 0, 1, 0, 0, 0, 0, 0, 0, 0], "split9_test": [1, 0, 0, 0, 0, 0, 0, 0, 0, 0, 0, 0, 0], "split9_notXOR": [1, 1, 1, 1, 1, 0, 1, 1, 1, 1, 1, 1, 1], "split9_prob": [0.19988388234750445, 0.770823025855863, 0.770823025855863, 0.3900664005089943, 0.770823025855863, 0.32857516695899536, 0.770823025855863, 0.770823025855863, 0.7060093049911649, 0.770823025855863, 0.770823025855863, 0.770823025855863, 0.770823025855863], "split10_index": [115, 116, 117, 118, 119, 120, 121, 122, 123, 124, 125, 126, 127], "split10_pred": [0, 0, 0, 0, 0, 0, 0, 0, 0, 0, 0, 0, 0], "split10_test": [1, 0, 0, 0, 0, 0, 0, 0, 0, 0, 0, 0, 0], "split10_notXOR": [0, 1, 1, 1, 1, 1, 1, 1, 1, 1, 1, 1, 1], "split10_prob": [0.5292674208099954, 0.5911639488522621, 0.5911639488522621, 0.5911639488522621, 0.5911639488522621, 0.5911639488522621, 0.5911639488522621, 0.5911639488522621, 0.5911639488522621, 0.5911639488522621, 0.5911639488522621, 0.5911639488522621, 0.46246088074976316], "split11_index": [128, 129, 130, 131, 132, 133, 134, 135, 136, 137, 138, 139, 140], "split11_pred": [0, 0, 0, 0, 1, 0, 0, 0, 0, 0, 0, 0, 1], "split11_test": [1, 0, 0, 0, 0, 0, 0, 0, 0, 0, 0, 0, 0], "split11_notXOR": [0, 1, 1, 1, 0, 1, 1, 1, 1, 1, 1, 1, 0], "split11_prob": [0.39843339808084405, 0.39843339808084405, 0.39843339808084405, 0.39843339808084405, 0.9292254784017817, 0.39843339808084405, 0.39843339808084405, 0.39843339808084405, 0.39843339808084405, 0.39843339808084405, 0.39843339808084405, 0.39843339808084405, 0.9233791196711831], "split12_index": [141, 142, 143, 144, 145, 146, 147, 148, 149, 150, 151, 152, 153], "split12_pred": [0, 0, 0, 0, 0, 0, 0, 0, 0, 0, 0, 0, 0], "split12_test": [1, 0, 0, 0, 0, 0, 0, 0, 0, 0, 0, 0, 0], "split12_notXOR": [0, 1, 1, 1, 1, 1, 1, 1, 1, 1, 1, 1, 1], "split12_prob": [0.5907196633627707, 0.5907196633627707, 0.5907196633627707, 0.5907196633627707, 0.5907196633627707, 0.5907196633627707, 0.5907196633627707, 0.5907196633627707, 0.5907196633627707, 0.5907196633627707, 0.5836037323563091, 0.5907196633627707, 0.5907196633627707], "split13_index": [154, 155, 156, 157, 158, 159, 160, 161, 162, 163, 164, 165, 166], "split13_pred": [0, 0, 0, 0, 0, 0, 0, 0, 0, 0, 0, 0, 0], "split13_test": [1, 0, 0, 0, 0, 0, 0, 0, 0, 0, 0, 0, 0], "split13_notXOR": [0, 1, 1, 1, 1, 1, 1, 1, 1, 1, 1, 1, 1], "split13_prob": [0.6845167834805298, 0.7396688538718712, 0.7396688538718712, 0.7396688538718712, 0.7396688538718712, 0.7396688538718712, 0.7396688538718712, 0.7396688538718712, 0.7396688538718712, 0.7396688538718712, 0.7396688538718712, 0.7396688538718712, 0.7396688538718712], "split14_index": [167, 168, 169, 170, 171, 172, 173, 174, 175, 176, 177, 178], "split14_pred": [0, 0, 0, 0, 0, 0, 0, 0, 0, 0, 0, 0], "split14_test": [1, 0, 0, 0, 0, 0, 0, 0, 0, 0, 0, 0], "split14_notXOR": [0, 1, 1, 1, 1, 1, 1, 1, 1, 1, 1, 1], "split14_prob": [0.5416520268023284, 0.5416520268023284, 0.5416520268023284, 0.5416520268023284, 0.5416520268023284, 0.5416520268023284, 0.5416520268023284, 0.5218471075365291, 0.5416520268023284, 0.5416520268023284, 0.5416520268023284, 0.5416520268023284], "split15_index": [179, 180, 181, 182, 183, 184, 185, 186, 187, 188, 189, 190], "split15_pred": [0, 0, 0, 0, 0, 0, 0, 0, 0, 0, 0, 0], "split15_test": [1, 0, 0, 0, 0, 0, 0, 0, 0, 0, 0, 0], "split15_notXOR": [0, 1, 1, 1, 1, 1, 1, 1, 1, 1, 1, 1], "split15_prob": [0.5584529247190108, 0.5584529247190108, 0.5584529247190108, 0.5431179118499919, 0.5584529247190108, 0.5584529247190108, 0.5584529247190108, 0.5584529247190108, 0.5584529247190108, 0.5584529247190108, 0.5584529247190108, 0.5584529247190108], "split16_index": [191, 192, 193, 194, 195, 196, 197, 198, 199, 200, 201, 202], "split16_pred": [0, 0, 0, 0, 0, 0, 0, 0, 0, 0, 0, 0], "split16_test": [1, 0, 0, 0, 0, 0, 0, 0, 0, 0, 0, 0], "split16_notXOR": [0, 1, 1, 1, 1, 1, 1, 1, 1, 1, 1, 1], "split16_prob": [0.4330334143203138, 0.4330334143203138, 0.4330334143203138, 0.4330334143203138, 0.4330334143203138, 0.4330334143203138, 0.4330334143203138, 0.4330334143203138, 0.4330334143203138, 0.4330334143203138, 0.4330334143203138, 0.4330334143203138], "split17_index": [203, 204, 205, 206, 207, 208, 209, 210, 211, 212, 213], "split17_pred": [0, 0, 0, 0, 0, 0, 0, 0, 0, 0, 0],