{"optimal_n": 1, "ranked": [[1, "maxPdgVertices"], [2, "globalInput"], [3, "edgesToVerticesRatio"], [4, "verticesCount"], [5, "edgesCount"], [6, "lackOfCohesion"], [7, "indirectFanOut"], [8, "directFanOut"], [9, "indirectFanIn"], [10, "directFanIn"], [11, "globalOutput"]], "selected": ["maxPdgVertices"], "scores": {"mean_test_score": [0.814102564102564, 0.814102564102564, 0.814102564102564, 0.814102564102564, 0.814102564102564, 0.814102564102564, 0.814102564102564, 0.814102564102564, 0.814102564102564, 0.814102564102564, 0.814102564102564], "std_test_score": [0.23605067486566625, 0.23605067486566625, 0.23605067486566625, 0.23605067486566625, 0.23605067486566625, 0.23605067486566625, 0.23605067486566625, 0.23605067486566625, 0.23605067486566625, 0.23605067486566625, 0.23605067486566625], "split0_test_score": [0.5, 0.5, 0.5, 0.5, 0.5, 0.5, 0.5, 0.5, 0.5, 0.5, 0.5], "split1_test_score": [0.5, 0.5, 0.5, 0.5, 0.5, 0.5, 0.5, 0.5, 0.5, 0.5, 0.5], "split2_test_score": [0.5, 0.5, 0.5, 0.5, 0.5, 0.5, 0.5, 0.5, 0.5, 0.5, 0.5], "split3_test_score": [1.0, 1.0, 1.0, 1.0, 1.0, 1.0, 1.0, 1.0, 1.0, 1.0, 1.0], "split4_test_score": [1.0, 1.0, 1.0, 1.0, 1.0, 1.0, 1.0, 1.0, 1.0, 1.0, 1.0], "split5_test_score": [1.0, 1.0, 1.0, 1.0, 1.0, 1.0, 1.0, 1.0, 1.0, 1.0, 1.0], "split6_test_score": [0.5, 0.5, 0.5, 0.5, 0.5, 0.5, 0.5, 0.5, 0.5, 0.5, 0.5], "split7_test_score": [0.5833333333333333, 0.5833333333333333, 0.5833333333333333, 0.5833333333333333, 0.5833333333333333, 0.5833333333333333, 0.5833333333333333, 0.5833333333333333, 0.5833333333333333, 0.5833333333333333, 0.5833333333333333], "split8_test_score": [1.0, 1.0, 1.0, 1.0, 1.0, 1.0, 1.0, 1.0, 1.0, 1.0, 1.0], "split9_test_score": [1.0, 1.0, 1.0, 1.0, 1.0, 1.0, 1.0, 1.0, 1.0, 1.0, 1.0], "split10_test_score": [1.0, 1.0, 1.0, 1.0, 1.0, 1.0, 1.0, 1.0, 1.0, 1.0, 1.0], "split11_test_score": [1.0, 1.0, 1.0, 1.0, 1.0, 1.0, 1.0, 1.0, 1.0, 1.0, 1.0], "split12_test_score": [1.0, 1.0, 1.0, 1.0, 1.0, 1.0, 1.0, 1.0, 1.0, 1.0, 1.0]}}