{"optimal_n": 6, "ranked": [[1, "edgesCount"], [1, "edgesToVerticesRatio"], [1, "globalInput"], [1, "lackOfCohesion"], [1, "maxPdgVertices"], [1, "verticesCount"], [2, "indirectFanOut"], [3, "directFanOut"], [4, "indirectFanIn"], [5, "directFanIn"], [6, "globalOutput"]], "selected": ["maxPdgVertices", "lackOfCohesion", "verticesCount", "edgesCount", "edgesToVerticesRatio", "globalInput"], "scores": {"mean_test_score": [0.806810953548086, 0.8462082749766573, 0.848812441643324, 0.8480683940242764, 0.8566125408496732, 0.8606770833333334, 0.860639880952381, 0.858172123015873, 0.8585565476190476, 0.8595486111111111, 0.8598958333333333], "std_test_score": [0.14922387009991167, 0.12373928098390315, 0.12118471714370424, 0.12221597833863981, 0.11169959649803368, 0.10566311537208728, 0.10380480597301325, 0.11113129862735409, 0.10816226434082865, 0.10584512889027717, 0.1049381360978123], "split0_test_score": [0.8333333333333333, 0.8333333333333333, 0.8333333333333333, 0.8333333333333333, 0.8333333333333333, 0.8333333333333333, 0.8333333333333333, 0.8333333333333333, 0.8333333333333333, 0.8333333333333333, 0.8333333333333333], "split1_test_score": [0.8333333333333333, 0.8333333333333333, 0.8333333333333333, 0.8333333333333333, 0.8333333333333333, 0.8333333333333333, 0.8333333333333333, 0.8333333333333333, 0.8333333333333333, 0.8333333333333333, 0.8333333333333333], "split2_test_score": [0.8333333333333333, 0.8333333333333333, 0.8333333333333333, 0.8333333333333333, 0.8333333333333333, 0.8333333333333333, 0.8333333333333333, 0.8333333333333333, 0.8333333333333333, 0.8333333333333333, 0.8333333333333333], "split3_test_score": [0.8333333333333333, 0.8333333333333333, 0.8333333333333333, 0.8333333333333333, 0.8333333333333333, 0.8333333333333333, 0.8333333333333333, 0.8333333333333333, 0.8333333333333333, 0.8333333333333333, 0.8333333333333333], "split4_test_score": [0.8333333333333333, 0.8333333333333333, 0.8333333333333333, 0.8333333333333333, 0.8333333333333333, 0.8333333333333333, 0.8333333333333333, 0.8333333333333333, 0.8333333333333333, 0.8333333333333333, 0.8333333333333333], "split5_test_score": [0.8333333333333333, 0.8333333333333333, 0.8333333333333333, 0.8333333333333333, 0.8333333333333333, 0.8333333333333333, 0.8333333333333333, 0.8333333333333333, 0.8333333333333333, 0.8333333333333333, 0.8333333333333333], "split6_test_score": [0.8333333333333333, 0.8333333333333333, 0.8333333333333333, 0.8333333333333333, 0.8333333333333333, 0.8333333333333333, 0.8333333333333333, 0.8333333333333333, 0.8333333333333333, 0.8333333333333333, 0.8333333333333333], "split7_test_score": [0.8333333333333333, 0.8333333333333333, 0.8333333333333333, 0.8333333333333333, 0.8333333333333333, 0.8333333333333333, 0.8333333333333333, 0.8333333333333333, 0.8333333333333333, 0.8333333333333333, 0.8333333333333333], "split8_test_score": [0.8333333333333333, 0.8333333333333333, 0.8333333333333333, 0.8333333333333333, 0.8333333333333333, 0.8333333333333333, 0.8333333333333333, 0.8333333333333333, 0.8333333333333333, 0.8333333333333333, 0.8333333333333333], "split9_test_score": [0.5, 0.75, 0.8333333333333333, 0.8333333333333333, 0.8333333333333333, 0.8333333333333333, 0.8333333333333333, 0.8333333333333333, 0.8333333333333333, 0.8333333333333333, 0.8333333333333333], "split10_test_score": [0.8333333333333333, 0.8333333333333333, 0.8333333333333333, 0.8333333333333333, 0.8333333333333333, 0.8333333333333333, 0.8333333333333333, 0.8333333333333333, 0.8333333333333333, 0.8333333333333333, 0.8333333333333333], "split11_test_score": [0.6555555555555554, 0.6555555555555554, 0.6555555555555554, 0.6555555555555554, 0.7555555555555555, 0.8055555555555556, 0.7555555555555555, 0.8055555555555556, 0.7555555555555555, 0.7555555555555555, 0.7555555555555555], "split12_test_score": [0.7083333333333333, 0.6678571428571428, 0.6916666666666667, 0.6678571428571429, 0.6678571428571429, 0.6678571428571428, 0.6916666666666667, 0.6916666666666667, 0.6678571428571428, 0.6678571428571428, 0.6678571428571428], "split13_test_score": [0.5178571428571428, 0.5178571428571428, 0.5178571428571428, 0.5178571428571428, 0.5972222222222222, 0.6111111111111112, 0.6361111111111111, 0.6071428571428572, 0.5932539682539683, 0.625, 0.65], "split14_test_score": [0.7083333333333333, 0.9166666666666666, 0.9166666666666666, 0.9166666666666666, 0.9166666666666666, 0.9166666666666666, 0.9166666666666666, 0.9166666666666666, 0.9166666666666666, 0.9166666666666666, 0.9166666666666666], "split15_test_score": [0.5107142857142857, 0.8928571428571428, 0.8928571428571428, 0.8928571428571428, 0.8928571428571428, 0.8928571428571428, 0.8928571428571428, 0.8928571428571428, 0.8928571428571428, 0.8928571428571428, 0.8928571428571428], "split16_test_score": [0.5107142857142857, 0.9166666666666666, 0.8928571428571428, 0.8928571428571428, 0.8928571428571428, 0.8928571428571428, 0.8928571428571428, 0.8928571428571428, 0.8928571428571428, 0.8928571428571428, 0.8928571428571428], "split17_test_score": [0.7083333333333333, 0.9166666666666666, 0.9166666666666666, 0.9166666666666666, 0.9166666666666666, 0.9166666666666666, 0.9166666666666666, 0.9166666666666666, 0.9166666666666666, 0.9166666666666666, 0.9166666666666666], "split18_test_score": [0.9166666666666666, 0.9166666666666666, 0.9166666666666666, 0.9166666666666666, 0.9166666666666666, 0.9166666666666666, 0.9166666666666666, 0.9166666666666666, 0.9166666666666666, 0.9166666666666666, 0.9166666666666666], "split19_test_score": [0.9166666666666666, 0.9166666666666666, 0.9166666666666666, 0.9166666666666666, 0.9166666666666666, 0.9166666666666666, 0.9166666666666666, 0.9166666666666666, 0.9166666666666666, 0.9166666666666666, 0.9166666666666666], "split20_test_score": [0.9166666666666666, 0.9166666666666666, 0.9166666666666666, 0.9166666666666666, 0.9166666666666666, 0.9166666666666666, 0.9166666666666666, 0.9166666666666666, 0.9166666666666666, 0.9166666666666666, 0.9166666666666666], "split21_test_score": [0.8857142857142857, 0.8857142857142857, 0.8857142857142857, 0.8857142857142857, 0.8857142857142857, 0.8857142857142857, 0.8857142857142857, 0.8857142857142857, 0.8857142857142857, 0.8857142857142857, 0.8857142857142857], "split22_test_score": [0.8857142857142857, 0.8857142857142857, 0.8857142857142857, 0.8857142857142857, 0.8857142857142857, 0.8857142857142857, 0.8857142857142857, 0.8857142857142857, 0.8857142857142857, 0.8857142857142857, 0.8857142857142857], "split23_test_score": [0.7023809523809523, 0.5773809523809523, 0.5773809523809523, 0.5773809523809523, 0.5773809523809523, 0.5773809523809523, 0.5773809523809523, 0.5773809523809523, 0.5773809523809523, 0.5773809523809523, 0.5773809523809523], "split24_test_score": [0.6873949579831933, 0.6207282913165266, 0.6207282913165266, 0.6207282913165266, 0.6207282913165266, 0.6869047619047619, 0.6869047619047619, 0.5869047619047619, 0.6869047619047619, 0.6869047619047619, 0.6730158730158731], "split25_test_score": [0.7535714285714286, 0.7916666666666665, 0.7916666666666665, 0.7916666666666665, 0.8857142857142857, 0.8857142857142857, 0.8857142857142857, 0.8857142857142857, 0.8857142857142857, 0.8857142857142857, 0.8857142857142857], "split26_test_score": [1.0, 1.0, 1.0, 1.0, 1.0, 1.0, 1.0, 1.0, 1.0, 1.0, 1.0], "split27_test_score": [1.0, 1.0, 1.0, 1.0, 1.0, 1.0, 1.0, 1.0, 1.0, 1.0, 1.0], "split28_test_score": [1.0, 1.0, 1.0, 1.0, 1.0, 1.0, 1.0, 1.0, 1.0, 1.0, 1.0], "split29_test_score": [1.0, 1.0, 1.0, 1.0, 1.0, 1.0, 1.0, 1.0, 1.0, 1.0, 1.0], "split30_test_score": [1.0, 1.0, 1.0, 1.0, 1.0, 1.0, 1.0, 1.0, 1.0, 1.0, 1.0], "split31_test_score": [1.0, 1.0, 1.0, 1.0, 1.0, 1.0, 1.0, 1.0, 1.0, 1.0, 1.0]}}