{"split0_index": [5, 6, 7, 8, 9], "split0_pred": [1, 0, 1, 0, 0], "split0_test": [1, 0, 1, 0, 0], "split0_notXOR": [1, 1, 1, 1, 1], "split0_prob": [0.94, 0.15, 0.83, 0.18, 0.32], "split1_index": [10, 11, 12, 13, 14], "split1_pred": [1, 0, 1, 0, 0], "split1_test": [1, 0, 1, 0, 0], "split1_notXOR": [1, 1, 1, 1, 1], "split1_prob": [0.96, 0.01, 1.0, 0.07, 0.09], "split2_index": [15, 16, 17, 18, 19], "split2_pred": [1, 1, 1, 0, 0], "split2_test": [1, 0, 1, 0, 0], "split2_notXOR": [1, 0, 1, 1, 1], "split2_prob": [1.0, 0.69, 0.99, 0.03, 0.03], "split3_index": [20, 21, 22, 23, 24], "split3_pred": [1, 0, 1, 0, 0], "split3_test": [1, 0, 1, 0, 0], "split3_notXOR": [1, 1, 1, 1, 1], "split3_prob": [1.0, 0.24, 1.0, 0.0, 0.01], "split4_index": [25, 26, 27, 28, 29], "split4_pred": [1, 0, 1, 0, 0], "split4_test": [1, 0, 1, 0, 0], "split4_notXOR": [1, 1, 1, 1, 1], "split4_prob": [1.0, 0.1, 1.0, 0.0, 0.0], "split5_index": [30, 31, 32, 33, 34], "split5_pred": [1, 0, 1, 0, 0], "split5_test": [1, 0, 1, 0, 0], "split5_notXOR": [1, 1, 1, 1, 1], "split5_prob": [1.0, 0.01, 1.0, 0.0, 0.01], "split6_index": [35, 36, 37, 38, 39], "split6_pred": [1, 0, 1, 0, 0], "split6_test": [1, 0, 1, 0, 0], "split6_notXOR": [1, 1, 1, 1, 1], "split6_prob": [1.0, 0.02, 1.0, 0.0, 0.0], "split7_index": [40, 41, 42, 43, 44], "split7_pred": [1, 0, 1, 0, 0], "split7_test": [1, 0, 1, 0, 0], "split7_notXOR": [1, 1, 1, 1, 1], "split7_prob": [1.0, 0.0, 1.0, 0.0, 0.0], "split8_index": [45, 46, 47, 48, 49], "split8_pred": [1, 0, 1, 0, 0], "split8_test": [1, 0, 1, 0, 0], "split8_notXOR": [1, 1, 1, 1, 1], "split8_prob": [1.0, 0.01, 1.0, 0.0, 0.0], "split9_index": [50, 51, 52, 53, 54], "split9_pred": [1, 0, 1, 0, 0], "split9_test": [1, 0, 1, 0, 0], "split9_notXOR": [1, 1, 1, 1, 1], "split9_prob": [1.0, 0.0, 1.0, 0.0, 0.0], "split10_index": [55, 56, 57, 58, 59, 60, 61, 62, 63, 64], "split10_pred": [0, 1, 0, 0, 0, 0, 1, 0, 0, 0], "split10_test": [0, 0, 1, 0, 0, 1, 1, 0, 0, 0], "split10_notXOR": [1, 0, 0, 1, 1, 0, 1, 1, 1, 1], "split10_prob": [0.21, 1.0, 0.0, 0.0, 0.0, 0.01, 1.0, 0.21, 0.01, 0.0], "split11_index": [65, 66, 67, 68, 69, 70, 71, 72, 73, 74], "split11_pred": [0, 1, 1, 0, 0, 1, 1, 0, 0, 0], "split11_test": [0, 0, 1, 0, 0, 1, 1, 0, 0, 0], "split11_notXOR": [1, 0, 1, 1, 1, 1, 1, 1, 1, 1], "split11_prob": [0.01, 0.9432338789218886, 0.91, 0.0, 0.06, 0.91, 0.9432338789218886, 0.0, 0.32, 0.0], "split12_index": [75, 76, 77, 78, 79, 80, 81, 82, 83, 84, 85], "split12_pred": [1, 1, 0, 1, 1, 1, 1, 0, 1, 1, 0], "split12_test": [0, 0, 1, 0, 0, 0, 1, 0, 0, 0, 0], "split12_notXOR": [0, 0, 0, 0, 0, 0, 1, 1, 0, 0, 1], "split12_prob": [0.9093344267003595, 0.67, 0.33, 0.67, 1.0, 0.9093344267003595, 0.9093344267003595, 0.0, 0.9093344267003595, 0.6, 0.0], "split13_index": [86, 87, 88, 89, 90, 91, 92, 93, 94, 95, 96], "split13_pred": [1, 0, 1, 0, 1, 1, 1, 0, 1, 0, 0], "split13_test": [0, 0, 1, 0, 0, 0, 1, 0, 0, 0, 1], "split13_notXOR": [0, 1, 1, 1, 0, 0, 1, 1, 0, 1, 0], "split13_prob": [0.8180593394096596, 0.05, 0.9883333333333334, 0.07, 0.8528827561327559, 0.8180593394096596, 0.8180593394096596, 0.0, 0.8180593394096596, 0.056805555555555554, 0.18], "split14_index": [97, 98, 99, 100, 101, 102, 103, 104, 105, 106, 107], "split14_pred": [1, 0, 1, 0, 1, 1, 1, 0, 1, 0, 0], "split14_test": [0, 0, 1, 0, 0, 0, 1, 0, 0, 0, 1], "split14_notXOR": [0, 1, 1, 1, 0, 0, 1, 1, 0, 1, 0], "split14_prob": [0.7726678783809073, 0.03, 0.7321724386724386, 0.04, 0.7413015236397588, 0.7726678783809073, 0.7726678783809073, 0.0, 0.7726678783809073, 0.012142857142857144, 0.15], "split15_index": [108, 109, 110, 111, 112, 113, 114, 115, 116, 117, 118], "split15_pred": [1, 0, 1, 0, 1, 1, 1, 1, 1, 0, 1], "split15_test": [0, 0, 1, 0, 0, 0, 1, 1, 0, 1, 1], "split15_notXOR": [0, 1, 1, 1, 0, 0, 1, 1, 0, 0, 1], "split15_prob": [0.7299648367132228, 0.0, 0.8318961038961038, 0.0, 0.6918004144977827, 0.7299648367132228, 0.7299648367132228, 0.77225, 0.7299648367132228, 0.0, 0.92], "split16_index": [119, 120, 121, 122, 123, 124, 125, 126, 127, 128, 129], "split16_pred": [1, 0, 1, 0, 1, 1, 1, 1, 1, 0, 1], "split16_test": [0, 0, 1, 0, 0, 0, 1, 1, 0, 1, 1], "split16_notXOR": [0, 1, 1, 1, 0, 0, 1, 1, 0, 0, 1], "split16_prob": [0.663668235941007, 0.0, 0.9841666666666667, 0.0, 0.6101068957702085, 0.663668235941007, 0.663668235941007, 0.9941666666666668, 0.663668235941007, 0.3814325396825397, 0.93], "split17_index": [130, 131, 132, 133, 134, 135, 136, 137, 138, 139, 140, 141], "split17_pred": [1, 0, 1, 0, 1, 1, 1, 1, 1, 0, 1, 1], "split17_test": [0, 0, 1, 0, 0, 0, 1, 1, 0, 0, 1, 1], "split17_notXOR": [0, 1, 1, 1, 0, 0, 1, 1, 0, 1, 1, 1], "split17_prob": [0.6370428192837029, 0.01, 0.9957142857142857, 0.0, 0.5589882552088434, 0.6370428192837029, 0.6370428192837029, 1.0, 0.6370428192837029, 0.05457142857142856, 0.5105988455988457, 0.99], "split18_index": [142, 143, 144, 145, 146, 147, 148, 149, 150, 151, 152, 153], "split18_pred": [1, 0, 1, 0, 0, 1, 1, 1, 1, 0, 0, 1], "split18_test": [0, 0, 1, 0, 0, 0, 1, 1, 0, 0, 1, 1], "split18_notXOR": [0, 1, 1, 1, 1, 0, 1, 1, 0, 1, 0, 1], "split18_prob": [0.6212185203664684, 0.0, 1.0, 0.2589747474747475, 0.0, 0.6212185203664684, 0.6212185203664684, 1.0, 0.6212185203664684, 0.03097943722943723, 0.2017954545454545, 1.0], "split19_index": [154, 155, 156, 157, 158, 159, 160, 161, 162, 163, 164, 165], "split19_pred": [1, 0, 1, 0, 0, 1, 1, 1, 1, 0, 1, 1], "split19_test": [0, 0, 1, 0, 0, 0, 1, 1, 0, 0, 1, 1], "split19_notXOR": [0, 1, 1, 1, 1, 0, 1, 1, 0, 1, 1, 1], "split19_prob": [0.595371896760444, 0.0, 1.0, 0.08347619047619048, 0.0, 0.595371896760444, 0.595371896760444, 1.0, 0.595371896760444, 0.01, 0.9153354978354977, 1.0], "split20_index": [166, 167, 168, 169, 170, 171, 172, 173, 174, 175, 176, 177], "split20_pred": [1, 0, 1, 0, 0, 1, 1, 1, 1, 0, 1, 1], "split20_test": [0, 0, 1, 0, 0, 0, 1, 1, 0, 0, 1, 1], "split20_notXOR": [0, 1, 1, 1, 1, 0, 1, 1, 0, 1, 1, 1], "split20_prob": [0.5729382343436498, 0.0, 1.0, 0.02125, 0.0, 0.5729382343436498, 0.5729382343436498, 1.0, 0.5729382343436498, 0.32311043239526216, 0.9814285714285714, 1.0], "split21_index": [178, 179, 180, 181, 182, 183, 184, 185, 186, 187, 188, 189, 190], "split21_pred": [1, 0, 1, 0, 0, 1, 1, 1, 1, 0, 0, 1, 1], "split21_test": [0, 0, 1, 1, 0, 0, 1, 1, 1, 1, 1, 0, 1], "split21_notXOR": [0, 1, 1, 0, 1, 0, 1, 1, 1, 0, 0, 0, 1], "split21_prob": [0.5537580782637483, 0.0, 1.0, 0.07829473304473306, 0.0, 0.5537580782637483, 0.5537580782637483, 1.0, 0.5537580782637483, 0.006666666666666666, 0.22699031524031527, 0.5537580782637483, 0.8208392711093334], "split22_index": [191, 192, 193, 194, 195, 196, 197, 198, 199, 200, 201, 202, 203], "split22_pred": [1, 1, 1, 1, 0, 1, 1, 0, 1, 1, 1, 1, 1], "split22_test": [0, 0, 1, 0, 0, 0, 1, 1, 1, 1, 1, 0, 0], "split22_notXOR": [0, 0, 1, 0, 1, 0, 1, 0, 1, 1, 1, 0, 0], "split22_prob": [0.532530734920764, 0.532530734920764, 1.0, 0.7857142857142858, 0.0, 0.532530734920764, 0.532530734920764, 0.45044191919191917, 0.532530734920764, 0.7296688311688311, 0.8867460317460316, 0.532530734920764, 0.876043088490457], "split23_index": [204, 205, 206, 207, 208, 209, 210, 211, 212, 213, 214, 215, 216], "split23_pred": [0, 0, 1, 0, 0, 0, 0, 1, 0, 1, 1, 0, 1], "split23_test": [0, 0, 1, 0, 0, 0, 1, 1, 1, 0, 1, 0, 0], "split23_notXOR": [1, 1, 1, 1, 1, 1, 0, 1, 0, 0, 1, 1, 0], "split23_prob": [0.4994534051749451, 0.4994534051749451, 1.0, 0.31, 0.0, 0.4994534051749451, 0.4994534051749451, 0.7847794117647058, 0.4994534051749451, 0.872, 0.96625, 0.4994534051749451, 0.549763157894737]}