{"split0_index": [12, 13, 14, 15, 16, 17, 18, 19, 20, 21, 22, 23], "split0_pred": [1, 0, 1, 0, 1, 1, 1, 1, 1, 1, 1, 1], "split0_test": [1, 0, 1, 1, 0, 0, 1, 1, 1, 1, 1, 1], "split0_notXOR": [1, 1, 1, 0, 0, 0, 1, 1, 1, 1, 1, 1], "split0_prob": [0.7904465635518176, 0.3779677390209662, 0.5428214712153384, 0.4714987544614905, 0.5448549650426514, 0.5230042176173533, 0.7904465635518176, 0.7904465635518176, 0.5050226264439346, 0.6108727434491014, 0.506329115711064, 0.560393063875327], "split1_index": [24, 25, 26, 27, 28, 29, 30, 31, 32, 33, 34, 35], "split1_pred": [1, 0, 0, 0, 0, 0, 1, 1, 0, 0, 0, 1], "split1_test": [1, 0, 1, 0, 0, 0, 1, 1, 1, 1, 1, 1], "split1_notXOR": [1, 1, 0, 1, 1, 1, 1, 1, 0, 0, 0, 1], "split1_prob": [0.7646980060615165, 0.22222858002322415, 0.42630939465881706, 0.15974506631411742, 0.4420235180580913, 0.4790196988186985, 0.7646980060615165, 0.7646980060615165, 0.4790196988186985, 0.07344706264287612, 0.334450707141939, 0.5140419346591506], "split2_index": [36, 37, 38, 39, 40, 41, 42, 43, 44, 45, 46, 47], "split2_pred": [1, 0, 1, 0, 1, 1, 1, 1, 0, 0, 1, 1], "split2_test": [1, 0, 0, 0, 0, 0, 1, 1, 1, 1, 1, 1], "split2_notXOR": [1, 1, 0, 1, 0, 0, 1, 1, 0, 0, 1, 1], "split2_prob": [0.7063651627441364, 0.2945475012639814, 0.5207182987273298, 0.39315890286361377, 0.5294522241883486, 0.5088623223272811, 0.7063651627441364, 0.7063651627441364, 0.4508100929862141, 0.42116015095988746, 0.5086192591887253, 0.535991145793079], "split3_index": [48, 49, 50, 51, 52, 53, 54, 55, 56, 57, 58, 59, 60], "split3_pred": [1, 0, 0, 0, 0, 0, 0, 1, 1, 0, 0, 0, 1], "split3_test": [1, 0, 0, 0, 0, 0, 0, 1, 1, 1, 1, 1, 1], "split3_notXOR": [1, 1, 1, 1, 1, 1, 1, 1, 1, 0, 0, 0, 1], "split3_prob": [0.842109365429727, 0.11082291411165196, 0.3803293833689478, 0.20638584381378222, 0.052297969152958534, 0.4691476954586649, 0.4813470945882153, 0.842109365429727, 0.842109365429727, 0.4813470945882153, 0.015132970468379626, 0.4030229481432668, 0.5415679258690225], "split4_index": [61, 62, 63, 64, 65, 66, 67, 68, 69, 70, 71, 72, 73], "split4_pred": [1, 0, 0, 0, 0, 1, 0, 1, 1, 0, 0, 0, 1], "split4_test": [1, 0, 0, 0, 0, 0, 0, 1, 1, 1, 1, 1, 1], "split4_notXOR": [1, 1, 1, 1, 1, 0, 1, 1, 1, 0, 0, 0, 1], "split4_prob": [0.8197284707029856, 0.19423237045768968, 0.48449116631979083, 0.3017780336117203, 0.2160753850587758, 0.5040115111311299, 0.46547683339462226, 0.8197284707029856, 0.8197284707029856, 0.2996808165466722, 0.2697485539874102, 0.4625011246163796, 0.5186470005368413], "split5_index": [74, 75, 76, 77, 78, 79, 80, 81, 82, 83, 84, 85, 86], "split5_pred": [1, 0, 0, 0, 0, 1, 0, 1, 1, 0, 0, 0, 1], "split5_test": [1, 0, 0, 0, 0, 0, 1, 1, 1, 1, 1, 1, 1], "split5_notXOR": [1, 1, 1, 1, 1, 0, 0, 1, 1, 0, 0, 0, 1], "split5_prob": [0.8348028297752815, 0.20250077763324392, 0.47839550095440614, 0.29126089416394824, 0.2474188095857684, 0.5270031994825876, 0.4766621070154066, 0.8348028297752815, 0.8348028297752815, 0.35281181147017043, 0.26278333333902365, 0.4487017506944278, 0.5451489811229734], "split6_index": [87, 88, 89, 90, 91, 92, 93, 94, 95, 96, 97, 98, 99], "split6_pred": [1, 0, 0, 0, 0, 1, 1, 1, 1, 0, 0, 0, 1], "split6_test": [1, 0, 0, 0, 0, 0, 1, 1, 1, 1, 1, 1, 1], "split6_notXOR": [1, 1, 1, 1, 1, 0, 1, 1, 1, 0, 0, 0, 1], "split6_prob": [0.8448864743794615, 0.170055008107951, 0.454255817254378, 0.2959095282195806, 0.25062394780835257, 0.5274591922334126, 0.5089034352021138, 0.8448864743794615, 0.8448864743794615, 0.3108673108677093, 0.26976316798027783, 0.45811887038288523, 0.538559614488714], "split7_index": [100, 101, 102, 103, 104, 105, 106, 107, 108, 109, 110, 111, 112], "split7_pred": [1, 0, 0, 0, 0, 1, 0, 1, 1, 0, 0, 0, 1], "split7_test": [1, 0, 0, 0, 0, 0, 1, 1, 1, 1, 1, 1, 1], "split7_notXOR": [1, 1, 1, 1, 1, 0, 0, 1, 1, 0, 0, 0, 1], "split7_prob": [0.8658087008418173, 0.1548655919901218, 0.4343192065164061, 0.273189107650905, 0.24038068544486518, 0.5229274988672941, 0.4945294484006716, 0.8658087008418173, 0.8658087008418173, 0.33244712641549123, 0.21295953531263412, 0.4413288415682216, 0.5379487448903107], "split8_index": [113, 114, 115, 116, 117, 118, 119, 120, 121, 122, 123, 124, 125, 126], "split8_pred": [1, 0, 0, 0, 0, 0, 1, 0, 1, 1, 0, 0, 0, 1], "split8_test": [1, 0, 0, 0, 1, 0, 0, 1, 1, 1, 1, 1, 1, 1], "split8_notXOR": [1, 1, 1, 1, 0, 1, 0, 0, 1, 1, 0, 0, 0, 1], "split8_prob": [0.8853761326020324, 0.033844767959667524, 0.4870508100278603, 0.4513051743229542, 0.21877741307139315, 0.10289467100591294, 0.5371164028277062, 0.48436361244958476, 0.8853761326020324, 0.8853761326020324, 0.13366890675392434, 0.09466625057389617, 0.4513051743229542, 0.5459710491518811], "split9_index": [127, 128, 129, 130, 131, 132, 133, 134, 135, 136, 137, 138, 139, 140], "split9_pred": [1, 0, 0, 0, 0, 0, 1, 0, 1, 1, 0, 0, 0, 1], "split9_test": [1, 0, 0, 0, 1, 0, 0, 1, 1, 1, 1, 1, 1, 1], "split9_notXOR": [1, 1, 1, 1, 0, 1, 0, 0, 1, 1, 0, 0, 0, 1], "split9_prob": [0.8821486837122721, 0.09086383873226787, 0.4767899357991352, 0.4583548921231874, 0.2703235402649468, 0.19242506658904127, 0.522531774099256, 0.48705638300047416, 0.8821486837122721, 0.8821486837122721, 0.2570159494999117, 0.16973457672640085, 0.4583548921231874, 0.5280049532480247], "split10_index": [141, 142, 143, 144, 145, 146, 147, 148, 149, 150, 151, 152, 153, 154], "split10_pred": [1, 0, 0, 0, 0, 0, 1, 0, 1, 1, 0, 0, 0, 1], "split10_test": [1, 0, 0, 0, 1, 0, 0, 1, 1, 1, 1, 1, 1, 1], "split10_notXOR": [1, 1, 1, 1, 0, 1, 0, 0, 1, 1, 0, 0, 0, 1], "split10_prob": [0.8767689078759264, 0.12282778345815513, 0.47547345534040614, 0.46703160835028124, 0.2968710986889589, 0.23469873289947116, 0.5102200716453266, 0.4979863550021042, 0.8767689078759264, 0.8767689078759264, 0.25634212033315334, 0.32492838582515676, 0.47031524732237084, 0.5133790045329935], "split11_index": [155, 156, 157, 158, 159, 160, 161, 162, 163, 164, 165, 166, 167, 168], "split11_pred": [1, 0, 0, 0, 0, 0, 1, 0, 1, 1, 0, 0, 0, 1], "split11_test": [1, 0, 0, 0, 1, 0, 0, 1, 1, 1, 1, 1, 1, 1], "split11_notXOR": [1, 1, 1, 1, 0, 1, 0, 0, 1, 1, 0, 0, 0, 1], "split11_prob": [0.8889559364523847, 0.1302099977319181, 0.48308070098366795, 0.45638480040244606, 0.2992200363372888, 0.22128596954308324, 0.5177080830535384, 0.4875306731574302, 0.8889559364523847, 0.8889559364523847, 0.3061531975077364, 0.1838342911187807, 0.45638480040244594, 0.5225458503955356], "split12_index": [169, 170, 171, 172, 173, 174, 175, 176, 177, 178, 179, 180, 181, 182], "split12_pred": [1, 0, 0, 0, 0, 0, 1, 0, 1, 1, 0, 0, 0, 1], "split12_test": [1, 0, 0, 0, 1, 0, 0, 1, 1, 1, 1, 1, 1, 1], "split12_notXOR": [1, 1, 1, 1, 0, 1, 0, 0, 1, 1, 0, 0, 0, 1], "split12_prob": [0.8878631792539289, 0.1306680135180507, 0.4734460928395833, 0.466848696784946, 0.30147376826830796, 0.25933292450467393, 0.5181271626146563, 0.49771245399405334, 0.8878631792539289, 0.8878631792539289, 0.320115216393357, 0.27144813539300244, 0.4695150842451614, 0.5221854455956696], "split13_index": [183, 184, 185, 186, 187, 188, 189, 190, 191, 192, 193, 194, 195, 196], "split13_pred": [1, 0, 0, 0, 0, 0, 1, 0, 1, 1, 0, 0, 0, 1], "split13_test": [1, 0, 0, 0, 1, 0, 0, 1, 1, 1, 1, 1, 1, 1], "split13_notXOR": [1, 1, 1, 1, 0, 1, 0, 0, 1, 1, 0, 0, 0, 1], "split13_prob": [0.88997489062763, 0.14485264440943846, 0.4659243011406978, 0.46317812423025656, 0.3041087892745906, 0.28285544750147357, 0.510412224027387, 0.4978739296247661, 0.88997489062763, 0.88997489062763, 0.3328961047248453, 0.33054382248358244, 0.46842186222069604, 0.5144589999726252], "split14_index": [197, 198, 199, 200, 201, 202, 203, 204, 205, 206, 207, 208, 209, 210], "split14_pred": [1, 0, 0, 0, 0, 0, 1, 1, 1, 1, 0, 0, 0, 1], "split14_test": [1, 0, 0, 0, 1, 0, 0, 1, 1, 1, 1, 1, 1, 1], "split14_notXOR": [1, 1, 1, 1, 0, 1, 0, 1, 1, 1, 0, 0, 0, 1],