{"split0_index": [11, 12, 13, 14, 15, 16, 17, 18, 19, 20, 21], "split0_pred": [0, 0, 0, 0, 0, 0, 0, 0, 0, 0, 0], "split0_test": [0, 0, 0, 0, 1, 1, 0, 0, 0, 0, 0], "split0_notXOR": [1, 1, 1, 1, 0, 0, 1, 1, 1, 1, 1], "split0_prob": [0.5, 0.5, 0.5, 0.5, 0.5, 0.5, 0.5, 0.5, 0.5, 0.5, 0.5], "split1_index": [22, 23, 24, 25, 26, 27, 28, 29, 30, 31, 32, 33], "split1_pred": [1, 1, 1, 1, 1, 1, 1, 1, 0, 1, 0, 1], "split1_test": [0, 0, 0, 0, 0, 1, 1, 0, 0, 0, 0, 0], "split1_notXOR": [0, 0, 0, 0, 0, 1, 1, 0, 1, 0, 1, 0], "split1_prob": [0.5085363858480357, 0.5085363858480357, 0.7931408620559351, 0.999982427275868, 0.8557653429198153, 0.5085363858480357, 0.5085363858480357, 0.5085363858480357, 0.002051389352892797, 0.6155626863363404, 0.21829555134461825, 0.5085363858480357], "split2_index": [34, 35, 36, 37, 38, 39, 40, 41, 42, 43, 44, 45], "split2_pred": [1, 1, 1, 1, 0, 1, 0, 1, 0, 0, 0, 1], "split2_test": [0, 0, 0, 0, 0, 1, 0, 0, 0, 0, 0, 0], "split2_notXOR": [0, 0, 0, 0, 1, 1, 1, 0, 1, 1, 1, 0], "split2_prob": [0.5569385569698005, 0.5569385569698005, 0.5569385569698005, 0.5569385569698005, 0.13739877434154588, 0.5569385569698005, 0.08912116404919677, 0.5569385569698005, 0.10199784238282428, 0.10060313082085048, 0.13739877434154588, 0.5569385569698005], "split3_index": [46, 47, 48, 49, 50, 51, 52, 53, 54, 55, 56, 57], "split3_pred": [0, 1, 0, 1, 0, 0, 0, 0, 0, 0, 0, 0], "split3_test": [0, 0, 0, 0, 0, 1, 0, 0, 0, 0, 0, 0], "split3_notXOR": [1, 0, 1, 0, 1, 0, 1, 1, 1, 1, 1, 1], "split3_prob": [0.07505786296566772, 0.5779969453082937, 0.061512676470342774, 0.5779969453082937, 0.07694734313323084, 0.06791927910329369, 0.05988174124279198, 0.094772522039318, 0.06383343883791899, 0.09248919359275158, 0.094772522039318, 0.09710618847744569], "split4_index": [58, 59, 60, 61, 62, 63, 64, 65, 66, 67, 68, 69], "split4_pred": [0, 1, 1, 1, 0, 0, 1, 0, 0, 0, 0, 1], "split4_test": [0, 0, 0, 0, 0, 1, 0, 0, 0, 0, 0, 0], "split4_notXOR": [1, 0, 0, 0, 1, 0, 0, 1, 1, 1, 1, 0], "split4_prob": [0.26383132547611443, 0.5935693972090855, 0.5935693972090855, 0.5935693972090855, 0.24413398964409144, 0.3520229753855535, 0.5935693972090855, 0.2078157456777727, 0.26383132547611443, 0.22545685821274802, 0.2078157456777727, 0.5935693972090855], "split5_index": [70, 71, 72, 73, 74, 75, 76, 77, 78, 79, 80, 81], "split5_pred": [1, 1, 1, 1, 1, 1, 1, 1, 0, 1, 1, 1], "split5_test": [0, 0, 0, 0, 0, 1, 0, 0, 0, 0, 0, 0], "split5_notXOR": [0, 0, 0, 0, 0, 1, 0, 0, 1, 0, 0, 0], "split5_prob": [0.5788754106078908, 0.5788754106078908, 0.5788754106078908, 0.5788754106078908, 0.5788754106078908, 0.5788754106078908, 0.5788754106078908, 0.5788754106078908, 0.4066361403347568, 0.5788754106078908, 0.5788754106078908, 0.5788754106078908], "split6_index": [82, 83, 84, 85, 86, 87, 88, 89, 90, 91, 92, 93], "split6_pred": [0, 0, 0, 0, 0, 0, 0, 0, 0, 0, 0, 0], "split6_test": [0, 0, 0, 0, 0, 1, 0, 0, 0, 0, 0, 0], "split6_notXOR": [1, 1, 1, 1, 1, 0, 1, 1, 1, 1, 1, 1], "split6_prob": [0.46773506547206284, 0.46773506547206284, 0.46773506547206284, 0.46773506547206284, 0.46773506547206284, 0.46773506547206284, 0.46773506547206284, 0.46773506547206284, 0.46773506547206284, 0.46773506547206284, 0.46773506547206284, 0.46773506547206284], "split7_index": [94, 95, 96, 97, 98, 99, 100, 101, 102, 103, 104, 105], "split7_pred": [1, 1, 1, 1, 1, 1, 1, 0, 1, 0, 0, 1], "split7_test": [0, 0, 0, 0, 0, 1, 0, 0, 0, 0, 0, 0], "split7_notXOR": [0, 0, 0, 0, 0, 1, 0, 1, 0, 1, 1, 0], "split7_prob": [0.5138933317896133, 0.5138933317896133, 0.5138933317896133, 0.5138933317896133, 0.5138933317896133, 0.5138933317896133, 0.5138933317896133, 0.21767021186833624, 0.5138933317896133, 0.10432708409059957, 0.21764658503064388, 0.5138933317896133], "split8_index": [106, 107, 108, 109, 110, 111, 112, 113, 114, 115, 116, 117], "split8_pred": [1, 1, 1, 1, 1, 1, 1, 1, 1, 1, 0, 1], "split8_test": [0, 0, 0, 0, 0, 1, 0, 0, 0, 0, 0, 0], "split8_notXOR": [0, 0, 0, 0, 0, 1, 0, 0, 0, 0, 1, 0], "split8_prob": [0.5107977602067235, 0.5107977602067235, 0.5107977602067235, 0.5107977602067235, 0.5107977602067235, 0.5107977602067235, 0.5107977602067235, 0.5107977602067235, 0.5107977602067235, 0.5107977602067235, 0.3235009944042967, 0.5107977602067235], "split9_index": [118, 119, 120, 121, 122, 123, 124, 125, 126, 127, 128, 129], "split9_pred": [0, 0, 0, 0, 0, 0, 0, 0, 0, 0, 0, 0], "split9_test": [0, 0, 0, 0, 0, 1, 0, 0, 0, 0, 0, 0], "split9_notXOR": [1, 1, 1, 1, 1, 0, 1, 1, 1, 1, 1, 1], "split9_prob": [0.46932091912174534, 0.46932091912174534, 0.46932091912174534, 0.46932091912174534, 0.46932091912174534, 0.46932091912174534, 0.46932091912174534, 0.46932091912174534, 0.23277924112029003, 0.46932091912174534, 0.23599362788721898, 0.46932091912174534], "split10_index": [130, 131, 132, 133, 134, 135, 136, 137, 138, 139, 140, 141, 142], "split10_pred": [1, 0, 0, 0, 1, 1, 1, 1, 1, 1, 0, 0, 0], "split10_test": [0, 0, 0, 1, 0, 1, 0, 0, 1, 0, 0, 0, 1], "split10_notXOR": [0, 1, 1, 0, 0, 1, 0, 0, 1, 0, 1, 1, 0], "split10_prob": [0.5128753804661257, 0.2324847721173503, 0.13601365467378837, 0.15889828669202957, 0.5128753804661257, 0.5128753804661257, 0.5128753804661257, 0.5128753804661257, 0.7973669307691503, 0.5128753804661257, 0.18269409561687094, 0.2535616211087319, 0.4212046485293813], "split11_index": [143, 144, 145, 146, 147, 148, 149, 150, 151, 152, 153, 154, 155], "split11_pred": [0, 0, 0, 0, 0, 0, 0, 0, 0, 0, 0, 0, 0], "split11_test": [0, 0, 0, 0, 0, 1, 0, 0, 1, 0, 0, 0, 0], "split11_notXOR": [1, 1, 1, 1, 1, 0, 1, 1, 0, 1, 1, 1, 1], "split11_prob": [0.48332488198994555, 0.38096499998697836, 0.48332488198994555, 0.18166006499605136, 0.48332488198994555, 0.48332488198994555, 0.48332488198994555, 0.48332488198994555, 0.48332488198994555, 0.48332488198994555, 0.48332488198994555, 0.48332488198994555, 0.18166006499605136], "split12_index": [156, 157, 158, 159, 160, 161, 162, 163, 164, 165, 166, 167, 168], "split12_pred": [0, 1, 1, 0, 1, 1, 1, 0, 0, 0, 1, 0, 0], "split12_test": [0, 0, 0, 0, 0, 1, 0, 0, 0, 0, 0, 0, 0], "split12_notXOR": [1, 0, 0, 1, 0, 1, 0, 1, 1, 1, 0, 1, 1], "split12_prob": [0.1900336328739059, 0.5276245401157975, 0.7156222679695295, 0.165616977507606, 0.5276245401157975, 0.5276245401157975, 0.5276245401157975, 0.17124125365341006, 0.22273374629686588, 0.1900336328739059, 0.5276245401157975, 0.3134522031308898, 0.165616977507606], "split13_index": [169, 170, 171, 172, 173, 174, 175, 176, 177, 178, 179, 180], "split13_pred": [0, 0, 0, 1, 1, 0, 1, 0, 0, 0, 0, 1], "split13_test": [0, 1, 0, 0, 0, 0, 0, 0, 0, 0, 0, 0], "split13_notXOR": [1, 0, 1, 0, 0, 1, 0, 1, 1, 1, 1, 0], "split13_prob": [0.20821554187134328, 0.17115778765344847, 0.16051741158894167, 0.5528155979326499, 0.5528155979326499, 0.29662751250169334, 0.5528155979326499, 0.20821554187134328, 0.17943844427909822, 0.27416094183787654, 0.18220409582956199, 0.5528155979326499]}