{"split0_index": [12, 13, 14, 15, 16, 17, 18, 19, 20, 21, 22, 23], "split0_pred": [1, 0, 0, 1, 1, 0, 1, 1, 0, 1, 0, 1], "split0_test": [1, 0, 1, 1, 0, 0, 1, 1, 1, 1, 1, 1], "split0_notXOR": [1, 1, 0, 1, 0, 1, 1, 1, 0, 1, 0, 1], "split0_prob": [0.9472592437348794, 0.16396737122389915, 0.4856615281746066, 0.5558345798656654, 0.500747935298771, 0.4278186835572408, 0.9472592437348794, 0.9472592437348794, 0.4278186835572408, 0.9090722221237147, 0.36601518975223335, 0.5458894531562153], "split1_index": [24, 25, 26, 27, 28, 29, 30, 31, 32, 33, 34, 35], "split1_pred": [1, 0, 0, 0, 0, 0, 1, 1, 0, 0, 0, 0], "split1_test": [1, 0, 1, 0, 0, 0, 1, 1, 1, 1, 1, 1], "split1_notXOR": [1, 1, 0, 1, 1, 1, 1, 1, 0, 0, 0, 0], "split1_prob": [0.9433479490835464, 0.16594414350918832, 0.44589096345840507, 0.2015204050371966, 0.4322438746234642, 0.3269551373117993, 0.9433479490835464, 0.9433479490835464, 0.3269551373117993, 0.10088082599254702, 0.3827551130962735, 0.4352735662376735], "split2_index": [36, 37, 38, 39, 40, 41, 42, 43, 44, 45, 46, 47], "split2_pred": [1, 0, 1, 1, 1, 0, 1, 1, 0, 0, 0, 1], "split2_test": [1, 0, 0, 0, 0, 0, 1, 1, 1, 1, 1, 1], "split2_notXOR": [1, 1, 0, 0, 0, 1, 1, 1, 0, 0, 0, 1], "split2_prob": [0.9617538392708631, 0.07953833884721, 0.5640618135290515, 0.6488079144272233, 0.5527978856916445, 0.4162687949992643, 0.9617538392708631, 0.9617538392708631, 0.30647205342840445, 0.23598475590670143, 0.4658900697825051, 0.5443135777257243], "split3_index": [48, 49, 50, 51, 52, 53, 54, 55, 56, 57, 58, 59, 60], "split3_pred": [1, 0, 1, 0, 0, 1, 0, 1, 1, 0, 1, 0, 1], "split3_test": [1, 0, 0, 0, 0, 0, 0, 1, 1, 1, 1, 1, 1], "split3_notXOR": [1, 1, 0, 1, 1, 0, 1, 1, 1, 0, 1, 0, 1], "split3_prob": [0.9729258382891632, 0.18392802357568366, 0.5933345338062517, 0.24156594497455597, 0.25394164187116397, 0.6106478171878185, 0.4785294483272068, 0.9729258382891632, 0.9729258382891632, 0.20362839870748703, 0.5544045318215858, 0.4990798487803437, 0.6139104315367675], "split4_index": [61, 62, 63, 64, 65, 66, 67, 68, 69, 70, 71, 72, 73], "split4_pred": [1, 0, 1, 0, 0, 1, 0, 1, 1, 0, 1, 0, 1], "split4_test": [1, 0, 0, 0, 0, 0, 0, 1, 1, 1, 1, 1, 1], "split4_notXOR": [1, 1, 0, 1, 1, 0, 1, 1, 1, 0, 1, 0, 1], "split4_prob": [0.9754279074005766, 0.23752637643340987, 0.5061267802296237, 0.24154216877578738, 0.28893779518065466, 0.5359331893943281, 0.4121916138935386, 0.9754279074005766, 0.9754279074005766, 0.24030379437919014, 0.5297707965350249, 0.4244092419925748, 0.5478113908712913], "split5_index": [74, 75, 76, 77, 78, 79, 80, 81, 82, 83, 84, 85, 86], "split5_pred": [1, 0, 1, 0, 0, 1, 1, 1, 1, 0, 0, 1, 1], "split5_test": [1, 0, 0, 0, 0, 0, 1, 1, 1, 1, 1, 1, 1], "split5_notXOR": [1, 1, 0, 1, 1, 0, 1, 1, 1, 0, 0, 1, 1], "split5_prob": [0.9775165468217796, 0.21226866652862209, 0.5629471067513444, 0.2304030289144401, 0.26273062522234125, 0.5540315815938595, 0.5292799765500228, 0.9775165468217796, 0.9775165468217796, 0.3132636708377527, 0.4840428329858171, 0.5007136207915255, 0.5739714266562802], "split6_index": [87, 88, 89, 90, 91, 92, 93, 94, 95, 96, 97, 98, 99], "split6_pred": [1, 0, 0, 0, 0, 1, 1, 1, 1, 1, 0, 0, 1], "split6_test": [1, 0, 0, 0, 0, 0, 1, 1, 1, 1, 1, 1, 1], "split6_notXOR": [1, 1, 1, 1, 1, 0, 1, 1, 1, 1, 0, 0, 1], "split6_prob": [0.9822276706989028, 0.1319600403194531, 0.4435987927433527, 0.1289741595325258, 0.32466256625925466, 0.5188200911623286, 0.5453734920863812, 0.9822276706989028, 0.9822276706989028, 0.5107954172492056, 0.4552615970707464, 0.4686833938074229, 0.5609479303878724], "split7_index": [100, 101, 102, 103, 104, 105, 106, 107, 108, 109, 110, 111, 112], "split7_pred": [1, 0, 0, 0, 0, 1, 1, 1, 1, 1, 1, 0, 1], "split7_test": [1, 0, 0, 0, 0, 0, 1, 1, 1, 1, 1, 1, 1], "split7_notXOR": [1, 1, 1, 1, 1, 0, 1, 1, 1, 1, 1, 0, 1], "split7_prob": [0.9863777103855806, 0.06529996441894069, 0.46988161255119226, 0.09221965850598884, 0.3541530102293893, 0.5416528417243144, 0.5570035241947469, 0.9863777103855806, 0.9863777103855806, 0.530621413194584, 0.5158185305226797, 0.4906430436580296, 0.5800856164511924], "split8_index": [113, 114, 115, 116, 117, 118, 119, 120, 121, 122, 123, 124, 125, 126], "split8_pred": [1, 0, 0, 0, 0, 0, 1, 1, 1, 1, 1, 1, 0, 1], "split8_test": [1, 0, 0, 0, 1, 0, 0, 1, 1, 1, 1, 1, 1, 1], "split8_notXOR": [1, 1, 1, 1, 0, 1, 0, 1, 1, 1, 1, 1, 0, 1], "split8_prob": [0.9871057102800569, 0.038337870671157424, 0.33415060308141226, 0.3701952356224156, 0.08619526173319324, 0.3639944670670645, 0.5376889579020327, 0.5411396149540991, 0.9871057102800569, 0.9871057102800569, 0.5299769865612736, 0.6671303688924299, 0.4436231204844741, 0.5753456339930715], "split9_index": [127, 128, 129, 130, 131, 132, 133, 134, 135, 136, 137, 138, 139, 140], "split9_pred": [1, 0, 0, 0, 0, 0, 1, 1, 1, 1, 1, 1, 0, 1], "split9_test": [1, 0, 0, 0, 1, 0, 0, 1, 1, 1, 1, 1, 1, 1], "split9_notXOR": [1, 1, 1, 1, 0, 1, 0, 1, 1, 1, 1, 1, 0, 1], "split9_prob": [0.9870439061698064, 0.04539196305652356, 0.33721851531209635, 0.3795805372604053, 0.09220332974917143, 0.3847260747126056, 0.5359391275670943, 0.5456564461244162, 0.9870439061698064, 0.9870439061698064, 0.5273881607673545, 0.7179903257521797, 0.4514240625199773, 0.5712502891358652], "split10_index": [141, 142, 143, 144, 145, 146, 147, 148, 149, 150, 151, 152, 153, 154], "split10_pred": [1, 0, 0, 0, 0, 0, 1, 1, 1, 1, 1, 1, 0, 1], "split10_test": [1, 0, 0, 0, 1, 0, 0, 1, 1, 1, 1, 1, 1, 1], "split10_notXOR": [1, 1, 1, 1, 0, 1, 0, 1, 1, 1, 1, 1, 0, 1], "split10_prob": [0.9863163271926987, 0.04881952662213627, 0.3392656170585087, 0.3779953695053932, 0.08638655458398788, 0.3520254444017791, 0.5204426267180013, 0.5402510256142683, 0.9863163271926987, 0.9863163271926987, 0.5110337741270401, 0.7272919225611736, 0.4474493277998661, 0.5531708310539774], "split11_index": [155, 156, 157, 158, 159, 160, 161, 162, 163, 164, 165, 166, 167, 168], "split11_pred": [1, 0, 0, 0, 0, 0, 1, 1, 1, 1, 1, 1, 0, 1], "split11_test": [1, 0, 0, 0, 1, 0, 0, 1, 1, 1, 1, 1, 1, 1], "split11_notXOR": [1, 1, 1, 1, 0, 1, 0, 1, 1, 1, 1, 1, 0, 1], "split11_prob": [0.9867303312958886, 0.04565404867082996, 0.34709029570459826, 0.3840114662813696, 0.10406368474204473, 0.3538942070844638, 0.5223181824043924, 0.5445656577082825, 0.9867303312958886, 0.9867303312958886, 0.5111598465998985, 0.738978566335483, 0.4522612468108841, 0.5538633222294739], "split12_index": [169, 170, 171, 172, 173, 174, 175, 176, 177, 178, 179, 180, 181, 182], "split12_pred": [1, 0, 0, 0, 0, 0, 1, 1, 1, 1, 1, 1, 0, 1], "split12_test": [1, 0, 0, 0, 1, 0, 0, 1, 1, 1, 1, 1, 1, 1], "split12_notXOR": [1, 1, 1, 1, 0, 1, 0, 1, 1, 1, 1, 1, 0, 1], "split12_prob": [0.9877670650142447, 0.04938513612918124, 0.35492759748663244, 0.38424862025051204, 0.10596609503208418, 0.3544767221978468, 0.5269865684225391, 0.5513989577301724, 0.9877670650142447, 0.9877670650142447, 0.5171599114050743, 0.7481414676711048, 0.45492493699797104, 0.559691056498788], "split13_index": [183, 184, 185, 186, 187, 188, 189, 190, 191, 192, 193, 194, 195, 196], "split13_pred": [1, 0, 0, 0, 0, 0, 0, 1, 1, 1, 0, 1, 0, 1], "split13_test": [1, 0, 0, 0, 1, 0, 0, 1, 1, 1, 1, 1, 1, 1], "split13_notXOR": [1, 1, 1, 1, 0, 1, 1, 1, 1, 1, 0, 1, 0, 1], "split13_prob": [0.9852288237272018, 0.07225273179648357, 0.3478780733990191, 0.36729041743350116, 0.1212984850176494, 0.37208382108408344, 0.49174474423860975, 0.5332598026503844, 0.9852288237272018, 0.9852288237272018, 0.4854409110686841, 0.8126673612780551, 0.4366270934530068, 0.5220244251675153], "split14_index": [197, 198, 199, 200, 201, 202, 203, 204, 205, 206, 207, 208, 209, 210], "split14_pred": [1, 0, 0, 0, 0, 0, 0, 1, 1, 1, 0, 1, 0, 1], "split14_test": [1, 0, 0, 0, 1, 0, 0, 1, 1, 1, 1, 1, 1, 1], "split14_notXOR": [1, 1, 1, 1, 0, 1, 1, 1, 1, 1, 0, 1, 0, 1],