{"split0_index": [13, 14, 15, 16, 17], "split0_pred": [1, 1, 1, 1, 1], "split0_test": [0, 0, 0, 1, 0], "split0_notXOR": [0, 0, 0, 1, 0], "split0_prob": [0.5268157677868877, 0.5268157677868877, 0.5268157677868877, 0.5268157677868877, 0.5268157677868877], "split1_index": [18, 19, 20, 21, 22], "split1_pred": [1, 1, 1, 1, 1], "split1_test": [0, 0, 0, 1, 0], "split1_notXOR": [0, 0, 0, 1, 0], "split1_prob": [0.3840541206869852, 0.3840541206869852, 0.3840541206869852, 0.3840541206869852, 0.3840541206869852], "split2_index": [23, 24, 25, 26, 27], "split2_pred": [1, 1, 1, 1, 1], "split2_test": [0, 0, 0, 1, 0], "split2_notXOR": [0, 0, 0, 1, 0], "split2_prob": [0.387281043374565, 0.387281043374565, 0.387281043374565, 0.387281043374565, 0.387281043374565], "split3_index": [28, 29, 30, 31, 32], "split3_pred": [1, 1, 1, 1, 1], "split3_test": [0, 0, 0, 1, 0], "split3_notXOR": [0, 0, 0, 1, 0], "split3_prob": [0.42067966374705246, 0.42067966374705246, 0.42067966374705246, 0.521809955540995, 0.42067966374705246]}