{"split0_index": [5, 6, 7, 8, 9], "split0_pred": [0, 0, 0, 0, 0], "split0_test": [1, 0, 1, 0, 0], "split0_notXOR": [0, 1, 0, 1, 1], "split0_prob": [0.4783333333333333, 0.4783333333333333, 0.4783333333333333, 0.4783333333333333, 0.4783333333333333], "split1_index": [10, 11, 12, 13, 14], "split1_pred": [1, 1, 1, 1, 1], "split1_test": [1, 0, 1, 0, 0], "split1_notXOR": [1, 0, 1, 0, 0], "split1_prob": [0.5882247474747475, 0.5882247474747475, 0.5882247474747475, 0.5882247474747475, 0.5882247474747475], "split2_index": [15, 16, 17, 18, 19], "split2_pred": [0, 0, 0, 0, 0], "split2_test": [1, 0, 1, 0, 0], "split2_notXOR": [0, 1, 0, 1, 1], "split2_prob": [0.46840981240981255, 0.46840981240981255, 0.46840981240981255, 0.46840981240981255, 0.46840981240981255], "split3_index": [20, 21, 22, 23, 24], "split3_pred": [0, 0, 0, 0, 0], "split3_test": [1, 0, 1, 0, 0], "split3_notXOR": [0, 1, 0, 1, 1], "split3_prob": [0.42389213564213546, 0.42389213564213546, 0.42389213564213546, 0.42389213564213546, 0.42389213564213546], "split4_index": [25, 26, 27, 28, 29], "split4_pred": [0, 0, 0, 0, 0], "split4_test": [1, 0, 1, 0, 0], "split4_notXOR": [0, 1, 0, 1, 1], "split4_prob": [0.49115087690087683, 0.49115087690087683, 0.49115087690087683, 0.49115087690087683, 0.49115087690087683], "split5_index": [30, 31, 32, 33, 34], "split5_pred": [1, 1, 1, 0, 1], "split5_test": [1, 0, 1, 0, 0], "split5_notXOR": [1, 0, 1, 1, 0], "split5_prob": [0.527025974025974, 0.527025974025974, 0.527025974025974, 0.10621428571428572, 0.527025974025974], "split6_index": [35, 36, 37, 38, 39], "split6_pred": [0, 1, 0, 0, 1], "split6_test": [1, 0, 1, 0, 0], "split6_notXOR": [0, 0, 0, 1, 0], "split6_prob": [0.09791666666666668, 0.5979635642135641, 0.1729801587301587, 0.2648849206349206, 0.513424603174603], "split7_index": [40, 41, 42, 43, 44], "split7_pred": [0, 0, 0, 0, 0], "split7_test": [1, 0, 1, 0, 0], "split7_notXOR": [0, 1, 0, 1, 1], "split7_prob": [0.33591093955064544, 0.4925215201465203, 0.4925215201465203, 0.44479604872251927, 0.4925215201465203], "split8_index": [45, 46, 47, 48, 49], "split8_pred": [1, 1, 1, 0, 1], "split8_test": [1, 0, 1, 0, 0], "split8_notXOR": [1, 0, 1, 1, 0], "split8_prob": [0.5293008089661643, 0.5293008089661643, 0.5293008089661643, 0.418, 0.5293008089661643], "split9_index": [50, 51, 52, 53, 54], "split9_pred": [1, 0, 0, 0, 0], "split9_test": [1, 0, 1, 0, 0], "split9_notXOR": [1, 1, 0, 1, 1], "split9_prob": [0.644339493839494, 0.2704464750935339, 0.46696451261157146, 0.17166666666666663, 0.46696451261157146], "split10_index": [55, 56, 57, 58, 59, 60, 61, 62, 63, 64], "split10_pred": [0, 1, 0, 0, 0, 0, 1, 0, 1, 0], "split10_test": [0, 0, 1, 0, 0, 1, 1, 0, 0, 0], "split10_notXOR": [1, 0, 0, 1, 1, 0, 1, 1, 0, 1], "split10_prob": [0.1775, 0.5377777777777778, 0.22, 0.20073809523809527, 0.39, 0.1775, 0.6269444444444444, 0.1775, 0.52, 0.20073809523809527], "split11_index": [65, 66, 67, 68, 69, 70, 71, 72, 73, 74], "split11_pred": [1, 1, 1, 1, 1, 1, 1, 1, 1, 1], "split11_test": [0, 0, 1, 0, 0, 1, 1, 0, 0, 0], "split11_notXOR": [0, 0, 1, 0, 0, 1, 1, 0, 0, 0], "split11_prob": [0.5584194900072759, 0.5584194900072759, 0.5584194900072759, 0.5584194900072759, 0.5584194900072759, 0.5584194900072759, 0.5584194900072759, 0.5584194900072759, 0.5584194900072759, 0.5584194900072759], "split12_index": [75, 76, 77, 78, 79, 80, 81, 82, 83, 84, 85], "split12_pred": [0, 0, 0, 1, 0, 0, 1, 0, 0, 0, 1], "split12_test": [0, 0, 1, 0, 0, 0, 1, 0, 0, 0, 0], "split12_notXOR": [1, 1, 0, 0, 1, 1, 1, 1, 1, 1, 0], "split12_prob": [0.259, 0.40048809523809514, 0.24, 0.5575714285714285, 0.35, 0.17, 0.57, 0.4293769841269841, 0.25566666666666665, 0.05, 0.5169600954600955], "split13_index": [86, 87, 88, 89, 90, 91, 92, 93, 94, 95, 96], "split13_pred": [1, 1, 1, 1, 1, 1, 1, 1, 1, 1, 1], "split13_test": [0, 0, 1, 0, 0, 0, 1, 0, 0, 0, 1], "split13_notXOR": [0, 0, 1, 0, 0, 0, 1, 0, 0, 0, 1], "split13_prob": [0.657047619047619, 0.657047619047619, 0.657047619047619, 0.657047619047619, 0.657047619047619, 0.657047619047619, 0.657047619047619, 0.657047619047619, 0.657047619047619, 0.657047619047619, 0.7066666666666666], "split14_index": [97, 98, 99, 100, 101, 102, 103, 104, 105, 106, 107], "split14_pred": [0, 0, 1, 0, 0, 1, 0, 0, 1, 0, 0], "split14_test": [0, 0, 1, 0, 0, 0, 1, 0, 0, 0, 1], "split14_notXOR": [1, 1, 1, 1, 1, 0, 0, 1, 0, 1, 0], "split14_prob": [0.29833333333333334, 0.06964285714285715, 0.51, 0.06964285714285715, 0.06964285714285715, 0.52, 0.29833333333333334, 0.06964285714285715, 0.72, 0.17, 0.12], "split15_index": [108, 109, 110, 111, 112, 113, 114, 115, 116, 117, 118], "split15_pred": [1, 1, 0, 1, 1, 1, 1, 0, 1, 0, 1], "split15_test": [0, 0, 1, 0, 0, 0, 1, 1, 0, 1, 1], "split15_notXOR": [0, 0, 0, 0, 0, 0, 1, 0, 0, 0, 1], "split15_prob": [0.5884665601972818, 0.5884665601972818, 0.33090638390144134, 0.5884665601972818, 0.5884665601972818, 0.5884665601972818, 0.5884665601972818, 0.35352232903086794, 0.5884665601972818, 0.05729568854568854, 0.5884665601972818], "split16_index": [119, 120, 121, 122, 123, 124, 125, 126, 127, 128, 129], "split16_pred": [1, 1, 1, 1, 1, 1, 1, 1, 1, 1, 1], "split16_test": [0, 0, 1, 0, 0, 0, 1, 1, 0, 1, 1], "split16_notXOR": [0, 0, 1, 0, 0, 0, 1, 1, 0, 1, 1], "split16_prob": [0.522757705395312, 0.522757705395312, 0.522757705395312, 0.522757705395312, 0.522757705395312, 0.522757705395312, 0.522757705395312, 0.98, 0.522757705395312, 0.5747625616839853, 0.522757705395312], "split17_index": [130, 131, 132, 133, 134, 135, 136, 137, 138, 139, 140, 141], "split17_pred": [0, 0, 1, 0, 1, 1, 1, 1, 1, 1, 1, 0], "split17_test": [0, 0, 1, 0, 0, 0, 1, 1, 0, 0, 1, 1], "split17_notXOR": [1, 1, 1, 1, 0, 0, 1, 1, 0, 0, 1, 0], "split17_prob": [0.29466666666666663, 0.2634246031746032, 0.6482849927849926, 0.2634246031746032, 0.6815238095238095, 0.6482849927849926, 0.6482849927849926, 0.6482849927849926, 0.6482849927849926, 0.94, 0.5333333333333333, 0.1746190476190476], "split18_index": [142, 143, 144, 145, 146, 147, 148, 149, 150, 151, 152, 153], "split18_pred": [0, 0, 0, 1, 0, 0, 0, 0, 1, 0, 1, 0], "split18_test": [0, 0, 1, 0, 0, 0, 1, 1, 0, 0, 1, 1], "split18_notXOR": [1, 1, 0, 0, 1, 1, 0, 0, 0, 1, 1, 0], "split18_prob": [0.3446069428668128, 0.3446069428668128, 0.3446069428668128, 0.85, 0.09285714285714285, 0.3446069428668128, 0.3446069428668128, 0.3446069428668128, 0.5728039215686275, 0.3446069428668128, 0.7, 0.3446069428668128], "split19_index": [154, 155, 156, 157, 158, 159, 160, 161, 162, 163, 164, 165], "split19_pred": [0, 0, 0, 0, 0, 0, 0, 0, 0, 0, 0, 0], "split19_test": [0, 0, 1, 0, 0, 0, 1, 1, 0, 0, 1, 1], "split19_notXOR": [1, 1, 0, 1, 1, 1, 0, 0, 1, 1, 0, 0], "split19_prob": [0.4785306424785436, 0.4785306424785436, 0.4785306424785436, 0.4785306424785436, 0.4785306424785436, 0.4785306424785436, 0.4785306424785436, 0.4785306424785436, 0.4785306424785436, 0.4785306424785436, 0.4785306424785436, 0.4785306424785436], "split20_index": [166, 167, 168, 169, 170, 171, 172, 173, 174, 175, 176, 177], "split20_pred": [1, 0, 1, 1, 1, 1, 1, 1, 1, 1, 1, 1], "split20_test": [0, 0, 1, 0, 0, 0, 1, 1, 0, 0, 1, 1], "split20_notXOR": [0, 1, 1, 0, 0, 0, 1, 1, 0, 0, 1, 1], "split20_prob": [0.524186016541662, 0.27396235852516976, 0.524186016541662, 0.524186016541662, 0.524186016541662, 0.524186016541662, 0.524186016541662, 0.524186016541662, 0.524186016541662, 0.51, 0.524186016541662, 0.524186016541662], "split21_index": [178, 179, 180, 181, 182, 183, 184, 185, 186, 187, 188, 189, 190], "split21_pred": [0, 0, 0, 0, 0, 0, 0, 0, 0, 0, 0, 0, 1], "split21_test": [0, 0, 1, 1, 0, 0, 1, 1, 1, 1, 1, 0, 1], "split21_notXOR": [1, 1, 0, 0, 1, 1, 0, 0, 0, 0, 0, 1, 1], "split21_prob": [0.35, 0.06, 0.32, 0.03, 0.14, 0.16, 0.465, 0.19, 0.33, 0.17, 0.22, 0.11, 0.55], "split22_index": [191, 192, 193, 194, 195, 196, 197, 198, 199, 200, 201, 202, 203], "split22_pred": [0, 0, 0, 1, 0, 0, 0, 1, 0, 0, 0, 0, 0], "split22_test": [0, 0, 1, 0, 0, 0, 1, 1, 1, 1, 1, 0, 0], "split22_notXOR": [1, 1, 0, 0, 1, 1, 0, 1, 0, 0, 0, 1, 1],