{"split0_index": [14, 15, 16, 17, 18, 19, 20, 21, 22, 23, 24, 25, 26, 27], "split0_pred": [0, 0, 0, 0, 0, 0, 0, 1, 0, 0, 0, 0, 0, 0], "split0_test": [0, 0, 0, 0, 1, 0, 0, 1, 0, 0, 0, 0, 0, 0], "split0_notXOR": [1, 1, 1, 1, 0, 1, 1, 1, 1, 1, 1, 1, 1, 1], "split0_prob": [0.12720744617501867, 0.16772694271468605, 0.10684851077448614, 0.11987918683890371, 0.4024705196145136, 0.1677269497281308, 0.14552549874683657, 0.8972331264283798, 0.16758180788411467, 0.1593465764579019, 0.10492927718522499, 0.13674494773309445, 0.2480558832767648, 0.14378811859179896], "split1_index": [28, 29, 30, 31, 32, 33, 34, 35, 36, 37, 38, 39, 40, 41], "split1_pred": [0, 0, 0, 0, 0, 0, 0, 1, 0, 0, 0, 0, 0, 0], "split1_test": [0, 0, 0, 0, 1, 0, 0, 1, 0, 0, 0, 0, 0, 0], "split1_notXOR": [1, 1, 1, 1, 0, 1, 1, 1, 1, 1, 1, 1, 1, 1], "split1_prob": [0.02616871441499661, 0.05987546459193268, 0.016290575748570176, 0.022611807805754204, 0.5800286473464046, 0.05983076383018571, 0.03932078082433917, 0.9999952630690657, 0.0598882570680002, 0.05025117650669987, 0.015269264268299032, 0.0335484907215888, 0.17396861968856955, 0.03901654002592946], "split2_index": [42, 43, 44, 45, 46, 47, 48, 49, 50, 51, 52, 53, 54, 55], "split2_pred": [0, 0, 0, 0, 0, 0, 0, 1, 0, 0, 0, 0, 0, 0], "split2_test": [0, 0, 0, 0, 1, 0, 0, 1, 0, 0, 0, 0, 0, 0], "split2_notXOR": [1, 1, 1, 1, 0, 1, 1, 1, 1, 1, 1, 1, 1, 1], "split2_prob": [0.011837205303575274, 0.04666735251038723, 0.007612213929161594, 0.011973571528668597, 0.8021401304379165, 0.04479522139160487, 0.02236917121329959, 0.9999999571486847, 0.045105239129116646, 0.028501856304723704, 0.006273428166970066, 0.021620066076967127, 0.18093395580444252, 0.0272947508217332], "split3_index": [56, 57, 58, 59, 60, 61, 62, 63, 64, 65, 66, 67, 68, 69], "split3_pred": [0, 0, 0, 0, 0, 0, 0, 0, 0, 0, 0, 0, 0, 0], "split3_test": [0, 0, 0, 0, 1, 0, 0, 0, 0, 0, 0, 0, 0, 0], "split3_notXOR": [1, 1, 1, 1, 0, 1, 1, 1, 1, 1, 1, 1, 1, 1], "split3_prob": [0.015414952812274552, 0.051087904706044324, 0.014152279694814215, 0.019174448736244163, 0.7114070456675698, 0.04945941385583488, 0.027120397083150453, 0.6041900989892881, 0.047021287764864424, 0.028099251824910517, 0.010734474306034083, 0.03384546109952116, 0.11788160710145894, 0.042117574216993525], "split4_index": [70, 71, 72, 73, 74, 75, 76, 77, 78, 79, 80, 81, 82], "split4_pred": [0, 0, 0, 0, 0, 0, 1, 0, 0, 0, 0, 0, 0], "split4_test": [0, 0, 0, 0, 1, 0, 0, 0, 0, 0, 0, 0, 0], "split4_notXOR": [1, 1, 1, 1, 0, 1, 0, 1, 1, 1, 1, 1, 1], "split4_prob": [0.003351312606013015, 0.4589060606917701, 0.4548264862658183, 0.31743926137187845, 0.45897629305225995, 0.4581164588084328, 0.9999984431262584, 0.45897629305225973, 0.4057567152573305, 0.002492392732349066, 0.45480877149217397, 0.10139010368915942, 0.4589759824123179], "split5_index": [83, 84, 85, 86, 87, 88, 89, 90, 91, 92, 93, 94, 95, 96], "split5_pred": [0, 0, 0, 0, 1, 0, 1, 0, 0, 0, 0, 0, 0, 0], "split5_test": [0, 0, 0, 0, 1, 0, 0, 0, 0, 0, 0, 0, 0, 0], "split5_notXOR": [1, 1, 1, 1, 1, 1, 0, 1, 1, 1, 1, 1, 1, 1], "split5_prob": [0.02297526228746089, 0.027383361114840788, 0.02703312192128685, 0.06097921529099853, 0.7518671091380502, 0.030413088937039662, 0.9743121842746143, 0.3698104506677949, 0.05345850571150115, 0.017869789452673503, 0.035430716776903876, 0.09011881808801583, 0.04326821392748302, 0.4783193257977431], "split6_index": [97, 98, 99, 100, 101, 102, 103, 104, 105, 106, 107, 108, 109, 110], "split6_pred": [0, 0, 0, 0, 1, 0, 1, 0, 0, 0, 0, 0, 0, 0], "split6_test": [0, 0, 0, 0, 1, 0, 0, 0, 0, 0, 0, 0, 0, 0], "split6_notXOR": [1, 1, 1, 1, 1, 1, 0, 1, 1, 1, 1, 1, 1, 1], "split6_prob": [0.03482106683509267, 0.019203789753063295, 0.03959055928179424, 0.0425733690839581, 0.9139268655003966, 0.015963103165656592, 0.7197071081323333, 0.0316003116324237, 0.029632614012554577, 0.028027943891099753, 0.022086338679955797, 0.057689214739594076, 0.030448804290215754, 0.010703450593200922], "split7_index": [111, 112, 113, 114, 115, 116, 117, 118, 119, 120, 121, 122, 123, 124], "split7_pred": [0, 0, 0, 0, 0, 0, 0, 0, 0, 0, 0, 0, 0, 0], "split7_test": [0, 0, 0, 0, 1, 0, 0, 0, 0, 0, 0, 0, 0, 0], "split7_notXOR": [1, 1, 1, 1, 0, 1, 1, 1, 1, 1, 1, 1, 1, 1], "split7_prob": [0.029703093546337697, 0.011308650211769678, 0.03677944514923219, 0.05595757616099622, 0.038421682814193656, 0.008217689139800992, 0.3456843728640222, 0.01927499193344112, 0.01994168913735211, 0.02388064057125015, 0.012291256386220443, 0.050748126354262464, 0.02115024417144063, 0.005483485318878995], "split8_index": [125, 126, 127, 128, 129, 130, 131, 132, 133, 134, 135, 136, 137, 138], "split8_pred": [0, 0, 0, 0, 0, 0, 0, 0, 0, 0, 0, 0, 0, 0], "split8_test": [0, 0, 0, 0, 1, 0, 0, 0, 0, 0, 0, 0, 0, 0], "split8_notXOR": [1, 1, 1, 1, 0, 1, 1, 1, 1, 1, 1, 1, 1, 1], "split8_prob": [0.042198907767934536, 0.016797499245191496, 0.0659117264093214, 0.0658413890730421, 0.46557744254411915, 0.012339666746149032, 0.06591174850484, 0.06241703433140161, 0.03254160639087999, 0.04023885963313993, 0.015117203801803645, 0.06598348120244436, 0.03132641536258211, 0.007806026756826949], "split9_index": [139, 140, 141, 142, 143, 144, 145, 146, 147, 148, 149, 150, 151, 152], "split9_pred": [0, 0, 0, 0, 0, 0, 0, 0, 0, 0, 0, 0, 0, 0], "split9_test": [0, 0, 0, 0, 1, 0, 0, 0, 0, 0, 0, 0, 0, 0], "split9_notXOR": [1, 1, 1, 1, 0, 1, 1, 1, 1, 1, 1, 1, 1, 1], "split9_prob": [0.04442168734639825, 0.010460628873482147, 0.06507609134154109, 0.060116927355304633, 0.05519955821264237, 0.007071242890508664, 0.07801425175892272, 0.033936727226936095, 0.0259379826029456, 0.03642728299181476, 0.008964185102235553, 0.06506681812463738, 0.027305915951847486, 0.0035826895877070406], "split10_index": [153, 154, 155, 156, 157, 158, 159, 160, 161, 162, 163, 164, 165, 166], "split10_pred": [0, 0, 0, 0, 0, 0, 0, 0, 0, 0, 0, 0, 0, 0], "split10_test": [0, 0, 0, 0, 1, 0, 0, 0, 0, 0, 0, 0, 0, 0], "split10_notXOR": [1, 1, 1, 1, 0, 1, 1, 1, 1, 1, 1, 1, 1, 1], "split10_prob": [0.06496163930891904, 0.015512845928185625, 0.07149177202295882, 0.061515534959187185, 0.10036068278430434, 0.012878009409776731, 0.09105057690044822, 0.07139023019573837, 0.04139708872335931, 0.050340164831202176, 0.013737504033384973, 0.07139023551678739, 0.008956866010893566, 0.008440354246259458], "split11_index": [167, 168, 169, 170, 171, 172, 173, 174, 175, 176, 177, 178, 179, 180], "split11_pred": [0, 0, 0, 0, 0, 0, 0, 0, 0, 0, 0, 0, 0, 0], "split11_test": [0, 0, 0, 0, 1, 0, 0, 0, 0, 0, 0, 0, 0, 0], "split11_notXOR": [1, 1, 1, 1, 0, 1, 1, 1, 1, 1, 1, 1, 1, 1], "split11_prob": [0.06573790143720876, 0.010499771448609375, 0.06580992247432269, 0.05323443184694285, 0.11006754516209791, 0.009457986817405579, 0.06566112662211765, 0.06563740610287484, 0.03391368924856716, 0.045763582352081854, 0.009640329362838195, 0.06563737687914693, 0.005612859110506258, 0.0053265754721776885], "split12_index": [181, 182, 183, 184, 185, 186, 187, 188, 189, 190, 191, 192, 193, 194], "split12_pred": [0, 0, 0, 0, 0, 0, 0, 0, 0, 0, 0, 0, 0, 0], "split12_test": [0, 0, 0, 0, 1, 0, 0, 0, 0, 0, 0, 0, 0, 0], "split12_notXOR": [1, 1, 1, 1, 0, 1, 1, 1, 1, 1, 1, 1, 1, 1], "split12_prob": [0.06134451228399341, 0.006345698208654967, 0.06144454635589048, 0.0454820192871703, 0.12369386381065167, 0.0059652653023336165, 0.06144547374121829, 0.061265089453227735, 0.027200533812510787, 0.03777970986876763, 0.005753681291101316, 0.06134448678660672, 0.003215762609624142, 0.0029561214758548468], "split13_index": [195, 196, 197, 198, 199, 200, 201, 202, 203, 204, 205, 206, 207, 208], "split13_pred": [0, 0, 0, 0, 0, 0, 0, 0, 0, 0, 0, 0, 0, 0], "split13_test": [0, 0, 0, 0, 1, 0, 0, 0, 0, 0, 0, 0, 0, 0], "split13_notXOR": [1, 1, 1, 1, 0, 1, 1, 1, 1, 1, 1, 1, 1, 1],