{"split0_index": [2, 3], "split0_pred": [0, 0], "split0_test": [1, 0], "split0_notXOR": [0, 1], "split0_prob": [NaN, NaN], "split1_index": [4, 5], "split1_pred": [0, 0], "split1_test": [1, 0], "split1_notXOR": [0, 1], "split1_prob": [0.00020993050969984385, 5.1919017338295576e-05], "split2_index": [6, 7], "split2_pred": [1, 0], "split2_test": [1, 0], "split2_notXOR": [1, 1], "split2_prob": [0.9941925337932075, 0.0025825267418210294], "split3_index": [8, 9], "split3_pred": [0, 1], "split3_test": [1, 0], "split3_notXOR": [0, 0], "split3_prob": [0.05607328047372793, 0.9700828041164504], "split4_index": [10, 11], "split4_pred": [1, 0], "split4_test": [1, 0], "split4_notXOR": [1, 1], "split4_prob": [1.0, 3.299784536578841e-05], "split5_index": [12, 13], "split5_pred": [0, 0], "split5_test": [1, 0], "split5_notXOR": [0, 1], "split5_prob": [0.2664657153851003, 6.7645576653059445e-06], "split6_index": [14, 15], "split6_pred": [0, 0], "split6_test": [1, 0], "split6_notXOR": [0, 1], "split6_prob": [0.005563854109928173, 5.8171842524068215e-06], "split7_index": [16, 17], "split7_pred": [1, 0], "split7_test": [1, 0], "split7_notXOR": [1, 1], "split7_prob": [1.0, 7.035509974918245e-07], "split8_index": [18, 19], "split8_pred": [0, 1], "split8_test": [1, 0], "split8_notXOR": [0, 0], "split8_prob": [1.3125611446231003e-06, 1.0], "split9_index": [20, 21], "split9_pred": [1, 0], "split9_test": [1, 0], "split9_notXOR": [1, 1], "split9_prob": [0.6083240267929239, 6.500837071033419e-05], "split10_index": [22, 23], "split10_pred": [0, 0], "split10_test": [1, 0], "split10_notXOR": [0, 1], "split10_prob": [0.0010819032516531648, 5.009690714185611e-05]}