{"split0_index": [38, 39, 40, 41, 42, 43, 44, 45, 46, 47, 48, 49, 50, 51, 52, 53, 54, 55, 56, 57, 58, 59, 60, 61, 62, 63, 64, 65, 66, 67, 68, 69, 70, 71, 72, 73, 74, 75], "split0_pred": [0, 0, 1, 0, 0, 1, 1, 0, 1, 0, 1, 0, 1, 0, 0, 0, 1, 0, 0, 1, 0, 0, 0, 0, 0, 0, 1, 0, 0, 0, 0, 0, 0, 1, 0, 1, 0, 0], "split0_test": [1, 0, 1, 0, 0, 1, 1, 0, 1, 0, 1, 0, 1, 0, 0, 0, 1, 0, 0, 1, 0, 0, 0, 0, 0, 0, 1, 0, 0, 0, 0, 0, 0, 1, 0, 1, 0, 0], "split0_notXOR": [0, 1, 1, 1, 1, 1, 1, 1, 1, 1, 1, 1, 1, 1, 1, 1, 1, 1, 1, 1, 1, 1, 1, 1, 1, 1, 1, 1, 1, 1, 1, 1, 1, 1, 1, 1, 1, 1], "split0_prob": [0.46549999999999997, 0.13, 0.96, 0.17, 0.1, 0.87, 0.67, 0.21, 0.6633333333333333, 0.03, 0.9, 0.04, 0.9, 0.04, 0.46549999999999997, 0.02333333333333333, 0.77, 0.02, 0.1, 0.83, 0.02, 0.14166666666666666, 0.1, 0.06, 0.05, 0.07, 0.96, 0.04, 0.166, 0.05, 0.06, 0.06, 0.02333333333333333, 0.7633333333333333, 0.16, 0.8416666666666667, 0.05, 0.24], "split1_index": [76, 77, 78, 79, 80, 81, 82, 83, 84, 85, 86, 87, 88, 89, 90, 91, 92, 93, 94, 95, 96, 97, 98, 99, 100, 101, 102, 103, 104, 105, 106, 107, 108, 109, 110, 111, 112, 113], "split1_pred": [0, 0, 1, 0, 0, 1, 1, 0, 1, 0, 1, 0, 1, 0, 0, 0, 1, 0, 0, 1, 0, 0, 0, 0, 0, 0, 1, 0, 0, 0, 0, 0, 0, 1, 0, 0, 0, 0], "split1_test": [1, 0, 1, 0, 0, 1, 1, 0, 1, 0, 1, 0, 1, 0, 0, 0, 1, 0, 0, 1, 0, 0, 0, 0, 0, 0, 1, 0, 0, 0, 0, 0, 0, 1, 0, 1, 0, 0], "split1_notXOR": [0, 1, 1, 1, 1, 1, 1, 1, 1, 1, 1, 1, 1, 1, 1, 1, 1, 1, 1, 1, 1, 1, 1, 1, 1, 1, 1, 1, 1, 1, 1, 1, 1, 1, 1, 0, 1, 1], "split1_prob": [0.31, 0.02, 0.938, 0.01, 0.03, 0.98, 0.77, 0.07, 0.88, 0.03, 0.96, 0.16, 0.96, 0.01, 0.23296031746031745, 0.45399999999999996, 0.82, 0.05, 0.14, 0.92, 0.04, 0.07438095238095238, 0.03, 0.0, 0.22229365079365082, 0.0, 0.99, 0.004285714285714285, 0.26, 0.0, 0.03, 0.17, 0.23296031746031745, 0.93, 0.0, 0.3890238095238096, 0.01, 0.2580238095238095], "split2_index": [114, 115, 116, 117, 118, 119, 120, 121, 122, 123, 124, 125, 126, 127, 128, 129, 130, 131, 132, 133, 134, 135, 136, 137, 138, 139, 140, 141, 142, 143, 144, 145, 146, 147, 148, 149, 150, 151, 152, 153, 154, 155], "split2_pred": [0, 0, 1, 0, 0, 1, 1, 0, 1, 0, 0, 0, 0, 0, 0, 0, 0, 1, 1, 0, 0, 1, 0, 0, 0, 1, 0, 0, 0, 0, 1, 0, 0, 0, 0, 0, 0, 1, 0, 1, 0, 0], "split2_test": [1, 0, 1, 0, 0, 1, 1, 0, 1, 0, 1, 1, 1, 0, 0, 0, 0, 1, 1, 0, 1, 1, 0, 0, 0, 1, 0, 0, 0, 0, 1, 0, 0, 0, 0, 0, 0, 1, 0, 1, 0, 0], "split2_notXOR": [0, 1, 1, 1, 1, 1, 1, 1, 1, 1, 0, 0, 0, 1, 1, 1, 1, 1, 1, 1, 0, 1, 1, 1, 1, 1, 1, 1, 1, 1, 1, 1, 1, 1, 1, 1, 1, 1, 1, 1, 1, 1], "split2_prob": [0.475, 0.0, 0.68, 0.01, 0.38, 1.0, 0.86, 0.03, 0.97, 0.02, 0.24, 0.33, 0.24, 0.03, 0.0, 0.0724047619047619, 0.19666666666666666, 0.88, 0.97, 0.03, 0.2, 0.98, 0.18, 0.01, 0.013333333333333332, 1.0, 0.41, 0.0, 0.06840476190476191, 0.0, 0.63, 0.26, 0.08, 0.0, 0.04, 0.1, 0.06840476190476191, 0.99, 0.0, 0.86, 0.32, 0.21200000000000002], "split3_index": [156, 157, 158, 159, 160, 161, 162, 163, 164, 165, 166, 167, 168, 169, 170, 171, 172, 173, 174, 175, 176, 177, 178, 179, 180, 181, 182, 183, 184, 185, 186, 187, 188, 189, 190, 191, 192, 193, 194, 195, 196, 197], "split3_pred": [1, 0, 1, 0, 0, 1, 1, 0, 1, 0, 0, 1, 0, 0, 0, 0, 0, 1, 1, 0, 1, 1, 0, 0, 0, 1, 0, 0, 0, 0, 1, 0, 0, 0, 0, 0, 0, 1, 0, 1, 0, 0], "split3_test": [1, 0, 1, 0, 0, 1, 1, 0, 1, 0, 1, 1, 1, 0, 0, 0, 0, 1, 1, 0, 0, 1, 0, 0, 0, 1, 0, 0, 0, 0, 1, 0, 0, 0, 0, 0, 0, 1, 0, 1, 0, 0], "split3_notXOR": [1, 1, 1, 1, 1, 1, 1, 1, 1, 1, 0, 1, 0, 1, 1, 1, 1, 1, 1, 1, 0, 1, 1, 1, 1, 1, 1, 1, 1, 1, 1, 1, 1, 1, 1, 1, 1, 1, 1, 1, 1, 1], "split3_prob": [0.84, 0.01, 0.94, 0.03, 0.22, 1.0, 0.89, 0.0, 0.99, 0.01, 0.31, 0.63, 0.31, 0.0, 0.01, 0.026444444444444448, 0.19, 0.92, 0.99, 0.0, 0.53, 1.0, 0.17, 0.01, 0.0, 1.0, 0.16, 0.0, 0.0, 0.0, 0.92, 0.17, 0.09, 0.0, 0.022857142857142857, 0.03, 0.0, 1.0, 0.01, 1.0, 0.22, 0.11120238095238097], "split4_index": [198, 199, 200, 201, 202, 203, 204, 205, 206, 207, 208, 209, 210, 211, 212, 213, 214, 215, 216, 217, 218, 219, 220, 221, 222, 223, 224, 225, 226, 227, 228, 229, 230, 231, 232, 233, 234, 235, 236, 237, 238, 239, 240, 241, 242, 243], "split4_pred": [1, 0, 1, 0, 0, 1, 1, 1, 1, 0, 1, 0, 1, 1, 1, 0, 0, 0, 0, 1, 1, 1, 0, 0, 1, 0, 0, 0, 1, 0, 0, 0, 0, 1, 0, 0, 0, 0, 0, 0, 0, 1, 0, 1, 0, 0], "split4_test": [0, 0, 1, 0, 0, 1, 0, 1, 1, 0, 1, 0, 1, 0, 1, 0, 0, 0, 0, 0, 1, 1, 0, 0, 1, 0, 0, 0, 1, 0, 0, 0, 0, 1, 0, 0, 0, 0, 0, 0, 0, 1, 0, 1, 0, 0], "split4_notXOR": [0, 1, 1, 1, 1, 1, 0, 1, 1, 1, 1, 1, 1, 0, 1, 1, 1, 1, 1, 0, 1, 1, 1, 1, 1, 1, 1, 1, 1, 1, 1, 1, 1, 1, 1, 1, 1, 1, 1, 1, 1, 1, 1, 1, 1, 1], "split4_prob": [0.93, 0.01, 1.0, 0.04, 0.05, 0.877547619047619, 0.83, 1.0, 0.975, 0.0, 1.0, 0.0, 0.91, 0.83, 0.91, 0.0, 0.0, 0.0, 0.10333333333333332, 0.93, 0.97, 1.0, 0.02, 0.18, 1.0, 0.07, 0.01, 0.0, 1.0, 0.09, 0.0, 0.0, 0.0, 1.0, 0.06, 0.02, 0.0, 0.02, 0.06, 0.22, 0.0, 1.0, 0.0, 1.0, 0.18, 0.034], "split5_index": [244, 245, 246, 247, 248, 249, 250, 251, 252, 253, 254, 255, 256, 257, 258, 259, 260, 261, 262, 263, 264, 265, 266, 267, 268, 269, 270, 271, 272, 273, 274, 275, 276, 277, 278, 279, 280, 281, 282, 283, 284, 285, 286, 287, 288, 289], "split5_pred": [1, 0, 1, 0, 0, 1, 0, 1, 1, 0, 1, 0, 1, 0, 1, 0, 0, 0, 0, 1, 1, 1, 0, 0, 1, 0, 0, 0, 1, 0, 0, 0, 0, 1, 0, 0, 0, 0, 0, 0, 0, 1, 0, 1, 0, 0], "split5_test": [0, 0, 1, 0, 0, 1, 0, 1, 1, 0, 1, 0, 1, 0, 1, 0, 0, 0, 0, 0, 1, 1, 0, 0, 1, 0, 0, 0, 1, 0, 0, 0, 0, 1, 0, 0, 0, 0, 0, 0, 0, 1, 0, 1, 0, 0], "split5_notXOR": [0, 1, 1, 1, 1, 1, 1, 1, 1, 1, 1, 1, 1, 1, 1, 1, 1, 1, 1, 0, 1, 1, 1, 1, 1, 1, 1, 1, 1, 1, 1, 1, 1, 1, 1, 1, 1, 1, 1, 1, 1, 1, 1, 1, 1, 1], "split5_prob": [0.533126984126984, 0.0, 1.0, 0.0, 0.0, 0.9238333333333334, 0.46, 1.0, 1.0, 0.0, 1.0, 0.0, 0.99, 0.46, 0.99, 0.0, 0.0, 0.0, 0.03, 0.533126984126984, 0.94, 1.0, 0.02, 0.066, 1.0, 0.0, 0.0, 0.0, 1.0, 0.01, 0.0, 0.0, 0.0, 1.0, 0.02, 0.02, 0.0, 0.01, 0.0, 0.05, 0.0, 1.0, 0.0, 1.0, 0.03, 0.005666666666666666], "split6_index": [290, 291, 292, 293, 294, 295, 296, 297, 298, 299, 300, 301, 302, 303, 304, 305, 306, 307, 308, 309, 310, 311, 312, 313, 314, 315, 316, 317, 318, 319, 320, 321, 322, 323, 324, 325, 326, 327, 328, 329, 330, 331, 332, 333, 334, 335], "split6_pred": [0, 0, 1, 0, 0, 1, 0, 1, 1, 0, 1, 0, 1, 0, 1, 0, 0, 0, 0, 0, 1, 1, 0, 0, 1, 0, 0, 0, 1, 0, 0, 0, 0, 1, 0, 0, 0, 0, 0, 0, 0, 1, 0, 1, 0, 0], "split6_test": [0, 0, 1, 0, 0, 1, 0, 1, 1, 0, 1, 0, 1, 0, 1, 0, 0, 0, 0, 0, 1, 1, 0, 0, 1, 0, 0, 0, 1, 0, 0, 0, 0, 1, 0, 0, 0, 0, 0, 0, 0, 1, 0, 1, 0, 0], "split6_notXOR": [1, 1, 1, 1, 1, 1, 1, 1, 1, 1, 1, 1, 1, 1, 1, 1, 1, 1, 1, 1, 1, 1, 1, 1, 1, 1, 1, 1, 1, 1, 1, 1, 1, 1, 1, 1, 1, 1, 1, 1, 1, 1, 1, 1, 1, 1], "split6_prob": [0.340108225108225, 0.0, 1.0, 0.01, 0.01, 0.981, 0.17, 1.0, 1.0, 0.0, 1.0, 0.0, 1.0, 0.17, 1.0, 0.0, 0.0, 0.0, 0.0, 0.340108225108225, 1.0, 1.0, 0.0, 0.02, 1.0, 0.01, 0.46, 0.0, 1.0, 0.0, 0.0, 0.0, 0.0, 1.0, 0.0, 0.0, 0.0, 0.0, 0.01, 0.02, 0.0, 1.0, 0.0, 1.0, 0.0, 0.0], "split7_index": [336, 337, 338, 339, 340, 341, 342, 343, 344, 345, 346, 347, 348, 349, 350, 351, 352, 353, 354, 355, 356, 357, 358, 359, 360, 361, 362, 363, 364, 365, 366, 367, 368, 369, 370, 371, 372, 373, 374, 375, 376, 377, 378, 379, 380, 381], "split7_pred": [0, 0, 1, 0, 0, 1, 0, 1, 1, 0, 1, 0, 1, 0, 1, 0, 0, 0, 0, 0, 1, 1, 0, 0, 1, 0, 0, 0, 1, 0, 0, 0, 0, 1, 0, 0, 0, 0, 0, 0, 0, 1, 0, 0, 0, 0], "split7_test": [0, 0, 1, 1, 0, 1, 0, 1, 1, 0, 1, 0, 1, 0, 1, 0, 0, 0, 0, 0, 1, 1, 0, 0, 1, 0, 0, 0, 1, 0, 0, 0, 0, 1, 0, 1, 0, 0, 0, 0, 0, 1, 0, 1, 0, 0], "split7_notXOR": [1, 1, 1, 0, 1, 1, 1, 1, 1, 1, 1, 1, 1, 1, 1, 1, 1, 1, 1, 1, 1, 1, 1, 1, 1, 1, 1, 1, 1, 1, 1, 1, 1, 1, 1, 0, 1, 1, 1, 1, 1, 1, 1, 0, 1, 1], "split7_prob": [0.23383022533022527, 0.0, 1.0, 0.06, 0.01, 1.0, 0.21, 1.0, 0.82, 0.0, 1.0, 0.0, 1.0, 0.21, 0.83, 0.0, 0.0, 0.0, 0.0, 0.23383022533022527, 1.0, 1.0, 0.0, 0.01, 1.0, 0.01, 0.1, 0.0, 1.0, 0.0, 0.0, 0.0, 0.0, 0.98, 0.07388888888888889, 0.31, 0.37, 0.01, 0.39, 0.06, 0.0, 1.0, 0.0, 0.4036904761904762, 0.43, 0.0],