{"split0_index": [3, 4, 5], "split0_pred": [0, 0, 0], "split0_test": [0, 1, 1], "split0_notXOR": [1, 0, 0], "split0_prob": [NaN, NaN, NaN], "split1_index": [6, 7, 8], "split1_pred": [0, 0, 0], "split1_test": [0, 1, 1], "split1_notXOR": [1, 0, 0], "split1_prob": [1.2738287492761078e-07, 1.2738287492761078e-07, 1.2738287492761078e-07], "split2_index": [9, 10, 11], "split2_pred": [0, 1, 0], "split2_test": [0, 0, 1], "split2_notXOR": [1, 0, 0], "split2_prob": [1.3972945663033021e-07, 1.0, 1.3972945663033021e-07], "split3_index": [12, 13, 14], "split3_pred": [0, 1, 0], "split3_test": [0, 0, 1], "split3_notXOR": [1, 0, 0], "split3_prob": [0.00165730133604261, 0.9994804719060061, 0.00165730133604261], "split4_index": [15, 16, 17], "split4_pred": [1, 1, 1], "split4_test": [0, 0, 1], "split4_notXOR": [0, 0, 1], "split4_prob": [0.9999989317209974, 0.9999989317209974, 0.9999989317209974], "split5_index": [18, 19, 20], "split5_pred": [1, 1, 1], "split5_test": [0, 0, 1], "split5_notXOR": [0, 0, 1], "split5_prob": [0.9999985423899709, 0.9999985423899709, 0.9999985423899709], "split6_index": [21, 22, 23], "split6_pred": [1, 0, 0], "split6_test": [0, 0, 1], "split6_notXOR": [0, 1, 0], "split6_prob": [0.9999981852203472, 0.0, 0.0], "split7_index": [24, 25, 26], "split7_pred": [1, 1, 1], "split7_test": [0, 0, 1], "split7_notXOR": [0, 0, 1], "split7_prob": [0.9999967206792988, 0.9999967206792988, 0.9999967206792988], "split8_index": [27, 28, 29], "split8_pred": [1, 1, 1], "split8_test": [0, 0, 1], "split8_notXOR": [0, 0, 1], "split8_prob": [0.9949894917143263, 0.9949894917143263, 0.9949894917143263], "split9_index": [30, 31, 32], "split9_pred": [1, 1, 1], "split9_test": [0, 0, 1], "split9_notXOR": [0, 0, 1], "split9_prob": [0.9999943868147335, 0.9999943868147335, 0.9999943868147335], "split10_index": [33, 34, 35], "split10_pred": [1, 1, 1], "split10_test": [0, 0, 1], "split10_notXOR": [0, 0, 1], "split10_prob": [0.9921495941812534, 0.9921495941812534, 0.9921495941812534], "split11_index": [36, 37, 38], "split11_pred": [1, 1, 1], "split11_test": [0, 0, 1], "split11_notXOR": [0, 0, 1], "split11_prob": [0.9907036158041396, 0.9907036158041396, 0.9907036158041396], "split12_index": [39, 40, 41], "split12_pred": [1, 1, 1], "split12_test": [0, 0, 1], "split12_notXOR": [0, 0, 1], "split12_prob": [0.9999999992115676, 0.9999999992115676, 0.9999999992115676], "split13_index": [42, 43, 44], "split13_pred": [1, 1, 1], "split13_test": [0, 0, 1], "split13_notXOR": [0, 0, 1], "split13_prob": [0.9999895768510041, 0.9999895768510041, 0.9999895768510041], "split14_index": [45, 46, 47], "split14_pred": [1, 0, 1], "split14_test": [0, 0, 1], "split14_notXOR": [0, 1, 1], "split14_prob": [0.9864905900836668, 0.0, 1.0], "split15_index": [48, 49, 50], "split15_pred": [1, 1, 1], "split15_test": [0, 0, 1], "split15_notXOR": [0, 0, 1], "split15_prob": [0.9999764781891572, 0.9999764781891572, 0.9999764781891572], "split16_index": [51, 52, 53], "split16_pred": [1, 1, 1], "split16_test": [0, 0, 1], "split16_notXOR": [0, 0, 1], "split16_prob": [0.9999744971231133, 0.9999744971231133, 0.9999744971231133], "split17_index": [54, 55, 56], "split17_pred": [1, 1, 1], "split17_test": [0, 0, 1], "split17_notXOR": [0, 0, 1], "split17_prob": [0.9999969693685284, 0.9999969693685284, 0.9999969693685284], "split18_index": [57, 58, 59], "split18_pred": [1, 1, 1], "split18_test": [0, 0, 1], "split18_notXOR": [0, 0, 1], "split18_prob": [0.9999781895946619, 0.9999781895946619, 0.9999781895946619], "split19_index": [60, 61, 62], "split19_pred": [1, 0, 1], "split19_test": [0, 0, 1], "split19_notXOR": [0, 1, 1], "split19_prob": [0.9999999999610276, 0.0, 1.0], "split20_index": [63, 64, 65], "split20_pred": [1, 1, 1], "split20_test": [0, 0, 1], "split20_notXOR": [0, 0, 1], "split20_prob": [0.9999760989726946, 0.9999760989726946, 1.0], "split21_index": [66, 67, 68], "split21_pred": [0, 0, 0], "split21_test": [0, 0, 1], "split21_notXOR": [1, 1, 0], "split21_prob": [0.03387186741271733, 0.03387186741271733, 0.03387186741271733], "split22_index": [69, 70, 71], "split22_pred": [0, 0, 0], "split22_test": [0, 0, 1], "split22_notXOR": [1, 1, 0], "split22_prob": [0.032445812344773894, 0.032445812344773894, 0.032445812344773894], "split23_index": [72, 73, 74], "split23_pred": [1, 1, 1], "split23_test": [0, 0, 1], "split23_notXOR": [0, 0, 1], "split23_prob": [0.9748388384310398, 0.9999999999987477, 1.0], "split24_index": [75, 76, 77], "split24_pred": [0, 0, 1], "split24_test": [0, 0, 1], "split24_notXOR": [1, 1, 1], "split24_prob": [2.801011046116189e-07, 1.352783566459134e-07, 1.0], "split25_index": [78, 79, 80], "split25_pred": [0, 0, 0], "split25_test": [0, 0, 1], "split25_notXOR": [1, 1, 0], "split25_prob": [1.492074817878769e-07, 1.492074817878769e-07, 1.492074817878769e-07], "split26_index": [81, 82, 83], "split26_pred": [0, 0, 0], "split26_test": [0, 0, 1], "split26_notXOR": [1, 1, 0], "split26_prob": [0.0001038822901672529, 9.445722007514701e-05, 0.0001038822901672529], "split27_index": [84, 85, 86], "split27_pred": [0, 0, 0], "split27_test": [0, 0, 1], "split27_notXOR": [1, 1, 0], "split27_prob": [0.0007661499849304867, 0.0007661499849304867, 0.0007661499849304867], "split28_index": [87, 88, 89], "split28_pred": [0, 0, 0], "split28_test": [0, 0, 1], "split28_notXOR": [1, 1, 0], "split28_prob": [1.3849117998569177e-07, 1.3849117998569177e-07, 1.3849117998569177e-07], "split29_index": [90, 91, 92], "split29_pred": [0, 0, 0], "split29_test": [0, 0, 1], "split29_notXOR": [1, 1, 0], "split29_prob": [0.0009652070705419369, 0.0009652070705419369, 0.0009652070705419369], "split30_index": [93, 94, 95], "split30_pred": [0, 0, 0], "split30_test": [0, 0, 1], "split30_notXOR": [1, 1, 0], "split30_prob": [1.3308007842672344e-06, 1.3308007842672344e-06, 1.3308007842672344e-06], "split31_index": [96, 97, 98], "split31_pred": [0, 0, 0], "split31_test": [0, 0, 1], "split31_notXOR": [1, 1, 0], "split31_prob": [0.0006962052553104353, 0.0006962052553104353, 0.0006962052553104353], "split32_index": [99, 100, 101], "split32_pred": [0, 0, 0], "split32_test": [0, 0, 1], "split32_notXOR": [1, 1, 0], "split32_prob": [1.6920853968674569e-07, 1.3097421999034623e-07, 1.6920853968674569e-07], "split33_index": [102, 103, 104], "split33_pred": [0, 0, 0], "split33_test": [0, 0, 1], "split33_notXOR": [1, 1, 0], "split33_prob": [6.9307546026831e-05, 6.9307546026831e-05, 6.9307546026831e-05]}