{"split0_index": [11, 12, 13, 14, 15, 16, 17, 18, 19, 20, 21], "split0_pred": [1, 1, 1, 1, 1, 1, 0, 1, 1, 1, 1], "split0_test": [0, 1, 1, 1, 0, 1, 0, 0, 1, 0, 0], "split0_notXOR": [0, 1, 1, 1, 0, 1, 1, 0, 1, 0, 0], "split0_prob": [1.0, 0.98, 0.98, 0.96, 1.0, 0.84, 0.0, 0.9, 0.97, 1.0, 0.59], "split1_index": [22, 23, 24, 25, 26, 27, 28, 29, 30, 31, 32], "split1_pred": [0, 1, 1, 1, 0, 1, 0, 1, 1, 0, 0], "split1_test": [0, 1, 1, 1, 1, 1, 0, 0, 1, 1, 0], "split1_notXOR": [1, 1, 1, 1, 0, 1, 1, 0, 1, 0, 1], "split1_prob": [0.08678571428571429, 0.9782857142857143, 0.9242857142857143, 0.98, 0.15, 0.924, 0.03, 0.5928095238095239, 0.79, 0.2463492063492062, 0.03], "split2_index": [33, 34, 35, 36, 37, 38, 39, 40, 41, 42, 43], "split2_pred": [0, 1, 1, 1, 1, 1, 0, 0, 1, 0, 0], "split2_test": [0, 1, 1, 1, 1, 1, 0, 0, 1, 1, 0], "split2_notXOR": [1, 1, 1, 1, 1, 1, 1, 1, 1, 0, 1], "split2_prob": [0.0016666666666666666, 0.9761111111111112, 1.0, 0.9695454545454545, 0.705, 0.9408333333333333, 0.0, 0.2779047619047618, 0.93, 0.307212121212121, 0.0], "split3_index": [44, 45, 46, 47, 48, 49, 50, 51, 52, 53, 54], "split3_pred": [0, 1, 1, 1, 1, 1, 0, 0, 1, 0, 0], "split3_test": [0, 1, 1, 1, 1, 1, 0, 0, 1, 0, 0], "split3_notXOR": [1, 1, 1, 1, 1, 1, 1, 1, 1, 1, 1], "split3_prob": [0.0, 1.0, 1.0, 1.0, 0.91, 0.879491563991564, 0.0, 0.16873362748362747, 1.0, 0.43043109668109664, 0.0], "split4_index": [55, 56, 57, 58, 59, 60, 61, 62, 63, 64, 65], "split4_pred": [0, 1, 1, 1, 1, 1, 0, 0, 1, 0, 0], "split4_test": [0, 1, 1, 1, 0, 1, 0, 0, 1, 0, 0], "split4_notXOR": [1, 1, 1, 1, 0, 1, 1, 1, 1, 1, 1], "split4_prob": [0.03, 0.99625, 1.0, 1.0, 0.96, 0.9656590909090909, 0.02, 0.11781222209163383, 0.96, 0.38542396492396486, 0.0], "split5_index": [66, 67, 68, 69, 70, 71, 72, 73, 74, 75, 76], "split5_pred": [1, 1, 1, 0, 1, 1, 0, 0, 0, 1, 0], "split5_test": [1, 0, 0, 0, 0, 0, 0, 0, 0, 1, 0], "split5_notXOR": [1, 0, 0, 1, 0, 0, 1, 1, 1, 1, 1], "split5_prob": [0.9214615384615386, 1.0, 0.8715740925740926, 0.42538719613719617, 0.81, 0.940429292929293, 0.0, 0.06799796750377243, 0.3640946275946276, 0.8111198801198802, 0.0], "split6_index": [77, 78, 79, 80, 81, 82, 83, 84, 85, 86, 87], "split6_pred": [1, 0, 0, 0, 0, 0, 0, 1, 0, 1, 0], "split6_test": [1, 0, 0, 0, 0, 0, 0, 0, 0, 1, 0], "split6_notXOR": [1, 1, 1, 1, 1, 1, 1, 0, 1, 1, 1], "split6_prob": [0.78, 0.26, 0.08, 0.3001428571428571, 0.3, 0.29, 0.0, 0.6418928571428575, 0.21432692307692305, 0.8683531746031747, 0.0]}