{"split0_index": [7, 8, 9, 10, 11, 12, 13], "split0_pred": [0, 0, 0, 0, 0, 0, 0], "split0_test": [0, 0, 0, 1, 0, 0, 0], "split0_notXOR": [1, 1, 1, 0, 1, 1, 1], "split0_prob": [0.038348570712970216, 0.038348570712970216, 0.045907555443872664, 0.19400626969546136, 0.055859763585786, 0.055859763585786, 0.045907555443872664], "split1_index": [14, 15, 16, 17, 18, 19, 20], "split1_pred": [0, 0, 0, 0, 0, 0, 0], "split1_test": [0, 0, 0, 1, 0, 0, 0], "split1_notXOR": [1, 1, 1, 0, 1, 1, 1], "split1_prob": [0.03030954829398288, 0.03030954829398288, 2.2474406555576112e-07, 0.06597388064620242, 4.4714545514331115e-17, 1.3508827959775224e-16, 2.247440655557607e-07], "split2_index": [21, 22, 23, 24, 25, 26, 27], "split2_pred": [0, 0, 0, 1, 0, 0, 0], "split2_test": [0, 0, 0, 1, 0, 0, 0], "split2_notXOR": [1, 1, 1, 1, 1, 1, 1], "split2_prob": [0.04772552702409384, 0.04772552702409384, 0.04772552702409384, 0.5712719651416593, 0.04772552702409384, 0.04772552702409384, 0.04772552702409384], "split3_index": [28, 29, 30, 31, 32, 33, 34], "split3_pred": [0, 0, 0, 0, 0, 0, 0], "split3_test": [0, 0, 0, 1, 0, 0, 0], "split3_notXOR": [1, 1, 1, 0, 1, 1, 1], "split3_prob": [0.03826213975958223, 0.03826213975958223, 0.23687687129364493, 0.4719547718675304, 0.03826213975958223, 0.03826213975958223, 0.20736084080564848], "split4_index": [35, 36, 37, 38, 39, 40, 41], "split4_pred": [0, 0, 1, 0, 0, 0, 0], "split4_test": [0, 0, 0, 1, 0, 0, 0], "split4_notXOR": [1, 1, 0, 0, 1, 1, 1], "split4_prob": [0.029312077830840836, 0.029312077830840836, 0.5182027231582932, 0.029312077830840836, 0.029312077830840836, 0.029312077830840836, 0.44748162282389364], "split5_index": [42, 43, 44, 45, 46, 47], "split5_pred": [0, 0, 1, 0, 1, 1], "split5_test": [0, 0, 0, 0, 0, 1], "split5_notXOR": [1, 1, 0, 1, 0, 1], "split5_prob": [0.44239992443218135, 0.06004366189068252, 0.608153734057758, 0.06004366189068252, 0.9973451128290088, 0.8256023641515263], "split6_index": [48, 49, 50, 51, 52, 53], "split6_pred": [0, 0, 0, 0, 0, 0], "split6_test": [0, 0, 0, 0, 0, 1], "split6_notXOR": [1, 1, 1, 1, 1, 0], "split6_prob": [0.19787747920682947, 0.06267975086588053, 0.2162632539993279, 0.06267975086588053, 0.28711171819938586, 0.40096282402321565], "split7_index": [54, 55, 56, 57, 58, 59], "split7_pred": [0, 0, 0, 0, 0, 0], "split7_test": [0, 0, 0, 0, 0, 1], "split7_notXOR": [1, 1, 1, 1, 1, 0], "split7_prob": [0.05799088147427125, 0.05799088147427125, 0.05799088147427125, 0.05799088147427125, 0.33701500132441753, 0.05799088147427125], "split8_index": [60, 61, 62, 63, 64, 65], "split8_pred": [0, 0, 0, 0, 0, 0], "split8_test": [0, 0, 0, 0, 0, 1], "split8_notXOR": [1, 1, 1, 1, 1, 0], "split8_prob": [0.08131272677875273, 0.08131272677875273, 0.08131272677875273, 0.08131272677875273, 0.21024586609107232, 0.08131272677875273], "split9_index": [66, 67, 68, 69, 70, 71], "split9_pred": [0, 0, 0, 0, 0, 0], "split9_test": [0, 0, 0, 0, 0, 1], "split9_notXOR": [1, 1, 1, 1, 1, 0], "split9_prob": [0.10074232977125999, 0.10074232977125999, 0.10074232977125999, 0.10074232977125999, 0.13960742528174297, 0.10074232977125999], "split10_index": [72, 73, 74, 75, 76, 77], "split10_pred": [0, 0, 0, 0, 0, 0], "split10_test": [0, 0, 0, 0, 0, 1], "split10_notXOR": [1, 1, 1, 1, 1, 0], "split10_prob": [0.10821494440365861, 0.10821494440365861, 0.10821494440365861, 0.10821494440365861, 0.10821494440365861, 0.21967639630058566], "split11_index": [78, 79, 80, 81, 82, 83], "split11_pred": [0, 0, 0, 0, 0, 0], "split11_test": [0, 0, 0, 0, 0, 1], "split11_notXOR": [1, 1, 1, 1, 1, 0], "split11_prob": [0.17300806657388834, 0.09709466253278967, 0.09709466253278967, 0.09709466253278967, 0.3272737598941593, 0.09709466253278964], "split12_index": [84, 85, 86, 87, 88, 89], "split12_pred": [0, 1, 0, 0, 0, 0], "split12_test": [0, 0, 0, 0, 0, 1], "split12_notXOR": [1, 0, 1, 1, 1, 0], "split12_prob": [0.11342364509695053, 0.908391453991964, 0.15825781990388915, 0.15408681620103243, 0.11342364509695048, 0.3500489609178009], "split13_index": [90, 91, 92, 93, 94, 95], "split13_pred": [0, 0, 0, 0, 0, 0], "split13_test": [0, 0, 0, 0, 0, 1], "split13_notXOR": [1, 1, 1, 1, 1, 0], "split13_prob": [0.10810929017745449, 0.10810929017745449, 0.10810929017745449, 0.10810929017745449, 0.2063274408705863, 0.10810929017745449], "split14_index": [96, 97, 98, 99, 100, 101], "split14_pred": [0, 0, 0, 0, 0, 0], "split14_test": [0, 0, 0, 0, 0, 1], "split14_notXOR": [1, 1, 1, 1, 1, 0], "split14_prob": [0.11398124298823721, 0.11398124298823721, 0.11398124298823721, 0.11398124298823721, 0.11398124298823721, 0.12624590247300552], "split15_index": [102, 103, 104, 105, 106, 107], "split15_pred": [0, 0, 0, 0, 0, 0], "split15_test": [0, 0, 0, 0, 0, 1], "split15_notXOR": [1, 1, 1, 1, 1, 0], "split15_prob": [0.10955754791090241, 0.10955754791090241, 0.10955754791090241, 0.10955754791090241, 0.10955754791090241, 0.2043127076561252], "split16_index": [108, 109, 110, 111, 112, 113], "split16_pred": [0, 0, 0, 0, 0, 0], "split16_test": [0, 0, 0, 0, 0, 1], "split16_notXOR": [1, 1, 1, 1, 1, 0], "split16_prob": [0.10228592819529525, 0.10228592819529525, 0.10228592819529525, 0.10228592819529525, 0.10228592819529525, 0.10228592819529525], "split17_index": [114, 115, 116, 117, 118, 119], "split17_pred": [0, 0, 0, 0, 0, 0], "split17_test": [0, 0, 0, 0, 0, 1], "split17_notXOR": [1, 1, 1, 1, 1, 0], "split17_prob": [0.10423357675611009, 0.10423357675611009, 0.10423357675611009, 0.10423357675611009, 0.10423357675611009, 0.10423357675611009], "split18_index": [120, 121, 122, 123, 124, 125], "split18_pred": [0, 0, 0, 0, 0, 0], "split18_test": [0, 0, 0, 0, 1, 1], "split18_notXOR": [1, 1, 1, 1, 0, 0], "split18_prob": [0.09786923530081557, 0.09786923530081557, 0.09786923530081557, 0.09786923530081557, 0.1897188664765993, 0.0030076100988892405], "split19_index": [126, 127, 128, 129, 130, 131], "split19_pred": [0, 0, 0, 0, 0, 0], "split19_test": [0, 0, 0, 0, 1, 1], "split19_notXOR": [1, 1, 1, 1, 0, 0], "split19_prob": [0.08741498398097436, 0.08741498398097436, 0.08741498398097436, 0.08741498398097436, 0.3216942030204287, 0.24241903214996008], "split20_index": [132, 133, 134, 135, 136, 137], "split20_pred": [0, 0, 0, 0, 0, 0], "split20_test": [0, 0, 0, 0, 0, 1], "split20_notXOR": [1, 1, 1, 1, 1, 0], "split20_prob": [0.11371971698007743, 0.11371971698007743, 0.11371971698007743, 0.11371971698007743, 0.39248255047317565, 0.30840926362235904], "split21_index": [138, 139, 140, 141, 142, 143], "split21_pred": [0, 0, 0, 0, 0, 0], "split21_test": [0, 0, 0, 0, 0, 1], "split21_notXOR": [1, 1, 1, 1, 1, 0], "split21_prob": [0.08401018679358895, 0.08401018679358895, 0.08401018679358895, 0.08401018679358895, 0.3230753217855677, 0.08401018679358899], "split22_index": [144, 145, 146, 147, 148, 149], "split22_pred": [0, 0, 0, 0, 0, 0], "split22_test": [0, 0, 0, 0, 0, 1], "split22_notXOR": [1, 1, 1, 1, 1, 0], "split22_prob": [0.1179209625814844, 0.1179209625814844, 0.1179209625814844, 0.1179209625814844, 0.11792096258148446, 0.3124228862619199], "split23_index": [150, 151, 152, 153, 154, 155], "split23_pred": [0, 0, 0, 0, 0, 0], "split23_test": [0, 0, 0, 0, 0, 1], "split23_notXOR": [1, 1, 1, 1, 1, 0], "split23_prob": [0.10063178428008299, 0.10063178428008299, 0.10063178428008299, 0.10063178428008299, 0.10063178428008299, 0.360320680379274], "split24_index": [156, 157, 158, 159, 160, 161], "split24_pred": [0, 0, 0, 0, 0, 0], "split24_test": [0, 0, 0, 0, 0, 1], "split24_notXOR": [1, 1, 1, 1, 1, 0], "split24_prob": [0.2609622748053105, 0.2609622748053105, 0.2609622748053105, 0.07162979112310504, 0.2609622748053105, 0.4854090204135121], "split25_index": [162, 163, 164, 165, 166, 167, 168, 169], "split25_pred": [0, 0, 0, 0, 0, 0, 0, 0], "split25_test": [0, 0, 0, 1, 0, 0, 0, 1], "split25_notXOR": [1, 1, 1, 0, 1, 1, 1, 0], "split25_prob": [0.07347271691672615, 0.3318851729556127, 0.07347271691672615, 0.2537898996997537, 0.27136563683961756, 0.07347271691672615, 0.07347271691672615, 0.18616606994714474],