{"split0_index": [13, 14, 15, 16, 17], "split0_pred": [0, 1, 0, 1, 0], "split0_test": [0, 0, 0, 1, 0], "split0_notXOR": [1, 0, 1, 1, 1], "split0_prob": [0.38, 0.77, 0.48, 0.57, 0.43], "split1_index": [18, 19, 20, 21, 22], "split1_pred": [0, 1, 0, 1, 0], "split1_test": [0, 0, 0, 1, 0], "split1_notXOR": [1, 0, 1, 1, 1], "split1_prob": [0.26, 0.65, 0.41, 0.74, 0.38], "split2_index": [23, 24, 25, 26, 27], "split2_pred": [0, 1, 0, 1, 0], "split2_test": [0, 0, 0, 1, 0], "split2_notXOR": [1, 0, 1, 1, 1], "split2_prob": [0.2833333333333333, 0.5209999999999999, 0.42933333333333323, 0.8793333333333334, 0.1825], "split3_index": [28, 29, 30, 31, 32], "split3_pred": [0, 1, 0, 1, 0], "split3_test": [0, 0, 0, 1, 0], "split3_notXOR": [1, 0, 1, 1, 1], "split3_prob": [0.18, 0.64, 0.1, 0.97, 0.28]}