{"split0_index": [3, 4, 5, 6, 7, 8, 9, 10], "split0_pred": [1, 0, 0, 0, 0, 0, 0, 0], "split0_test": [1, 0, 0, 0, 0, 0, 1, 0], "split0_notXOR": [1, 1, 1, 1, 1, 1, 0, 1], "split0_prob": [0.014769928537446382, 0.985798940465213, 0.9687234857298717, 0.8477205646412003, 0.8829083021583042, 0.8809639471428905, 0.9527975656212595, 0.8998334900377009], "split1_index": [11, 12, 13, 14, 15, 16, 17, 18], "split1_pred": [1, 0, 0, 0, 0, 0, 1, 0], "split1_test": [1, 0, 0, 0, 0, 0, 1, 0], "split1_notXOR": [1, 1, 1, 1, 1, 1, 1, 1], "split1_prob": [0.8869079036299501, 0.03784796662997607, 0.03781880936805126, 0.037860526285914395, 0.03777224210274708, 0.03817675405810817, 0.8871992509580945, 0.037805202201147275], "split2_index": [19, 20, 21, 22, 23, 24, 25], "split2_pred": [1, 0, 0, 0, 0, 1, 0], "split2_test": [1, 0, 0, 0, 0, 1, 0], "split2_notXOR": [1, 1, 1, 1, 1, 1, 1], "split2_prob": [0.9224129391657591, 0.04945595759271566, 0.07842252613665765, 0.04488840678374898, 0.04532013906378437, 0.9208008786469274, 0.05012364774057529], "split3_index": [26, 27, 28, 29, 30, 31, 32], "split3_pred": [1, 0, 0, 0, 0, 1, 0], "split3_test": [1, 0, 0, 0, 0, 1, 0], "split3_notXOR": [1, 1, 1, 1, 1, 1, 1], "split3_prob": [0.9415181324051766, 0.035994909827324596, 0.036042760874305274, 0.032634752063534896, 0.0330107986361171, 0.9415504958634876, 0.03548955545475015], "split4_index": [33, 34, 35, 36, 37, 38, 39], "split4_pred": [1, 0, 0, 0, 0, 0, 0], "split4_test": [1, 0, 0, 0, 0, 0, 0], "split4_notXOR": [1, 1, 1, 1, 1, 1, 1], "split4_prob": [0.9535880606221125, 0.023187509179650678, 0.023218199833790254, 0.020840417133885375, 0.02110514883330685, 0.15465724024536137, 0.06015275360903926], "split5_index": [40, 41, 42, 43, 44, 45, 46], "split5_pred": [1, 0, 0, 0, 0, 0, 0], "split5_test": [1, 0, 0, 0, 0, 0, 0], "split5_notXOR": [1, 1, 1, 1, 1, 1, 1], "split5_prob": [0.9531743767451702, 0.01483817361300407, 0.018066357399375402, 0.014070569997983813, 0.014327185114887597, 0.01734840540706471, 0.017363186152979267]}