{"split0_index": [4, 5, 6, 7], "split0_pred": [1, 0, 0, 0], "split0_test": [1, 0, 0, 0], "split0_notXOR": [1, 1, 1, 1], "split0_prob": [0.6939076888520982, 0.07192969740408274, 0.08798103751619775, 0.0753324451185401], "split1_index": [8, 9, 10, 11, 12, 13, 14, 15], "split1_pred": [1, 0, 0, 0, 0, 0, 0, 0], "split1_test": [1, 0, 0, 0, 0, 0, 0, 0], "split1_notXOR": [1, 1, 1, 1, 1, 1, 1, 1], "split1_prob": [0.9338728682326102, 0.05520184099823468, 0.043243188608496484, 0.0605685399187947, 0.015918229182234494, 0.03218619321852715, 0.03553672133056041, 0.02871150968893813]}