{"split0_index": [7, 8, 9, 10, 11, 12, 13, 14, 15, 16], "split0_pred": [1, 0, 0, 1, 0, 0, 0, 0, 0, 0], "split0_test": [0, 0, 0, 1, 0, 0, 0, 0, 0, 1], "split0_notXOR": [0, 1, 1, 1, 1, 1, 1, 1, 1, 0], "split0_prob": [0.7310003120603914, 0.3792730737834923, 0.32346659923869236, 0.7310003120603914, 0.30853784939919904, 0.3554753767807356, 0.29898765987050424, 0.30212905501930826, 0.32346659923869236, 0.3186026775523676], "split1_index": [17, 18, 19, 20, 21, 22, 23, 24, 25, 26], "split1_pred": [1, 0, 0, 1, 0, 0, 0, 0, 0, 0], "split1_test": [0, 0, 0, 1, 0, 0, 0, 0, 0, 0], "split1_notXOR": [0, 1, 1, 1, 1, 1, 1, 1, 1, 1], "split1_prob": [0.8309587408166097, 0.2598070314229206, 0.23569749303038742, 0.8309587408166097, 0.2808812668743277, 0.2479301836040644, 0.20907195334160078, 0.23554087981373564, 0.23569749303038742, 0.2176453242696905], "split2_index": [27, 28, 29, 30, 31, 32, 33, 34, 35, 36], "split2_pred": [1, 0, 0, 1, 0, 0, 0, 0, 0, 0], "split2_test": [0, 0, 0, 1, 0, 0, 0, 0, 0, 0], "split2_notXOR": [0, 1, 1, 1, 1, 1, 1, 1, 1, 1], "split2_prob": [0.7729796667648737, 0.396342074548362, 0.31778550571814396, 0.7729796667648737, 0.36259763165660164, 0.3103323901474289, 0.30913022920891, 0.3176892817706927, 0.31778550571814396, 0.36908536473334536], "split3_index": [37, 38, 39, 40, 41, 42, 43, 44, 45, 46], "split3_pred": [1, 0, 0, 1, 0, 0, 0, 0, 0, 0], "split3_test": [0, 0, 0, 1, 0, 0, 0, 0, 0, 0], "split3_notXOR": [0, 1, 1, 1, 1, 1, 1, 1, 1, 1], "split3_prob": [0.8320360846704555, 0.3687034467157336, 0.28490296948224664, 0.8320360846704555, 0.30755568162634317, 0.27865036860954306, 0.2675557921292515, 0.3130856051280718, 0.28490296948224664, 0.3179106763218106], "split4_index": [47, 48, 49, 50, 51, 52, 53, 54, 55, 56], "split4_pred": [1, 0, 0, 0, 1, 0, 0, 0, 0, 0], "split4_test": [0, 0, 0, 0, 1, 0, 0, 0, 0, 0], "split4_notXOR": [0, 1, 1, 1, 1, 1, 1, 1, 1, 1], "split4_prob": [0.8495362226770745, 0.2591525560850975, 0.3275046055192775, 0.2591526088920563, 0.8495362226770745, 0.2592275732408992, 0.25399208737949946, 0.2345250831568015, 0.2591526088920563, 0.2685555469587182], "split5_index": [57, 58, 59, 60, 61, 62, 63, 64, 65, 66, 67], "split5_pred": [1, 0, 0, 0, 0, 1, 0, 0, 0, 0, 0], "split5_test": [1, 0, 0, 0, 0, 0, 0, 0, 0, 0, 0], "split5_notXOR": [1, 1, 1, 1, 1, 0, 1, 1, 1, 1, 1], "split5_prob": [0.8602220705832103, 0.22510941565018577, 0.2191533546480682, 0.22198954775643687, 0.22209905172516026, 0.8602220705832103, 0.22209905172516026, 0.22191535647045788, 0.2050668204294344, 0.22191535647045788, 0.23178609783568646], "split6_index": [68, 69, 70, 71, 72, 73, 74, 75, 76, 77, 78], "split6_pred": [1, 0, 0, 0, 0, 0, 1, 0, 0, 0, 0], "split6_test": [1, 0, 0, 0, 0, 0, 0, 0, 0, 1, 0], "split6_notXOR": [1, 1, 1, 1, 1, 1, 0, 1, 1, 0, 1], "split6_prob": [0.8663704169808916, 0.2201327398234746, 0.3131226708271921, 0.22013844385928283, 0.22013271697749345, 0.22018053761218337, 0.8663704169808916, 0.2051089999286098, 0.2201327398234746, 0.22852282126816498, 0.22018053761218337], "split7_index": [79, 80, 81, 82, 83, 84, 85, 86, 87, 88, 89], "split7_pred": [1, 0, 0, 0, 0, 1, 1, 0, 0, 0, 0], "split7_test": [1, 0, 0, 0, 0, 0, 0, 0, 0, 0, 0], "split7_notXOR": [1, 1, 1, 1, 1, 0, 0, 1, 1, 1, 1], "split7_prob": [0.8900223560667639, 0.06685231812561185, 0.08890411297434464, 0.08903846734317089, 0.08900271351186759, 0.4941392581478177, 0.8900223560667639, 0.06545630852522624, 0.06685231812561185, 0.22384263216942155, 0.10434716314919656], "split8_index": [90, 91, 92, 93, 94, 95, 96, 97, 98, 99, 100, 101], "split8_pred": [1, 0, 0, 0, 0, 0, 1, 0, 0, 0, 0, 0], "split8_test": [1, 0, 0, 0, 0, 0, 0, 1, 0, 0, 0, 0], "split8_notXOR": [1, 1, 1, 1, 1, 1, 0, 0, 1, 1, 1, 1], "split8_prob": [0.8731030447263691, 0.21080807304888782, 0.17415419335859872, 0.2107364218383974, 0.19920654709032298, 0.14452259215277982, 0.8731030447263691, 0.17244720889246645, 0.18160209643547098, 0.21080807304888782, 0.2331286351175889, 0.1895143618249731], "split9_index": [102, 103, 104, 105, 106, 107, 108, 109, 110, 111, 112, 113, 114], "split9_pred": [1, 0, 0, 0, 0, 1, 1, 1, 0, 0, 0, 0, 0], "split9_test": [1, 0, 0, 0, 0, 0, 0, 0, 0, 0, 0, 0, 0], "split9_notXOR": [1, 1, 1, 1, 1, 0, 0, 0, 1, 1, 1, 1, 1], "split9_prob": [0.8812941638700471, 0.1298217110281044, 0.18047968108880744, 0.166509484462103, 0.1589711017697931, 0.8812941638700471, 0.6899172700556641, 0.8812941638700471, 0.1802812009166822, 0.12877765674295996, 0.23417093518607826, 0.1298217110281044, 0.18047968108880744], "split10_index": [115, 116, 117, 118, 119, 120, 121, 122, 123, 124, 125, 126, 127], "split10_pred": [1, 0, 0, 0, 0, 1, 1, 1, 0, 0, 0, 0, 0], "split10_test": [1, 0, 0, 0, 0, 0, 0, 0, 0, 0, 0, 0, 0], "split10_notXOR": [1, 1, 1, 1, 1, 0, 0, 0, 1, 1, 1, 1, 1], "split10_prob": [0.8751746704752401, 0.13160055685035732, 0.17581376993925035, 0.16536470183151095, 0.15443881238523066, 0.8751746704752401, 0.6083355364776738, 0.8751746704752401, 0.17594767154462557, 0.1325118881178112, 0.2103604739241467, 0.13160055685035732, 0.17581376993925035], "split11_index": [128, 129, 130, 131, 132, 133, 134, 135, 136, 137, 138, 139, 140], "split11_pred": [1, 0, 0, 0, 0, 1, 1, 1, 0, 0, 0, 0, 0], "split11_test": [1, 0, 0, 0, 0, 0, 0, 0, 0, 0, 0, 0, 0], "split11_notXOR": [1, 1, 1, 1, 1, 0, 0, 0, 1, 1, 1, 1, 1], "split11_prob": [0.8576277377399777, 0.09071247585063616, 0.1604655887070685, 0.1519446090897976, 0.13283986306143675, 0.8576277377399777, 0.7424869352761412, 0.8576277377399777, 0.16063490262940222, 0.09180848153106307, 0.20710627528236517, 0.09071247585063616, 0.1604655887070685], "split12_index": [141, 142, 143, 144, 145, 146, 147, 148, 149, 150, 151, 152, 153], "split12_pred": [1, 0, 0, 0, 0, 1, 0, 1, 0, 0, 0, 0, 0], "split12_test": [1, 0, 0, 0, 0, 0, 0, 0, 0, 0, 0, 0, 0], "split12_notXOR": [1, 1, 1, 1, 1, 0, 1, 0, 1, 1, 1, 1, 1], "split12_prob": [0.8608080549919627, 0.11802107215312423, 0.1503385161008942, 0.15518423732997644, 0.13537907483510728, 0.8608080549919627, 0.4485168386941032, 0.8608080549919627, 0.16185511032101696, 0.11823081061303843, 0.13786485063611187, 0.11802107215312423, 0.1503385161008942], "split13_index": [154, 155, 156, 157, 158, 159, 160, 161, 162, 163, 164, 165, 166], "split13_pred": [1, 0, 0, 0, 0, 1, 0, 1, 0, 0, 0, 0, 0], "split13_test": [1, 0, 0, 0, 0, 0, 0, 0, 0, 0, 0, 0, 0], "split13_notXOR": [1, 1, 1, 1, 1, 0, 1, 0, 1, 1, 1, 1, 1], "split13_prob": [0.87491016069241, 0.09506769508354117, 0.1240783506469862, 0.13396623233563337, 0.10944371886407442, 0.87491016069241, 0.4164800839772449, 0.87491016069241, 0.1370617959105463, 0.09520619613648326, 0.11210346378852569, 0.09506769508354117, 0.1240783506469862], "split14_index": [167, 168, 169, 170, 171, 172, 173, 174, 175, 176, 177, 178], "split14_pred": [1, 0, 0, 0, 0, 1, 0, 1, 0, 0, 0, 0], "split14_test": [1, 0, 0, 0, 0, 0, 0, 0, 0, 0, 0, 0], "split14_notXOR": [1, 1, 1, 1, 1, 0, 1, 0, 1, 1, 1, 1], "split14_prob": [0.859572522578693, 0.10564598513644403, 0.1373589517729081, 0.1499456700417294, 0.12179685136702312, 0.859572522578693, 0.39992152475288345, 0.859572522578693, 0.17359598872463264, 0.10572470438456674, 0.12403752475473558, 0.1373589517729081], "split15_index": [179, 180, 181, 182, 183, 184, 185, 186, 187, 188, 189, 190], "split15_pred": [1, 0, 0, 0, 0, 1, 0, 1, 0, 0, 0, 0], "split15_test": [1, 0, 0, 0, 0, 0, 0, 0, 0, 0, 0, 0], "split15_notXOR": [1, 1, 1, 1, 1, 0, 1, 0, 1, 1, 1, 1], "split15_prob": [0.8443042086468788, 0.11569383722024314, 0.14512000007553513, 0.1739410069081794, 0.13121562559491515, 0.8443042086468788, 0.3904592555746632, 0.8443042086468788, 0.18032454649653887, 0.11466009198824638, 0.13202759254413216, 0.14512000007553513], "split16_index": [191, 192, 193, 194, 195, 196, 197, 198, 199, 200, 201, 202], "split16_pred": [1, 0, 0, 0, 0, 1, 0, 1, 0, 0, 0, 0], "split16_test": [1, 0, 0, 0, 0, 0, 0, 0, 0, 0, 0, 0], "split16_notXOR": [1, 1, 1, 1, 1, 0, 1, 0, 1, 1, 1, 1],