{"split0_index": [13, 14, 15, 16, 17, 18, 19, 20, 21, 22, 23, 24, 25], "split0_pred": [0, 1, 0, 1, 0, 0, 0, 1, 0, 1, 0, 1, 0], "split0_test": [0, 0, 0, 1, 0, 0, 0, 0, 0, 0, 0, 1, 0], "split0_notXOR": [1, 0, 1, 1, 1, 1, 1, 0, 1, 0, 1, 1, 1], "split0_prob": [0.3764130561115229, 0.5618900133093425, 0.4366323878046558, 0.5403195488346133, 0.3764130561115229, 0.37646857884632284, 0.416822109257584, 0.5401692279441486, 0.48035573787723496, 0.5581140292022289, 0.416822109257584, 0.4847350377052056, 0.37638828126503554], "split1_index": [26, 27, 28, 29, 30, 31, 32, 33, 34, 35, 36, 37, 38], "split1_pred": [0, 1, 0, 1, 0, 0, 0, 1, 0, 0, 0, 1, 0], "split1_test": [0, 0, 0, 1, 0, 0, 0, 0, 0, 0, 0, 1, 0], "split1_notXOR": [1, 0, 1, 1, 1, 1, 1, 0, 1, 1, 1, 1, 1], "split1_prob": [0.19003560505807193, 0.7802608584534023, 0.2972499801627041, 0.6006192462649628, 0.19003560505807193, 0.18961233960312165, 0.26242963034481226, 0.6006192462649628, 0.38908069116169136, 0.20375355154844632, 0.26242963034481226, 0.841250085762686, 0.2038355044457648], "split2_index": [39, 40, 41, 42, 43, 44, 45, 46, 47, 48, 49, 50, 51], "split2_pred": [0, 1, 0, 0, 0, 0, 0, 0, 0, 1, 0, 1, 0], "split2_test": [0, 0, 0, 1, 0, 0, 0, 0, 0, 0, 0, 1, 0], "split2_notXOR": [1, 0, 1, 0, 1, 1, 1, 1, 1, 0, 1, 1, 1], "split2_prob": [0.17843700539404903, 0.8367998556291686, 0.24819802131915517, 0.48904967169357233, 0.17843700539404903, 0.21962784821613807, 0.2196278092805933, 0.5080591013211305, 0.3362815486725566, 0.5603159864231856, 0.2196278092805933, 0.8331100352782621, 0.2541108343363897], "split3_index": [52, 53, 54, 55, 56, 57, 58, 59, 60, 61, 62, 63, 64], "split3_pred": [0, 1, 0, 1, 0, 0, 0, 1, 0, 1, 0, 1, 0], "split3_test": [0, 0, 0, 1, 0, 0, 0, 0, 0, 0, 0, 1, 0], "split3_notXOR": [1, 0, 1, 1, 1, 1, 1, 0, 1, 0, 1, 1, 1], "split3_prob": [0.12164880330738631, 0.811021397073554, 0.2332570000531124, 0.5217014746720071, 0.12164880330738631, 0.16315326328525645, 0.19378464879806945, 0.52987883997306, 0.3411400979753694, 0.5891732479402909, 0.19378464879806945, 0.8203358794742065, 0.19385843047694745], "split4_index": [65, 66, 67, 68, 69, 70, 71, 72, 73, 74, 75, 76], "split4_pred": [0, 1, 1, 0, 0, 0, 0, 0, 1, 0, 1, 0], "split4_test": [0, 0, 1, 0, 0, 0, 0, 0, 0, 0, 1, 0], "split4_notXOR": [1, 0, 1, 1, 1, 1, 1, 1, 0, 1, 1, 1], "split4_prob": [0.1719211403408449, 0.7828833026499079, 0.5306008583059185, 0.1719211403408449, 0.11974805480107303, 0.24846092865194366, 0.42970191662202273, 0.37917111943995024, 0.5823554107443588, 0.24846092865194366, 0.7681896035818784, 0.12806970438654092], "split5_index": [77, 78, 79, 80, 81, 82, 83, 84, 85, 86, 87, 88], "split5_pred": [0, 1, 1, 0, 0, 0, 1, 1, 1, 0, 1, 0], "split5_test": [0, 0, 1, 0, 0, 0, 0, 0, 0, 0, 1, 0], "split5_notXOR": [1, 0, 1, 1, 1, 1, 0, 0, 0, 1, 1, 1], "split5_prob": [0.06567538532675428, 0.81545366984207, 0.719443971215557, 0.06567538532675428, 0.09674730558974212, 0.18636980396144096, 0.5679974509443501, 0.4639578760304217, 0.7812025380302461, 0.18636980396144096, 0.7194902906908993, 0.10100564478568679], "split6_index": [89, 90, 91, 92, 93, 94, 95, 96, 97, 98, 99, 100], "split6_pred": [0, 1, 1, 0, 0, 0, 1, 1, 1, 0, 1, 0], "split6_test": [0, 0, 1, 0, 0, 0, 0, 0, 0, 0, 1, 0], "split6_notXOR": [1, 0, 1, 1, 1, 1, 0, 0, 0, 1, 1, 1], "split6_prob": [0.062171148724016294, 0.814758949337706, 0.7287245900556081, 0.062171148724016294, 0.09140121879038197, 0.18294936031653175, 0.5698035145762701, 0.46458876676268673, 0.7893048414047306, 0.18294936031653175, 0.7288249892715379, 0.09531154470152331], "split7_index": [101, 102, 103, 104, 105, 106, 107, 108, 109, 110, 111, 112], "split7_pred": [0, 1, 1, 0, 0, 0, 1, 1, 1, 0, 1, 0], "split7_test": [0, 0, 1, 0, 0, 0, 0, 0, 0, 0, 1, 0], "split7_notXOR": [1, 0, 1, 1, 1, 1, 0, 0, 0, 1, 1, 1], "split7_prob": [0.05176448121381191, 0.7721217387737646, 0.6944818973447939, 0.05176448121381191, 0.0723217284956295, 0.15291292038075963, 0.5191862812491563, 0.41507719174045377, 0.7590077657036594, 0.15291292038075963, 0.6946954243825308, 0.07528251467849285], "split8_index": [113, 114, 115, 116, 117, 118, 119, 120, 121, 122, 123, 124], "split8_pred": [0, 1, 1, 0, 0, 0, 1, 1, 1, 0, 1, 0], "split8_test": [0, 0, 1, 0, 0, 0, 0, 0, 0, 0, 1, 0], "split8_notXOR": [1, 0, 1, 1, 1, 1, 0, 0, 0, 1, 1, 1], "split8_prob": [0.043564081175890564, 0.7717963361185767, 0.7077906226148709, 0.043564081175890564, 0.06155107069537277, 0.1405752724807657, 0.5175163368833591, 0.40911656036331495, 0.7721907206457772, 0.1405752724807657, 0.7075946548088913, 0.06401271256270061], "split9_index": [125, 126, 127, 128, 129, 130, 131, 132, 133, 134, 135, 136], "split9_pred": [0, 1, 1, 0, 0, 0, 1, 1, 1, 0, 1, 0], "split9_test": [0, 0, 1, 0, 0, 0, 0, 0, 0, 0, 1, 0], "split9_notXOR": [1, 0, 1, 1, 1, 1, 0, 0, 0, 1, 1, 1], "split9_prob": [0.05556935196227908, 0.7798632999928008, 0.72896413545498, 0.05556935196227908, 0.07602491276696349, 0.16672383301406932, 0.5461454830803831, 0.44216038780056505, 0.787216937689576, 0.16672383301406932, 0.7290667859669157, 0.07854475961779674], "split10_index": [137, 138, 139, 140, 141, 142, 143, 144, 145, 146, 147, 148], "split10_pred": [0, 1, 1, 0, 0, 0, 1, 1, 1, 0, 1, 0], "split10_test": [0, 0, 1, 0, 0, 0, 1, 0, 0, 0, 1, 0], "split10_notXOR": [1, 0, 1, 1, 1, 1, 1, 0, 0, 1, 1, 1], "split10_prob": [0.031142726640799395, 0.7616381720169971, 0.7206867666941766, 0.031142726640799395, 0.04644866156292772, 0.11699255775814815, 0.5, 0.38693413587496767, 0.785824267409599, 0.11699255775814815, 0.7206869065773436, 0.048070338509171834], "split11_index": [149, 150, 151, 152, 153, 154, 155, 156, 157, 158, 159, 160], "split11_pred": [0, 1, 1, 0, 0, 0, 1, 1, 1, 0, 1, 0], "split11_test": [0, 0, 1, 0, 0, 0, 1, 0, 0, 0, 1, 0], "split11_notXOR": [1, 0, 1, 1, 1, 1, 1, 0, 0, 1, 1, 1], "split11_prob": [0.026658791517824694, 0.7455369489817413, 0.7282505484786881, 0.026658791517824694, 0.04315135070928841, 0.11602825579502486, 0.519799244379182, 0.40238177411667253, 0.7911668258161579, 0.11602825579502486, 0.7282506254602626, 0.04471265241203169], "split12_index": [161, 162, 163, 164, 165, 166, 167, 168, 169, 170, 171, 172], "split12_pred": [0, 1, 1, 0, 0, 0, 1, 1, 1, 0, 1, 1], "split12_test": [0, 0, 0, 0, 0, 0, 1, 0, 0, 0, 0, 0], "split12_notXOR": [1, 0, 0, 1, 1, 1, 1, 0, 0, 1, 0, 0], "split12_prob": [0.02341555854799402, 0.7318880005022254, 0.7349794389494749, 0.02341555854799402, 0.044103169319323676, 0.11850367574255484, 0.5446398161915765, 0.4244682765094737, 0.7956921671388981, 0.11850367574255484, 0.7350324016405523, 0.8923151078098528]}