{"split0_index": [7, 8, 9, 10, 11, 12, 13], "split0_pred": [1, 1, 1, 1, 1, 1, 1], "split0_test": [0, 0, 0, 1, 0, 0, 0], "split0_notXOR": [0, 0, 0, 1, 0, 0, 0], "split0_prob": [0.5, 0.5, 0.5, 0.5, 0.5, 0.5, 0.5], "split1_index": [14, 15, 16, 17, 18, 19, 20], "split1_pred": [1, 0, 1, 1, 1, 0, 0], "split1_test": [0, 0, 0, 1, 0, 0, 0], "split1_notXOR": [0, 1, 0, 1, 0, 1, 1], "split1_prob": [0.5146710790244057, 0.649285859192494, 0.24146485002693702, 0.24146485002693702, 0.24146485002693702, 0.6442314467186466, 0.6440553860934575], "split2_index": [21, 22, 23, 24, 25, 26, 27], "split2_pred": [1, 1, 1, 1, 1, 1, 1], "split2_test": [0, 0, 0, 1, 0, 0, 0], "split2_notXOR": [0, 0, 0, 1, 0, 0, 0], "split2_prob": [0.5885126281629341, 0.5885126281629341, 0.5885126281629341, 0.5885126281629341, 0.5885126281629341, 0.5885126281629341, 0.5885126281629341], "split3_index": [28, 29, 30, 31, 32, 33, 34], "split3_pred": [1, 1, 1, 1, 1, 1, 1], "split3_test": [0, 0, 0, 1, 0, 0, 0], "split3_notXOR": [0, 0, 0, 1, 0, 0, 0], "split3_prob": [0.6394361884322047, 0.6394361884322047, 0.6394361884322047, 0.6394361884322047, 0.6394361884322047, 0.6394361884322047, 0.6394361884322047]}