{"split0_index": [11, 12, 13, 14, 15, 16, 17, 18, 19, 20, 21], "split0_pred": [0, 0, 0, 0, 1, 0, 0, 0, 0, 1, 0], "split0_test": [0, 0, 0, 0, 1, 1, 0, 0, 0, 0, 0], "split0_notXOR": [1, 1, 1, 1, 1, 0, 1, 1, 1, 0, 1], "split0_prob": [0.25508891049487453, 0.2159437021736637, 0.11595414517258852, 0.21003245950893693, 0.5478144152254828, 0.4295768600630318, 0.16416285912093154, 0.1458204722855707, 0.18671791604064325, 0.5121566591732758, 0.211583170482906], "split1_index": [22, 23, 24, 25, 26, 27, 28, 29, 30, 31, 32, 33], "split1_pred": [0, 0, 0, 1, 0, 1, 0, 0, 0, 0, 0, 0], "split1_test": [0, 0, 0, 0, 0, 1, 1, 0, 0, 0, 0, 0], "split1_notXOR": [1, 1, 1, 0, 1, 1, 0, 1, 1, 1, 1, 1], "split1_prob": [0.17176240064798917, 0.1339641348520933, 0.05908099490367255, 0.9780561937444937, 0.19723110555086668, 0.5924736449487836, 0.46539498752736663, 0.0749381166982814, 4.412749607469854e-05, 0.14217233275924107, 0.14497670132016582, 0.12196608774817726], "split2_index": [34, 35, 36, 37, 38, 39, 40, 41, 42, 43, 44, 45], "split2_pred": [0, 0, 0, 0, 0, 1, 1, 0, 0, 0, 0, 0], "split2_test": [0, 0, 0, 0, 0, 1, 0, 0, 0, 0, 0, 0], "split2_notXOR": [1, 1, 1, 1, 1, 1, 0, 1, 1, 1, 1, 1], "split2_prob": [0.14855863375635023, 0.10873337684399527, 0.052112576700325944, 0.14127504383210449, 0.08999894167562061, 0.6580237959635922, 0.6564932318063197, 0.06686728068586963, 0.024146026996784704, 0.04023325949771104, 0.1217751740188069, 0.09875252865761995], "split3_index": [46, 47, 48, 49, 50, 51, 52, 53, 54, 55, 56, 57], "split3_pred": [0, 0, 0, 0, 0, 0, 0, 0, 0, 0, 0, 0], "split3_test": [0, 0, 0, 0, 0, 1, 0, 0, 0, 0, 0, 0], "split3_notXOR": [1, 1, 1, 1, 1, 0, 1, 1, 1, 1, 1, 1], "split3_prob": [0.027128305891481665, 0.11361656238203224, 0.012219079949287821, 0.1569209031422058, 0.04076715052977179, 0.2815357957944766, 0.21354656780632386, 0.015561173716446792, 0.014640918400910087, 0.04113325304002265, 0.08935224356078936, 0.03306884182521582], "split4_index": [58, 59, 60, 61, 62, 63, 64, 65, 66, 67, 68, 69], "split4_pred": [0, 0, 0, 0, 0, 1, 1, 0, 0, 0, 0, 0], "split4_test": [0, 0, 0, 0, 0, 1, 0, 0, 0, 0, 0, 0], "split4_notXOR": [1, 1, 1, 1, 1, 1, 0, 1, 1, 1, 1, 1], "split4_prob": [0.0379557991778758, 0.11408165709826516, 0.04990502299845855, 0.12687534028050296, 0.056480468886351366, 0.5014034718468504, 0.53163918976831, 0.020558914584733825, 0.02262453774642316, 0.05067222959388566, 0.0934333282617503, 0.1445221502993564], "split5_index": [70, 71, 72, 73, 74, 75, 76, 77, 78, 79, 80, 81], "split5_pred": [0, 0, 0, 0, 0, 1, 0, 0, 0, 0, 0, 0], "split5_test": [0, 0, 0, 0, 0, 1, 0, 0, 0, 0, 0, 0], "split5_notXOR": [1, 1, 1, 1, 1, 1, 1, 1, 1, 1, 1, 1], "split5_prob": [0.06501565320698362, 0.05616620114756347, 0.023114648376322672, 0.05315862990821382, 0.09308063655534544, 0.73104658149889, 0.22681613387780492, 0.039435316030486216, 0.011880147297668994, 0.07984134653637519, 0.13414873426986199, 0.0762446767620801], "split6_index": [82, 83, 84, 85, 86, 87, 88, 89, 90, 91, 92, 93], "split6_pred": [0, 0, 0, 0, 0, 1, 0, 0, 0, 0, 0, 0], "split6_test": [0, 0, 0, 0, 0, 1, 0, 0, 0, 0, 0, 0], "split6_notXOR": [1, 1, 1, 1, 1, 1, 1, 1, 1, 1, 1, 1], "split6_prob": [0.048910077913928075, 0.04449291253437292, 0.017544918231784373, 0.04140347259715436, 0.07236871634020811, 0.7280773106466482, 0.16817382198463948, 0.030859069558196124, 0.026629873910706203, 0.060222363641872945, 0.09865458042749022, 0.060997528659260704], "split7_index": [94, 95, 96, 97, 98, 99, 100, 101, 102, 103, 104, 105], "split7_pred": [0, 0, 0, 0, 0, 1, 0, 0, 0, 0, 0, 0], "split7_test": [0, 0, 0, 0, 0, 1, 0, 0, 0, 0, 0, 0], "split7_notXOR": [1, 1, 1, 1, 1, 1, 1, 1, 1, 1, 1, 1], "split7_prob": [0.06862912148042084, 0.06478828664701199, 0.02484093697482007, 0.05955055627993238, 0.10260934219408152, 0.8327572623901578, 0.21787289799947074, 0.0137471356566126, 0.042945408963713745, 0.031205646303396846, 0.13344209163628784, 0.08877112203669796], "split8_index": [106, 107, 108, 109, 110, 111, 112, 113, 114, 115, 116, 117], "split8_pred": [0, 0, 0, 0, 0, 1, 0, 0, 0, 0, 0, 0], "split8_test": [0, 0, 0, 0, 0, 1, 0, 0, 0, 0, 0, 0], "split8_notXOR": [1, 1, 1, 1, 1, 1, 1, 1, 1, 1, 1, 1], "split8_prob": [0.041099473848093704, 0.04341247967387752, 0.015780657370670952, 0.038014269479045015, 0.0644742575286374, 0.7860978534306734, 0.13930504464690405, 0.03706112884370295, 0.031068544939058865, 0.05696037300417035, 0.1045249245324367, 0.05902933716973094], "split9_index": [118, 119, 120, 121, 122, 123, 124, 125, 126, 127, 128, 129], "split9_pred": [0, 0, 0, 0, 0, 1, 0, 0, 0, 0, 0, 0], "split9_test": [0, 0, 0, 0, 0, 1, 0, 0, 0, 0, 0, 0], "split9_notXOR": [1, 1, 1, 1, 1, 1, 1, 1, 1, 1, 1, 1], "split9_prob": [0.03413018904175745, 0.04211568635036797, 0.012966982104763549, 0.03391244422332214, 0.0601065686153416, 0.7835871011294275, 0.11140192234150394, 0.029196167119762167, 0.006410881062772779, 0.04516887013937876, 0.06156477584257778, 0.05425633716601604], "split10_index": [130, 131, 132, 133, 134, 135, 136, 137, 138, 139, 140, 141, 142], "split10_pred": [0, 0, 0, 0, 0, 1, 0, 0, 0, 0, 0, 0, 0], "split10_test": [0, 0, 0, 1, 0, 1, 0, 0, 1, 0, 0, 0, 1], "split10_notXOR": [1, 1, 1, 0, 1, 1, 1, 1, 0, 1, 1, 1, 0], "split10_prob": [0.05130681220642453, 0.025366066782674977, 0.00705806581388918, 0.020418456685228126, 0.08930173812735213, 0.8669091653431699, 0.15969715835911347, 0.040788321958537245, 0.005021109081288374, 0.07422324324218543, 0.01879550156464891, 0.0063243068318733124, 0.026117689194274516], "split11_index": [143, 144, 145, 146, 147, 148, 149, 150, 151, 152, 153, 154, 155], "split11_pred": [0, 0, 0, 0, 0, 1, 0, 0, 0, 0, 0, 0, 0], "split11_test": [0, 0, 0, 0, 0, 1, 0, 0, 1, 0, 0, 0, 0], "split11_notXOR": [1, 1, 1, 1, 1, 1, 1, 1, 0, 1, 1, 1, 1], "split11_prob": [0.017961349743644793, 0.038752814829808746, 0.018839589167076932, 0.03395933842253693, 0.04693000272749185, 0.7425804721148653, 0.07208257846358503, 0.017888905010205042, 0.09452198065896082, 0.0328726884967479, 0.03178723834356071, 0.039116490786719825, 0.0987459006423353], "split12_index": [156, 157, 158, 159, 160, 161, 162, 163, 164, 165, 166, 167, 168], "split12_pred": [0, 0, 0, 0, 0, 1, 0, 0, 0, 0, 0, 0, 0], "split12_test": [0, 0, 0, 0, 0, 1, 0, 0, 0, 0, 0, 0, 0], "split12_notXOR": [1, 1, 1, 1, 1, 1, 1, 1, 1, 1, 1, 1, 1], "split12_prob": [0.0277366122153861, 0.07148805055704223, 0.0289011466458491, 0.058597076394537574, 0.09033615059947266, 0.8756692731776771, 0.18089131008181455, 0.07368838961581405, 0.17905433962929027, 0.04576520483024505, 0.07858140667706885, 0.09961146514702544, 0.21763248864145934], "split13_index": [169, 170, 171, 172, 173, 174, 175, 176, 177, 178, 179, 180], "split13_pred": [0, 0, 0, 0, 0, 0, 0, 0, 0, 0, 0, 0], "split13_test": [0, 1, 0, 0, 0, 0, 0, 0, 0, 0, 0, 0], "split13_notXOR": [1, 0, 1, 1, 1, 1, 1, 1, 1, 1, 1, 1], "split13_prob": [0.025363121395813117, 0.02990141674802561, 0.02388928706524443, 0.08168557465231423, 0.2131300493803018, 0.11665053743095359, 0.082495307557631, 0.08524171231067644, 0.039925353245728205, 0.1672734743569654, 0.16953476882833882, 0.29453922810380545]}