{"split0_index": [3, 4, 5], "split0_pred": [0, 0, 0], "split0_test": [0, 0, 1], "split0_notXOR": [1, 1, 0], "split0_prob": [0.5, 0.5, 0.5], "split1_index": [6, 7, 8], "split1_pred": [1, 1, 1], "split1_test": [0, 0, 1], "split1_notXOR": [0, 0, 1], "split1_prob": [0.5659592033959346, 0.5659592033959346, 0.5859504996115596], "split2_index": [9, 10, 11], "split2_pred": [0, 0, 0], "split2_test": [0, 0, 1], "split2_notXOR": [1, 1, 0], "split2_prob": [0.41299491162983454, 0.41299491162983454, 0.41299491162983454], "split3_index": [12, 13, 14], "split3_pred": [0, 0, 0], "split3_test": [0, 0, 1], "split3_notXOR": [1, 1, 0], "split3_prob": [0.4373594661108502, 0.4373594661108502, 0.4373594661108502], "split4_index": [15, 16, 17], "split4_pred": [1, 0, 0], "split4_test": [0, 0, 1], "split4_notXOR": [0, 1, 0], "split4_prob": [0.7993312796667612, 0.4794044852927616, 0.4794044852927616], "split5_index": [18, 19, 20], "split5_pred": [1, 1, 1], "split5_test": [0, 0, 1], "split5_notXOR": [0, 0, 1], "split5_prob": [0.5007173005132266, 0.5007173005132266, 0.5007173005132266], "split6_index": [21, 22, 23], "split6_pred": [1, 1, 1], "split6_test": [0, 0, 1], "split6_notXOR": [0, 0, 1], "split6_prob": [0.9932424433135583, 0.500564045490843, 0.500564045490843], "split7_index": [24, 25, 26], "split7_pred": [1, 1, 1], "split7_test": [0, 0, 1], "split7_notXOR": [0, 0, 1], "split7_prob": [0.50579823447527, 0.5098341855525651, 0.5098341855525651], "split8_index": [27, 28, 29], "split8_pred": [0, 0, 1], "split8_test": [0, 0, 1], "split8_notXOR": [1, 1, 1], "split8_prob": [0.4412845881701895, 0.06006863658016656, 0.5221367091247187], "split9_index": [30, 31, 32], "split9_pred": [1, 1, 1], "split9_test": [1, 0, 1], "split9_notXOR": [1, 0, 1], "split9_prob": [0.9999973295442162, 0.5366858123926965, 0.5366858123926965], "split10_index": [33, 34, 35], "split10_pred": [1, 1, 1], "split10_test": [1, 0, 1], "split10_notXOR": [1, 0, 1], "split10_prob": [0.5023590859950308, 0.5023590859950308, 0.5023590859950308], "split11_index": [36, 37, 38], "split11_pred": [1, 1, 1], "split11_test": [1, 0, 1], "split11_notXOR": [1, 0, 1], "split11_prob": [0.5109539923693345, 0.5109539923693345, 0.5109539923693345], "split12_index": [39, 40, 41], "split12_pred": [1, 1, 0], "split12_test": [1, 0, 1], "split12_notXOR": [1, 0, 0], "split12_prob": [0.5104989616698876, 0.5104989616698876, 0.38682165447158884], "split13_index": [42, 43, 44], "split13_pred": [1, 1, 1], "split13_test": [1, 0, 1], "split13_notXOR": [1, 0, 1], "split13_prob": [0.503111575035537, 0.503111575035537, 0.503111575035537], "split14_index": [45, 46, 47], "split14_pred": [1, 1, 1], "split14_test": [1, 0, 1], "split14_notXOR": [1, 0, 1], "split14_prob": [0.51564414364694, 0.51564414364694, 0.51564414364694], "split15_index": [48, 49, 50], "split15_pred": [1, 1, 1], "split15_test": [1, 0, 1], "split15_notXOR": [1, 0, 1], "split15_prob": [0.5150393429222735, 0.5150393429222735, 0.5150393429222735], "split16_index": [51, 52, 53], "split16_pred": [1, 1, 1], "split16_test": [1, 0, 1], "split16_notXOR": [1, 0, 1], "split16_prob": [0.5785699537477695, 0.5254701614271181, 0.5254701614271181], "split17_index": [54, 55, 56], "split17_pred": [1, 1, 1], "split17_test": [1, 0, 1], "split17_notXOR": [1, 0, 1], "split17_prob": [0.5164242269035246, 0.5164242269035246, 0.5164242269035246], "split18_index": [57, 58, 59], "split18_pred": [1, 1, 1], "split18_test": [1, 0, 1], "split18_notXOR": [1, 0, 1], "split18_prob": [0.5158373374098116, 0.5158373374098116, 0.5158373374098116], "split19_index": [60, 61, 62], "split19_pred": [1, 1, 1], "split19_test": [1, 0, 1], "split19_notXOR": [1, 0, 1], "split19_prob": [0.5152926481814629, 0.5152926481814629, 0.5152926481814629], "split20_index": [63, 64, 65], "split20_pred": [1, 1, 1], "split20_test": [1, 0, 1], "split20_notXOR": [1, 0, 1], "split20_prob": [0.5133550367134769, 0.5133550367134769, 0.5133550367134769], "split21_index": [66, 67, 68], "split21_pred": [1, 1, 1], "split21_test": [1, 0, 1], "split21_notXOR": [1, 0, 1], "split21_prob": [0.5208950745502714, 0.5208950745502714, 0.5208950745502714], "split22_index": [69, 70, 71], "split22_pred": [1, 1, 1], "split22_test": [1, 0, 1], "split22_notXOR": [1, 0, 1], "split22_prob": [0.5200074959696388, 0.5200074959696388, 0.5200074959696388], "split23_index": [72, 73, 74], "split23_pred": [1, 1, 1], "split23_test": [1, 0, 1], "split23_notXOR": [1, 0, 1], "split23_prob": [0.5093133640497826, 0.5181506548273228, 0.5181506548273228], "split24_index": [75, 76, 77], "split24_pred": [1, 1, 1], "split24_test": [1, 0, 1], "split24_notXOR": [1, 0, 1], "split24_prob": [0.5187362531788527, 0.5187362531788527, 0.5187362531788527], "split25_index": [78, 79, 80], "split25_pred": [1, 1, 1], "split25_test": [1, 0, 1], "split25_notXOR": [1, 0, 1], "split25_prob": [0.9426591700951166, 0.5178309087949426, 0.5178309087949426], "split26_index": [81, 82, 83], "split26_pred": [0, 1, 1], "split26_test": [1, 0, 1], "split26_notXOR": [0, 0, 1], "split26_prob": [0.46591137873680155, 0.5167067501561005, 0.5167067501561005], "split27_index": [84, 85, 86, 87], "split27_pred": [1, 1, 1, 1], "split27_test": [0, 1, 0, 1], "split27_notXOR": [0, 1, 0, 1], "split27_prob": [0.521191594600179, 0.98668588346021, 0.521191594600179, 0.521191594600179], "split28_index": [88, 89, 90, 91], "split28_pred": [1, 1, 1, 0], "split28_test": [0, 1, 0, 1], "split28_notXOR": [0, 1, 0, 0], "split28_prob": [0.5044483368019747, 0.9765424643885967, 0.5044483368019747, 0.005348347971298703], "split29_index": [92, 93, 94, 95], "split29_pred": [0, 0, 1, 0], "split29_test": [0, 1, 0, 1], "split29_notXOR": [1, 0, 0, 0], "split29_prob": [0.4910772463126426, 0.4910772463126426, 0.5904864233656196, 0.4910772463126426], "split30_index": [96, 97, 98, 99], "split30_pred": [0, 0, 0, 0], "split30_test": [0, 1, 0, 1], "split30_notXOR": [1, 0, 1, 0], "split30_prob": [0.4905571554762475, 0.46423951805775526, 0.4905571554762475, 0.4905571554762475], "split31_index": [100, 101, 102, 103], "split31_pred": [0, 0, 0, 0], "split31_test": [0, 1, 0, 1], "split31_notXOR": [1, 0, 1, 0], "split31_prob": [0.485855246713764, 0.485855246713764, 0.485855246713764, 0.485855246713764], "split32_index": [104, 105, 106, 107], "split32_pred": [0, 0, 0, 0], "split32_test": [0, 1, 0, 1], "split32_notXOR": [1, 0, 1, 0], "split32_prob": [0.4893764350241848, 0.4893764350241848, 0.4893764350241848, 0.4893764350241848], "split33_index": [108, 109, 110, 111], "split33_pred": [0, 0, 0, 0], "split33_test": [0, 1, 0, 1], "split33_notXOR": [1, 0, 1, 0], "split33_prob": [0.48976669550370056, 0.48976669550370056, 0.48976669550370056, 0.4673081152235572], "split34_index": [112, 113, 114, 115], "split34_pred": [0, 0, 0, 0], "split34_test": [0, 1, 0, 1], "split34_notXOR": [1, 0, 1, 0], "split34_prob": [0.48815836250629097, 0.09574054996628259, 0.48815836250629097, 0.48815836250629097], "split35_index": [116, 117, 118, 119], "split35_pred": [0, 1, 0, 0], "split35_test": [0, 1, 0, 1], "split35_notXOR": [1, 1, 1, 0], "split35_prob": [0.4929726815148417, 0.9647702824215935, 0.4929726815148417, 0.4929726815148417], "split36_index": [120, 121, 122, 123], "split36_pred": [0, 0, 0, 0], "split36_test": [0, 1, 0, 1], "split36_notXOR": [1, 0, 1, 0], "split36_prob": [0.48907365038730255, 0.48907365038730255, 0.48907365038730255, 0.48907365038730255], "split37_index": [124, 125, 126, 127], "split37_pred": [0, 1, 0, 0], "split37_test": [0, 1, 0, 1], "split37_notXOR": [1, 1, 1, 0], "split37_prob": [0.4894447435324337, 0.5022472444807331, 0.4894447435324337, 0.4894447435324337], "split38_index": [128, 129, 130, 131], "split38_pred": [0, 0, 0, 0], "split38_test": [0, 1, 0, 1], "split38_notXOR": [1, 0, 1, 0], "split38_prob": [0.4898121937523221, 0.42807615014828904, 0.4898121937523221, 0.4898121937523221], "split39_index": [132, 133, 134, 135], "split39_pred": [0, 0, 0, 0], "split39_test": [0, 1, 0, 1], "split39_notXOR": [1, 0, 1, 0],