{"split0_index": [11, 12, 13, 14, 15, 16, 17, 18, 19, 20, 21], "split0_pred": [1, 1, 1, 1, 1, 1, 1, 1, 1, 1, 1], "split0_test": [1, 0, 1, 1, 1, 1, 1, 1, 0, 1, 1], "split0_notXOR": [1, 0, 1, 1, 1, 1, 1, 1, 0, 1, 1], "split0_prob": [0.7272703002784723, 0.7272703002784723, 0.7272703002784723, 0.7272703002784723, 0.7272703002784723, 0.7272703002784723, 0.7272703002784723, 0.7272703002784723, 0.7272703002784723, 0.7272703002784723, 0.7272703002784723], "split1_index": [22, 23, 24, 25, 26, 27, 28, 29, 30, 31, 32], "split1_pred": [1, 1, 1, 1, 1, 1, 1, 1, 1, 1, 1], "split1_test": [0, 0, 0, 0, 0, 0, 0, 0, 0, 1, 0], "split1_notXOR": [0, 0, 0, 0, 0, 0, 0, 0, 0, 1, 0], "split1_prob": [0.7595104846516741, 0.731670492593106, 0.7612119597746817, 0.7460083606943593, 0.829207318501109, 0.7170868535280309, 0.7275093813501782, 0.7177069479029229, 0.7423033984676983, 0.7691517883423353, 0.731580605327662]}