{"split0_index": [5, 6, 7, 8, 9], "split0_pred": [0, 0, 1, 0, 0], "split0_test": [0, 0, 1, 1, 0], "split0_notXOR": [1, 1, 1, 0, 1], "split0_prob": [0.04, 0.26, 0.98, 0.01, 0.32], "split1_index": [10, 11, 12, 13, 14], "split1_pred": [0, 0, 1, 1, 0], "split1_test": [0, 0, 1, 1, 0], "split1_notXOR": [1, 1, 1, 1, 1], "split1_prob": [0.0, 0.13, 0.98, 0.8018015873015873, 0.12], "split2_index": [15, 16, 17, 18, 19], "split2_pred": [0, 0, 1, 1, 0], "split2_test": [0, 0, 1, 1, 0], "split2_notXOR": [1, 1, 1, 1, 1], "split2_prob": [0.01, 0.04, 0.98, 0.841666805416805, 0.06], "split3_index": [20, 21, 22, 23, 24], "split3_pred": [0, 0, 1, 1, 0], "split3_test": [0, 0, 1, 1, 0], "split3_notXOR": [1, 1, 1, 1, 1], "split3_prob": [0.01, 0.02, 0.99, 0.8780123210123207, 0.47], "split4_index": [25, 26, 27, 28, 29], "split4_pred": [1, 0, 1, 0, 0], "split4_test": [1, 0, 1, 0, 0], "split4_notXOR": [1, 1, 1, 1, 1], "split4_prob": [0.8971675269175263, 0.0, 1.0, 0.0, 0.0], "split5_index": [30, 31, 32, 33, 34], "split5_pred": [0, 1, 0, 1, 1], "split5_test": [0, 0, 1, 1, 1], "split5_notXOR": [1, 0, 0, 1, 1], "split5_prob": [0.0, 0.63, 0.0, 0.78, 0.9079342161106865], "split6_index": [35, 36, 37, 38, 39], "split6_pred": [0, 0, 1, 0, 1], "split6_test": [0, 0, 1, 1, 1], "split6_notXOR": [1, 1, 1, 0, 1], "split6_prob": [0.0, 0.27, 0.66, 0.18, 0.8974382978132976], "split7_index": [40, 41, 42, 43, 44], "split7_pred": [1, 0, 1, 1, 1], "split7_test": [0, 0, 1, 0, 1], "split7_notXOR": [0, 1, 1, 0, 1], "split7_prob": [0.5197478632478632, 0.09, 0.57, 0.57, 0.9007904236286586], "split8_index": [45, 46, 47, 48, 49], "split8_pred": [0, 0, 1, 0, 1], "split8_test": [0, 0, 0, 0, 1], "split8_notXOR": [1, 1, 0, 1, 1], "split8_prob": [0.0, 0.0, 0.56, 0.26, 0.9269435652496796], "split9_index": [50, 51, 52, 53, 54], "split9_pred": [1, 1, 0, 0, 0], "split9_test": [1, 0, 0, 0, 0], "split9_notXOR": [1, 0, 1, 1, 1], "split9_prob": [0.9183933385156294, 0.79, 0.08, 0.2257873376623377, 0.0], "split10_index": [55, 56, 57, 58, 59, 60], "split10_pred": [1, 1, 1, 0, 0, 0], "split10_test": [0, 1, 0, 0, 0, 0], "split10_notXOR": [0, 1, 0, 1, 1, 1], "split10_prob": [0.7592240453213496, 0.9428254948133629, 0.9428254948133629, 0.03666666666666667, 0.039375, 0.0], "split11_index": [61, 62, 63, 64, 65, 66], "split11_pred": [0, 1, 1, 0, 0, 0], "split11_test": [0, 1, 0, 0, 0, 0], "split11_notXOR": [1, 1, 0, 1, 1, 1], "split11_prob": [0.32779634598412355, 0.9151783260923384, 0.9151783260923384, 0.0, 0.02, 0.0], "split12_index": [67, 68, 69, 70, 71, 72, 73, 74], "split12_pred": [1, 1, 1, 1, 0, 0, 0, 1], "split12_test": [0, 0, 0, 1, 0, 0, 0, 0], "split12_notXOR": [0, 0, 0, 1, 1, 1, 1, 0], "split12_prob": [0.51, 0.8767251784552726, 0.8767251784552726, 0.64, 0.19450000000000003, 0.0, 0.3766666666666667, 0.51], "split13_index": [75, 76, 77, 78, 79, 80, 81, 82, 83], "split13_pred": [0, 0, 1, 1, 1, 0, 0, 1, 0], "split13_test": [0, 0, 0, 0, 1, 0, 0, 0, 0], "split13_notXOR": [1, 1, 0, 0, 1, 1, 1, 0, 1], "split13_prob": [0.38, 0.11, 0.8178124592545327, 0.8178124592545327, 0.8, 0.365, 0.010833333333333332, 0.9466666666666668, 0.09]}