{"split0_index": [15, 16, 17, 18, 19, 20, 21, 22, 23, 24, 25, 26, 27, 28, 29, 30, 31, 32], "split0_pred": [0, 0, 0, 0, 0, 0, 0, 0, 0, 0, 0, 0, 0, 0, 0, 0, 0, 0], "split0_test": [0, 0, 0, 0, 0, 0, 0, 0, 1, 0, 0, 0, 0, 0, 0, 0, 0, 0], "split0_notXOR": [1, 1, 1, 1, 1, 1, 1, 1, 0, 1, 1, 1, 1, 1, 1, 1, 1, 1], "split0_prob": [0.15293024996450438, 0.15296297684415622, 0.1515631580417443, 0.14635109244679356, 0.15510803049685593, 0.16027940689576578, 0.24301479858554098, 0.14544716401955468, 0.2185071770104978, 0.15546774010153522, 0.14583133442999965, 0.16538984062831924, 0.1526847611050099, 0.14850313392291342, 0.15350969723705898, 0.14599752203653413, 0.15314183998157802, 0.14661564000543897], "split1_index": [33, 34, 35, 36, 37, 38, 39, 40, 41, 42, 43, 44, 45, 46, 47, 48, 49], "split1_pred": [0, 0, 0, 0, 0, 0, 0, 1, 0, 0, 0, 0, 0, 0, 0, 0, 0], "split1_test": [0, 0, 0, 0, 0, 1, 0, 1, 0, 0, 0, 0, 0, 1, 1, 0, 0], "split1_notXOR": [1, 1, 1, 1, 1, 0, 1, 1, 1, 1, 1, 1, 1, 0, 0, 1, 1], "split1_prob": [0.055434324337213015, 0.04422844504329567, 0.052766281969202466, 0.048367136785294765, 0.07361185491959192, 0.10646829632467586, 0.06012979231706425, 0.9430701178551031, 0.06729007222470396, 0.08745109242781286, 0.04107585135349065, 0.04899720778699235, 0.049643350368086515, 0.2897140257274463, 0.05015448251534345, 0.05143948011655282, 0.06042654927313657], "split2_index": [50, 51, 52, 53, 54, 55, 56, 57, 58, 59, 60, 61, 62, 63, 64, 65, 66, 67, 68], "split2_pred": [0, 0, 0, 0, 0, 0, 0, 0, 1, 0, 0, 0, 0, 0, 1, 0, 0, 0, 0], "split2_test": [0, 0, 0, 0, 0, 0, 1, 0, 1, 0, 0, 0, 0, 0, 1, 0, 1, 0, 0], "split2_notXOR": [1, 1, 1, 1, 1, 1, 0, 1, 1, 1, 1, 1, 1, 1, 1, 1, 0, 1, 1], "split2_prob": [0.016508186520306414, 0.021316686222127883, 0.08267067985035731, 0.016145709748123963, 0.06570886938468093, 0.037142518490491494, 0.34859919297886055, 0.026565122336938213, 0.9999908534756667, 0.11088020143229083, 0.1846004373903779, 0.012520909798370542, 0.08191871707081969, 0.012399371102671457, 0.9890950992474871, 0.9302623030109526, 0.18540831914596395, 0.14282790210675086, 0.30264402110707467], "split3_index": [69, 70, 71, 72, 73, 74, 75, 76, 77, 78, 79, 80, 81, 82, 83, 84, 85, 86, 87], "split3_pred": [0, 0, 0, 0, 0, 0, 1, 0, 1, 0, 0, 0, 0, 0, 1, 0, 0, 0, 0], "split3_test": [0, 0, 0, 0, 0, 0, 1, 0, 1, 0, 0, 0, 0, 0, 1, 0, 1, 0, 0], "split3_notXOR": [1, 1, 1, 1, 1, 1, 1, 1, 1, 1, 1, 1, 1, 1, 1, 1, 0, 1, 1], "split3_prob": [0.05153189849396473, 0.05889059754434581, 0.04071185402367933, 0.04114265256701823, 0.0662228950504347, 0.0811342152224708, 0.745812358782703, 0.06074017214709159, 0.634245138461885, 0.07907675894421462, 0.12106066043158563, 0.037630765910822345, 0.03308708274335425, 0.036173799732458364, 0.5544593264601674, 0.21818369281612712, 0.38469728180089824, 0.13607996013842633, 0.1354947283771072], "split4_index": [88, 89, 90, 91, 92, 93, 94, 95, 96, 97, 98, 99, 100, 101, 102, 103, 104, 105, 106], "split4_pred": [0, 0, 0, 0, 0, 0, 0, 0, 0, 0, 0, 0, 0, 0, 0, 0, 0, 0, 0], "split4_test": [0, 0, 0, 0, 0, 0, 1, 0, 1, 0, 0, 1, 0, 0, 1, 0, 1, 0, 0], "split4_notXOR": [1, 1, 1, 1, 1, 1, 0, 1, 0, 1, 1, 0, 1, 1, 0, 1, 0, 1, 1], "split4_prob": [0.13165793387239405, 0.13166242800325303, 0.1316569676576496, 0.13165724744520496, 0.13165827520456602, 0.13166189462015881, 0.13167642545923056, 0.13166011574714725, 0.13167411910827026, 0.13166182702399812, 0.13166208487394737, 0.13165736405721631, 0.13165649982046992, 0.13165761147628305, 0.1316745153163621, 0.13166097980517205, 0.1316707001488576, 0.13166049165498023, 0.13166345177614772], "split5_index": [107, 108, 109, 110, 111, 112, 113, 114, 115, 116, 117, 118, 119, 120, 121, 122, 123, 124, 125, 126], "split5_pred": [0, 0, 0, 0, 0, 0, 0, 0, 0, 1, 0, 0, 0, 0, 0, 1, 0, 0, 0, 0], "split5_test": [0, 0, 0, 0, 0, 0, 1, 0, 0, 0, 0, 0, 0, 0, 0, 0, 0, 1, 0, 0], "split5_notXOR": [1, 1, 1, 1, 1, 1, 0, 1, 1, 0, 1, 1, 1, 1, 1, 0, 1, 0, 1, 1], "split5_prob": [0.02116790268659724, 0.030953170447069953, 0.02279590769463468, 0.03067287454856675, 0.03461102328073459, 0.07781680574484158, 0.29749255440423156, 0.09356008769635848, 0.0328027097414979, 0.9376971765190989, 0.04513955217479477, 0.073879687198105, 0.03190358081479016, 0.031116705630279896, 0.032893010881010716, 0.875858977533719, 0.11368540531637004, 0.1733938165119014, 0.09003522262849521, 0.07896930698702466], "split6_index": [127, 128, 129, 130, 131, 132, 133, 134, 135, 136, 137, 138, 139, 140, 141, 142, 143, 144], "split6_pred": [0, 0, 0, 0, 0, 0, 0, 0, 1, 0, 0, 0, 0, 1, 0, 1, 0, 0], "split6_test": [0, 0, 0, 0, 0, 0, 1, 0, 0, 0, 0, 0, 0, 0, 0, 1, 0, 0], "split6_notXOR": [1, 1, 1, 1, 1, 1, 0, 1, 0, 1, 1, 1, 1, 0, 1, 1, 1, 1], "split6_prob": [0.026849152558386255, 0.05220241975563096, 0.029088848373782512, 0.03532647825707858, 0.019753719054319507, 0.05658114124166221, 0.3434133326161887, 0.03864887449550801, 0.845724029837414, 0.08683654728982108, 0.027090074172266564, 0.01871916659435641, 0.030121533228681815, 0.6890116755794125, 0.07735525761409182, 0.5, 0.09047815958221953, 0.08274859661484288], "split7_index": [145, 146, 147, 148, 149, 150, 151, 152, 153, 154, 155, 156, 157, 158, 159, 160, 161], "split7_pred": [0, 0, 0, 0, 0, 0, 1, 1, 0, 0, 0, 0, 1, 0, 1, 0, 0], "split7_test": [0, 0, 0, 0, 0, 0, 1, 0, 0, 0, 0, 0, 0, 0, 1, 0, 0], "split7_notXOR": [1, 1, 1, 1, 1, 1, 1, 0, 1, 1, 1, 1, 0, 1, 1, 1, 1], "split7_prob": [0.01881177855586948, 0.1176604716216918, 0.043976474709445865, 0.015537409447006805, 0.029252882496351718, 0.07162720907522654, 0.8696994168464451, 0.8369850934634673, 0.07647659134447346, 0.04357805901195242, 0.02691936567854548, 0.022660794047492286, 0.4638695229858857, 0.050859060387531976, 0.91091959433601, 0.06807838046323511, 0.08668149656511254], "split8_index": [162, 163, 164, 165, 166, 167, 168, 169, 170, 171, 172, 173, 174, 175, 176, 177, 178], "split8_pred": [0, 0, 0, 0, 0, 0, 1, 1, 0, 0, 0, 0, 0, 0, 1, 0, 0], "split8_test": [0, 0, 0, 0, 0, 0, 1, 0, 0, 0, 0, 0, 0, 0, 1, 0, 0], "split8_notXOR": [1, 1, 1, 1, 1, 1, 1, 0, 1, 1, 1, 1, 1, 1, 1, 1, 1], "split8_prob": [0.05047085028351068, 0.03505428635725196, 0.02360228323602817, 0.02010027319160813, 0.014210821764090255, 0.03230228415492966, 0.8453945008089743, 0.6027543342039989, 0.05946439108546253, 0.023567801972234372, 0.013790322005340812, 0.03154520588891354, 0.14889001193978357, 0.04148870188192747, 0.9285914797978583, 0.08006936495420584, 0.07118414253325239], "split9_index": [179, 180, 181, 182, 183, 184, 185, 186, 187, 188, 189, 190, 191, 192, 193, 194], "split9_pred": [0, 0, 0, 0, 0, 1, 1, 0, 0, 0, 0, 0, 0, 0, 1, 0], "split9_test": [0, 0, 0, 0, 0, 1, 0, 0, 0, 0, 0, 0, 0, 0, 1, 0], "split9_notXOR": [1, 1, 1, 1, 1, 1, 0, 1, 1, 1, 1, 1, 1, 1, 1, 1], "split9_prob": [0.05797407300400524, 0.03534435054747854, 0.027720454327654374, 0.04629419387486067, 0.04562522959108389, 0.6487573830630411, 0.5421102926846912, 0.06034329352949396, 0.060429068969471034, 0.03769063481604797, 0.03149041075965082, 0.210530649257067, 0.3800386887721306, 0.04005875995735717, 0.8141679227789903, 0.08288723842860023], "split10_index": [195, 196, 197, 198, 199, 200, 201, 202, 203, 204, 205, 206, 207, 208], "split10_pred": [0, 0, 0, 0, 1, 0, 0, 0, 0, 0, 0, 0, 0, 1], "split10_test": [0, 0, 0, 0, 0, 0, 0, 0, 0, 0, 0, 0, 0, 1], "split10_notXOR": [1, 1, 1, 1, 0, 1, 1, 1, 1, 1, 1, 1, 1, 1], "split10_prob": [0.05001991189762316, 0.13246051804888534, 0.09397102611794422, 0.06005622422474688, 0.9417684496020707, 0.1801790471781243, 0.03402384950624832, 0.059352535571309484, 0.029615821193235626, 0.02717589541901724, 0.05432894838833703, 0.018187635953233586, 0.07584539712041447, 0.8822923457415396], "split11_index": [209, 210, 211, 212, 213, 214, 215, 216, 217, 218, 219, 220, 221, 222], "split11_pred": [0, 0, 0, 0, 1, 0, 0, 0, 0, 0, 0, 0, 0, 1], "split11_test": [0, 0, 0, 0, 0, 0, 0, 0, 0, 0, 0, 0, 0, 1], "split11_notXOR": [1, 1, 1, 1, 0, 1, 1, 1, 1, 1, 1, 1, 1, 1],