{"split0_index": [5, 6, 7, 8, 9, 10, 11, 12, 13, 14, 15, 16, 17, 18, 19, 20, 21, 22, 23], "split0_pred": [0, 1, 0, 0, 1, 0, 0, 0, 1, 1, 0, 1, 0, 0, 0, 1, 1, 1, 0], "split0_test": [1, 1, 1, 1, 1, 0, 0, 0, 1, 0, 0, 0, 0, 0, 0, 1, 1, 1, 0], "split0_notXOR": [0, 1, 0, 0, 1, 1, 1, 1, 1, 0, 1, 0, 1, 1, 1, 1, 1, 1, 1], "split0_prob": [4.086776603821089e-07, 0.9999999972876026, 4.086776603821089e-07, 4.086776603821089e-07, 0.9450806267029337, 4.086776603821089e-07, 4.086776603821089e-07, 0.019304202309298, 0.9597114327612452, 0.51350723894404, 4.086776603821089e-07, 0.9999990306947911, 0.024779987968988948, 0.012178967302845985, 4.086776603821089e-07, 0.9077304970106693, 0.9999999980601022, 0.6257271692883017, 4.086776603821089e-07], "split1_index": [24, 25, 26, 27, 28, 29, 30, 31, 32, 33, 34, 35, 36, 37, 38, 39, 40, 41, 42, 43, 44, 45, 46, 47], "split1_pred": [1, 0, 1, 0, 0, 1, 0, 0, 1, 1, 0, 1, 0, 0, 1, 1, 0, 0, 0, 1, 0, 0, 1, 0], "split1_test": [0, 1, 1, 1, 1, 1, 0, 0, 0, 1, 0, 0, 0, 0, 0, 1, 0, 0, 1, 1, 1, 0, 1, 0], "split1_notXOR": [0, 0, 1, 0, 0, 1, 1, 1, 0, 1, 1, 0, 1, 1, 0, 1, 1, 1, 0, 1, 0, 1, 1, 1], "split1_prob": [0.5444715427592819, 0.2831650268535189, 0.595919330799554, 0.2831650268535189, 0.2831650268535189, 0.5444715427592819, 0.2831650268535189, 0.2831650268535189, 0.5444715427592819, 0.8030865036340222, 0.46567010491337885, 0.5976005194175128, 0.2831650268535189, 0.2999253744629504, 0.5444715427592819, 0.5904230140826323, 0.3701137110053648, 0.2831650268535189, 0.37440029696082944, 0.9099706879204649, 0.48921067555045966, 0.46110111958651356, 0.5462037809730482, 0.2831650268535189], "split2_index": [48, 49, 50, 51, 52, 53, 54, 55, 56, 57, 58, 59, 60, 61, 62, 63, 64, 65, 66, 67, 68, 69, 70, 71, 72, 73], "split2_pred": [1, 0, 1, 0, 0, 1, 0, 1, 0, 1, 1, 0, 0, 1, 0, 0, 1, 1, 0, 0, 0, 1, 1, 0, 1, 0], "split2_test": [0, 1, 1, 1, 1, 1, 0, 0, 0, 0, 1, 0, 0, 0, 0, 0, 0, 1, 0, 0, 1, 1, 1, 0, 1, 0], "split2_notXOR": [0, 0, 1, 0, 0, 1, 1, 0, 1, 0, 1, 1, 1, 0, 1, 1, 0, 1, 1, 1, 0, 1, 1, 1, 1, 1], "split2_prob": [0.5478404061029207, 0.3124122315577939, 0.5965086899925924, 0.3124122315577939, 0.3124122315577939, 0.5478404061029207, 0.3124122315577939, 0.5478404061029207, 0.3124122315577939, 0.5478404061029207, 0.8022663631266858, 0.40343403957295537, 0.41586111567130657, 0.5895554999726516, 0.3124122315577939, 0.30362472358317044, 0.5478404061029207, 0.6073284429065897, 0.23086144112714713, 0.3124122315577939, 0.4695505709360705, 0.9665614604993082, 0.503884282398961, 0.41586111567130657, 0.5406943113949719, 0.3124122315577939], "split3_index": [74, 75, 76, 77, 78, 79, 80, 81, 82, 83, 84, 85, 86, 87, 88, 89, 90, 91, 92, 93, 94, 95, 96, 97, 98, 99, 100], "split3_pred": [1, 0, 1, 0, 0, 1, 0, 1, 0, 1, 1, 0, 0, 0, 1, 0, 0, 1, 1, 0, 1, 0, 1, 0, 0, 1, 0], "split3_test": [0, 1, 1, 1, 1, 1, 0, 0, 0, 0, 1, 0, 0, 0, 0, 0, 1, 0, 1, 0, 0, 1, 1, 1, 0, 1, 0], "split3_notXOR": [0, 0, 1, 0, 0, 1, 1, 0, 1, 0, 1, 1, 1, 1, 0, 1, 0, 0, 1, 1, 0, 0, 1, 0, 1, 1, 1], "split3_prob": [0.5226567698644452, 0.32373011724020123, 0.5855685180424277, 0.32373011724020123, 0.32373011724020123, 0.5226567698644452, 0.32373011724020123, 0.5226567698644452, 0.32373011724020123, 0.5226567698644452, 0.8001159842188775, 0.33196309165636606, 0.32373011724020123, 0.3660704131428649, 0.5662427447014159, 0.32373011724020123, 0.2755206354690717, 0.5226567698644452, 0.6195915575073871, 0.1547018918762164, 0.5917771058304173, 0.46429270681124385, 0.9869669239119352, 0.4767099995862644, 0.3660704131428651, 0.5028878297609793, 0.32373011724020123], "split4_index": [101, 102, 103, 104, 105, 106, 107, 108, 109, 110, 111, 112, 113, 114, 115, 116, 117, 118, 119, 120, 121, 122, 123, 124, 125, 126, 127, 128, 129, 130, 131, 132, 133, 134, 135], "split4_pred": [1, 0, 0, 1, 0, 1, 0, 0, 0, 0, 0, 0, 0, 0, 0, 0, 0, 1, 0, 0, 1, 0, 1, 0, 1, 1, 1, 0, 0, 1, 0, 0, 0, 0, 0], "split4_test": [0, 1, 1, 0, 0, 0, 0, 1, 0, 1, 1, 1, 0, 0, 0, 0, 0, 1, 0, 1, 1, 1, 0, 0, 1, 1, 1, 1, 1, 1, 1, 1, 1, 1, 0], "split4_notXOR": [0, 0, 0, 0, 1, 0, 1, 0, 1, 0, 0, 0, 1, 1, 1, 1, 1, 1, 1, 0, 1, 0, 0, 1, 1, 1, 1, 0, 0, 1, 0, 0, 0, 0, 1], "split4_prob": [0.5136724995169011, 0.34477228797943277, 0.3405483278738508, 0.5136724995169011, 0.3405483278738508, 0.5424636586286697, 0.3405483278738508, 0.48332158756970967, 0.34477228797943277, 0.26768010590867114, 0.09761954709021552, 0.08592710864943985, 0.3405483278738508, 0.28893589265729414, 0.3405483278738508, 0.10888807972756438, 0.28893589265729414, 0.9926657588590186, 0.15508292870893586, 0.3405483278738508, 0.5750376094550774, 0.34477228797943277, 0.5136724995169011, 0.3405483278738508, 0.5136724995169011, 0.7512152418534455, 0.5136724995169011, 0.3405483278738508, 0.16050450247343115, 0.5157522849086059, 0.17083551705293804, 0.34477228797943277, 0.3405483278738508, 0.3405483278738508, 0.09761954709021556], "split5_index": [136, 137, 138, 139, 140, 141, 142, 143, 144, 145, 146, 147, 148, 149, 150, 151, 152, 153, 154, 155, 156, 157, 158, 159, 160, 161, 162, 163, 164, 165, 166, 167, 168, 169, 170, 171, 172, 173, 174, 175], "split5_pred": [1, 0, 0, 1, 0, 1, 0, 1, 0, 0, 0, 0, 0, 1, 0, 0, 0, 0, 0, 0, 1, 0, 0, 1, 0, 1, 0, 1, 1, 0, 0, 0, 1, 0, 1, 0, 0, 0, 0, 0], "split5_test": [0, 1, 1, 0, 0, 0, 0, 1, 0, 1, 1, 1, 1, 1, 0, 1, 0, 1, 0, 0, 1, 0, 1, 1, 1, 0, 0, 1, 1, 0, 1, 1, 1, 1, 1, 0, 0, 1, 0, 0], "split5_notXOR": [0, 0, 0, 0, 1, 0, 1, 1, 1, 0, 0, 0, 0, 1, 1, 0, 1, 0, 1, 1, 1, 1, 0, 1, 0, 0, 1, 1, 1, 1, 0, 0, 1, 0, 1, 1, 1, 0, 1, 1], "split5_prob": [0.5566957695482069, 0.431986608154365, 0.3754672064885953, 0.5511340255402555, 0.3754672064885953, 0.5885016986347419, 0.3754672064885953, 0.5227477164498393, 0.431986608154365, 0.335396530031958, 0.26628704514088253, 0.3460167388919581, 0.3066125746443252, 0.5885016986347419, 0.3754672064885953, 0.42260914078295597, 0.3754672064885953, 0.21117204739035159, 0.25010921332756975, 0.42260914078295597, 0.9545254248859475, 0.28424379853012577, 0.3754672064885953, 0.5939415640348126, 0.431986608154365, 0.5566957695482069, 0.3754672064885953, 0.5566957695482069, 0.7779228046355857, 0.39508978707131176, 0.3754672064885953, 0.3754672064885953, 0.6270814975082686, 0.3114187218466238, 0.518801472112285, 0.3754672064885953, 0.37158499029432485, 0.3754672064885953, 0.2500711585847798, 0.26628704514088253], "split6_index": [176, 177, 178, 179, 180, 181, 182, 183, 184, 185, 186, 187, 188, 189, 190, 191, 192, 193, 194, 195, 196, 197, 198, 199, 200, 201, 202, 203, 204, 205, 206, 207, 208, 209, 210, 211, 212, 213, 214, 215, 216], "split6_pred": [1, 0, 0, 1, 0, 1, 0, 1, 0, 0, 0, 0, 0, 1, 0, 0, 0, 0, 0, 1, 1, 0, 0, 1, 0, 1, 0, 1, 1, 0, 0, 0, 1, 0, 1, 0, 0, 0, 0, 1, 0], "split6_test": [0, 1, 1, 0, 0, 0, 0, 1, 0, 1, 1, 1, 1, 1, 0, 1, 0, 1, 0, 0, 1, 0, 1, 1, 1, 0, 0, 1, 1, 0, 1, 1, 1, 1, 1, 0, 0, 1, 1, 1, 0], "split6_notXOR": [0, 0, 0, 0, 1, 0, 1, 1, 1, 0, 0, 0, 0, 1, 1, 0, 1, 0, 1, 0, 1, 1, 0, 1, 0, 0, 1, 1, 1, 1, 0, 0, 1, 0, 1, 1, 1, 0, 0, 1, 1], "split6_prob": [0.5697112517579697, 0.47860749071814357, 0.39611366071489484, 0.5609869276369648, 0.39611366071489484, 0.6069523645830652, 0.39611366071489484, 0.5697112517579697, 0.47860749071814357, 0.36315693186654435, 0.3101488672354074, 0.46254045102126307, 0.3684056172835235, 0.6069523645830652, 0.39611366071489484, 0.46212531352566194, 0.39611366071489484, 0.3201417125940479, 0.33903798562860726, 0.6359209795439908, 0.9427743273469654, 0.34132291447713947, 0.39611366071489484, 0.6153894959203552, 0.47860749071814357, 0.5697112517579697, 0.39611366071489484, 0.5697112517579697, 0.7766445643680208, 0.48062873997437755, 0.39611366071489484, 0.39611366071489484, 0.6999669072248919, 0.37670487091905946, 0.5228146670203677, 0.39611366071489484, 0.39107099852461363, 0.39611366071489484, 0.3351884507866799, 0.5697112517579697, 0.3101488672354074],