{"split0_index": [5, 6, 7, 8, 9, 10, 11, 12, 13, 14, 15, 16, 17, 18, 19, 20, 21, 22, 23], "split0_pred": [0, 0, 0, 0, 0, 0, 0, 0, 0, 1, 0, 0, 0, 0, 0, 0, 0, 0, 0], "split0_test": [1, 1, 1, 1, 1, 0, 0, 0, 1, 0, 0, 0, 0, 0, 0, 1, 1, 1, 0], "split0_notXOR": [0, 0, 0, 0, 0, 1, 1, 1, 0, 0, 1, 1, 1, 1, 1, 0, 0, 0, 1], "split0_prob": [0.21, 0.11, 0.21, 0.21, 0.36, 0.21, 0.21, 0.17, 0.48, 0.57, 0.21, 0.13, 0.17, 0.29, 0.21, 0.48, 0.23, 0.17, 0.21], "split1_index": [24, 25, 26, 27, 28, 29, 30, 31, 32, 33, 34, 35, 36, 37, 38, 39, 40, 41, 42, 43, 44, 45, 46, 47], "split1_pred": [0, 0, 0, 0, 0, 1, 0, 0, 1, 1, 0, 1, 0, 0, 1, 0, 0, 0, 1, 1, 1, 0, 1, 0], "split1_test": [0, 1, 1, 1, 1, 1, 0, 0, 0, 1, 0, 0, 0, 0, 0, 1, 0, 0, 1, 1, 1, 0, 1, 0], "split1_notXOR": [1, 0, 0, 0, 0, 1, 1, 1, 0, 1, 1, 0, 1, 1, 0, 0, 1, 1, 1, 1, 1, 1, 1, 1], "split1_prob": [0.45, 0.33658830058830047, 0.33, 0.33658830058830047, 0.33658830058830047, 0.67, 0.33658830058830047, 0.33658830058830047, 0.87, 0.99, 0.23, 0.98, 0.33658830058830047, 0.10130303030303031, 0.87, 0.11363636363636363, 0.10577389277389278, 0.33658830058830047, 0.64, 0.89, 0.9, 0.22238636363636363, 0.87, 0.33658830058830047], "split2_index": [48, 49, 50, 51, 52, 53, 54, 55, 56, 57, 58, 59, 60, 61, 62, 63, 64, 65, 66, 67, 68, 69, 70, 71, 72, 73], "split2_pred": [0, 0, 1, 0, 0, 1, 0, 0, 0, 0, 1, 0, 0, 0, 0, 0, 0, 1, 0, 0, 1, 1, 1, 0, 1, 0], "split2_test": [0, 1, 1, 1, 1, 1, 0, 0, 0, 0, 1, 0, 0, 0, 0, 0, 0, 1, 0, 0, 1, 1, 1, 0, 1, 0], "split2_notXOR": [1, 0, 1, 0, 0, 1, 1, 1, 1, 1, 1, 1, 1, 1, 1, 1, 1, 1, 1, 1, 1, 1, 1, 1, 1, 1], "split2_prob": [0.49, 0.35948561119411826, 0.7, 0.35948561119411826, 0.35948561119411826, 0.85, 0.35948561119411826, 0.37, 0.35948561119411826, 0.12, 0.99, 0.11, 0.3345, 0.49, 0.35948561119411826, 0.15702941176470586, 0.12, 0.68, 0.06271069831441349, 0.35948561119411826, 0.73, 0.94, 0.62, 0.29411764705882354, 0.86, 0.35948561119411826], "split3_index": [74, 75, 76, 77, 78, 79, 80, 81, 82, 83, 84, 85, 86, 87, 88, 89, 90, 91, 92, 93, 94, 95, 96, 97, 98, 99, 100], "split3_pred": [1, 0, 1, 0, 0, 1, 0, 0, 0, 0, 1, 0, 0, 0, 0, 0, 0, 0, 1, 0, 1, 1, 1, 1, 0, 1, 0], "split3_test": [0, 1, 1, 1, 1, 1, 0, 0, 0, 0, 1, 0, 0, 0, 0, 0, 1, 0, 1, 0, 0, 1, 1, 1, 0, 1, 0], "split3_notXOR": [0, 0, 1, 0, 0, 1, 1, 1, 1, 1, 1, 1, 1, 1, 1, 1, 0, 1, 1, 1, 0, 1, 1, 1, 1, 1, 1], "split3_prob": [0.73, 0.37469197438038615, 0.94, 0.37469197438038615, 0.37469197438038615, 0.73, 0.37469197438038615, 0.2, 0.37469197438038615, 0.01, 1.0, 0.22398015873015872, 0.37469197438038615, 0.06478571428571428, 0.15, 0.37469197438038615, 0.017830769230769233, 0.01, 0.8621666666666666, 0.0, 0.79, 0.89, 0.99, 0.86, 0.035, 0.83, 0.37469197438038615], "split4_index": [101, 102, 103, 104, 105, 106, 107, 108, 109, 110, 111, 112, 113, 114, 115, 116, 117, 118, 119, 120, 121, 122, 123, 124, 125, 126, 127, 128, 129, 130, 131, 132, 133, 134, 135], "split4_pred": [0, 0, 0, 0, 0, 1, 0, 1, 1, 0, 0, 1, 0, 0, 0, 0, 0, 1, 0, 0, 1, 0, 0, 0, 0, 1, 1, 0, 0, 1, 0, 1, 0, 0, 0], "split4_test": [0, 1, 1, 0, 0, 0, 0, 1, 0, 1, 1, 1, 0, 0, 0, 0, 0, 1, 0, 1, 1, 1, 0, 0, 1, 1, 1, 1, 1, 1, 1, 1, 1, 1, 0], "split4_notXOR": [1, 0, 0, 1, 1, 0, 1, 1, 0, 0, 0, 1, 1, 1, 1, 1, 1, 1, 1, 0, 1, 0, 1, 1, 0, 1, 1, 0, 0, 1, 0, 1, 0, 0, 1], "split4_prob": [0.24, 0.0, 0.3625802109546554, 0.32, 0.3625802109546554, 0.65, 0.3625802109546554, 0.585, 0.65, 0.2980005674565309, 0.13874074074074075, 0.835, 0.3625802109546554, 0.0, 0.3625802109546554, 0.007745098039215685, 0.16, 0.99, 0.138476799249295, 0.3625802109546554, 0.79, 0.4316666666666667, 0.25, 0.3625802109546554, 0.17, 0.95, 0.87, 0.3625802109546554, 0.28407407407407403, 0.67, 0.021666666666666664, 0.6, 0.3625802109546554, 0.3625802109546554, 0.13874074074074075], "split5_index": [136, 137, 138, 139, 140, 141, 142, 143, 144, 145, 146, 147, 148, 149, 150, 151, 152, 153, 154, 155, 156, 157, 158, 159, 160, 161, 162, 163, 164, 165, 166, 167, 168, 169, 170, 171, 172, 173, 174, 175], "split5_pred": [0, 0, 0, 0, 0, 0, 0, 1, 0, 1, 1, 1, 0, 0, 0, 0, 0, 0, 0, 0, 1, 0, 0, 0, 1, 0, 0, 0, 1, 1, 0, 0, 1, 1, 0, 0, 1, 0, 0, 1], "split5_test": [0, 1, 1, 0, 0, 0, 0, 1, 0, 1, 1, 1, 1, 1, 0, 1, 0, 1, 0, 0, 1, 0, 1, 1, 1, 0, 0, 1, 1, 0, 1, 1, 1, 1, 1, 0, 0, 1, 0, 0], "split5_notXOR": [1, 0, 0, 1, 1, 1, 1, 1, 1, 1, 1, 1, 0, 0, 1, 0, 1, 0, 1, 1, 1, 1, 0, 0, 1, 1, 1, 0, 1, 0, 0, 0, 1, 1, 0, 1, 0, 0, 1, 0], "split5_prob": [0.0, 0.3151309523809523, 0.3960464332842596, 0.32, 0.3960464332842596, 0.03, 0.3960464332842596, 0.94, 0.2, 0.7556666666666668, 0.6906666666666667, 0.72, 0.4213809523809523, 0.03, 0.3960464332842596, 0.01, 0.3960464332842596, 0.2980002009152692, 0.006666666666666666, 0.12369047619047618, 1.0, 0.1633571428571429, 0.3960464332842596, 0.3, 0.85, 0.0666904761904762, 0.3960464332842596, 0.31, 0.88, 0.688, 0.3960464332842596, 0.3960464332842596, 0.9475, 0.6913333333333332, 0.22583333333333333, 0.3960464332842596, 0.62, 0.3960464332842596, 0.15, 0.5483333333333333], "split6_index": [176, 177, 178, 179, 180, 181, 182, 183, 184, 185, 186, 187, 188, 189, 190, 191, 192, 193, 194, 195, 196, 197, 198, 199, 200, 201, 202, 203, 204, 205, 206, 207, 208, 209, 210, 211, 212, 213, 214, 215, 216], "split6_pred": [0, 1, 0, 0, 0, 0, 0, 1, 0, 1, 1, 1, 1, 0, 0, 0, 0, 1, 0, 0, 1, 0, 0, 1, 1, 0, 0, 0, 1, 0, 0, 0, 1, 1, 1, 0, 0, 0, 0, 1, 0], "split6_test": [0, 1, 1, 0, 0, 0, 0, 1, 0, 1, 1, 1, 1, 1, 0, 1, 0, 1, 0, 0, 1, 0, 1, 1, 1, 0, 0, 1, 1, 0, 1, 1, 1, 1, 1, 0, 0, 1, 1, 1, 0], "split6_notXOR": [1, 1, 0, 1, 1, 1, 1, 1, 1, 1, 1, 1, 1, 0, 1, 0, 1, 1, 1, 1, 1, 1, 0, 1, 1, 1, 1, 0, 1, 1, 0, 0, 1, 1, 1, 1, 1, 0, 0, 1, 1], "split6_prob": [0.05, 0.5194920634920637, 0.4065647681992837, 0.25, 0.4065647681992837, 0.12, 0.4065647681992837, 0.93, 0.13, 0.9233333333333335, 0.8308333333333334, 0.97, 0.9521190476190476, 0.12, 0.4065647681992837, 0.16482104007103998, 0.4065647681992837, 0.5771190476190476, 0.0, 0.3, 1.0, 0.205, 0.4065647681992837, 0.58, 0.9557142857142857, 0.013999999999999999, 0.4065647681992837, 0.47, 0.95, 0.22542857142857142, 0.4065647681992837, 0.4065647681992837, 1.0, 0.89, 0.59, 0.4065647681992837, 0.1953333333333333, 0.4065647681992837, 0.24705555555555556, 1.0, 0.3803333333333333], "split7_index": [217, 218, 219, 220, 221, 222, 223, 224, 225, 226, 227, 228, 229, 230, 231, 232, 233, 234, 235, 236, 237, 238, 239, 240, 241, 242, 243, 244, 245, 246, 247, 248, 249, 250, 251, 252, 253, 254, 255, 256, 257, 258, 259, 260], "split7_pred": [0, 1, 0, 0, 0, 0, 0, 1, 0, 1, 0, 1, 1, 0, 0, 0, 0, 1, 0, 0, 1, 0, 0, 0, 0, 0, 0, 1, 0, 0, 1, 1, 0, 0, 1, 1, 1, 1, 0, 0, 0, 0, 1, 0], "split7_test": [0, 0, 0, 1, 0, 1, 0, 1, 0, 0, 1, 1, 1, 0, 0, 1, 0, 1, 0, 0, 0, 1, 0, 0, 0, 0, 1, 1, 0, 0, 0, 0, 0, 1, 1, 0, 1, 1, 0, 0, 0, 1, 1, 0], "split7_notXOR": [1, 0, 1, 0, 1, 0, 1, 1, 1, 0, 0, 1, 1, 1, 1, 0, 1, 1, 1, 1, 0, 0, 1, 1, 1, 1, 0, 1, 1, 1, 0, 0, 1, 0, 1, 0, 1, 1, 1, 1, 1, 0, 1, 1], "split7_prob": [0.01, 0.6214163059163058, 0.41498920812979223, 0.273219696969697, 0.41498920812979223, 0.09, 0.41498920812979223, 0.79, 0.01, 0.9833333333333334, 0.34, 0.99, 0.9484924242424242, 0.15, 0.41498920812979223, 0.4385515873015873, 0.41498920812979223, 0.709128787878788, 0.0, 0.1194090909090909, 1.0, 0.41498920812979223, 0.37625, 0.04, 0.25, 0.41498920812979223, 0.34, 0.9777777777777777, 0.0, 0.41498920812979223, 0.75, 0.9, 0.3756547619047619, 0.41498920812979223, 0.8532142857142857, 0.99, 0.95, 0.69, 0.41498920812979223, 0.41498920812979223, 0.41498920812979223, 0.45630758130758126, 0.79, 0.25477380952380946], "split8_index": [261, 262, 263, 264, 265, 266, 267, 268, 269, 270, 271, 272, 273, 274, 275, 276, 277, 278, 279, 280, 281, 282, 283, 284, 285, 286, 287, 288, 289, 290, 291, 292, 293, 294, 295, 296, 297, 298, 299, 300, 301, 302, 303, 304, 305], "split8_pred": [0, 1, 0, 0, 0, 0, 0, 1, 1, 0, 0, 0, 1, 1, 1, 0, 1, 0, 1, 0, 0, 1, 0, 0, 0, 0, 0, 1, 1, 0, 0, 1, 1, 0, 0, 0, 0, 1, 0, 1, 0, 0, 1, 0, 0],