{"split0_index": [23, 24, 25, 26, 27, 28, 29, 30, 31, 32, 33, 34, 35, 36, 37, 38, 39, 40, 41, 42, 43, 44, 45, 46], "split0_pred": [0, 0, 0, 0, 0, 0, 0, 0, 0, 0, 0, 0, 0, 0, 0, 0, 0, 0, 0, 0, 0, 0, 0, 0], "split0_test": [0, 0, 1, 0, 0, 0, 0, 0, 0, 0, 0, 0, 0, 0, 1, 0, 0, 0, 0, 0, 0, 0, 0, 0], "split0_notXOR": [1, 1, 0, 1, 1, 1, 1, 1, 1, 1, 1, 1, 1, 1, 0, 1, 1, 1, 1, 1, 1, 1, 1, 1], "split0_prob": [0.10491507518842658, 0.10491507518842658, 0.10491507518842658, 0.10491507518842658, 0.10491507518842658, 0.10491507518842658, 0.10491507518842658, 0.10491507518842658, 0.10491507518842658, 0.10491507518842658, 0.10491507518842658, 0.10491507518842658, 0.10491507518842658, 0.10491507518842658, 0.10491507518842658, 0.10491507518842658, 0.10491507518842658, 0.10491507518842658, 0.10491507518842658, 0.10491507518842658, 0.10491507518842658, 0.10491507518842658, 0.10491507518842658, 0.10491507518842658], "split1_index": [47, 48, 49, 50, 51, 52, 53, 54, 55, 56, 57, 58, 59, 60, 61, 62, 63, 64, 65, 66, 67, 68, 69, 70, 71, 72, 73], "split1_pred": [0, 0, 0, 0, 0, 0, 0, 0, 0, 0, 0, 0, 0, 0, 0, 0, 0, 0, 0, 0, 0, 0, 0, 0, 0, 0, 0], "split1_test": [0, 0, 0, 1, 0, 0, 0, 0, 0, 0, 0, 0, 0, 0, 0, 0, 0, 1, 0, 0, 0, 1, 0, 0, 0, 0, 0], "split1_notXOR": [1, 1, 1, 0, 1, 1, 1, 1, 1, 1, 1, 1, 1, 1, 1, 1, 1, 0, 1, 1, 1, 0, 1, 1, 1, 1, 1], "split1_prob": [0.09872428795352496, 0.09872428795352496, 0.0003735246651492769, 7.187049839264272e-05, 0.08411543863420383, 0.09872428795352496, 0.09872428795352496, 0.09872428795352496, 0.09872428795352496, 0.006426340632385571, 0.09872428795352496, 0.09872428795352496, 0.006194852594661631, 0.09872428795352496, 0.026325870692063595, 5.596220443933333e-05, 0.09872428795352496, 0.0015239399263480963, 0.09872428795352496, 0.04891433363435219, 0.0027879241687493264, 0.0035668261399799013, 0.09872428795352496, 0.007123530818971705, 0.09872428795352496, 0.05055790215687078, 0.09872428795352496], "split2_index": [74, 75, 76, 77, 78, 79, 80, 81, 82, 83, 84, 85, 86, 87, 88, 89, 90, 91, 92, 93, 94, 95, 96, 97, 98, 99, 100], "split2_pred": [0, 0, 0, 0, 0, 0, 0, 0, 0, 0, 0, 0, 0, 0, 0, 0, 0, 0, 0, 0, 0, 0, 0, 0, 0, 0, 0], "split2_test": [0, 0, 1, 1, 0, 0, 0, 0, 0, 0, 0, 0, 0, 0, 0, 0, 0, 1, 0, 0, 0, 0, 1, 0, 0, 0, 0], "split2_notXOR": [1, 1, 0, 0, 1, 1, 1, 1, 1, 1, 1, 1, 1, 1, 1, 1, 1, 0, 1, 1, 1, 1, 0, 1, 1, 1, 1], "split2_prob": [0.09885180872319664, 0.09873970570445068, 0.09615608149910046, 0.09657400394876071, 0.09824187219033555, 0.09844864008792226, 0.09214898108657708, 0.09824187219033555, 0.09199784559265528, 0.09309120305609926, 0.09952419402603717, 0.09310320325953005, 0.09436187554016387, 0.09228741410135356, 0.09717622140561523, 0.09387695053458038, 0.09199784559265528, 0.09807077417685779, 0.09345541732591407, 0.09310320325953005, 0.09329236706393976, 0.09402056995252324, 0.09418175256110645, 0.09380956902612256, 0.09310970574561372, 0.09371306019292067, 0.09742853782184958], "split3_index": [101, 102, 103, 104, 105, 106, 107, 108, 109, 110, 111, 112, 113, 114, 115, 116, 117, 118, 119, 120, 121, 122, 123, 124, 125, 126, 127, 128], "split3_pred": [0, 0, 0, 0, 0, 0, 0, 0, 0, 0, 0, 0, 0, 0, 0, 0, 0, 0, 0, 0, 0, 0, 0, 0, 0, 0, 0, 0], "split3_test": [0, 0, 1, 0, 0, 1, 0, 0, 0, 0, 0, 0, 0, 0, 0, 0, 0, 0, 0, 1, 0, 0, 0, 0, 1, 0, 0, 0], "split3_notXOR": [1, 1, 0, 1, 1, 0, 1, 1, 1, 1, 1, 1, 1, 1, 1, 1, 1, 1, 1, 0, 1, 1, 1, 1, 0, 1, 1, 1], "split3_prob": [0.14328582440746696, 0.15331083710758778, 0.1360999940904125, 0.11764895289351236, 0.15691725193783773, 0.07983902524796767, 0.0922814251658846, 0.0932933665573889, 0.08856885256133772, 0.0932933665573889, 0.0932933665573889, 0.0932933665573889, 0.29649848887166597, 0.0932933665573889, 0.0932933665573889, 0.10577091563665725, 0.0932933665573889, 0.05576983295956956, 0.0932933665573889, 0.3362417885050393, 0.0932933665573889, 0.10091639442778512, 0.0932933665573889, 0.09856027369094712, 0.0932933665573889, 0.0840957082063939, 0.05576983295956956, 0.0932933665573889], "split4_index": [129, 130, 131, 132, 133, 134, 135, 136, 137, 138, 139, 140, 141, 142, 143, 144, 145, 146, 147, 148, 149, 150, 151, 152, 153, 154, 155, 156], "split4_pred": [0, 0, 0, 0, 0, 0, 0, 0, 0, 0, 0, 0, 0, 0, 0, 0, 0, 0, 0, 0, 0, 0, 0, 0, 0, 0, 0, 0], "split4_test": [0, 0, 0, 0, 0, 0, 0, 0, 0, 0, 0, 0, 0, 0, 0, 0, 0, 0, 0, 1, 0, 0, 0, 0, 0, 0, 0, 0], "split4_notXOR": [1, 1, 1, 1, 1, 1, 1, 1, 1, 1, 1, 1, 1, 1, 1, 1, 1, 1, 1, 0, 1, 1, 1, 1, 1, 1, 1, 1], "split4_prob": [0.10611171812217708, 0.10611171812217708, 0.1066966244408983, 0.10611171812217708, 0.10611171812217708, 0.10419033764660138, 0.10611171812217708, 0.10611171812217708, 0.10611171812217708, 0.10611171812217708, 0.10611171812217708, 0.10611171812217708, 0.10611171812217708, 0.10611171812217708, 0.10611171812217708, 0.10611171812217708, 0.10611171812217708, 0.10611171812217708, 0.10611171812217708, 0.10976162347220685, 0.10611171812217708, 0.10611171812217708, 0.10611171812217708, 0.10611171812217708, 0.09648132825930088, 0.10611171812217708, 0.10611171812217708, 0.10611171812217708], "split5_index": [157, 158, 159, 160, 161, 162, 163, 164, 165, 166, 167, 168, 169, 170, 171, 172, 173, 174, 175, 176, 177, 178, 179, 180, 181, 182, 183, 184], "split5_pred": [0, 0, 0, 0, 0, 0, 0, 0, 0, 0, 0, 0, 0, 0, 0, 0, 0, 0, 0, 0, 0, 0, 0, 0, 0, 0, 0, 0], "split5_test": [0, 0, 0, 0, 0, 0, 0, 0, 0, 0, 0, 0, 0, 0, 0, 0, 0, 0, 0, 1, 0, 0, 0, 0, 0, 0, 0, 0], "split5_notXOR": [1, 1, 1, 1, 1, 1, 1, 1, 1, 1, 1, 1, 1, 1, 1, 1, 1, 1, 1, 0, 1, 1, 1, 1, 1, 1, 1, 1], "split5_prob": [0.0899318597827838, 0.0899318597827838, 0.0899318597827838, 0.12336534645455074, 0.0899318597827838, 0.0899318597827838, 0.3100496347290091, 0.0899318597827838, 0.0899318597827838, 0.8868296795857956, 0.0899318597827838, 0.0899318597827838, 0.0899318597827838, 0.0899318597827838, 0.0899318597827838, 0.0899345016449448, 0.0899318597827838, 0.0899318597827838, 0.0899318597827838, 0.0217771071238628, 0.0899318597827838, 0.0899318597827838, 0.0899318597827838, 0.0899318597827838, 0.0899318597827838, 0.0899318597827838, 0.0899318597827838, 0.09183900078300423], "split6_index": [185, 186, 187, 188, 189, 190, 191, 192, 193, 194, 195, 196, 197, 198, 199, 200, 201, 202, 203, 204, 205, 206, 207, 208, 209, 210, 211, 212], "split6_pred": [0, 0, 0, 0, 0, 0, 0, 0, 0, 0, 0, 0, 0, 0, 0, 0, 0, 0, 0, 0, 0, 0, 0, 0, 0, 0, 0, 0], "split6_test": [0, 0, 0, 0, 0, 0, 0, 0, 0, 0, 0, 0, 0, 0, 0, 0, 0, 0, 0, 1, 0, 0, 0, 0, 0, 0, 0, 0], "split6_notXOR": [1, 1, 1, 1, 1, 1, 1, 1, 1, 1, 1, 1, 1, 1, 1, 1, 1, 1, 1, 0, 1, 1, 1, 1, 1, 1, 1, 1], "split6_prob": [0.09137894171743814, 0.14548741559304829, 0.09137894171743814, 0.09901744196826309, 0.09901744196826309, 0.09137894171743814, 0.13041882539755667, 0.09137894171743814, 0.09137894171743814, 0.11359061335447032, 0.09137894171743814, 0.09137894171743814, 0.09137894171743814, 0.09137894171743814, 0.09137894171743814, 0.09901744196826309, 0.09137894171743814, 0.09137894171743814, 0.09137894171743814, 0.14548740315734585, 0.09137894171743814, 0.09137894171743814, 0.09137894171743814, 0.09137894171743814, 0.09137894171743814, 0.09137894171743814, 0.09137894171743814, 0.12605855193919752], "split7_index": [213, 214, 215, 216, 217, 218, 219, 220, 221, 222, 223, 224, 225, 226, 227, 228, 229, 230, 231, 232, 233, 234, 235, 236, 237, 238, 239, 240], "split7_pred": [0, 0, 0, 0, 0, 0, 0, 0, 0, 0, 0, 0, 0, 0, 0, 0, 0, 0, 0, 0, 0, 0, 0, 0, 0, 0, 0, 0], "split7_test": [0, 0, 0, 0, 0, 0, 0, 0, 0, 0, 0, 0, 0, 0, 0, 0, 0, 0, 0, 1, 0, 0, 0, 0, 0, 0, 0, 0], "split7_notXOR": [1, 1, 1, 1, 1, 1, 1, 1, 1, 1, 1, 1, 1, 1, 1, 1, 1, 1, 1, 0, 1, 1, 1, 1, 1, 1, 1, 1],