{"split0_index": [11, 12, 13, 14, 15, 16, 17, 18, 19, 20, 21], "split0_pred": [1, 0, 1, 1, 1, 1, 0, 1, 0, 1, 1], "split0_test": [1, 0, 1, 1, 1, 1, 1, 1, 0, 1, 1], "split0_notXOR": [1, 1, 1, 1, 1, 1, 0, 1, 1, 1, 1], "split0_prob": [0.8453609755296366, 0.18177299413370188, 0.7266186504596036, 0.8605276931865153, 0.860265543148342, 0.726602229815343, 0.22656446609625505, 0.7491919276152668, 0.16400828590345137, 0.6674130688057995, 0.8668603851512252], "split1_index": [22, 23, 24, 25, 26, 27, 28, 29, 30, 31, 32], "split1_pred": [1, 0, 1, 1, 1, 1, 0, 1, 0, 1, 1], "split1_test": [0, 0, 0, 0, 0, 0, 0, 0, 0, 1, 0], "split1_notXOR": [0, 1, 0, 0, 0, 0, 1, 0, 1, 1, 0], "split1_prob": [0.9325556264449, 0.10619036998536363, 0.9297135268989352, 0.9327557558684846, 0.9425563000291786, 0.933810104876303, 0.3972736152637709, 0.9389903475801197, 0.10746947573692182, 0.9234469778341842, 0.9311579434820103]}