{"split0_index": [4, 5, 6, 7, 8, 9], "split0_pred": [0, 0, 0, 1, 0, 0], "split0_test": [1, 1, 1, 1, 0, 0], "split0_notXOR": [0, 0, 0, 1, 1, 1], "split0_prob": [0.32459044220888245, 0.18341944146534428, 0.32459044220888245, 0.5977795211600057, 0.31018754195269055, 0.18341944146534428], "split1_index": [10, 11, 12, 13, 14, 15], "split1_pred": [0, 0, 0, 1, 0, 0], "split1_test": [1, 1, 1, 1, 0, 0], "split1_notXOR": [0, 0, 0, 1, 1, 1], "split1_prob": [0.3655392892355671, 0.2480941566290432, 0.3655392892355671, 0.7421977061640752, 0.36366789152862783, 0.4428793496846694], "split2_index": [16, 17, 18, 19, 20, 21], "split2_pred": [1, 0, 1, 1, 1, 0], "split2_test": [1, 1, 1, 0, 0, 0], "split2_notXOR": [1, 0, 1, 0, 0, 1], "split2_prob": [0.52052800469382, 0.34817263054311803, 0.52052800469382, 0.7658505604306147, 0.5152466492188739, 0.34817263054311803], "split3_index": [22, 23, 24, 25, 26, 27], "split3_pred": [1, 0, 1, 0, 1, 0], "split3_test": [1, 1, 1, 0, 0, 0], "split3_notXOR": [1, 0, 1, 1, 0, 1], "split3_prob": [0.5536005630866387, 0.43084886438175896, 0.5536005630866387, 0.4257848263896666, 0.5284285304500959, 0.43084886438175896], "split4_index": [28, 29, 30, 31, 32, 33], "split4_pred": [1, 0, 1, 0, 1, 0], "split4_test": [1, 1, 1, 0, 0, 0], "split4_notXOR": [1, 0, 1, 1, 0, 1], "split4_prob": [0.5764907381099927, 0.465781062999207, 0.5764907381099927, 0.48960791340465387, 0.5319039149571086, 0.465781062999207], "split5_index": [34, 35, 36, 37, 38, 39], "split5_pred": [1, 0, 1, 0, 0, 0], "split5_test": [1, 1, 1, 0, 0, 0], "split5_notXOR": [1, 0, 1, 1, 1, 1], "split5_prob": [0.5423912321180332, 0.44093635214764804, 0.5423912321180332, 0.32422882757795307, 0.359457333068533, 0.33668459276823104], "split6_index": [40, 41, 42, 43, 44, 45, 46], "split6_pred": [1, 0, 1, 1, 0, 0, 0], "split6_test": [1, 1, 1, 1, 0, 0, 0], "split6_notXOR": [1, 0, 1, 1, 1, 1, 1], "split6_prob": [0.623411382093055, 0.3774747458673473, 0.623411382093055, 0.7077093935468008, 0.23822635027596337, 0.31889836558584045, 0.3567036927882851], "split7_index": [47, 48, 49, 50, 51], "split7_pred": [0, 1, 0, 0, 1], "split7_test": [0, 0, 0, 1, 1], "split7_notXOR": [1, 0, 1, 0, 1], "split7_prob": [0.25676611548331374, 0.5644804452270982, 0.35589073807170785, 0.22318987222964137, 0.5059753292333451], "split8_index": [52, 53, 54, 55, 56], "split8_pred": [1, 1, 1, 0, 0], "split8_test": [0, 0, 0, 1, 1], "split8_notXOR": [0, 0, 0, 0, 0], "split8_prob": [0.5116552676190564, 0.5775133778698458, 0.5116552676190564, 0.48319029099683874, 0.49981405384080196], "split9_index": [57, 58, 59, 60, 61], "split9_pred": [0, 1, 0, 0, 1], "split9_test": [0, 0, 0, 1, 1], "split9_notXOR": [1, 0, 1, 0, 1], "split9_prob": [0.4521892620692239, 0.578840736414592, 0.4521892620692239, 0.3134854872974209, 0.5297844988183879], "split10_index": [62, 63, 64, 65, 66], "split10_pred": [0, 1, 0, 0, 1], "split10_test": [0, 0, 0, 1, 1], "split10_notXOR": [1, 0, 1, 0, 1], "split10_prob": [0.39343958464291817, 0.5652469564291419, 0.31683127027660973, 0.3857688046601433, 0.5526920410196975], "split11_index": [67, 68, 69, 70, 71], "split11_pred": [0, 1, 0, 1, 1], "split11_test": [0, 0, 0, 1, 1], "split11_notXOR": [1, 0, 1, 1, 1], "split11_prob": [0.361217774843751, 0.5682947535566906, 0.361217774843751, 0.5218551028632807, 0.5888305302162048], "split12_index": [72, 73, 74, 75, 76], "split12_pred": [0, 1, 0, 1, 1], "split12_test": [0, 0, 0, 1, 1], "split12_notXOR": [1, 0, 1, 1, 1], "split12_prob": [0.3134419010677866, 0.543836680242848, 0.3134419010677866, 0.504323028571803, 0.5448119006360106], "split13_index": [77, 78, 79, 80, 81], "split13_pred": [0, 1, 0, 1, 1], "split13_test": [0, 0, 0, 1, 1], "split13_notXOR": [1, 0, 1, 1, 1], "split13_prob": [0.28809905364625465, 0.5402334159389823, 0.28809905364625465, 0.574119746751912, 0.5633936879607377], "split14_index": [82, 83, 84, 85, 86], "split14_pred": [0, 1, 0, 1, 1], "split14_test": [0, 0, 0, 1, 1], "split14_notXOR": [1, 0, 1, 1, 1], "split14_prob": [0.271251466294386, 0.5457622844604657, 0.271251466294386, 0.5835173925172704, 0.5685526813257357], "split15_index": [87, 88, 89, 90, 91], "split15_pred": [0, 1, 0, 1, 1], "split15_test": [0, 0, 0, 1, 1], "split15_notXOR": [1, 0, 1, 1, 1], "split15_prob": [0.2571043441690859, 0.5484676892571096, 0.2571043441690859, 0.5646273683040537, 0.564170274100437], "split16_index": [92, 93, 94, 95, 96], "split16_pred": [0, 1, 0, 1, 1], "split16_test": [0, 0, 0, 1, 1], "split16_notXOR": [1, 0, 1, 1, 1], "split16_prob": [0.22624054811117386, 0.5340090041870265, 0.22624054811117386, 0.5576817797911049, 0.5885164198330238], "split17_index": [97, 98, 99, 100, 101], "split17_pred": [0, 1, 0, 1, 1], "split17_test": [0, 0, 0, 1, 1], "split17_notXOR": [1, 0, 1, 1, 1], "split17_prob": [0.23115459732598845, 0.5611243766922417, 0.23115459732598845, 0.5898318913606451, 0.5732891267081138], "split18_index": [102, 103, 104, 105, 106], "split18_pred": [0, 1, 0, 1, 1], "split18_test": [0, 0, 0, 1, 1], "split18_notXOR": [1, 0, 1, 1, 1], "split18_prob": [0.22037440601279076, 0.5844605467473876, 0.22037440601279076, 0.5985186968441634, 0.7212286653467915], "split19_index": [107, 108, 109, 110, 111], "split19_pred": [0, 1, 0, 1, 1], "split19_test": [0, 0, 0, 1, 1], "split19_notXOR": [1, 0, 1, 1, 1], "split19_prob": [0.2109585457924085, 0.578945996987809, 0.2109585457924085, 0.5935517751274547, 0.7424044614537326], "split20_index": [112, 113, 114, 115, 116], "split20_pred": [0, 1, 0, 1, 1], "split20_test": [0, 0, 0, 1, 0], "split20_notXOR": [1, 0, 1, 1, 0], "split20_prob": [0.20026481440571395, 0.5749427124997631, 0.20026481440571395, 0.6040501002354478, 0.5764515890306929], "split21_index": [117, 118, 119, 120, 121], "split21_pred": [1, 1, 0, 1, 1], "split21_test": [1, 1, 0, 1, 0], "split21_notXOR": [1, 1, 1, 1, 0], "split21_prob": [0.7541014988741692, 0.766928692013993, 0.19201359739217533, 0.6573931382307245, 0.7317609645539843], "split22_index": [122, 123, 124, 125, 126], "split22_pred": [1, 1, 0, 1, 1], "split22_test": [0, 0, 0, 1, 0], "split22_notXOR": [0, 0, 1, 1, 0], "split22_prob": [0.5614792309102815, 0.595264641484536, 0.18645549110872023, 0.6095395151861697, 0.5254308535400721], "split23_index": [127, 128, 129, 130, 131], "split23_pred": [1, 1, 0, 1, 1], "split23_test": [0, 0, 0, 1, 0], "split23_notXOR": [0, 0, 1, 1, 0], "split23_prob": [0.5416942740881926, 0.5740180169998617, 0.18057761309938694, 0.6023836171292406, 0.5063475202785773], "split24_index": [132, 133, 134, 135, 136], "split24_pred": [1, 1, 0, 1, 0], "split24_test": [0, 0, 0, 1, 0], "split24_notXOR": [0, 0, 1, 1, 1], "split24_prob": [0.5091351612318279, 0.5265096625743333, 0.17495926759974387, 0.5950944294020287, 0.48820352557052443], "split25_index": [137, 138, 139, 140, 141], "split25_pred": [0, 1, 0, 1, 0], "split25_test": [0, 0, 0, 1, 0], "split25_notXOR": [1, 0, 1, 1, 1], "split25_prob": [0.4929013362229261, 0.5100388122444325, 0.16939707739815957, 0.5890514026147676, 0.471316716641117], "split26_index": [142, 143, 144, 145, 146], "split26_pred": [0, 0, 0, 1, 0], "split26_test": [0, 0, 0, 1, 0], "split26_notXOR": [1, 1, 1, 1, 1], "split26_prob": [0.47810161781624716, 0.4950525350224251, 0.16420082227283433, 0.5842982620136938, 0.45578546338903153], "split27_index": [147, 148, 149, 150, 151], "split27_pred": [0, 0, 0, 1, 0], "split27_test": [0, 0, 0, 1, 0], "split27_notXOR": [1, 1, 1, 1, 1], "split27_prob": [0.4376409453809492, 0.4548871612110121, 0.1423150356720629, 0.5543864227786601, 0.4138982457934087], "split28_index": [152, 153, 154, 155, 156], "split28_pred": [0, 0, 0, 1, 0], "split28_test": [0, 0, 0, 1, 0], "split28_notXOR": [1, 1, 1, 1, 1], "split28_prob": [0.45747164329911705, 0.47500326629283096, 0.15333804027387146, 0.5839572771475476, 0.46048204990257885], "split29_index": [157, 158, 159, 160, 161], "split29_pred": [0, 0, 0, 1, 0], "split29_test": [0, 0, 0, 1, 0], "split29_notXOR": [1, 1, 1, 1, 1],