{"split0_index": [4, 5, 6, 7], "split0_pred": [1, 1, 1, 1], "split0_test": [1, 1, 0, 0], "split0_notXOR": [1, 1, 0, 0], "split0_prob": [0.8810778867177944, 0.8810778867177944, 0.8800788435631944, 0.8642144670807551], "split1_index": [8, 9, 10, 11], "split1_pred": [0, 1, 1, 0], "split1_test": [1, 1, 0, 0], "split1_notXOR": [0, 1, 0, 1], "split1_prob": [0.149944678105274, 0.7200571731627555, 0.7200571731627555, 0.14422790224358775], "split2_index": [12, 13, 14, 15], "split2_pred": [1, 1, 0, 0], "split2_test": [1, 1, 0, 0], "split2_notXOR": [1, 1, 1, 1], "split2_prob": [0.7623560023603235, 0.79833756515145, 0.39259290199603164, 0.41503527293168413], "split3_index": [16, 17, 18, 19, 20, 21], "split3_pred": [0, 1, 1, 0, 0, 0], "split3_test": [0, 1, 1, 0, 0, 0], "split3_notXOR": [1, 1, 1, 1, 1, 1], "split3_prob": [0.36766350362385897, 0.837535116285456, 0.5577054915023325, 0.4401216979866684, 0.3368875638592412, 0.3456104949581559], "split4_index": [22, 23, 24, 25], "split4_pred": [1, 1, 1, 0], "split4_test": [1, 1, 0, 0], "split4_notXOR": [1, 1, 0, 1], "split4_prob": [0.8353066041105762, 0.8353066041105762, 0.6184512430599065, 0.253799911577951], "split5_index": [26, 27, 28, 29], "split5_pred": [1, 1, 0, 1], "split5_test": [1, 1, 0, 0], "split5_notXOR": [1, 1, 1, 0], "split5_prob": [0.8095607198809505, 0.8095607198809505, 0.1386830122366127, 0.8095607198809505], "split6_index": [30, 31, 32, 33], "split6_pred": [1, 1, 0, 1], "split6_test": [1, 1, 0, 0], "split6_notXOR": [1, 1, 1, 0], "split6_prob": [0.6650222557521377, 0.6650222557521377, 0.034154964130818984, 0.6650222557521377], "split7_index": [34, 35, 36, 37], "split7_pred": [1, 1, 0, 1], "split7_test": [1, 1, 0, 0], "split7_notXOR": [1, 1, 1, 0], "split7_prob": [0.5510650048684135, 0.5510650048684135, 0.06253153146644773, 0.5510650048684135], "split8_index": [38, 39, 40, 41], "split8_pred": [0, 1, 1, 1], "split8_test": [1, 1, 0, 0], "split8_notXOR": [0, 1, 0, 0], "split8_prob": [0.16785152542208326, 0.7815857577559314, 0.7815857577559314, 0.7815857577559314], "split9_index": [42, 43, 44, 45], "split9_pred": [0, 1, 0, 1], "split9_test": [1, 1, 0, 0], "split9_notXOR": [0, 1, 1, 0], "split9_prob": [0.22297914062170418, 0.7148523312989528, 0.2058645505137319, 0.7148523312989528], "split10_index": [46, 47, 48, 49], "split10_pred": [0, 1, 1, 1], "split10_test": [1, 1, 0, 0], "split10_notXOR": [0, 1, 0, 0], "split10_prob": [0.3231592159511058, 0.6856426864809757, 0.6856426864809757, 0.6856426864809757], "split11_index": [50, 51, 52, 53], "split11_pred": [0, 1, 1, 1], "split11_test": [1, 1, 0, 0], "split11_notXOR": [0, 1, 0, 0], "split11_prob": [0.35429761959676326, 0.6508806029718578, 0.6508806029718578, 0.6508806029718578], "split12_index": [54, 55, 56, 57], "split12_pred": [0, 0, 1, 1], "split12_test": [1, 1, 0, 0], "split12_notXOR": [0, 0, 0, 0], "split12_prob": [0.0014477978412133629, 0.37052787913725826, 0.6351498937359649, 0.6239443227023205], "split13_index": [58, 59, 60, 61], "split13_pred": [0, 1, 0, 0], "split13_test": [1, 1, 0, 0], "split13_notXOR": [0, 1, 1, 1], "split13_prob": [0.13708021781114116, 0.5626745665018409, 0.2704324832917337, 0.41625217171166], "split14_index": [62, 63, 64, 65], "split14_pred": [0, 0, 0, 1], "split14_test": [1, 1, 0, 0], "split14_notXOR": [0, 0, 1, 0], "split14_prob": [0.4813264417089512, 0.4813264417089512, 0.30292270380984254, 0.5671902787033145], "split15_index": [66, 67, 68, 69], "split15_pred": [0, 0, 0, 1], "split15_test": [1, 1, 0, 0], "split15_notXOR": [0, 0, 1, 0], "split15_prob": [0.3041853099937093, 0.24362276531474059, 0.42074084885693486, 0.5669074652221218], "split16_index": [70, 71, 72, 73], "split16_pred": [1, 0, 1, 0], "split16_test": [1, 0, 0, 1], "split16_notXOR": [1, 1, 0, 0], "split16_prob": [0.5532334396806723, 0.42280472570595684, 0.532122648354829, 0.39333733923177855], "split17_index": [74, 75, 76, 77], "split17_pred": [1, 0, 1, 1], "split17_test": [1, 0, 0, 1], "split17_notXOR": [1, 1, 0, 1], "split17_prob": [0.5616322622292532, 0.4883160636930479, 0.5616322622292532, 0.5616322622292532], "split18_index": [78, 79, 80, 81], "split18_pred": [1, 0, 1, 0], "split18_test": [1, 0, 0, 0], "split18_notXOR": [1, 1, 0, 1], "split18_prob": [0.5637783082897586, 0.4178967200586156, 0.5637783082897586, 0.2683763560330487]}