{"split0_index": [22, 23, 24, 25, 26, 27, 28, 29, 30, 31, 32, 33, 34, 35, 36, 37, 38, 39, 40, 41, 42], "split0_pred": [0, 0, 0, 0, 0, 0, 0, 0, 0, 1, 0, 0, 0, 0, 0, 0, 0, 0, 0, 0, 1], "split0_test": [0, 0, 0, 0, 0, 0, 1, 0, 0, 1, 0, 0, 0, 0, 0, 0, 0, 0, 1, 0, 1], "split0_notXOR": [1, 1, 1, 1, 1, 1, 0, 1, 1, 1, 1, 1, 1, 1, 1, 1, 1, 1, 0, 1, 1], "split0_prob": [0.1724398771308366, 0.17943064666817882, 0.1721052151808612, 0.17943064666817882, 0.1931955078165505, 0.17820679270942336, 0.2579171438555522, 0.17943064666817882, 0.20431595523728874, 0.3035848648428055, 0.1808918316775531, 0.17478590653056797, 0.1695958047654411, 0.18097860052434925, 0.17942302114493944, 0.1739262165711817, 0.17943064666817882, 0.17243603282256398, 0.18468359496662892, 0.1707957123557546, 0.3078415099374461], "split1_index": [43, 44, 45, 46, 47, 48, 49, 50, 51, 52, 53, 54, 55, 56, 57, 58, 59, 60, 61, 62, 63, 64, 65, 66, 67], "split1_pred": [0, 0, 0, 0, 1, 0, 0, 0, 0, 0, 0, 1, 0, 0, 0, 0, 1, 0, 0, 0, 0, 0, 0, 0, 0], "split1_test": [0, 0, 0, 0, 0, 0, 0, 0, 1, 0, 0, 1, 0, 0, 0, 0, 1, 0, 0, 0, 0, 0, 1, 0, 1], "split1_notXOR": [1, 1, 1, 1, 0, 1, 1, 1, 0, 1, 1, 1, 1, 1, 1, 1, 1, 1, 1, 1, 1, 1, 0, 1, 0], "split1_prob": [0.047069572198118484, 0.08468376408897993, 0.040184391193600226, 0.08468376408897993, 0.95586745340017, 0.38070098840538, 0.05109227185485852, 0.0751314738801287, 0.34239213838672405, 0.08468376408897993, 0.4766125460794552, 0.9960580909713125, 0.06187475037961722, 0.09564469075616967, 0.04047059365692845, 0.03619893051241001, 0.845798502803182, 0.04334101174491462, 0.7421005814014465, 0.4771855412769535, 0.47726546430447686, 0.043927003835997985, 0.11339923837529645, 0.041311564265075394, 0.8046354105831629], "split2_index": [68, 69, 70, 71, 72, 73, 74, 75, 76, 77, 78, 79, 80, 81, 82, 83, 84, 85, 86, 87, 88, 89, 90, 91, 92, 93, 94], "split2_pred": [0, 0, 0, 0, 0, 0, 1, 0, 0, 0, 0, 0, 0, 1, 0, 0, 0, 0, 0, 0, 0, 0, 0, 0, 0, 0, 1], "split2_test": [0, 0, 0, 0, 0, 0, 0, 0, 0, 0, 1, 0, 0, 1, 0, 0, 0, 0, 1, 0, 0, 0, 0, 0, 1, 0, 1], "split2_notXOR": [1, 1, 1, 1, 1, 1, 0, 1, 1, 1, 0, 1, 1, 1, 1, 1, 1, 1, 0, 1, 1, 1, 1, 1, 0, 1, 1], "split2_prob": [0.02582724356533145, 0.06822092564301974, 0.021054628581936186, 0.06822092564301974, 0.11469472328749658, 0.16181439485732851, 0.8538820490821367, 0.02237391635271997, 0.0993845238572404, 0.07950911257273266, 0.3614878963054384, 0.06822092564301974, 0.09074161837260203, 0.9690425084269053, 0.052379799935630855, 0.12641472804728104, 0.022354368495062102, 0.023323051743588667, 0.4440506646515513, 0.04677885953539515, 0.12368874957518612, 0.09603893115269992, 0.30444576476876706, 0.044516906486198514, 0.15068020312930785, 0.02095140659069195, 0.7089301460452854], "split3_index": [95, 96, 97, 98, 99, 100, 101, 102, 103, 104, 105, 106, 107, 108, 109, 110, 111, 112, 113, 114, 115, 116, 117, 118, 119, 120, 121], "split3_pred": [0, 0, 0, 0, 0, 0, 1, 0, 0, 0, 1, 0, 0, 1, 0, 0, 0, 0, 0, 0, 0, 0, 0, 0, 0, 0, 1], "split3_test": [0, 0, 0, 0, 0, 0, 0, 0, 0, 0, 1, 0, 0, 1, 0, 0, 0, 0, 1, 0, 0, 0, 0, 0, 1, 0, 1], "split3_notXOR": [1, 1, 1, 1, 1, 1, 0, 1, 1, 1, 1, 1, 1, 1, 1, 1, 1, 1, 0, 1, 1, 1, 1, 1, 0, 1, 1], "split3_prob": [0.01921708545727029, 0.043824995878036344, 0.015289946490474259, 0.043824995878036344, 0.038032200711851295, 0.10490787713521811, 0.885892932561669, 0.018305640833681854, 0.03821099915996726, 0.0713459230701422, 0.7077887125430543, 0.043824995878036344, 0.03634306674228413, 0.9753331179832551, 0.05292197759917866, 0.1464690875378761, 0.018693667413228962, 0.020726698801386636, 0.5, 0.044253795604508706, 0.12111735068321748, 0.03238229927890434, 0.3158960701901769, 0.04326826801365049, 0.16909753478682524, 0.01744016654804846, 0.7847074306215341], "split4_index": [122, 123, 124, 125, 126, 127, 128, 129, 130, 131, 132, 133, 134, 135, 136, 137, 138, 139, 140, 141, 142, 143, 144, 145, 146, 147, 148], "split4_pred": [0, 0, 0, 0, 0, 0, 1, 0, 0, 0, 1, 0, 0, 1, 0, 0, 0, 0, 0, 0, 0, 0, 0, 0, 0, 0, 1], "split4_test": [0, 0, 0, 0, 0, 0, 0, 0, 0, 0, 1, 1, 0, 1, 0, 0, 0, 0, 1, 0, 0, 0, 0, 0, 1, 0, 1], "split4_notXOR": [1, 1, 1, 1, 1, 1, 0, 1, 1, 1, 1, 0, 1, 1, 1, 1, 1, 1, 0, 1, 1, 1, 1, 1, 0, 1, 1], "split4_prob": [0.015047606793781186, 0.034887278948752584, 0.01224338323269695, 0.034887278948752584, 0.0357130041359891, 0.09663227656682202, 0.8450361963199089, 0.01733830792711004, 0.032701312977578945, 0.06281162534126726, 0.7078771205690252, 0.034887278948752584, 0.029294477293775815, 0.9568641883518577, 0.05133209574811181, 0.12862393091219146, 0.01685782170551122, 0.018054678655516618, 0.43267190953415685, 0.04137499637982906, 0.15348780665494172, 0.028054251962940324, 0.25431164186045824, 0.04196370150129111, 0.1537980131099448, 0.016197855435335463, 0.7426737094925866], "split5_index": [149, 150, 151, 152, 153, 154, 155, 156, 157, 158, 159, 160, 161, 162, 163, 164, 165, 166, 167, 168, 169, 170, 171, 172, 173, 174, 175, 176, 177], "split5_pred": [0, 0, 0, 0, 0, 0, 1, 0, 0, 0, 1, 0, 0, 1, 0, 0, 0, 0, 0, 0, 0, 0, 0, 0, 0, 0, 0, 0, 0], "split5_test": [0, 0, 0, 0, 0, 0, 0, 0, 0, 0, 1, 0, 0, 1, 0, 0, 0, 0, 0, 1, 0, 0, 0, 0, 0, 0, 0, 0, 1], "split5_notXOR": [1, 1, 1, 1, 1, 1, 0, 1, 1, 1, 1, 1, 1, 1, 1, 1, 1, 1, 1, 0, 1, 1, 1, 1, 1, 1, 1, 1, 0], "split5_prob": [0.031099877690770637, 0.04481793499932345, 0.0260383509935647, 0.08406008894484321, 0.0909337482037714, 0.07696057701956345, 0.7801008500488117, 0.03504112878063596, 0.08696797568070397, 0.08329580314808577, 0.5714897639147443, 0.04481793499932345, 0.08595609913220013, 0.870102836702026, 0.019463782501673292, 0.09730507238171665, 0.057095874715686744, 0.02233657547361375, 0.05049024933267072, 0.031909092735040286, 0.31219421227319966, 0.09063483646913219, 0.09506733048540937, 0.04066543058835519, 0.018385207409816588, 0.15699964748488113, 0.09104793745659044, 0.026225321391876517, 0.1592991292468565], "split6_index": [178, 179, 180, 181, 182, 183, 184, 185, 186, 187, 188, 189, 190, 191, 192, 193, 194, 195, 196, 197, 198, 199, 200, 201, 202, 203, 204], "split6_pred": [0, 0, 0, 0, 0, 0, 1, 0, 0, 0, 1, 0, 0, 1, 0, 0, 0, 0, 0, 0, 0, 0, 0, 0, 0, 0, 1], "split6_test": [0, 0, 0, 0, 0, 0, 0, 0, 0, 0, 1, 0, 0, 1, 0, 0, 0, 0, 0, 1, 0, 0, 0, 0, 0, 0, 1], "split6_notXOR": [1, 1, 1, 1, 1, 1, 0, 1, 1, 1, 1, 1, 1, 1, 1, 1, 1, 1, 1, 0, 1, 1, 1, 1, 1, 1, 1], "split6_prob": [0.05977806943250484, 0.09321659315889506, 0.04645646089389893, 0.06434742446900686, 0.07873027248474039, 0.061559467756035414, 0.6436177391753033, 0.037313926860020795, 0.06847163280435979, 0.09306564521597367, 0.8319019102941723, 0.09321659315889506, 0.0707014932624634, 0.899760331674459, 0.03412969881041657, 0.1388949587726197, 0.06930840375613387, 0.040421269243224214, 0.0608993968322751, 0.046038696297472086, 0.20893923017291222, 0.054726456589526226, 0.033618434760218106, 0.13777738938326187, 0.07925797079691312, 0.05126511790634876, 0.6714862822976336], "split7_index": [205, 206, 207, 208, 209, 210, 211, 212, 213, 214, 215, 216, 217, 218, 219, 220, 221, 222, 223, 224, 225, 226, 227, 228, 229, 230], "split7_pred": [0, 0, 0, 0, 0, 0, 1, 0, 0, 0, 1, 0, 0, 1, 0, 0, 0, 0, 0, 0, 0, 0, 0, 0, 0, 1], "split7_test": [0, 0, 0, 0, 0, 0, 0, 0, 0, 0, 0, 0, 0, 0, 0, 0, 0, 0, 1, 0, 0, 0, 0, 0, 0, 1], "split7_notXOR": [1, 1, 1, 1, 1, 1, 0, 1, 1, 1, 0, 1, 1, 0, 1, 1, 1, 1, 0, 1, 1, 1, 1, 1, 1, 1], "split7_prob": [0.0594456675195837, 0.08841683974737141, 0.053180978959161566, 0.053145346770679336, 0.06164872961111068, 0.05103546359755478, 0.625444556522771, 0.03671067556305523, 0.05487193834321719, 0.08832717629140265, 0.9069175658243497, 0.08841683974737141, 0.05219833980377665, 0.9280738673889471, 0.1056692485464097, 0.0670657490301468, 0.04003005560775498, 0.060587788952443544, 0.045327124903798234, 0.19819216099749878, 0.053621294802095036, 0.03372051519433326, 0.1322000000201986, 0.06216595348509008, 0.05093262408932107, 0.6117817043337209],