{"split0_index": [13, 14, 15, 16, 17, 18, 19, 20, 21, 22, 23, 24, 25], "split0_pred": [1, 0, 1, 1, 1, 0, 1, 1, 1, 0, 1, 1, 0], "split0_test": [0, 0, 0, 1, 0, 0, 0, 0, 0, 0, 0, 1, 0], "split0_notXOR": [0, 1, 0, 1, 0, 1, 0, 0, 0, 1, 0, 1, 1], "split0_prob": [0.5280591819004266, 0.8650702941870142, 0.299207872113201, 0.19854313930830217, 0.5280591819004266, 0.642112420968284, 0.3689185057748365, 0.1848716905724926, 0.2121401651259607, 0.862243333935161, 0.3689185057748365, 0.45871634656440896, 0.6569499834209871], "split1_index": [26, 27, 28, 29, 30, 31, 32, 33, 34, 35, 36, 37, 38], "split1_pred": [0, 0, 0, 1, 0, 1, 0, 1, 0, 0, 1, 1, 0], "split1_test": [0, 0, 0, 1, 0, 0, 0, 0, 0, 0, 0, 1, 0], "split1_notXOR": [1, 1, 1, 1, 1, 0, 1, 0, 1, 1, 0, 1, 1], "split1_prob": [0.4196285428269761, 0.4196300864162715, 0.41390748682580486, 0.5666616402006579, 0.4196285428269761, 0.5, 0.42930388957384796, 0.5737148305132048, 0.4504574984959822, 0.4207308336823641, 0.5113607456449757, 0.5666557004867946, 0.4756343839143614], "split2_index": [39, 40, 41, 42, 43, 44, 45, 46, 47, 48, 49, 50, 51], "split2_pred": [0, 0, 0, 1, 0, 1, 0, 1, 0, 0, 0, 1, 0], "split2_test": [0, 0, 0, 1, 0, 0, 0, 0, 0, 0, 0, 1, 0], "split2_notXOR": [1, 1, 1, 1, 1, 0, 1, 0, 1, 1, 1, 1, 1], "split2_prob": [0.15179603328422647, 0.27971536590631396, 0.2850900830800832, 0.851156943586396, 0.15179603328422647, 0.6454589254280283, 0.21103156508696522, 0.7504317261675802, 0.4337727227156158, 0.15179603474360112, 0.21103156508696522, 0.8512372642817279, 0.168574431961378], "split3_index": [52, 53, 54, 55, 56, 57, 58, 59, 60, 61, 62, 63, 64], "split3_pred": [0, 1, 0, 1, 0, 0, 0, 1, 0, 0, 0, 1, 1], "split3_test": [0, 0, 0, 1, 0, 0, 0, 0, 0, 0, 0, 1, 0], "split3_notXOR": [1, 0, 1, 1, 1, 1, 1, 0, 1, 1, 1, 1, 0], "split3_prob": [0.14162318938328883, 0.8037455426606744, 0.14168954955862656, 0.8885939466373867, 0.14162318938328883, 0.14159950714980238, 0.1726471994153717, 0.784690751360427, 0.28224432887445366, 0.20423381722916134, 0.4174373339200614, 0.8809626382894264, 0.8884558950872133], "split4_index": [65, 66, 67, 68, 69, 70, 71, 72, 73, 74, 75, 76], "split4_pred": [0, 0, 1, 0, 0, 0, 1, 0, 0, 0, 1, 0], "split4_test": [0, 0, 1, 0, 0, 0, 0, 0, 0, 0, 1, 0], "split4_notXOR": [1, 1, 1, 1, 1, 1, 0, 1, 1, 1, 1, 1], "split4_prob": [0.12577292826708594, 0.1359405427563226, 0.8188809853359996, 0.12577292826708594, 0.3865689992105243, 0.1259209785476489, 0.5193014432695215, 0.4174876426009854, 0.3552553310936961, 0.1259209785476489, 0.8188131673724789, 0.3552553310936961], "split5_index": [77, 78, 79, 80, 81, 82, 83, 84, 85, 86, 87, 88], "split5_pred": [0, 0, 1, 0, 0, 0, 0, 0, 0, 0, 1, 0], "split5_test": [0, 0, 1, 0, 0, 0, 0, 0, 0, 0, 1, 0], "split5_notXOR": [1, 1, 1, 1, 1, 1, 1, 1, 1, 1, 1, 1], "split5_prob": [0.04507540452067583, 0.07995170507623735, 0.8575635302271076, 0.04507540452067583, 0.07993451096381908, 0.08014524923338098, 0.286531323032362, 0.23854448088500005, 0.08021841858724992, 0.08014524923338098, 0.876488292671822, 0.07933654176445322], "split6_index": [89, 90, 91, 92, 93, 94, 95, 96, 97, 98, 99, 100], "split6_pred": [0, 0, 1, 0, 1, 0, 1, 0, 0, 0, 1, 0], "split6_test": [0, 0, 1, 0, 0, 0, 0, 0, 0, 0, 1, 0], "split6_notXOR": [1, 1, 1, 1, 0, 1, 0, 1, 1, 1, 1, 1], "split6_prob": [0.10781739201370913, 0.11088170615008168, 0.8796022457958217, 0.10781739201370913, 0.6400997040711205, 0.1215202939430177, 0.5606944021079051, 0.2562986174617893, 0.10620268850191296, 0.26354134225123405, 0.8807532877949361, 0.1068098827387687], "split7_index": [101, 102, 103, 104, 105, 106, 107, 108, 109, 110, 111, 112], "split7_pred": [0, 0, 1, 0, 0, 0, 1, 0, 0, 0, 1, 0], "split7_test": [0, 0, 1, 0, 0, 0, 0, 0, 0, 0, 1, 0], "split7_notXOR": [1, 1, 1, 1, 1, 1, 0, 1, 1, 1, 1, 1], "split7_prob": [0.07253908576255119, 0.07271247078347455, 0.934397971908415, 0.07253908576255119, 0.07366438895319664, 0.1196503976818212, 0.8359201838916503, 0.22429983594752934, 0.07260646740767487, 0.47941974900552586, 0.9226285677324003, 0.0726637731988889], "split8_index": [113, 114, 115, 116, 117, 118, 119, 120, 121, 122, 123, 124], "split8_pred": [0, 0, 1, 0, 0, 0, 0, 0, 0, 0, 1, 0], "split8_test": [0, 0, 1, 0, 0, 0, 0, 0, 0, 0, 1, 0], "split8_notXOR": [1, 1, 1, 1, 1, 1, 1, 1, 1, 1, 1, 1], "split8_prob": [0.05481205231068252, 0.06663244989748773, 0.8958794763048981, 0.05481205231068252, 0.04495408068173069, 0.054861482836250086, 0.07870335012878878, 0.08126027032402248, 0.05557153763705586, 0.054861482836250086, 0.8958671535484073, 0.05486150746951431], "split9_index": [125, 126, 127, 128, 129, 130, 131, 132, 133, 134, 135, 136], "split9_pred": [0, 0, 1, 0, 0, 0, 0, 0, 0, 0, 1, 0], "split9_test": [0, 0, 1, 0, 0, 0, 0, 0, 0, 0, 1, 0], "split9_notXOR": [1, 1, 1, 1, 1, 1, 1, 1, 1, 1, 1, 1], "split9_prob": [0.046760064884452286, 0.07507236035891138, 0.9477468086423333, 0.046760064884452286, 0.07607015735755336, 0.07634051703113082, 0.3633461535597758, 0.2923035873391424, 0.07127342031804279, 0.07634051703113082, 0.9571713864896093, 0.07632779265029713], "split10_index": [137, 138, 139, 140, 141, 142, 143, 144, 145, 146, 147, 148], "split10_pred": [0, 0, 1, 0, 0, 0, 0, 0, 0, 0, 1, 0], "split10_test": [0, 0, 1, 0, 0, 0, 1, 0, 0, 0, 1, 0], "split10_notXOR": [1, 1, 1, 1, 1, 1, 0, 1, 1, 1, 1, 1], "split10_prob": [0.06267393171654084, 0.37988337494306934, 0.9297258171711896, 0.06267393171654084, 0.0431206854087674, 0.047117489274664255, 0.13980553003029664, 0.1121384152397598, 0.05827285094378262, 0.047117489274664255, 0.9297532468764141, 0.06116589525963709], "split11_index": [149, 150, 151, 152, 153, 154, 155, 156, 157, 158, 159, 160], "split11_pred": [0, 0, 1, 0, 0, 0, 0, 0, 0, 0, 1, 0], "split11_test": [0, 0, 1, 0, 0, 0, 1, 0, 0, 0, 1, 0], "split11_notXOR": [1, 1, 1, 1, 1, 1, 0, 1, 1, 1, 1, 1], "split11_prob": [0.008147028021796014, 0.035341702290948664, 0.9139189271186314, 0.008147028021796014, 0.03564649798404468, 0.0892892658827462, 0.35608393448325026, 0.29459685477067227, 0.03242450394821725, 0.0892892658827462, 0.9279506894459538, 0.04473918878825974], "split12_index": [161, 162, 163, 164, 165, 166, 167, 168, 169, 170, 171, 172], "split12_pred": [0, 0, 1, 0, 0, 0, 0, 0, 0, 0, 1, 0], "split12_test": [0, 0, 0, 0, 0, 0, 1, 0, 0, 0, 0, 0], "split12_notXOR": [1, 1, 0, 1, 1, 1, 0, 1, 1, 1, 0, 1], "split12_prob": [0.02002178806554944, 0.06566978564838435, 0.9424470305979082, 0.02002178806554944, 0.41231134073360093, 0.06662903075775324, 0.35001618216472835, 0.27862143902935055, 0.06049541529257065, 0.06662903075775324, 0.9525434721348226, 0.06032189789829932]}