{"split0_index": [11, 12, 13, 14, 15, 16, 17, 18, 19, 20, 21], "split0_pred": [0, 0, 0, 0, 0, 0, 0, 0, 0, 0, 0], "split0_test": [1, 0, 1, 1, 1, 1, 1, 1, 0, 1, 1], "split0_notXOR": [0, 1, 0, 0, 0, 0, 0, 0, 1, 0, 0], "split0_prob": [0.5, 0.5, 0.5, 0.5, 0.5, 0.5, 0.5, 0.5, 0.5, 0.5, 0.5], "split1_index": [22, 23, 24, 25, 26, 27, 28, 29, 30, 31, 32], "split1_pred": [0, 1, 0, 0, 0, 1, 0, 1, 1, 0, 1], "split1_test": [0, 0, 0, 0, 0, 0, 0, 0, 0, 1, 0], "split1_notXOR": [1, 0, 1, 1, 1, 0, 1, 0, 0, 0, 0], "split1_prob": [0.2550920102622686, 0.5192018562046292, 0.007900438712207998, 0.4046426415592389, 0.14385764800579764, 0.6294656622236094, 0.45107002111608036, 0.5391161928504316, 0.5041986641226838, 0.3394232068454089, 0.6579503720909096]}