{"split0_index": [5, 6, 7, 8, 9], "split0_pred": [0, 0, 1, 0, 0], "split0_test": [0, 0, 1, 1, 0], "split0_notXOR": [1, 1, 1, 0, 1], "split0_prob": [0.03, 0.2, 0.63, 0.0, 0.18], "split1_index": [10, 11, 12, 13, 14], "split1_pred": [0, 0, 1, 0, 0], "split1_test": [0, 0, 1, 1, 0], "split1_notXOR": [1, 1, 1, 0, 1], "split1_prob": [0.0, 0.11, 0.89, 0.3963333333333333, 0.06], "split2_index": [15, 16, 17, 18, 19], "split2_pred": [0, 0, 1, 1, 0], "split2_test": [0, 0, 1, 1, 0], "split2_notXOR": [1, 1, 1, 1, 1], "split2_prob": [0.0, 0.0, 0.97, 0.6582499999999999, 0.02], "split3_index": [20, 21, 22, 23, 24], "split3_pred": [0, 0, 1, 1, 0], "split3_test": [0, 0, 1, 1, 0], "split3_notXOR": [1, 1, 1, 1, 1], "split3_prob": [0.0, 0.0, 0.99, 0.7758928571428573, 0.49], "split4_index": [25, 26, 27, 28, 29], "split4_pred": [1, 0, 1, 0, 0], "split4_test": [1, 0, 1, 0, 0], "split4_notXOR": [1, 1, 1, 1, 1], "split4_prob": [0.798305555555555, 0.13, 1.0, 0.0, 0.0], "split5_index": [30, 31, 32, 33, 34], "split5_pred": [0, 1, 0, 1, 1], "split5_test": [0, 0, 1, 1, 1], "split5_notXOR": [1, 0, 0, 1, 1], "split5_prob": [0.0, 0.69, 0.0, 0.78, 0.8289628427128422], "split6_index": [35, 36, 37, 38, 39], "split6_pred": [0, 0, 1, 0, 1], "split6_test": [0, 0, 1, 1, 1], "split6_notXOR": [1, 1, 1, 0, 1], "split6_prob": [0.0, 0.26, 0.66, 0.26, 0.849126984126984], "split7_index": [40, 41, 42, 43, 44], "split7_pred": [1, 0, 0, 1, 1], "split7_test": [0, 0, 1, 0, 1], "split7_notXOR": [0, 1, 0, 0, 1], "split7_prob": [0.5642261904761905, 0.15, 0.43, 0.62, 0.8643932178932177], "split8_index": [45, 46, 47, 48, 49], "split8_pred": [0, 0, 0, 0, 1], "split8_test": [0, 0, 0, 0, 1], "split8_notXOR": [1, 1, 1, 1, 1], "split8_prob": [0.0, 0.0, 0.32, 0.22, 0.8827237207237205], "split9_index": [50, 51, 52, 53, 54], "split9_pred": [1, 1, 0, 0, 0], "split9_test": [1, 0, 0, 0, 0], "split9_notXOR": [1, 0, 1, 1, 1], "split9_prob": [0.8837885145899849, 0.8, 0.08, 0.28790530303030304, 0.0], "split10_index": [55, 56, 57, 58, 59, 60], "split10_pred": [1, 1, 1, 0, 0, 0], "split10_test": [0, 1, 0, 0, 0, 0], "split10_notXOR": [0, 1, 0, 1, 1, 1], "split10_prob": [0.783877471814391, 0.900827549514469, 0.900827549514469, 0.03666666666666667, 0.09440476190476188, 0.02], "split11_index": [61, 62, 63, 64, 65, 66], "split11_pred": [0, 1, 1, 0, 0, 0], "split11_test": [0, 1, 0, 0, 0, 0], "split11_notXOR": [1, 1, 0, 1, 1, 1], "split11_prob": [0.1602101330042507, 0.8411213737243144, 0.8411213737243144, 0.02, 0.016875, 0.0], "split12_index": [67, 68, 69, 70, 71, 72, 73, 74], "split12_pred": [1, 1, 1, 1, 0, 0, 1, 1], "split12_test": [0, 0, 0, 1, 0, 0, 0, 0], "split12_notXOR": [0, 0, 0, 1, 1, 1, 0, 0], "split12_prob": [0.53, 0.7965637138507983, 0.7965637138507983, 0.725, 0.30600000000000005, 0.0, 0.5333333333333333, 0.53], "split13_index": [75, 76, 77, 78, 79, 80, 81, 82, 83], "split13_pred": [0, 0, 1, 1, 1, 1, 0, 1, 0], "split13_test": [0, 0, 0, 0, 1, 0, 0, 0, 0], "split13_notXOR": [1, 1, 0, 0, 1, 0, 1, 0, 1], "split13_prob": [0.42, 0.07, 0.6758291010667441, 0.6758291010667441, 0.57, 0.5216666666666667, 0.01, 0.8640000000000001, 0.12]}