{"split0_index": [6, 7, 8, 9, 10, 11], "split0_pred": [0, 0, 0, 1, 1, 0], "split0_test": [0, 0, 0, 1, 0, 0], "split0_notXOR": [1, 1, 1, 1, 0, 1], "split0_prob": [0.00029274157180331846, 0.00029274157180331846, 0.00029274157180331846, 0.9985363808481009, 0.9985170021493206, 0.00029274157180331846], "split1_index": [12, 13, 14, 15, 16, 17], "split1_pred": [0, 0, 0, 0, 0, 0], "split1_test": [0, 0, 0, 1, 0, 0], "split1_notXOR": [1, 1, 1, 0, 1, 1], "split1_prob": [0.021705465781319735, 0.021705465781319735, 0.021705465781319735, 0.021705465781319735, 0.17677548656928296, 0.021705465781319735], "split2_index": [18, 19, 20, 21, 22, 23], "split2_pred": [0, 0, 0, 0, 0, 0], "split2_test": [0, 0, 0, 1, 0, 0], "split2_notXOR": [1, 1, 1, 0, 1, 1], "split2_prob": [0.07122477313934393, 0.3959648829539164, 0.07122477313934393, 0.07122477313934393, 0.07122477313934393, 0.07122477313934393], "split3_index": [24, 25, 26, 27, 28, 29], "split3_pred": [0, 0, 0, 0, 0, 0], "split3_test": [0, 0, 0, 1, 0, 0], "split3_notXOR": [1, 1, 1, 0, 1, 1], "split3_prob": [0.09906184764117211, 0.09906184764117211, 0.09906184764117211, 0.09906184764117211, 0.09906184764117211, 0.09906184764117211], "split4_index": [30, 31, 32, 33, 34, 35], "split4_pred": [0, 1, 0, 0, 0, 0], "split4_test": [0, 0, 0, 1, 0, 0], "split4_notXOR": [1, 0, 1, 0, 1, 1], "split4_prob": [0.13189077706512684, 0.9066415378846525, 0.13189077706512684, 0.13189077706512684, 0.13189077706512684, 0.13189077706512684], "split5_index": [36, 37, 38, 39, 40, 41], "split5_pred": [0, 0, 0, 0, 0, 0], "split5_test": [0, 0, 0, 1, 0, 0], "split5_notXOR": [1, 1, 1, 0, 1, 1], "split5_prob": [0.13182660993153805, 0.13182660993153805, 0.13182660993153805, 0.13182660993153805, 0.13182660993153805, 0.13182660993153805], "split6_index": [42, 43, 44, 45, 46, 47], "split6_pred": [0, 0, 0, 0, 1, 0], "split6_test": [0, 0, 0, 1, 0, 0], "split6_notXOR": [1, 1, 1, 0, 0, 1], "split6_prob": [0.13740911159380007, 0.2970662628885607, 0.13740911159380007, 0.13740911159380007, 0.8660623010949832, 0.13740911159380007], "split7_index": [48, 49, 50, 51, 52, 53], "split7_pred": [0, 0, 0, 0, 0, 0], "split7_test": [0, 0, 0, 1, 0, 0], "split7_notXOR": [1, 1, 1, 0, 1, 1], "split7_prob": [0.15240764215251484, 0.15240764215251484, 0.15240764215251484, 0.15240764215251484, 0.15240764215251484, 0.15240764215251484]}