{"split0_index": [3, 4, 5], "split0_pred": [0, 0, 0], "split0_test": [0, 1, 0], "split0_notXOR": [1, 0, 1], "split0_prob": [0.5586791202239106, 0.5403583692346335, 0.6454155623612272], "split1_index": [6, 7, 8], "split1_pred": [0, 1, 0], "split1_test": [0, 1, 0], "split1_notXOR": [1, 1, 1], "split1_prob": [0.2084142242381638, 0.7194997995996372, 0.19175078090221714], "split2_index": [9, 10, 11], "split2_pred": [0, 1, 0], "split2_test": [0, 1, 0], "split2_notXOR": [1, 1, 1], "split2_prob": [0.16708498246063036, 0.787335932429016, 0.2032640796399556], "split3_index": [12, 13, 14], "split3_pred": [0, 1, 0], "split3_test": [0, 1, 0], "split3_notXOR": [1, 1, 1], "split3_prob": [0.07083326104895342, 0.9059661054986748, 0.07262806548925832], "split4_index": [15, 16, 17], "split4_pred": [0, 1, 0], "split4_test": [0, 1, 0], "split4_notXOR": [1, 1, 1], "split4_prob": [0.17191462023302204, 0.8760306848100982, 0.10286162839122646], "split5_index": [18, 19, 20], "split5_pred": [0, 1, 0], "split5_test": [0, 1, 0], "split5_notXOR": [1, 1, 1], "split5_prob": [0.08096805116343313, 0.8910580889066971, 0.07411466036691719], "split6_index": [21, 22, 23], "split6_pred": [0, 1, 0], "split6_test": [0, 1, 0], "split6_notXOR": [1, 1, 1], "split6_prob": [0.056006104236227566, 0.8903010303659993, 0.0635037614581967], "split7_index": [24, 25, 26], "split7_pred": [0, 1, 0], "split7_test": [0, 1, 0], "split7_notXOR": [1, 1, 1], "split7_prob": [0.05347782563947601, 0.9051864403220176, 0.05349359260207243], "split8_index": [27, 28, 29], "split8_pred": [0, 1, 0], "split8_test": [0, 1, 0], "split8_notXOR": [1, 1, 1], "split8_prob": [0.048146029384230064, 0.9129412117002297, 0.04825460773013296], "split9_index": [30, 31, 32], "split9_pred": [0, 1, 0], "split9_test": [0, 1, 0], "split9_notXOR": [1, 1, 1], "split9_prob": [0.04409250330403084, 0.9199194483898437, 0.044126863895417014], "split10_index": [33, 34, 35], "split10_pred": [0, 1, 0], "split10_test": [0, 1, 0], "split10_notXOR": [1, 1, 1], "split10_prob": [0.04112776926461796, 0.9256825216522562, 0.04091467338588526], "split11_index": [36, 37, 38], "split11_pred": [0, 1, 0], "split11_test": [0, 1, 0], "split11_notXOR": [1, 1, 1], "split11_prob": [0.03812162515239341, 0.9303453615098692, 0.037147204216781235], "split12_index": [39, 40, 41], "split12_pred": [0, 1, 0], "split12_test": [0, 1, 0], "split12_notXOR": [1, 1, 1], "split12_prob": [0.035830216918712895, 0.9349212272027159, 0.03411363212055934], "split13_index": [42, 43, 44], "split13_pred": [0, 1, 0], "split13_test": [0, 1, 0], "split13_notXOR": [1, 1, 1], "split13_prob": [0.03263860582580075, 0.9388623460725342, 0.03181536288911089], "split14_index": [45, 46, 47], "split14_pred": [0, 1, 0], "split14_test": [0, 1, 0], "split14_notXOR": [1, 1, 1], "split14_prob": [0.03154304624697621, 0.9428224320080103, 0.030751830388612563], "split15_index": [48, 49, 50], "split15_pred": [0, 1, 0], "split15_test": [0, 1, 0], "split15_notXOR": [1, 1, 1], "split15_prob": [0.03369631565563509, 0.9599366901997278, 0.028436138678610116], "split16_index": [51, 52, 53], "split16_pred": [0, 1, 0], "split16_test": [0, 1, 0], "split16_notXOR": [1, 1, 1], "split16_prob": [0.02851468171405924, 0.9522242063070346, 0.027030432672189755], "split17_index": [54, 55, 56], "split17_pred": [0, 1, 0], "split17_test": [0, 1, 0], "split17_notXOR": [1, 1, 1], "split17_prob": [0.026346010173814976, 0.9668830160275699, 0.02549318025524095], "split18_index": [57, 58, 59], "split18_pred": [0, 1, 0], "split18_test": [0, 1, 0], "split18_notXOR": [1, 1, 1], "split18_prob": [0.025438998022844737, 0.9680168773421971, 0.03204083859838985], "split19_index": [60, 61, 62], "split19_pred": [0, 1, 0], "split19_test": [0, 1, 0], "split19_notXOR": [1, 1, 1], "split19_prob": [0.02269782232245335, 0.9732200864092534, 0.02927047950213096], "split20_index": [63, 64, 65], "split20_pred": [0, 1, 0], "split20_test": [0, 1, 0], "split20_notXOR": [1, 1, 1], "split20_prob": [0.02251443011595375, 0.9732604254958774, 0.02783480004150141], "split21_index": [66, 67, 68], "split21_pred": [0, 1, 0], "split21_test": [0, 1, 0], "split21_notXOR": [1, 1, 1], "split21_prob": [0.020936672425498536, 0.9705264584553395, 0.024736113770994425], "split22_index": [69, 70, 71], "split22_pred": [0, 1, 0], "split22_test": [0, 1, 0], "split22_notXOR": [1, 1, 1], "split22_prob": [0.04511763675113826, 0.9707406622160591, 0.022755886964188194], "split23_index": [72, 73, 74], "split23_pred": [0, 1, 0], "split23_test": [0, 1, 0], "split23_notXOR": [1, 1, 1], "split23_prob": [0.02028134344589603, 0.9720447121808017, 0.021532020281491232], "split24_index": [75, 76, 77], "split24_pred": [0, 1, 0], "split24_test": [0, 1, 0], "split24_notXOR": [1, 1, 1], "split24_prob": [0.020237681576791393, 0.9729442813126064, 0.021490190645022937], "split25_index": [78, 79, 80], "split25_pred": [0, 1, 0], "split25_test": [0, 1, 0], "split25_notXOR": [1, 1, 1], "split25_prob": [0.019113511887889435, 0.9736414844581738, 0.02036515294024332]}