{"split0_index": [4, 5, 6, 7], "split0_pred": [0, 0, 1, 0], "split0_test": [0, 1, 0, 0], "split0_notXOR": [1, 0, 0, 1], "split0_prob": [2.100391946769256e-29, 2.100391946769256e-29, 1.0, 2.100391946769256e-29], "split1_index": [8, 9, 10, 11], "split1_pred": [1, 1, 0, 1], "split1_test": [0, 1, 0, 0], "split1_notXOR": [0, 1, 1, 0], "split1_prob": [0.9306403084244681, 0.9968751365106723, 4.671128157523539e-169, 0.9968751365106723], "split2_index": [12, 13, 14, 15], "split2_pred": [0, 1, 1, 1], "split2_test": [0, 1, 0, 0], "split2_notXOR": [1, 1, 0, 0], "split2_prob": [2.1036970599849735e-282, 0.9982059680738254, 0.6032036872943415, 0.9982059680738254], "split3_index": [16, 17, 18, 19], "split3_pred": [0, 1, 1, 1], "split3_test": [0, 1, 0, 0], "split3_notXOR": [1, 1, 0, 0], "split3_prob": [0.0, 0.9988562431933189, 0.9988562431933189, 0.9988562431933189], "split4_index": [20, 21, 22, 23], "split4_pred": [0, 1, 0, 1], "split4_test": [0, 1, 0, 0], "split4_notXOR": [1, 1, 1, 0], "split4_prob": [0.0, 0.9998242589327986, 4.6243295167505944e-54, 0.9998242589327986], "split5_index": [24, 25, 26, 27], "split5_pred": [1, 0, 1, 1], "split5_test": [1, 0, 0, 0], "split5_notXOR": [1, 1, 0, 0], "split5_prob": [0.9998249090483785, 0.0, 0.9998249090483785, 0.9998249090483785], "split6_index": [28, 29, 30, 31], "split6_pred": [1, 0, 0, 1], "split6_test": [1, 0, 0, 0], "split6_notXOR": [1, 1, 1, 0], "split6_prob": [0.9998606968572552, 0.0, 0.004171873032483575, 0.9998606968572552], "split7_index": [32, 33, 34, 35], "split7_pred": [1, 0, 1, 0], "split7_test": [1, 0, 0, 0], "split7_notXOR": [1, 1, 0, 1], "split7_prob": [0.9999130151923443, 0.0, 0.9999130151923443, 0.0008589850224439954]}