{"split0_index": [15, 16, 17, 18, 19, 20, 21, 22, 23, 24, 25, 26, 27, 28, 29, 30, 31, 32], "split0_pred": [0, 0, 0, 0, 0, 0, 1, 0, 0, 0, 0, 0, 1, 1, 0, 0, 0, 0], "split0_test": [0, 0, 0, 0, 0, 0, 0, 0, 1, 0, 0, 0, 0, 0, 0, 0, 0, 0], "split0_notXOR": [1, 1, 1, 1, 1, 1, 0, 1, 0, 1, 1, 1, 0, 0, 1, 1, 1, 1], "split0_prob": [1.0968487616143236e-43, 0.38703765877078516, 0.009953709902090033, 0.025470788824986077, 0.048475415590126664, 5.609893392754444e-09, 0.9354444266773313, 0.40926289241359887, 0.16597839877071954, 0.018671241526230384, 0.012744894209498382, 0.2999576408007208, 0.9354444266773313, 0.9354444266773313, 0.0047954853489382936, 0.1978677150222058, 3.293737587887614e-05, 6.769653433873674e-08], "split1_index": [33, 34, 35, 36, 37, 38, 39, 40, 41, 42, 43, 44, 45, 46, 47, 48, 49], "split1_pred": [0, 0, 0, 0, 0, 0, 0, 0, 0, 0, 0, 1, 1, 0, 0, 1, 0], "split1_test": [0, 0, 0, 0, 0, 1, 0, 1, 0, 0, 0, 0, 0, 1, 1, 0, 0], "split1_notXOR": [1, 1, 1, 1, 1, 0, 1, 0, 1, 1, 1, 0, 0, 0, 0, 0, 1], "split1_prob": [1.0657560637551025e-54, 0.11323387549092649, 0.00036997956779327734, 0.4354064628385901, 0.18805256295458606, 4.087311746332948e-06, 2.3432042365929653e-09, 0.2417308369347597, 0.07348952043518697, 0.02119888025644307, 2.7794466839770046e-17, 0.5660029171869958, 0.5660029171869958, 3.8806534449671e-11, 0.2363295058398601, 0.5660029171869958, 2.055807337905323e-08], "split2_index": [50, 51, 52, 53, 54, 55, 56, 57, 58, 59, 60, 61, 62, 63, 64, 65, 66, 67, 68], "split2_pred": [0, 0, 0, 0, 0, 1, 0, 0, 1, 1, 0, 0, 0, 0, 0, 0, 0, 0, 0], "split2_test": [0, 0, 0, 0, 0, 0, 1, 0, 1, 0, 0, 0, 0, 0, 1, 0, 1, 0, 0], "split2_notXOR": [1, 1, 1, 1, 1, 0, 0, 1, 1, 0, 1, 1, 1, 1, 0, 1, 0, 1, 1], "split2_prob": [3.8194866512740285e-32, 0.12537854277200605, 0.01985526546080963, 0.10571679815099014, 0.3469214672418471, 0.5398176616372891, 0.3477220295372039, 0.16765096751218306, 0.5181535184342662, 0.5068152063432129, 0.4132440110675892, 0.03111696492255359, 0.01985526546080963, 0.01985526546080963, 0.12983542627581177, 0.43518027693778283, 0.4812675674554706, 0.01985526546080963, 0.18466334357836015], "split3_index": [69, 70, 71, 72, 73, 74, 75, 76, 77, 78, 79, 80, 81, 82, 83, 84, 85, 86, 87], "split3_pred": [0, 0, 0, 0, 0, 0, 0, 0, 0, 0, 0, 0, 0, 0, 0, 0, 0, 0, 0], "split3_test": [0, 0, 0, 0, 0, 0, 1, 0, 1, 0, 0, 0, 0, 0, 1, 0, 1, 0, 0], "split3_notXOR": [1, 1, 1, 1, 1, 1, 0, 1, 0, 1, 1, 1, 1, 1, 0, 1, 0, 1, 1], "split3_prob": [0.019696897476875516, 0.24724966184382685, 0.0018678385980373205, 0.27629545635211233, 0.14497688355767635, 0.3737051454958923, 0.435586218105984, 0.20199017026636634, 0.3814561437870506, 0.3416182600080598, 0.22942852972985048, 0.06473164150494364, 0.0018678385980373205, 0.0018678385980373205, 0.16491741707123003, 0.4603458270515364, 0.33565393701009366, 0.0018678385980373205, 0.29727636669295804], "split4_index": [88, 89, 90, 91, 92, 93, 94, 95, 96, 97, 98, 99, 100, 101, 102, 103, 104, 105, 106], "split4_pred": [0, 0, 0, 0, 0, 0, 1, 0, 0, 0, 0, 0, 0, 0, 0, 1, 0, 0, 0], "split4_test": [0, 0, 0, 0, 0, 0, 1, 0, 1, 0, 0, 1, 0, 0, 1, 0, 1, 0, 0], "split4_notXOR": [1, 1, 1, 1, 1, 1, 1, 1, 0, 1, 1, 0, 1, 1, 0, 0, 0, 1, 1], "split4_prob": [0.06319598878700437, 0.2405909645305221, 0.0001616995179663278, 0.31429341533460126, 0.1150945227054897, 0.42152708151973123, 0.5536426688790206, 0.3527414397310536, 0.41738794988086725, 0.3827736138510586, 0.23483174120739808, 0.16341287982549837, 0.0001616995179663278, 0.0001616995179663278, 0.31426502680515495, 0.5270380613684245, 0.37042566803800536, 0.0001616995179663278, 0.350841890931349], "split5_index": [107, 108, 109, 110, 111, 112, 113, 114, 115, 116, 117, 118, 119, 120, 121, 122, 123, 124, 125, 126], "split5_pred": [1, 0, 0, 0, 0, 0, 1, 1, 0, 0, 0, 0, 1, 0, 0, 1, 0, 0, 0, 0], "split5_test": [0, 0, 0, 0, 0, 0, 1, 0, 0, 0, 0, 0, 0, 0, 0, 0, 0, 1, 0, 0], "split5_notXOR": [0, 1, 1, 1, 1, 1, 1, 0, 1, 1, 1, 1, 0, 1, 1, 0, 1, 0, 1, 1], "split5_prob": [0.564184472090355, 0.17879501079001842, 1.1547055699379418e-05, 0.38357166277752414, 0.06603696014861991, 0.4018343216727778, 0.6400427345821832, 0.5808180492159272, 0.38490060260578973, 0.38251173750633516, 0.35260806515169585, 0.18756800017570444, 0.6155818539637746, 1.1547055699379418e-05, 1.1547055699379418e-05, 0.6312443848194674, 0.44390956143285565, 0.34036579992061905, 1.1547055699379418e-05, 0.35707938858917304], "split6_index": [127, 128, 129, 130, 131, 132, 133, 134, 135, 136, 137, 138, 139, 140, 141, 142, 143, 144], "split6_pred": [1, 0, 0, 0, 0, 0, 1, 1, 0, 0, 1, 0, 0, 1, 0, 0, 0, 0], "split6_test": [0, 0, 0, 0, 0, 0, 1, 0, 0, 0, 0, 0, 0, 0, 0, 1, 0, 0], "split6_notXOR": [0, 1, 1, 1, 1, 1, 1, 0, 1, 1, 0, 1, 1, 0, 1, 0, 1, 1], "split6_prob": [0.7611258370324959, 0.1405997599732835, 5.122996606423945e-06, 0.3322751243810963, 0.05071198992034071, 0.3465021179026056, 0.7862180542001752, 0.5478664144556685, 0.323577412684442, 0.14945709025015194, 0.6940726982153675, 5.122996606423945e-06, 5.122996606423945e-06, 0.6471285479978423, 0.38227216851274054, 0.2895859885696351, 5.122996606423945e-06, 0.3022107683119318], "split7_index": [145, 146, 147, 148, 149, 150, 151, 152, 153, 154, 155, 156, 157, 158, 159, 160, 161], "split7_pred": [1, 0, 0, 0, 0, 0, 1, 0, 0, 1, 0, 0, 1, 0, 0, 0, 0], "split7_test": [0, 0, 0, 0, 0, 0, 1, 0, 0, 0, 0, 0, 0, 0, 1, 0, 0], "split7_notXOR": [0, 1, 1, 1, 1, 1, 1, 1, 1, 0, 1, 1, 0, 1, 0, 1, 1], "split7_prob": [0.8359532368581482, 0.12080657260362203, 2.182175794835667e-06, 0.30524373611064076, 0.04264596412124481, 0.31133568639637177, 0.8380092732208275, 0.2915248060782907, 0.13068123279848848, 0.6361559251608826, 2.182175794835667e-06, 2.182175794835667e-06, 0.5946391244477022, 0.35127864439123224, 0.2783611658875337, 2.182175794835667e-06, 0.2745257248453013], "split8_index": [162, 163, 164, 165, 166, 167, 168, 169, 170, 171, 172, 173, 174, 175, 176, 177, 178], "split8_pred": [1, 0, 0, 0, 0, 0, 1, 0, 0, 1, 0, 0, 1, 0, 0, 0, 0], "split8_test": [0, 0, 0, 0, 0, 0, 1, 0, 0, 0, 0, 0, 0, 0, 1, 0, 0], "split8_notXOR": [0, 1, 1, 1, 1, 1, 1, 1, 1, 0, 1, 1, 0, 1, 0, 1, 1], "split8_prob": [0.8845842200472209, 0.1063369511164982, 8.437507609598322e-07, 0.29204622185839635, 0.036299072201167085, 0.2930004787804919, 0.8779020213171194, 0.2686251063825285, 0.11845603361267579, 0.6601504825261748, 8.437507609598322e-07, 8.437507609598322e-07, 0.6053337359328093, 0.33251858356924485, 0.25970782886111915, 8.437507609598322e-07, 0.25880556427409473], "split9_index": [179, 180, 181, 182, 183, 184, 185, 186, 187, 188, 189, 190, 191, 192, 193, 194], "split9_pred": [0, 0, 0, 0, 0, 1, 0, 0, 0, 0, 0, 0, 0, 0, 0, 0], "split9_test": [0, 0, 0, 0, 0, 1, 0, 0, 0, 0, 0, 0, 0, 0, 1, 0], "split9_notXOR": [1, 1, 1, 1, 1, 1, 1, 1, 1, 1, 1, 1, 1, 1, 0, 1], "split9_prob": [0.05979414333480589, 0.16084962629541946, 0.3270360601129515, 0.04857849295429996, 0.3974868082172346, 0.5173477984624489, 0.3780288453669923, 0.14702028803080322, 0.06717494935753912, 4.799453792742573e-07, 4.799453792742573e-07, 0.2975202686435807, 0.43801937315518025, 0.4414574540061398, 0.2861365160198194, 0.3277209417747397], "split10_index": [195, 196, 197, 198, 199, 200, 201, 202, 203, 204, 205, 206, 207, 208], "split10_pred": [0, 0, 0, 0, 1, 0, 0, 0, 0, 0, 0, 0, 0, 0], "split10_test": [0, 0, 0, 0, 0, 0, 0, 0, 0, 0, 0, 0, 0, 1], "split10_notXOR": [1, 1, 1, 1, 0, 1, 1, 1, 1, 1, 1, 1, 1, 0], "split10_prob": [0.31603841592824894, 0.17029713723088127, 0.1980725426513141, 0.35296682638691895, 0.6997372134943738, 0.32988699615762074, 2.7357689023338096e-07, 0.05558819079284612, 2.7357689023338096e-07, 2.7357689023338096e-07, 2.7357689023338096e-07, 2.7357689023338096e-07, 2.7357689023338096e-07, 0.30487284824050787], "split11_index": [209, 210, 211, 212, 213, 214, 215, 216, 217, 218, 219, 220, 221, 222], "split11_pred": [0, 0, 0, 0, 0, 0, 0, 0, 0, 0, 0, 0, 0, 0], "split11_test": [0, 0, 0, 0, 0, 0, 0, 0, 0, 0, 0, 0, 0, 1], "split11_notXOR": [1, 1, 1, 1, 1, 1, 1, 1, 1, 1, 1, 1, 1, 0],