{"split0_index": [4, 5, 6, 7], "split0_pred": [1, 1, 1, 1], "split0_test": [0, 0, 1, 0], "split0_notXOR": [0, 0, 1, 0], "split0_prob": [1.0, 1.0, 1.0, 1.0], "split1_index": [8, 9, 10, 11], "split1_pred": [0, 1, 0, 1], "split1_test": [0, 0, 1, 0], "split1_notXOR": [1, 0, 0, 0], "split1_prob": [1.6586196659376777e-06, 0.7533619127972229, 2.623638839944942e-10, 0.9999999642972994], "split2_index": [12, 13, 14, 15], "split2_pred": [0, 0, 0, 0], "split2_test": [0, 0, 1, 0], "split2_notXOR": [1, 1, 0, 1], "split2_prob": [4.0733170587511054e-05, 4.0733170587511054e-05, 4.0733170587511054e-05, 4.0733170587511054e-05], "split3_index": [16, 17, 18, 19], "split3_pred": [1, 1, 1, 1], "split3_test": [0, 0, 1, 0], "split3_notXOR": [0, 0, 1, 0], "split3_prob": [0.9038554421639788, 0.9038554421639788, 0.9038554421639788, 0.9038554421639788], "split4_index": [20, 21, 22, 23], "split4_pred": [1, 1, 1, 1], "split4_test": [0, 0, 1, 0], "split4_notXOR": [0, 0, 1, 0], "split4_prob": [0.9088580502282374, 0.8824630690016769, 0.9088580502282374, 0.9088580502282374], "split5_index": [24, 25, 26, 27], "split5_pred": [1, 1, 1, 1], "split5_test": [0, 0, 1, 0], "split5_notXOR": [0, 0, 1, 0], "split5_prob": [0.999998551912594, 0.999998551912594, 0.999998551912594, 0.999998551912594], "split6_index": [28, 29, 30, 31], "split6_pred": [1, 1, 1, 1], "split6_test": [0, 0, 1, 0], "split6_notXOR": [0, 0, 1, 0], "split6_prob": [0.9999999998972662, 0.9999999998972662, 0.9999999998972662, 0.9999999998972662]}