{"split0_index": [4, 5, 6, 7], "split0_pred": [1, 1, 1, 1], "split0_test": [0, 0, 1, 0], "split0_notXOR": [0, 0, 1, 0], "split0_prob": [0.33916468932587035, 0.3413115413895237, 0.4610932848564902, 0.3601929415468476], "split1_index": [8, 9, 10, 11], "split1_pred": [1, 1, 1, 1], "split1_test": [0, 0, 1, 0], "split1_notXOR": [0, 0, 1, 0], "split1_prob": [0.44329603992384126, 0.5, 0.44295865890107144, 0.4414025123885351], "split2_index": [12, 13, 14, 15], "split2_pred": [0, 0, 0, 0], "split2_test": [0, 0, 1, 0], "split2_notXOR": [1, 1, 0, 1], "split2_prob": [0.8492836667732767, 0.8492836667732767, 0.8492836667732767, 0.8492836667732767], "split3_index": [16, 17, 18, 19], "split3_pred": [0, 0, 0, 0], "split3_test": [0, 0, 1, 0], "split3_notXOR": [1, 1, 0, 1], "split3_prob": [0.6454832131083043, 0.6454832131083043, 0.6454832131083043, 0.6454832131083043], "split4_index": [20, 21, 22, 23], "split4_pred": [0, 0, 0, 0], "split4_test": [0, 0, 1, 0], "split4_notXOR": [1, 1, 0, 1], "split4_prob": [0.5620948456393643, 0.4942200994985761, 0.5620948456393643, 0.5620948456393643], "split5_index": [24, 25, 26, 27], "split5_pred": [0, 0, 0, 0], "split5_test": [0, 0, 1, 0], "split5_notXOR": [1, 1, 0, 1], "split5_prob": [0.5236789308694442, 0.5236789308694442, 0.5236789308694442, 0.5236789308694442], "split6_index": [28, 29, 30, 31], "split6_pred": [0, 0, 0, 0], "split6_test": [0, 0, 1, 0], "split6_notXOR": [1, 1, 0, 1], "split6_prob": [0.5780758119090723, 0.5780758119090723, 0.5780758119090723, 0.5780758119090723]}