{"split0_index": [10, 11, 12, 13, 14, 15, 16, 17, 18, 19], "split0_pred": [1, 1, 1, 1, 1, 1, 1, 1, 1, 1], "split0_test": [0, 0, 0, 0, 0, 0, 0, 0, 0, 1], "split0_notXOR": [0, 0, 0, 0, 0, 0, 0, 0, 0, 1], "split0_prob": [0.5, 0.5, 0.5, 0.5, 0.5, 0.5, 0.5, 0.5, 0.5, 0.5], "split1_index": [20, 21, 22, 23, 24, 25, 26, 27, 28, 29], "split1_pred": [1, 1, 1, 1, 1, 1, 1, 1, 1, 1], "split1_test": [0, 1, 0, 0, 0, 0, 0, 0, 0, 1], "split1_notXOR": [0, 1, 0, 0, 0, 0, 0, 0, 0, 1], "split1_prob": [0.5, 0.5, 0.5, 0.5, 0.5, 0.5, 0.5, 0.5, 0.5, 0.5], "split2_index": [30, 31, 32, 33, 34, 35, 36, 37, 38, 39], "split2_pred": [0, 0, 1, 0, 0, 0, 0, 0, 0, 0], "split2_test": [0, 0, 0, 0, 0, 0, 0, 0, 0, 1], "split2_notXOR": [1, 1, 0, 1, 1, 1, 1, 1, 1, 0], "split2_prob": [0.699974013912129, 0.6790477484092451, 0.3407872096507437, 0.699974013912129, 0.4435871421919848, 0.6232712167253157, 0.699974013912129, 0.6847854011437023, 0.699974013912129, 0.648229254291806], "split3_index": [40, 41, 42, 43, 44, 45, 46, 47, 48, 49], "split3_pred": [0, 0, 0, 0, 0, 0, 0, 0, 0, 0], "split3_test": [0, 0, 0, 0, 0, 0, 0, 0, 0, 1], "split3_notXOR": [1, 1, 1, 1, 1, 1, 1, 1, 1, 0], "split3_prob": [0.5848731776413438, 0.5848731776413438, 0.5848731776413438, 0.5848731776413438, 0.5848731776413438, 0.5848731776413438, 0.5848731776413438, 0.5848731776413438, 0.5848731776413438, 0.5848731776413438], "split4_index": [50, 51, 52, 53, 54, 55, 56, 57, 58, 59], "split4_pred": [0, 0, 0, 0, 0, 0, 0, 0, 0, 1], "split4_test": [0, 0, 0, 0, 0, 0, 0, 0, 0, 1], "split4_notXOR": [1, 1, 1, 1, 1, 1, 1, 1, 1, 1], "split4_prob": [0.7561292254573024, 0.7409355669103993, 0.6048800338749045, 0.7255025804436934, 0.5842560979540165, 0.7561292254573024, 0.7522844608840393, 0.7561292254573024, 0.7561292254573024, 0.4676345356378764], "split5_index": [60, 61, 62, 63, 64, 65, 66, 67, 68, 69], "split5_pred": [0, 0, 0, 0, 0, 0, 0, 0, 0, 0], "split5_test": [0, 0, 0, 0, 0, 0, 0, 0, 0, 1], "split5_notXOR": [1, 1, 1, 1, 1, 1, 1, 1, 1, 0], "split5_prob": [0.715076228862337, 0.715076228862337, 0.6859108285285459, 0.715076228862337, 0.715076228862337, 0.715076228862337, 0.7010349362135618, 0.715076228862337, 0.715076228862337, 0.715076228862337]}