{"split0_index": [13, 14, 15, 16, 17, 18, 19, 20, 21, 22, 23, 24, 25], "split0_pred": [0, 0, 0, 0, 0, 0, 0, 0, 0, 0, 0, 0, 0], "split0_test": [0, 0, 0, 1, 0, 0, 0, 0, 0, 0, 0, 1, 0], "split0_notXOR": [1, 1, 1, 0, 1, 1, 1, 1, 1, 1, 1, 0, 1], "split0_prob": [0.23077283545895372, 0.23077283545895372, 0.23077283545895372, 0.23077283545895372, 0.23077283545895372, 0.23077283545895372, 0.23077283545895372, 0.23077283545895372, 0.23077283545895372, 0.23077283545895372, 0.23077283545895372, 0.23077283545895372, 0.23077283545895372], "split1_index": [26, 27, 28, 29, 30, 31, 32, 33, 34, 35, 36, 37, 38], "split1_pred": [0, 0, 0, 0, 0, 0, 0, 0, 0, 0, 0, 0, 0], "split1_test": [0, 0, 0, 1, 0, 0, 0, 0, 0, 0, 0, 1, 0], "split1_notXOR": [1, 1, 1, 0, 1, 1, 1, 1, 1, 1, 1, 0, 1], "split1_prob": [0.13749886654964064, 0.14496478124205303, 0.21157990717305228, 0.21157990717305228, 0.21157990717305228, 0.21157990717305228, 0.13094097616797065, 0.1426893422857164, 0.21157990717305228, 0.21157990717305228, 0.10155654951902128, 0.21157990717305228, 0.21157990717305228], "split2_index": [39, 40, 41, 42, 43, 44, 45, 46, 47, 48, 49, 50, 51], "split2_pred": [0, 0, 0, 0, 0, 0, 0, 0, 0, 0, 0, 0, 0], "split2_test": [0, 0, 0, 1, 0, 0, 0, 0, 0, 0, 0, 1, 0], "split2_notXOR": [1, 1, 1, 0, 1, 1, 1, 1, 1, 1, 1, 0, 1], "split2_prob": [0.11548585794569752, 0.21582332465172285, 0.21582332465172285, 0.21582332465172285, 0.21582332465172285, 0.21582332465172285, 0.21582332465172285, 0.10402520442650402, 0.21582332465172285, 0.21582332465172285, 0.21582332465172285, 0.21582332465172285, 0.21582332465172285], "split3_index": [52, 53, 54, 55, 56, 57, 58, 59, 60, 61, 62, 63, 64], "split3_pred": [0, 0, 0, 0, 0, 0, 0, 0, 0, 0, 0, 0, 0], "split3_test": [0, 0, 0, 1, 0, 0, 0, 0, 0, 0, 0, 1, 0], "split3_notXOR": [1, 1, 1, 0, 1, 1, 1, 1, 1, 1, 1, 0, 1], "split3_prob": [0.09695215321880302, 0.19646810862013972, 0.19646810862013972, 0.19646810862013972, 0.19646810862013972, 0.19646810862013972, 0.19646810862013972, 0.19646810862013972, 0.19646810862013972, 0.19646810862013972, 0.19646810862013972, 0.19646810862013972, 0.19646810862013972], "split4_index": [65, 66, 67, 68, 69, 70, 71, 72, 73, 74, 75, 76], "split4_pred": [0, 0, 0, 0, 0, 0, 0, 0, 0, 0, 0, 0], "split4_test": [0, 0, 1, 0, 0, 0, 0, 0, 0, 0, 1, 0], "split4_notXOR": [1, 1, 0, 1, 1, 1, 1, 1, 1, 1, 0, 1], "split4_prob": [0.08481437230662658, 0.10823190556997658, 0.0945010859900501, 0.18739260213944875, 0.18739260213944875, 0.18739260213944875, 0.059399526283382215, 0.18739260213944875, 0.18739260213944875, 0.081666249476162, 0.09248399712082715, 0.18739260213944875], "split5_index": [77, 78, 79, 80, 81, 82, 83, 84, 85, 86, 87, 88], "split5_pred": [0, 0, 0, 0, 0, 0, 0, 0, 0, 0, 0, 0], "split5_test": [0, 0, 1, 0, 0, 0, 0, 0, 0, 0, 1, 0], "split5_notXOR": [1, 1, 0, 1, 1, 1, 1, 1, 1, 1, 0, 1], "split5_prob": [0.1964473677239152, 0.21139038786955403, 0.21139038786955403, 0.21139038786955403, 0.21139038786955403, 0.21139038786955403, 0.21139038786955403, 0.21139038786955403, 0.21139038786955403, 0.21139038786955403, 0.21139038786955403, 0.21139038786955403], "split6_index": [89, 90, 91, 92, 93, 94, 95, 96, 97, 98, 99, 100], "split6_pred": [0, 0, 0, 0, 0, 0, 0, 0, 0, 0, 0, 0], "split6_test": [0, 0, 1, 0, 0, 0, 0, 0, 0, 0, 1, 0], "split6_notXOR": [1, 1, 0, 1, 1, 1, 1, 1, 1, 1, 0, 1], "split6_prob": [0.13833983541513167, 0.1476283881458586, 0.18234093561877743, 0.18234093561877743, 0.18234093561877743, 0.18234093561877743, 0.18234093561877743, 0.02348287247672165, 0.18234093561877743, 0.12398618768236347, 0.18234093561877743, 0.18234093561877743], "split7_index": [101, 102, 103, 104, 105, 106, 107, 108, 109, 110, 111, 112], "split7_pred": [0, 0, 0, 0, 0, 0, 0, 0, 0, 0, 0, 0], "split7_test": [0, 0, 1, 0, 0, 0, 0, 0, 0, 0, 1, 0], "split7_notXOR": [1, 1, 0, 1, 1, 1, 1, 1, 1, 1, 0, 1], "split7_prob": [0.18826639308638954, 0.18826639308638954, 0.18826639308638954, 0.18826639308638954, 0.18826639308638954, 0.18826639308638954, 0.18826639308638954, 0.18826639308638954, 0.18826639308638954, 0.18826639308638954, 0.18826639308638954, 0.18826639308638954], "split8_index": [113, 114, 115, 116, 117, 118, 119, 120, 121, 122, 123, 124], "split8_pred": [0, 0, 0, 0, 0, 0, 0, 0, 0, 0, 0, 0], "split8_test": [0, 0, 1, 0, 0, 0, 0, 0, 0, 0, 1, 0], "split8_notXOR": [1, 1, 0, 1, 1, 1, 1, 1, 1, 1, 0, 1], "split8_prob": [0.09568256159317483, 0.1854110372279121, 0.1854110372279121, 0.1854110372279121, 0.1854110372279121, 0.1854110372279121, 0.1854110372279121, 0.1854110372279121, 0.1854110372279121, 0.11478199504413973, 0.1854110372279121, 0.1854110372279121], "split9_index": [125, 126, 127, 128, 129, 130, 131, 132, 133, 134, 135, 136], "split9_pred": [0, 0, 0, 0, 0, 0, 0, 0, 0, 0, 0, 0], "split9_test": [0, 0, 1, 0, 0, 0, 0, 0, 0, 0, 1, 0], "split9_notXOR": [1, 1, 0, 1, 1, 1, 1, 1, 1, 1, 0, 1], "split9_prob": [0.12505401112109138, 0.08351197470019206, 0.18649455259892775, 0.11967010372531528, 0.11572881859350093, 0.18649455259892775, 0.11967010372531528, 0.18649455259892775, 0.18649455259892775, 0.09103338692122735, 0.12505401112109138, 0.12505401112109138], "split10_index": [137, 138, 139, 140, 141, 142, 143, 144, 145, 146, 147, 148], "split10_pred": [0, 0, 0, 0, 0, 0, 0, 0, 0, 0, 0, 0], "split10_test": [0, 0, 1, 0, 0, 0, 1, 0, 0, 0, 1, 0], "split10_notXOR": [1, 1, 0, 1, 1, 1, 0, 1, 1, 1, 0, 1], "split10_prob": [0.1894315430219196, 0.12951359134682514, 0.1894315430219196, 0.1894315430219196, 0.12882092944039145, 0.1894315430219196, 0.12813142673230993, 0.1894315430219196, 0.1894315430219196, 0.1894315430219196, 0.1894315430219196, 0.1894315430219196], "split11_index": [149, 150, 151, 152, 153, 154, 155, 156, 157, 158, 159, 160], "split11_pred": [0, 0, 0, 0, 0, 0, 0, 0, 0, 0, 0, 0], "split11_test": [0, 0, 1, 0, 0, 0, 1, 0, 0, 0, 1, 0], "split11_notXOR": [1, 1, 0, 1, 1, 1, 0, 1, 1, 1, 0, 1], "split11_prob": [0.19314079934064565, 0.09527262620755748, 0.19314079934064565, 0.1383202415417408, 0.19314079934064565, 0.19314079934064565, 0.19314079934064565, 0.19314079934064565, 0.19314079934064565, 0.1440927143579801, 0.19314079934064565, 0.19314079934064565], "split12_index": [161, 162, 163, 164, 165, 166, 167, 168, 169, 170, 171, 172], "split12_pred": [0, 0, 0, 0, 0, 0, 0, 0, 0, 0, 0, 0], "split12_test": [0, 0, 0, 0, 0, 0, 1, 0, 0, 0, 0, 0], "split12_notXOR": [1, 1, 1, 1, 1, 1, 0, 1, 1, 1, 1, 1], "split12_prob": [0.2028980161946767, 0.13996996224594785, 0.13863856651367365, 0.13139509534431487, 0.13796420457357955, 0.2028980161946767, 0.2028980161946767, 0.1362311417223469, 0.2028980161946767, 0.1370296792841669, 0.13139509534431487, 0.08970266537260689]}