{"split0_index": [13, 14, 15, 16, 17, 18, 19, 20, 21, 22, 23, 24, 25], "split0_pred": [0, 0, 0, 0, 0, 0, 0, 0, 0, 0, 0, 0, 0], "split0_test": [0, 0, 0, 1, 0, 0, 0, 0, 0, 0, 0, 1, 0], "split0_notXOR": [1, 1, 1, 0, 1, 1, 1, 1, 1, 1, 1, 0, 1], "split0_prob": [NaN, NaN, NaN, NaN, NaN, NaN, NaN, NaN, NaN, NaN, NaN, NaN, NaN], "split1_index": [26, 27, 28, 29, 30, 31, 32, 33, 34, 35, 36, 37, 38], "split1_pred": [0, 0, 1, 1, 1, 1, 0, 0, 1, 1, 0, 1, 1], "split1_test": [0, 0, 0, 1, 0, 0, 0, 0, 0, 0, 0, 1, 0], "split1_notXOR": [1, 1, 0, 1, 0, 0, 1, 1, 0, 0, 1, 1, 0], "split1_prob": [1.847617956309108e-05, 0.0016017093278476967, 0.769717655745585, 0.769717655745585, 0.769717655745585, 0.769717655745585, 6.840797064565359e-05, 1.3503243011652325e-05, 0.769717655745585, 0.769717655745585, 1.8963632119541285e-36, 0.769717655745585, 0.769717655745585], "split2_index": [39, 40, 41, 42, 43, 44, 45, 46, 47, 48, 49, 50, 51], "split2_pred": [0, 1, 1, 1, 1, 1, 1, 0, 1, 1, 1, 1, 1], "split2_test": [0, 0, 0, 1, 0, 0, 0, 0, 0, 0, 0, 1, 0], "split2_notXOR": [1, 0, 0, 1, 0, 0, 0, 1, 0, 0, 0, 1, 0], "split2_prob": [1.6633903682553877e-08, 0.8723760429752607, 0.8723760429752607, 0.8723760429752607, 0.8723760429752607, 0.8723760429752607, 0.8723760429752607, 1.1673160782306659e-14, 0.8723760429752607, 0.8723760429752607, 0.8723760429752607, 0.8723760429752607, 0.8723760429752607], "split3_index": [52, 53, 54, 55, 56, 57, 58, 59, 60, 61, 62, 63, 64], "split3_pred": [0, 1, 1, 1, 1, 1, 1, 1, 1, 1, 1, 1, 1], "split3_test": [0, 0, 0, 1, 0, 0, 0, 0, 0, 0, 0, 1, 0], "split3_notXOR": [1, 0, 0, 1, 0, 0, 0, 0, 0, 0, 0, 1, 0], "split3_prob": [6.760483009698134e-06, 0.9619764980782571, 0.9619764980782571, 0.9619764980782571, 0.9619764980782571, 0.9619764980782571, 0.9619764980782571, 0.9619764980782571, 0.9619764980782571, 0.9619764980782571, 0.9619764980782571, 0.9619764980782571, 0.9619764980782571], "split4_index": [65, 66, 67, 68, 69, 70, 71, 72, 73, 74, 75, 76], "split4_pred": [0, 0, 0, 1, 1, 1, 0, 1, 1, 0, 0, 1], "split4_test": [0, 0, 1, 0, 0, 0, 0, 0, 0, 0, 1, 0], "split4_notXOR": [1, 1, 0, 0, 0, 0, 1, 0, 0, 1, 0, 0], "split4_prob": [4.282510178269022e-06, 2.8228090337227537e-06, 4.734637371719426e-08, 0.8778211351873839, 0.8778211351873839, 0.8778211351873839, 3.92291979997435e-23, 0.8778211351873839, 0.8778211351873839, 3.178744096913931e-08, 2.8522909439041104e-11, 0.8778211351873839], "split5_index": [77, 78, 79, 80, 81, 82, 83, 84, 85, 86, 87, 88], "split5_pred": [1, 1, 1, 1, 1, 1, 1, 1, 1, 1, 1, 1], "split5_test": [0, 0, 1, 0, 0, 0, 0, 0, 0, 0, 1, 0], "split5_notXOR": [0, 0, 1, 0, 0, 0, 0, 0, 0, 0, 1, 0], "split5_prob": [0.7985032030353801, 0.9100277288983865, 0.9100277288983865, 0.9100277288983865, 0.9100277288983865, 0.9100277288983865, 0.9100277288983865, 0.9100277288983865, 0.9100277288983865, 0.9100277288983865, 0.9100277288983865, 0.9100277288983865], "split6_index": [89, 90, 91, 92, 93, 94, 95, 96, 97, 98, 99, 100], "split6_pred": [1, 0, 1, 1, 1, 1, 1, 0, 1, 0, 1, 1], "split6_test": [0, 0, 1, 0, 0, 0, 0, 0, 0, 0, 1, 0], "split6_notXOR": [0, 1, 1, 0, 0, 0, 0, 1, 0, 1, 1, 0], "split6_prob": [0.5425349294583445, 4.162938367549374e-219, 0.8390427611926222, 0.8390427611926222, 0.8390427611926222, 0.8390427611926222, 0.8390427611926222, 4.179306910516593e-199, 0.8390427611926222, 0.22396208713058308, 0.8390427611926222, 0.8390427611926222], "split7_index": [101, 102, 103, 104, 105, 106, 107, 108, 109, 110, 111, 112], "split7_pred": [1, 1, 1, 1, 1, 1, 1, 1, 1, 1, 1, 1], "split7_test": [0, 0, 1, 0, 0, 0, 0, 0, 0, 0, 1, 0], "split7_notXOR": [0, 0, 1, 0, 0, 0, 0, 0, 0, 0, 1, 0], "split7_prob": [0.9871615891447144, 0.9871615891447144, 0.9871615891447144, 0.9871615891447144, 0.9871615891447144, 0.9871615891447144, 0.9871615891447144, 0.9871615891447144, 0.9871615891447144, 0.9871615891447144, 0.9871615891447144, 0.9871615891447144], "split8_index": [113, 114, 115, 116, 117, 118, 119, 120, 121, 122, 123, 124], "split8_pred": [0, 1, 1, 1, 1, 1, 1, 1, 1, 0, 1, 1], "split8_test": [0, 0, 1, 0, 0, 0, 0, 0, 0, 0, 1, 0], "split8_notXOR": [1, 0, 1, 0, 0, 0, 0, 0, 0, 1, 1, 0], "split8_prob": [3.647486734742128e-27, 0.9903229621915794, 0.9903229621915794, 0.9903229621915794, 0.9903229621915794, 0.9903229621915794, 0.9903229621915794, 0.9903229621915794, 0.9903229621915794, 5.1242418149941425e-17, 0.9903229621915794, 0.9903229621915794], "split9_index": [125, 126, 127, 128, 129, 130, 131, 132, 133, 134, 135, 136], "split9_pred": [0, 0, 1, 0, 0, 1, 0, 1, 1, 0, 0, 0], "split9_test": [0, 0, 1, 0, 0, 0, 0, 0, 0, 0, 1, 0], "split9_notXOR": [1, 1, 1, 1, 1, 0, 1, 0, 0, 1, 0, 1], "split9_prob": [0.4136398143539431, 1.5776806076725737e-111, 0.988007840506314, 0.00022038947780816148, 0.15119145789505573, 0.988007840506314, 0.00022038947780816148, 0.988007840506314, 0.988007840506314, 9.989896098912034e-23, 0.4136398143539431, 0.4136398143539431], "split10_index": [137, 138, 139, 140, 141, 142, 143, 144, 145, 146, 147, 148], "split10_pred": [1, 1, 1, 1, 1, 1, 0, 1, 1, 1, 1, 1], "split10_test": [0, 0, 1, 0, 0, 0, 1, 0, 0, 0, 1, 0], "split10_notXOR": [0, 0, 1, 0, 0, 0, 0, 0, 0, 0, 1, 0], "split10_prob": [0.9962140075050793, 0.966038494277416, 0.9962140075050793, 0.9962140075050793, 0.6686862502623764, 0.9962140075050793, 0.0010026938466748533, 0.9962140075050793, 0.9962140075050793, 0.9962140075050793, 0.9962140075050793, 0.9962140075050793], "split11_index": [149, 150, 151, 152, 153, 154, 155, 156, 157, 158, 159, 160], "split11_pred": [1, 0, 1, 0, 1, 1, 1, 1, 1, 0, 1, 1], "split11_test": [0, 0, 1, 0, 0, 0, 1, 0, 0, 0, 1, 0], "split11_notXOR": [0, 1, 1, 1, 0, 0, 1, 0, 0, 1, 1, 0], "split11_prob": [0.9935897709882399, 3.459215729732639e-92, 0.9935897709882399, 0.012436711779538794, 0.9935897709882399, 0.9935897709882399, 0.9935897709882399, 0.9935897709882399, 0.9935897709882399, 0.011261790032871217, 0.9935897709882399, 0.9935897709882399], "split12_index": [161, 162, 163, 164, 165, 166, 167, 168, 169, 170, 171, 172], "split12_pred": [1, 0, 1, 0, 0, 1, 1, 0, 1, 0, 0, 0], "split12_test": [0, 0, 0, 0, 0, 0, 1, 0, 0, 0, 0, 0], "split12_notXOR": [0, 1, 0, 1, 1, 0, 1, 1, 0, 1, 1, 1], "split12_prob": [0.9932502302172491, 0.2081983258592078, 0.7915419862921829, 0.0016090455075354704, 4.288112246427553e-76, 0.9932502302172491, 0.9932502302172491, 1.0108295697936988e-06, 0.9932502302172491, 0.006627138839591366, 0.0016090455075354704, 2.8128810956483448e-185]}