{"split0_index": [6, 7, 8, 9, 10, 11, 12], "split0_pred": [0, 0, 0, 0, 0, 0, 0], "split0_test": [0, 1, 0, 0, 0, 0, 0], "split0_notXOR": [1, 0, 1, 1, 1, 1, 1], "split0_prob": [NaN, NaN, NaN, NaN, NaN, NaN, NaN], "split1_index": [13, 14, 15, 16, 17, 18, 19], "split1_pred": [0, 1, 0, 0, 0, 0, 0], "split1_test": [0, 1, 0, 0, 0, 0, 0], "split1_notXOR": [1, 1, 1, 1, 1, 1, 1], "split1_prob": [0.055758765277901676, 0.9999999042337381, 0.055758765277901676, 0.055758765277901676, 0.055758765277901676, 0.042924106941913016, 0.055758765277901676], "split2_index": [20, 21, 22, 23, 24, 25, 26], "split2_pred": [0, 1, 0, 1, 1, 0, 0], "split2_test": [0, 1, 0, 0, 0, 0, 0], "split2_notXOR": [1, 1, 1, 0, 0, 1, 1], "split2_prob": [1.7631380802186194e-07, 1.0, 1.7631380802186194e-07, 1.0, 1.0, 1.0272802406288281e-06, 8.297321129095353e-07], "split3_index": [27, 28, 29, 30, 31, 32, 33], "split3_pred": [0, 0, 0, 0, 1, 0, 0], "split3_test": [0, 1, 0, 0, 1, 0, 0], "split3_notXOR": [1, 0, 1, 1, 1, 1, 1], "split3_prob": [0.06951861053074337, 0.06951861053074337, 0.06951861053074337, 0.06951861053074337, 0.9999999995339266, 0.03903059338771644, 0.03552043165464625], "split4_index": [34, 35, 36, 37, 38, 39, 40], "split4_pred": [0, 1, 0, 0, 0, 0, 0], "split4_test": [0, 1, 0, 0, 0, 0, 0], "split4_notXOR": [1, 1, 1, 1, 1, 1, 1], "split4_prob": [0.007893310111916732, 0.999999999990631, 0.007893310111916732, 0.007893310111916732, 0.020734795731321486, 0.020734795731321486, 0.020734795731321486], "split5_index": [41, 42, 43, 44, 45, 46, 47], "split5_pred": [0, 0, 0, 0, 0, 0, 0], "split5_test": [0, 1, 0, 0, 0, 0, 0], "split5_notXOR": [1, 0, 1, 1, 1, 1, 1], "split5_prob": [0.015912497210618576, 0.015912497210618576, 0.015912497210618576, 0.015912497210618576, 0.0007024877192488741, 0.0014899983785732816, 0.015912497210618576], "split6_index": [48, 49, 50, 51, 52, 53, 54], "split6_pred": [0, 0, 0, 0, 0, 0, 0], "split6_test": [0, 1, 0, 0, 0, 0, 0], "split6_notXOR": [1, 0, 1, 1, 1, 1, 1], "split6_prob": [0.0011241083923380028, 0.0011241083923380028, 0.0011241083923380028, 0.0011241083923380028, 0.0011241083923380028, 0.006404710134123454, 0.0011241083923380028], "split7_index": [55, 56, 57, 58, 59, 60, 61], "split7_pred": [1, 1, 0, 1, 1, 1, 0], "split7_test": [0, 1, 0, 0, 0, 0, 0], "split7_notXOR": [0, 1, 1, 0, 0, 0, 1], "split7_prob": [0.9999973470665627, 1.0, 4.630358877422757e-07, 0.9999973470665627, 1.0, 1.0, 4.850507346295781e-09], "split8_index": [62, 63, 64, 65, 66, 67, 68], "split8_pred": [0, 0, 0, 0, 0, 0, 0], "split8_test": [0, 1, 0, 0, 0, 0, 0], "split8_notXOR": [1, 0, 1, 1, 1, 1, 1], "split8_prob": [0.26136760443933954, 0.28988649936693484, 0.26136760443933954, 0.26136760443933954, 0.26136760443933954, 0.26136760443933954, 0.26136760443933954], "split9_index": [69, 70, 71, 72, 73, 74, 75, 76], "split9_pred": [1, 0, 1, 0, 0, 0, 0, 0], "split9_test": [0, 0, 1, 0, 0, 0, 0, 0], "split9_notXOR": [0, 1, 1, 1, 1, 1, 1, 1], "split9_prob": [1.0, 0.0007732492325245327, 1.0, 0.0007973268760850772, 0.0007732492325245327, 0.0007732492325245327, 0.0007732492325245327, 0.000730370755667402], "split10_index": [77, 78, 79, 80, 81, 82, 83, 84], "split10_pred": [0, 0, 0, 0, 0, 1, 0, 0], "split10_test": [0, 0, 1, 0, 0, 0, 0, 0], "split10_notXOR": [1, 1, 0, 1, 1, 0, 1, 1], "split10_prob": [0.07435699378854108, 0.07435699378854108, 0.07435699378854108, 0.07435699378854108, 0.05839687386308493, 0.9999988911080149, 0.07435699378854108, 0.07435699378854108], "split11_index": [85, 86, 87, 88, 89, 90, 91, 92], "split11_pred": [0, 0, 0, 0, 0, 0, 0, 0], "split11_test": [0, 0, 1, 0, 0, 0, 0, 0], "split11_notXOR": [1, 1, 0, 1, 1, 1, 1, 1], "split11_prob": [0.359583759247148, 0.359583759247148, 0.359583759247148, 0.359583759247148, 0.359583759247148, 0.3921439401031728, 0.3921439401031728, 0.359583759247148], "split12_index": [93, 94, 95, 96, 97, 98, 99, 100], "split12_pred": [0, 0, 0, 0, 0, 0, 0, 0], "split12_test": [0, 0, 1, 0, 0, 0, 0, 0], "split12_notXOR": [1, 1, 0, 1, 1, 1, 1, 1], "split12_prob": [0.3331259203592865, 0.3331259203592865, 0.3331259203592865, 0.3331259203592865, 0.3331259203592865, 0.49491380864652146, 0.49491380864652146, 0.3331259203592865], "split13_index": [101, 102, 103, 104, 105, 106, 107, 108, 109, 110], "split13_pred": [0, 1, 0, 1, 0, 1, 1, 1, 1, 1], "split13_test": [0, 0, 0, 1, 0, 0, 1, 1, 1, 0], "split13_notXOR": [1, 0, 1, 1, 1, 0, 1, 1, 1, 0], "split13_prob": [5.518411287589702e-09, 1.0, 5.518411287589702e-09, 1.0, 2.695009838065112e-07, 1.0, 1.0, 1.0, 1.0, 1.0], "split14_index": [111, 112, 113, 114, 115, 116, 117, 118, 119, 120], "split14_pred": [0, 0, 0, 1, 0, 0, 0, 0, 0, 0], "split14_test": [0, 0, 0, 1, 0, 0, 1, 1, 1, 0], "split14_notXOR": [1, 1, 1, 1, 1, 1, 0, 0, 0, 1], "split14_prob": [0.05230311945614133, 0.13960022118802046, 0.05230311945614133, 0.9999999999999662, 0.07393596790468566, 0.05230311945614133, 0.05230311945614133, 0.1134029471266682, 0.14656320726866484, 0.05230311945614133], "split15_index": [121, 122, 123, 124, 125, 126, 127, 128, 129, 130], "split15_pred": [0, 0, 0, 0, 0, 0, 0, 0, 0, 0], "split15_test": [0, 0, 0, 1, 0, 0, 1, 1, 1, 1], "split15_notXOR": [1, 1, 1, 0, 1, 1, 0, 0, 0, 0], "split15_prob": [0.04428304542506951, 0.04428304542506951, 0.04428304542506951, 0.04428304542506951, 0.04428304542506951, 0.05420721660886313, 0.04428304542506951, 0.04428304542506951, 0.04428304542506951, 0.05420721660886313], "split16_index": [131, 132, 133, 134, 135, 136, 137, 138, 139, 140], "split16_pred": [0, 0, 0, 0, 0, 0, 0, 0, 0, 0], "split16_test": [0, 0, 0, 1, 0, 0, 1, 1, 1, 1], "split16_notXOR": [1, 1, 1, 0, 1, 1, 0, 0, 0, 0], "split16_prob": [2.1318563788531283e-05, 2.1318563788531283e-05, 2.1318563788531283e-05, 0.0031394756881766616, 2.1318563788531283e-05, 2.1318563788531283e-05, 2.1318563788531283e-05, 2.1318563788531283e-05, 2.1318563788531283e-05, 0.0019164345571256207], "split17_index": [141, 142, 143, 144, 145, 146, 147, 148, 149, 150], "split17_pred": [0, 0, 0, 0, 0, 0, 0, 0, 0, 0], "split17_test": [0, 0, 0, 1, 0, 0, 1, 1, 1, 1], "split17_notXOR": [1, 1, 1, 0, 1, 1, 0, 0, 0, 0], "split17_prob": [0.0002449647989406181, 0.0002449647989406181, 0.0002449647989406181, 0.0002277678034367948, 0.0002449647989406181, 0.0002277678034367948, 0.0002449647989406181, 0.0002449647989406181, 0.0002449647989406181, 0.0002449647989406181], "split18_index": [151, 152, 153, 154, 155, 156, 157, 158, 159, 160], "split18_pred": [1, 1, 0, 0, 0, 1, 0, 0, 0, 0], "split18_test": [0, 0, 0, 1, 0, 0, 1, 1, 1, 1], "split18_notXOR": [0, 0, 1, 0, 1, 0, 0, 0, 0, 0], "split18_prob": [0.997551739391065, 1.0, 0.00046097691009402004, 0.0007427761283591192, 0.00046097691009402004, 1.0, 0.00046097691009402004, 0.00046097691009402004, 0.00046097691009402004, 0.00046097691009402004], "split19_index": [161, 162, 163, 164, 165, 166, 167, 168, 169, 170], "split19_pred": [0, 0, 0, 0, 0, 0, 0, 0, 0, 0], "split19_test": [0, 0, 0, 0, 0, 0, 1, 1, 1, 1], "split19_notXOR": [1, 1, 1, 1, 1, 1, 0, 0, 0, 0], "split19_prob": [0.0017861792589311631, 0.0017861792589311631, 0.0017861792589311631, 0.04866812696225326, 0.0017861792589311631, 0.0017861792589311631, 0.0017861792589311631, 0.0027004346958442254, 0.0027004346958442254, 0.0017861792589311631]}