{"split0_index": [13, 14, 15, 16, 17, 18, 19, 20, 21, 22, 23, 24, 25], "split0_pred": [0, 0, 0, 1, 0, 0, 0, 0, 0, 0, 0, 1, 0], "split0_test": [0, 0, 0, 1, 0, 0, 0, 0, 0, 0, 0, 1, 0], "split0_notXOR": [1, 1, 1, 1, 1, 1, 1, 1, 1, 1, 1, 1, 1], "split0_prob": [0.2961384768435464, 0.27843689939494104, 0.2771841548161086, 0.10729280201111013, 0.27848450010308035, 0.28498302616253784, 0.2784534703143243, 0.27846193850777134, 0.291598415718332, 0.27840946624029284, 0.16138006767497962, 0.1272110933793615, 0.2765634799040962], "split1_index": [26, 27, 28, 29, 30, 31, 32, 33, 34, 35, 36, 37, 38], "split1_pred": [0, 0, 0, 1, 0, 0, 0, 0, 0, 0, 0, 1, 0], "split1_test": [0, 0, 0, 1, 0, 0, 0, 0, 0, 0, 0, 1, 0], "split1_notXOR": [1, 1, 1, 1, 1, 1, 1, 1, 1, 1, 1, 1, 1], "split1_prob": [0.04115715976288859, 0.05966976836014511, 0.05978598510665397, 0.9934374388292404, 0.05972980002038652, 0.05122387549825935, 0.06171862819951013, 0.06706745984054067, 0.04362828717192114, 0.05969022305127813, 0.12034748430925342, 0.9913488957075481, 0.0596281022873833], "split2_index": [39, 40, 41, 42, 43, 44, 45, 46, 47, 48, 49, 50, 51], "split2_pred": [0, 0, 0, 1, 0, 0, 0, 0, 0, 0, 0, 1, 0], "split2_test": [0, 0, 0, 1, 0, 0, 0, 0, 0, 0, 0, 1, 0], "split2_notXOR": [1, 1, 1, 1, 1, 1, 1, 1, 1, 1, 1, 1, 1], "split2_prob": [0.03551250778312511, 0.05650879156220659, 0.05642537900832561, 0.9999994237088511, 0.05628980088324819, 0.03715361822670376, 0.05963778313417191, 0.05645352662787289, 0.04230415075639045, 0.056477399250811106, 0.19099261470407275, 0.9999994233483678, 0.05641634082573296], "split3_index": [52, 53, 54, 55, 56, 57, 58, 59, 60, 61, 62, 63, 64], "split3_pred": [0, 0, 0, 1, 0, 0, 0, 0, 0, 0, 0, 1, 0], "split3_test": [0, 0, 0, 1, 0, 0, 0, 0, 0, 0, 0, 1, 0], "split3_notXOR": [1, 1, 1, 1, 1, 1, 1, 1, 1, 1, 1, 1, 1], "split3_prob": [0.031217404947579155, 0.040539024474437614, 0.040558030679230785, 0.9714820675563999, 0.0401384012590505, 0.03060013568260897, 0.04059087693833291, 0.04053962751260933, 0.03308136293720437, 0.040555497631007936, 0.04055337545381053, 0.9714760305698619, 0.040533294744791754], "split4_index": [65, 66, 67, 68, 69, 70, 71, 72, 73, 74, 75, 76], "split4_pred": [0, 0, 1, 0, 0, 0, 0, 0, 0, 0, 1, 0], "split4_test": [0, 0, 1, 0, 0, 0, 0, 0, 0, 0, 1, 0], "split4_notXOR": [1, 1, 1, 1, 1, 1, 1, 1, 1, 1, 1, 1], "split4_prob": [0.025624391037301367, 0.03635808176420739, 0.9436095986749452, 0.0324453179629073, 0.02472768033669239, 0.032827421411444464, 0.031439256011706544, 0.027175613055905448, 0.03280466126014362, 0.06217376477455028, 0.9387372190076032, 0.03422716879794454], "split5_index": [77, 78, 79, 80, 81, 82, 83, 84, 85, 86, 87, 88], "split5_pred": [0, 0, 1, 0, 0, 0, 0, 0, 0, 0, 1, 0], "split5_test": [0, 0, 1, 0, 0, 0, 0, 0, 0, 0, 1, 0], "split5_notXOR": [1, 1, 1, 1, 1, 1, 1, 1, 1, 1, 1, 1], "split5_prob": [0.021907610890161397, 0.026866588074073335, 0.9484601919800882, 0.023798395260189606, 0.01925881513732241, 0.026792548426787098, 0.025090120022120282, 0.024097704486696677, 0.026800955943887983, 0.057528344828368654, 0.9483193944487334, 0.026792559263453898], "split6_index": [89, 90, 91, 92, 93, 94, 95, 96, 97, 98, 99, 100], "split6_pred": [0, 0, 1, 0, 0, 0, 0, 0, 0, 0, 1, 0], "split6_test": [0, 0, 1, 0, 0, 0, 0, 0, 0, 0, 1, 0], "split6_notXOR": [1, 1, 1, 1, 1, 1, 1, 1, 1, 1, 1, 1], "split6_prob": [0.01934372199549485, 0.04769298776878227, 0.9522184816622684, 0.023684145922235226, 0.018916686477143528, 0.02520399703681812, 0.02522728078102353, 0.031152005015881716, 0.02405877096380945, 0.0252431158811941, 0.9521208407129172, 0.024324555048045305], "split7_index": [101, 102, 103, 104, 105, 106, 107, 108, 109, 110, 111, 112], "split7_pred": [0, 0, 1, 0, 0, 0, 0, 0, 0, 0, 1, 0], "split7_test": [0, 0, 1, 0, 0, 0, 0, 0, 0, 0, 1, 0], "split7_notXOR": [1, 1, 1, 1, 1, 1, 1, 1, 1, 1, 1, 1], "split7_prob": [0.01676418569482983, 0.02323129107687602, 0.9571917001761012, 0.01807268330123442, 0.015322027043359922, 0.02325098971699032, 0.021516108656289442, 0.023260673556736007, 0.022404363655967832, 0.023214089815852598, 0.9571859243133403, 0.022609831289102704], "split8_index": [113, 114, 115, 116, 117, 118, 119, 120, 121, 122, 123, 124], "split8_pred": [0, 0, 1, 0, 0, 0, 0, 0, 0, 0, 1, 0], "split8_test": [0, 0, 1, 0, 0, 0, 0, 0, 0, 0, 1, 0], "split8_notXOR": [1, 1, 1, 1, 1, 1, 1, 1, 1, 1, 1, 1], "split8_prob": [0.01488686827398575, 0.0209740152687114, 0.9609525584544913, 0.01609522277379585, 0.01356695761407714, 0.02093721395657281, 0.019274837806196612, 0.02093468880721986, 0.020162691773381623, 0.020965399046853975, 0.9609346638582708, 0.020397464145392025], "split9_index": [125, 126, 127, 128, 129, 130, 131, 132, 133, 134, 135, 136], "split9_pred": [0, 0, 1, 0, 0, 0, 0, 0, 0, 0, 1, 0], "split9_test": [0, 0, 1, 0, 0, 0, 0, 0, 0, 0, 1, 0], "split9_notXOR": [1, 1, 1, 1, 1, 1, 1, 1, 1, 1, 1, 1], "split9_prob": [0.013318212391048552, 0.032594896451378925, 0.9645686313660589, 0.014702479889250995, 0.010420976907243387, 0.01899063649282804, 0.01739775053312729, 0.018986109640628877, 0.018248701935279298, 0.018889983687782448, 0.9646219270696956, 0.018454147641075936], "split10_index": [137, 138, 139, 140, 141, 142, 143, 144, 145, 146, 147, 148], "split10_pred": [0, 0, 1, 0, 0, 0, 0, 0, 0, 0, 1, 0], "split10_test": [0, 0, 1, 0, 0, 0, 1, 0, 0, 0, 1, 0], "split10_notXOR": [1, 1, 1, 1, 1, 1, 0, 1, 1, 1, 1, 1], "split10_prob": [0.008323689438610022, 0.01940491041664037, 0.964866548869384, 0.01937138132945925, 0.01429857923418088, 0.019394004024613835, 0.01938425862518922, 0.01940490910630316, 0.01761078444243636, 0.019370688201631445, 0.9649418843673108, 0.018242258662455754], "split11_index": [149, 150, 151, 152, 153, 154, 155, 156, 157, 158, 159, 160], "split11_pred": [0, 0, 1, 0, 0, 0, 0, 0, 0, 0, 1, 0], "split11_test": [0, 0, 1, 0, 0, 0, 1, 0, 0, 0, 1, 0], "split11_notXOR": [1, 1, 1, 1, 1, 1, 0, 1, 1, 1, 1, 1], "split11_prob": [0.011003205027200773, 0.026658656830637936, 0.969039322655459, 0.026714772046102325, 0.016799048478805877, 0.026614831114240067, 0.02665802811221613, 0.026625345707534033, 0.024412520042303223, 0.026602912729358014, 0.969081123962266, 0.021299885650949868], "split12_index": [161, 162, 163, 164, 165, 166, 167, 168, 169, 170, 171, 172], "split12_pred": [0, 0, 1, 0, 0, 0, 0, 0, 0, 0, 1, 0], "split12_test": [0, 0, 0, 0, 0, 0, 1, 0, 0, 0, 0, 0], "split12_notXOR": [1, 1, 0, 1, 1, 1, 0, 1, 1, 1, 0, 1], "split12_prob": [0.013855895475368288, 0.03300142615446529, 0.9725220389321519, 0.033032334624643875, 0.02933114661842149, 0.033077711878112606, 0.033020688316248666, 0.03309542614316841, 0.030336416484259946, 0.03299187567167097, 0.9725292548801244, 0.01839451673838786]}