{"split0_index": [15, 16, 17, 18, 19, 20, 21, 22, 23, 24, 25, 26, 27, 28, 29], "split0_pred": [0, 0, 0, 0, 0, 0, 0, 0, 0, 0, 0, 0, 0, 0, 0], "split0_test": [0, 1, 0, 0, 0, 0, 0, 0, 0, 0, 0, 0, 0, 0, 0], "split0_notXOR": [1, 0, 1, 1, 1, 1, 1, 1, 1, 1, 1, 1, 1, 1, 1], "split0_prob": [0.07079892329892332, 0.02759296259296259, 0.07079892329892332, 0.03663142413142413, 0.02759296259296259, 0.008583083583083583, 0.02759296259296259, 0.07079892329892332, 0.03663142413142413, 0.07079892329892332, 0.02759296259296259, 0.02759296259296259, 0.03663142413142413, 0.018155178155178153, 0.02759296259296259]}