{"split0_index": [19, 20, 21, 22, 23, 24, 25, 26, 27, 28, 29, 30, 31, 32, 33, 34, 35, 36, 37, 38, 39], "split0_pred": [0, 0, 0, 0, 0, 0, 0, 0, 0, 0, 0, 0, 0, 0, 0, 0, 0, 0, 0, 0, 0], "split0_test": [1, 0, 0, 0, 0, 0, 0, 0, 0, 0, 0, 0, 0, 0, 0, 0, 1, 0, 0, 0, 0], "split0_notXOR": [0, 1, 1, 1, 1, 1, 1, 1, 1, 1, 1, 1, 1, 1, 1, 1, 0, 1, 1, 1, 1], "split0_prob": [0.5, 0.5, 0.5, 0.5, 0.5, 0.5, 0.5, 0.5, 0.5, 0.5, 0.5, 0.5, 0.5, 0.5, 0.5, 0.5, 0.5, 0.5, 0.5, 0.5, 0.5], "split1_index": [40, 41, 42, 43, 44, 45, 46, 47, 48, 49, 50, 51, 52, 53, 54, 55, 56, 57, 58, 59, 60], "split1_pred": [0, 0, 0, 1, 1, 1, 1, 1, 1, 1, 0, 0, 1, 1, 1, 0, 1, 1, 0, 0, 0], "split1_test": [1, 0, 1, 0, 0, 0, 0, 0, 0, 0, 0, 0, 0, 0, 0, 0, 1, 0, 0, 0, 0], "split1_notXOR": [0, 1, 0, 0, 0, 0, 0, 0, 0, 0, 1, 1, 0, 0, 0, 1, 1, 0, 1, 1, 1], "split1_prob": [4.7700230386211445e-06, 0.0373444822367753, 6.729253798589604e-10, 0.5708989397673273, 0.5708989397673273, 0.5708989397673273, 0.5708989397673273, 0.7760870213292649, 0.5708989397673273, 0.5708989397673273, 0.027196343401323507, 0.07413074732031336, 0.5708989397673273, 0.5708989397673273, 0.5708989397673273, 0.011438355328048065, 0.5708989397673273, 0.5708989397673273, 2.942775837413555e-07, 0.3799680153218005, 0.47364829141670056], "split2_index": [61, 62, 63, 64, 65, 66, 67, 68, 69, 70, 71, 72, 73, 74, 75, 76, 77, 78, 79, 80, 81], "split2_pred": [1, 0, 1, 1, 1, 1, 1, 0, 1, 1, 1, 1, 1, 1, 1, 1, 1, 1, 1, 1, 0], "split2_test": [1, 0, 1, 0, 0, 0, 0, 0, 0, 0, 0, 0, 0, 0, 0, 0, 1, 0, 0, 0, 0], "split2_notXOR": [1, 1, 1, 0, 0, 0, 0, 1, 0, 0, 0, 0, 0, 0, 0, 0, 1, 0, 0, 0, 1], "split2_prob": [0.5180593414803137, 0.46640044222904037, 0.5180593414803137, 0.5180593414803137, 0.5180593414803137, 0.5180593414803137, 0.5180593414803137, 0.26413424308666905, 0.5180593414803137, 0.5180593414803137, 0.5180593414803137, 0.5180593414803137, 0.5180593414803137, 0.5180593414803137, 0.5180593414803137, 0.5180593414803137, 0.5180593414803137, 0.5180593414803137, 0.5180593414803137, 0.500828042886521, 0.26413424308666905], "split3_index": [82, 83, 84, 85, 86, 87, 88, 89, 90, 91, 92, 93, 94, 95, 96, 97, 98, 99, 100, 101, 102], "split3_pred": [0, 1, 1, 1, 1, 1, 1, 1, 1, 1, 1, 1, 1, 1, 1, 1, 1, 1, 1, 1, 1], "split3_test": [1, 0, 1, 0, 0, 0, 0, 0, 0, 0, 0, 0, 0, 0, 0, 0, 1, 0, 0, 0, 0], "split3_notXOR": [0, 0, 1, 0, 0, 0, 0, 0, 0, 0, 0, 0, 0, 0, 0, 0, 1, 0, 0, 0, 0], "split3_prob": [0.1771036293306585, 0.8514201366233562, 0.5331133455134865, 0.5331133455134865, 0.5331133455134865, 0.5331133455134865, 0.5331133455134865, 0.5331133455134865, 0.5331133455134865, 0.5331133455134865, 0.5331133455134865, 0.5331133455134865, 0.5331133455134865, 0.5331133455134865, 0.5331133455134865, 0.5331133455134865, 0.5331133455134865, 0.5331133455134865, 0.5331133455134865, 0.5331133455134865, 0.5331133455134865], "split4_index": [103, 104, 105, 106, 107, 108, 109, 110, 111, 112, 113, 114, 115, 116, 117, 118, 119, 120, 121, 122, 123], "split4_pred": [1, 1, 0, 1, 1, 1, 0, 1, 1, 0, 0, 1, 1, 1, 1, 0, 1, 1, 1, 1, 1], "split4_test": [1, 0, 1, 0, 0, 0, 0, 0, 0, 0, 0, 0, 0, 0, 0, 0, 1, 0, 0, 0, 0], "split4_notXOR": [1, 0, 0, 0, 0, 0, 1, 0, 0, 1, 1, 0, 0, 0, 0, 1, 1, 0, 0, 0, 0], "split4_prob": [0.5158787014318854, 0.5213710017582074, 0.055917840483459706, 0.5213710017582074, 0.5158787014318854, 0.5158787014318854, 0.055917840483459706, 0.5158787014318854, 0.5158787014318854, 0.4418460202396383, 0.4418460202396383, 0.5158787014318854, 0.5158787014318854, 0.5158787014318854, 0.5158787014318854, 0.292807777508065, 0.5158787014318854, 0.5158787014318854, 0.5158787014318854, 0.5158787014318854, 0.5158787014318854], "split5_index": [124, 125, 126, 127, 128, 129, 130, 131, 132, 133, 134, 135, 136, 137, 138, 139, 140, 141, 142, 143, 144], "split5_pred": [1, 1, 1, 1, 1, 1, 1, 1, 1, 1, 1, 1, 1, 1, 1, 0, 0, 1, 1, 1, 1], "split5_test": [1, 0, 1, 0, 0, 0, 0, 0, 0, 0, 0, 0, 0, 0, 0, 0, 1, 0, 0, 0, 0], "split5_notXOR": [1, 0, 1, 0, 0, 0, 0, 0, 0, 0, 0, 0, 0, 0, 0, 1, 0, 0, 0, 0, 0], "split5_prob": [0.5012849112225208, 0.6691221191197652, 0.5420822079493742, 0.5012849112225208, 0.5012849112225208, 0.5012849112225208, 0.5012849112225208, 0.8768324459584004, 0.5012849112225208, 0.5420822079493742, 0.6843350266963346, 0.5012849112225208, 0.5012849112225208, 0.5012849112225208, 0.570072264956207, 0.23946071185962564, 0.20111680418814332, 0.5479064299678159, 0.5012849112225208, 0.5012849112225208, 0.5012849112225208], "split6_index": [145, 146, 147, 148, 149, 150, 151, 152, 153, 154, 155, 156, 157, 158, 159, 160, 161, 162, 163, 164, 165], "split6_pred": [0, 0, 1, 0, 0, 0, 0, 0, 0, 0, 0, 0, 0, 0, 0, 0, 0, 0, 0, 0, 0], "split6_test": [1, 0, 1, 0, 0, 0, 0, 0, 0, 0, 0, 0, 0, 0, 0, 0, 1, 0, 0, 0, 0], "split6_notXOR": [0, 1, 1, 1, 1, 1, 1, 1, 1, 1, 1, 1, 1, 1, 1, 1, 0, 1, 1, 1, 1], "split6_prob": [0.48581193019594426, 0.46990767591656296, 0.531356389943202, 0.48581193019594426, 0.48581193019594426, 0.48581193019594426, 0.48581193019594426, 0.48581193019594426, 0.48581193019594426, 0.48581193019594426, 0.4476940218082069, 0.48581193019594426, 0.48581193019594426, 0.48581193019594426, 0.48581193019594426, 0.48581193019594426, 0.48581193019594426, 0.48581193019594426, 0.48581193019594426, 0.48581193019594426, 0.48581193019594426], "split7_index": [166, 167, 168, 169, 170, 171, 172, 173, 174, 175, 176, 177, 178, 179, 180, 181, 182, 183, 184, 185, 186], "split7_pred": [1, 0, 0, 0, 0, 0, 0, 0, 0, 0, 0, 0, 0, 0, 0, 0, 0, 0, 0, 1, 0], "split7_test": [1, 0, 1, 0, 0, 0, 0, 1, 0, 0, 0, 0, 0, 0, 0, 0, 1, 0, 0, 0, 1], "split7_notXOR": [1, 1, 0, 1, 1, 1, 1, 0, 1, 1, 1, 1, 1, 1, 1, 1, 0, 1, 1, 0, 0], "split7_prob": [0.581664741293198, 0.479764821141821, 0.46065805661304643, 0.479764821141821, 0.479764821141821, 0.479764821141821, 0.479764821141821, 0.08186319418119892, 0.479764821141821, 0.479764821141821, 0.26214637742597396, 0.479764821141821, 0.479764821141821, 0.479764821141821, 0.479764821141821, 0.479764821141821, 0.479764821141821, 0.479764821141821, 0.479764821141821, 0.5862486348032606, 0.18207009904152657], "split8_index": [187, 188, 189, 190, 191, 192, 193, 194, 195, 196, 197, 198, 199, 200, 201, 202, 203, 204, 205, 206, 207], "split8_pred": [0, 0, 0, 0, 0, 0, 0, 0, 0, 0, 0, 0, 0, 0, 0, 0, 0, 0, 0, 0, 0], "split8_test": [1, 0, 1, 0, 0, 0, 0, 1, 0, 0, 0, 0, 0, 0, 0, 0, 1, 0, 0, 0, 1], "split8_notXOR": [0, 1, 0, 1, 1, 1, 1, 0, 1, 1, 1, 1, 1, 1, 1, 1, 0, 1, 1, 1, 0], "split8_prob": [0.42725596338432803, 0.42725596338432803, 0.42725596338432803, 0.42725596338432803, 0.42725596338432803, 0.42725596338432803, 0.42725596338432803, 0.42725596338432803, 0.42725596338432803, 0.42725596338432803, 0.42725596338432803, 0.42725596338432803, 0.42725596338432803, 0.42725596338432803, 0.42725596338432803, 0.42725596338432803, 0.42725596338432803, 0.42725596338432803, 0.42725596338432803, 0.42725596338432803, 0.32197108514121925], "split9_index": [208, 209, 210, 211, 212, 213, 214, 215, 216, 217, 218, 219, 220, 221, 222, 223, 224, 225, 226, 227, 228], "split9_pred": [0, 0, 0, 0, 0, 0, 0, 0, 0, 0, 0, 0, 0, 0, 0, 0, 0, 0, 0, 1, 0], "split9_test": [1, 0, 1, 0, 0, 0, 0, 1, 0, 0, 0, 0, 0, 0, 0, 0, 1, 0, 0, 0, 1], "split9_notXOR": [0, 1, 0, 1, 1, 1, 1, 0, 1, 1, 1, 1, 1, 1, 1, 1, 0, 1, 1, 0, 0], "split9_prob": [0.4605544861518745, 0.4244677497007487, 0.4244677497007487, 0.4244677497007487, 0.4244677497007487, 0.4244677497007487, 0.4244677497007487, 0.04317236547655258, 0.4244677497007487, 0.07670711796584212, 0.4244677497007487, 0.4244677497007487, 0.4244677497007487, 0.4244677497007487, 0.29354008298996903, 0.4244677497007487, 0.05915035339139809, 0.4244677497007487, 0.4244677497007487, 0.6116829051212167, 0.07287819897412451], "split10_index": [229, 230, 231, 232, 233, 234, 235, 236, 237, 238, 239, 240, 241, 242, 243, 244, 245, 246, 247, 248, 249, 250], "split10_pred": [0, 0, 0, 0, 1, 1, 1, 1, 0, 1, 0, 0, 0, 0, 0, 0, 0, 0, 0, 0, 0, 1], "split10_test": [0, 0, 0, 1, 1, 0, 1, 0, 0, 1, 0, 0, 1, 0, 0, 1, 0, 0, 0, 0, 0, 1],