{"split0_index": [3, 4, 5], "split0_pred": [0, 0, 0], "split0_test": [0, 1, 0], "split0_notXOR": [1, 0, 1], "split0_prob": [0.3333315542556048, 0.3333315542556048, 0.3333315542556048], "split1_index": [6, 7, 8], "split1_pred": [1, 1, 0], "split1_test": [1, 1, 0], "split1_notXOR": [1, 1, 1], "split1_prob": [1.0, 0.8029810722160164, 0.11157584898849848], "split2_index": [9, 10, 11], "split2_pred": [0, 1, 0], "split2_test": [1, 1, 0], "split2_notXOR": [0, 1, 1], "split2_prob": [0.18058475690736678, 0.9936115400703951, 0.18058475690736678], "split3_index": [12, 13, 14], "split3_pred": [0, 0, 0], "split3_test": [1, 0, 0], "split3_notXOR": [0, 1, 1], "split3_prob": [0.28304330768005087, 0.431448159167574, 0.28304330768005087], "split4_index": [15, 16, 17], "split4_pred": [1, 1, 0], "split4_test": [1, 0, 0], "split4_notXOR": [1, 0, 1], "split4_prob": [0.9993653847096221, 0.9995111236588368, 0.3150680045821451], "split5_index": [18, 19, 20], "split5_pred": [0, 0, 0], "split5_test": [1, 0, 0], "split5_notXOR": [0, 1, 1], "split5_prob": [0.31143987479975016, 0.31143987479975016, 0.31143987479975016], "split6_index": [21, 22, 23], "split6_pred": [0, 1, 0], "split6_test": [1, 0, 0], "split6_notXOR": [0, 0, 1], "split6_prob": [0.315979861797553, 0.9030383219836424, 0.315979861797553], "split7_index": [24, 25, 26], "split7_pred": [0, 0, 0], "split7_test": [1, 0, 0], "split7_notXOR": [0, 1, 1], "split7_prob": [0.36461792005523813, 0.36461792005523813, 0.36461792005523813], "split8_index": [27, 28, 29], "split8_pred": [1, 1, 0], "split8_test": [0, 1, 0], "split8_notXOR": [0, 1, 1], "split8_prob": [0.8718597921534239, 0.9863966795617478, 0.4325121805415389], "split9_index": [30, 31, 32], "split9_pred": [0, 0, 0], "split9_test": [0, 1, 0], "split9_notXOR": [1, 0, 1], "split9_prob": [0.3217607829968122, 0.3217607829968122, 0.3217607829968122], "split10_index": [33, 34, 35], "split10_pred": [0, 0, 0], "split10_test": [0, 1, 0], "split10_notXOR": [1, 0, 1], "split10_prob": [0.2214316875512616, 0.2995271928248054, 0.2214316875512616], "split11_index": [36, 37], "split11_pred": [1, 1], "split11_test": [1, 0], "split11_notXOR": [1, 0], "split11_prob": [0.6523535499069055, 0.8321702961123769]}