{"split0_index": [3, 4, 5], "split0_pred": [0, 1, 0], "split0_test": [0, 1, 0], "split0_notXOR": [1, 1, 1], "split0_prob": [0.0, 1.0, 0.0], "split1_index": [6, 7, 8], "split1_pred": [0, 1, 0], "split1_test": [0, 1, 0], "split1_notXOR": [1, 1, 1], "split1_prob": [0.0, 1.0, 0.0], "split2_index": [9, 10, 11], "split2_pred": [0, 1, 1], "split2_test": [0, 1, 0], "split2_notXOR": [1, 1, 0], "split2_prob": [0.0, 1.0, 1.0], "split3_index": [12, 13, 14], "split3_pred": [0, 0, 0], "split3_test": [0, 1, 0], "split3_notXOR": [1, 0, 1], "split3_prob": [0.0, 0.0, 0.0], "split4_index": [15, 16, 17], "split4_pred": [0, 1, 0], "split4_test": [0, 1, 0], "split4_notXOR": [1, 1, 1], "split4_prob": [2.5127010938073113e-09, 1.0, 2.5127010938073113e-09], "split5_index": [18, 19, 20], "split5_pred": [0, 0, 1], "split5_test": [0, 1, 0], "split5_notXOR": [1, 0, 0], "split5_prob": [4.0382517518900964e-05, 0.4375480843592369, 0.9859616419597295], "split6_index": [21, 22, 23, 24, 25], "split6_pred": [1, 1, 1, 1, 0], "split6_test": [1, 1, 0, 0, 0], "split6_notXOR": [1, 1, 0, 0, 1], "split6_prob": [1.0, 0.9999999996058797, 0.9999999994126476, 1.0, 0.0012992056007629783]}