{"split0_index": [14, 15, 16, 17, 18, 19, 20, 21, 22, 23, 24, 25, 26, 27], "split0_pred": [0, 0, 0, 0, 0, 0, 0, 0, 0, 0, 0, 0, 0, 0], "split0_test": [0, 0, 0, 0, 1, 0, 0, 1, 0, 0, 0, 0, 0, 0], "split0_notXOR": [1, 1, 1, 1, 0, 1, 1, 0, 1, 1, 1, 1, 1, 1], "split0_prob": [0.2224580070329991, 0.21254145785752526, 0.21261735614288096, 0.2125800361713781, 0.030464112453615372, 0.21283350412571114, 0.2128443845088791, 0.0021800809112144043, 0.21284438657525417, 0.3233421517624503, 0.21274732907141777, 0.21251749969484238, 0.21299193629823754, 0.2125827287820776], "split1_index": [28, 29, 30, 31, 32, 33, 34, 35, 36, 37, 38, 39, 40, 41], "split1_pred": [0, 0, 0, 0, 0, 0, 0, 1, 0, 0, 0, 0, 0, 0], "split1_test": [0, 0, 0, 0, 1, 0, 0, 1, 0, 0, 0, 0, 0, 0], "split1_notXOR": [1, 1, 1, 1, 0, 1, 1, 1, 1, 1, 1, 1, 1, 1], "split1_prob": [0.08597777334740143, 0.10858240832656316, 0.108615792460862, 0.10866991503529305, 0.9905093233096404, 0.10888402923646712, 0.10853729967910931, 0.9999999999802062, 0.10888402842231622, 0.022542479183511138, 0.10859918869720686, 0.10874797259067644, 0.10857247419359138, 0.10884337882841146], "split2_index": [42, 43, 44, 45, 46, 47, 48, 49, 50, 51, 52, 53, 54, 55], "split2_pred": [0, 0, 0, 0, 1, 0, 0, 1, 0, 0, 0, 0, 0, 0], "split2_test": [0, 0, 0, 0, 1, 0, 0, 1, 0, 0, 0, 0, 0, 0], "split2_notXOR": [1, 1, 1, 1, 1, 1, 1, 1, 1, 1, 1, 1, 1, 1], "split2_prob": [0.025114022901509082, 0.03679137336424044, 0.035846356968047416, 0.03765981883759178, 0.9348890158152064, 0.03780588560489092, 0.03664137666130203, 0.999999372844226, 0.03577220165932131, 0.007281284206517873, 0.03665415952832153, 0.03758628766116878, 0.03701569536265002, 0.03683078717358427], "split3_index": [56, 57, 58, 59, 60, 61, 62, 63, 64, 65, 66, 67, 68, 69], "split3_pred": [0, 0, 0, 0, 1, 0, 0, 1, 0, 0, 0, 0, 0, 0], "split3_test": [0, 0, 0, 0, 1, 0, 0, 0, 0, 0, 0, 0, 0, 0], "split3_notXOR": [1, 1, 1, 1, 1, 1, 1, 0, 1, 1, 1, 1, 1, 1], "split3_prob": [0.02215940025634953, 0.031089383868069222, 0.030128207626593764, 0.031821371333700894, 0.9665814508990235, 0.03185380507407437, 0.030869936438735382, 0.9968512759665141, 0.03015955101715471, 0.00455367486114012, 0.030893758451735392, 0.031781774112955984, 0.03125741028983371, 0.03123285813123224], "split4_index": [70, 71, 72, 73, 74, 75, 76, 77, 78, 79, 80, 81, 82], "split4_pred": [0, 0, 0, 0, 0, 0, 1, 0, 0, 0, 0, 0, 0], "split4_test": [0, 0, 0, 0, 1, 0, 0, 0, 0, 0, 0, 0, 0], "split4_notXOR": [1, 1, 1, 1, 0, 1, 0, 1, 1, 1, 1, 1, 1], "split4_prob": [0.012495417451779808, 0.07606931105810948, 0.06888042861021551, 0.051860956409155425, 0.07625755791810093, 0.07589148972562679, 0.9999999768729638, 0.0762575400993995, 0.05645808576380077, 0.02066583832716178, 0.06305082759828651, 0.023517589831856787, 0.07528654287354905], "split5_index": [83, 84, 85, 86, 87, 88, 89, 90, 91, 92, 93, 94, 95, 96], "split5_pred": [0, 0, 0, 0, 1, 0, 1, 0, 0, 0, 0, 0, 0, 0], "split5_test": [0, 0, 0, 0, 1, 0, 0, 0, 0, 0, 0, 0, 0, 0], "split5_notXOR": [1, 1, 1, 1, 1, 1, 0, 1, 1, 1, 1, 1, 1, 1], "split5_prob": [0.029053498663842128, 0.03228911573934556, 0.03163723731636467, 0.03160643002822339, 0.8348958113634535, 0.03419751966722814, 0.9697903428439617, 0.06197956446885567, 0.004698570069390025, 0.031930956710629455, 0.030398177119302736, 0.031937452780333886, 0.030699846328335487, 0.08674149913594158], "split6_index": [97, 98, 99, 100, 101, 102, 103, 104, 105, 106, 107, 108, 109, 110], "split6_pred": [0, 0, 0, 0, 1, 0, 1, 0, 0, 0, 0, 0, 0, 0], "split6_test": [0, 0, 0, 0, 1, 0, 0, 0, 0, 0, 0, 0, 0, 0], "split6_notXOR": [1, 1, 1, 1, 1, 1, 0, 1, 1, 1, 1, 1, 1, 1], "split6_prob": [0.04880089228859513, 0.05820021847999065, 0.05747894298270741, 0.057579763756657736, 0.9400068730848066, 0.05746461241164925, 0.8310850970432543, 0.05756487701009709, 0.015527673967456442, 0.049218116683996796, 0.056597521122854585, 0.05756810345769916, 0.05683320626542649, 0.03483080955598287], "split7_index": [111, 112, 113, 114, 115, 116, 117, 118, 119, 120, 121, 122, 123, 124], "split7_pred": [0, 0, 0, 0, 0, 0, 0, 0, 0, 0, 0, 0, 0, 0], "split7_test": [0, 0, 0, 0, 1, 0, 0, 0, 0, 0, 0, 0, 0, 0], "split7_notXOR": [1, 1, 1, 1, 0, 1, 1, 1, 1, 1, 1, 1, 1, 1], "split7_prob": [0.044402247736261544, 0.04328735535105918, 0.04432109817746178, 0.044304982758510934, 0.23970958940478607, 0.044394720923115416, 0.4373176289616774, 0.05291879852421918, 0.012557223314523476, 0.033437540369959426, 0.044362802207807694, 0.04438629163818802, 0.0440926838900035, 0.02443513082326096], "split8_index": [125, 126, 127, 128, 129, 130, 131, 132, 133, 134, 135, 136, 137, 138], "split8_pred": [0, 0, 0, 0, 1, 0, 0, 0, 0, 0, 0, 0, 0, 0], "split8_test": [0, 0, 0, 0, 1, 0, 0, 0, 0, 0, 0, 0, 0, 0], "split8_notXOR": [1, 1, 1, 1, 1, 1, 1, 1, 1, 1, 1, 1, 1, 1], "split8_prob": [0.03835913109962346, 0.04226119312421218, 0.03713940848381022, 0.041854715499722674, 0.9772112563923424, 0.04145128357928658, 0.10705514356877248, 0.04211772678646876, 0.00623280281860935, 0.033433252829124696, 0.03983494928621079, 0.040345138244165316, 0.0409229458064726, 0.014513284980948686], "split9_index": [139, 140, 141, 142, 143, 144, 145, 146, 147, 148, 149, 150, 151, 152], "split9_pred": [0, 0, 0, 0, 1, 0, 0, 0, 0, 0, 0, 0, 0, 0], "split9_test": [0, 0, 0, 0, 1, 0, 0, 0, 0, 0, 0, 0, 0, 0], "split9_notXOR": [1, 1, 1, 1, 1, 1, 1, 1, 1, 1, 1, 1, 1, 1], "split9_prob": [0.0415366481814782, 0.04018362350348349, 0.03995151596117972, 0.041510261999095056, 0.9743795493086475, 0.040463377944109265, 0.041538148410844536, 0.04744731668889089, 0.00835182426657228, 0.03191014875278542, 0.04052410317917781, 0.041573390905846434, 0.04154394032197162, 0.019047348669025528], "split10_index": [153, 154, 155, 156, 157, 158, 159, 160, 161, 162, 163, 164, 165, 166], "split10_pred": [0, 0, 0, 0, 1, 0, 0, 0, 0, 0, 0, 0, 0, 0], "split10_test": [0, 0, 0, 0, 1, 0, 0, 0, 0, 0, 0, 0, 0, 0], "split10_notXOR": [1, 1, 1, 1, 1, 1, 1, 1, 1, 1, 1, 1, 1, 1], "split10_prob": [0.03975804677450183, 0.03855234240254477, 0.03968084579358567, 0.039790787026841426, 0.9946746256984016, 0.03974536343177794, 0.03970354173783421, 0.037778796730038804, 0.008796920965403746, 0.030089316694095532, 0.03966784134963812, 0.03976001255592446, 0.03979794812237292, 0.020828873867237606], "split11_index": [167, 168, 169, 170, 171, 172, 173, 174, 175, 176, 177, 178, 179, 180], "split11_pred": [0, 0, 0, 0, 1, 0, 0, 0, 0, 0, 0, 0, 0, 0], "split11_test": [0, 0, 0, 0, 1, 0, 0, 0, 0, 0, 0, 0, 0, 0], "split11_notXOR": [1, 1, 1, 1, 1, 1, 1, 1, 1, 1, 1, 1, 1, 1], "split11_prob": [0.034360859315807755, 0.033455801997189026, 0.0343562073222329, 0.03435754461894954, 0.9783536977253351, 0.03437008019878278, 0.034332868701964045, 0.03287215748835328, 0.009466824974577164, 0.027056060418620267, 0.034313338951230184, 0.0343465972694867, 0.03437905175585584, 0.01981277150103507], "split12_index": [181, 182, 183, 184, 185, 186, 187, 188, 189, 190, 191, 192, 193, 194], "split12_pred": [0, 0, 0, 0, 1, 0, 0, 0, 0, 0, 0, 0, 0, 0], "split12_test": [0, 0, 0, 0, 1, 0, 0, 0, 0, 0, 0, 0, 0, 0], "split12_notXOR": [1, 1, 1, 1, 1, 1, 1, 1, 1, 1, 1, 1, 1, 1], "split12_prob": [0.03252088288259916, 0.03168589683790153, 0.032526531863207385, 0.03257402946362805, 0.9857582083902704, 0.03255929597529552, 0.03255941254164299, 0.03104743074466229, 0.008168127054769884, 0.025145985084517875, 0.03254154056810611, 0.0324894044344796, 0.03259539158706526, 0.018113710077274824], "split13_index": [195, 196, 197, 198, 199, 200, 201, 202, 203, 204, 205, 206, 207, 208], "split13_pred": [0, 0, 0, 0, 1, 0, 0, 0, 0, 0, 0, 0, 0, 0], "split13_test": [0, 0, 0, 0, 1, 0, 0, 0, 0, 0, 0, 0, 0, 0], "split13_notXOR": [1, 1, 1, 1, 1, 1, 1, 1, 1, 1, 1, 1, 1, 1],