{"split0_index": [5, 6, 7, 8, 9, 10, 11, 12, 13], "split0_pred": [0, 0, 0, 0, 0, 0, 0, 0, 0], "split0_test": [0, 0, 0, 0, 0, 0, 1, 0, 0], "split0_notXOR": [1, 1, 1, 1, 1, 1, 0, 1, 1], "split0_prob": [0.0, 0.0, 0.0, 0.0, 0.0, 0.0, 0.0, 0.0, 0.0], "split1_index": [14, 15, 16, 17, 18, 19, 20, 21, 22, 23], "split1_pred": [0, 0, 0, 0, 0, 0, 0, 0, 0, 0], "split1_test": [0, 0, 0, 0, 0, 0, 0, 1, 0, 0], "split1_notXOR": [1, 1, 1, 1, 1, 1, 1, 0, 1, 1], "split1_prob": [8.577685509297534e-95, 3.2469516870551693e-83, 0.0, 7.029900926731575e-70, 0.0, 1.7792379771436762e-79, 6.54320828668287e-72, 3.4848416942676304e-63, 1.2028691579161877e-69, 4.1640681348553376e-22]}