{"split0_index": [5, 6, 7, 8, 9, 10, 11, 12, 13], "split0_pred": [0, 0, 0, 0, 0, 0, 0, 0, 0], "split0_test": [0, 0, 0, 0, 0, 0, 1, 0, 0], "split0_notXOR": [1, 1, 1, 1, 1, 1, 0, 1, 1], "split0_prob": [0.1764391959980322, 0.2584461235017913, 0.22072526917738614, 0.1348701568977169, 0.11547664097755483, 0.11583877655465358, 0.31357933652513686, 0.11556198519082664, 0.11556224404062686], "split1_index": [14, 15, 16, 17, 18, 19, 20, 21, 22, 23], "split1_pred": [0, 0, 0, 0, 0, 0, 0, 0, 0, 0], "split1_test": [0, 0, 0, 0, 0, 0, 0, 1, 0, 0], "split1_notXOR": [1, 1, 1, 1, 1, 1, 1, 0, 1, 1], "split1_prob": [0.19163664918782677, 0.1847755128530822, 0.15789580487189087, 0.18865332037888347, 0.16276024985213366, 0.18781445966440988, 0.18441945598335122, 0.18135153191321177, 0.1890441929508933, 0.160734428042274]}