{"split0_index": [3, 4, 5], "split0_pred": [0, 0, 1], "split0_test": [0, 0, 1], "split0_notXOR": [1, 1, 1], "split0_prob": [0.11443272014475789, 0.663445841156216, 0.004788501746731507], "split1_index": [6, 7, 8], "split1_pred": [0, 0, 1], "split1_test": [0, 0, 1], "split1_notXOR": [1, 1, 1], "split1_prob": [0.4247335572312435, 0.41830021146119284, 0.028412126221714157], "split2_index": [9, 10, 11], "split2_pred": [0, 0, 1], "split2_test": [0, 0, 1], "split2_notXOR": [1, 1, 1], "split2_prob": [0.09689232156462824, 0.10032888540254638, 0.7762776907089455], "split3_index": [12, 13, 14], "split3_pred": [0, 0, 1], "split3_test": [0, 0, 1], "split3_notXOR": [1, 1, 1], "split3_prob": [0.07780242856784593, 0.08147197978137524, 0.813506735699839], "split4_index": [15, 16, 17], "split4_pred": [0, 0, 1], "split4_test": [0, 0, 1], "split4_notXOR": [1, 1, 1], "split4_prob": [0.19083441112167945, 0.06853185423132137, 0.8402856174488889], "split5_index": [18, 19, 20], "split5_pred": [0, 0, 1], "split5_test": [0, 0, 1], "split5_notXOR": [1, 1, 1], "split5_prob": [0.05554634024266857, 0.059624108917877, 0.8604275021771373], "split6_index": [21, 22, 23], "split6_pred": [0, 0, 1], "split6_test": [0, 0, 1], "split6_notXOR": [1, 1, 1], "split6_prob": [0.18888995372209916, 0.053185111509205116, 0.8771771293650344], "split7_index": [24, 25, 26], "split7_pred": [0, 0, 1], "split7_test": [0, 0, 1], "split7_notXOR": [1, 1, 1], "split7_prob": [0.08447813615139368, 0.04820833512229281, 0.8925154926300259], "split8_index": [27, 28, 29], "split8_pred": [0, 0, 1], "split8_test": [0, 0, 1], "split8_notXOR": [1, 1, 1], "split8_prob": [0.05036212169758775, 0.04895901885489993, 0.9118348528403305], "split9_index": [30, 31, 32], "split9_pred": [0, 0, 1], "split9_test": [1, 0, 1], "split9_notXOR": [0, 1, 1], "split9_prob": [0.1720857514089928, 0.03449534856981843, 0.9197650323838156], "split10_index": [33, 34, 35], "split10_pred": [0, 0, 1], "split10_test": [1, 0, 1], "split10_notXOR": [0, 1, 1], "split10_prob": [0.11968654335007739, 0.0609806991863281, 0.9439937091961355], "split11_index": [36, 37, 38], "split11_pred": [1, 0, 1], "split11_test": [1, 0, 1], "split11_notXOR": [1, 1, 1], "split11_prob": [0.6025798335966123, 0.08548788081153293, 0.953382871091994], "split12_index": [39, 40, 41], "split12_pred": [1, 0, 1], "split12_test": [1, 0, 1], "split12_notXOR": [1, 1, 1], "split12_prob": [0.967143738645561, 0.047237050869438434, 0.9650280950441958], "split13_index": [42, 43, 44], "split13_pred": [1, 0, 1], "split13_test": [1, 0, 1], "split13_notXOR": [1, 1, 1], "split13_prob": [0.9576891929265269, 0.0417665727310151, 0.958227995059386], "split14_index": [45, 46, 47], "split14_pred": [1, 0, 1], "split14_test": [1, 0, 1], "split14_notXOR": [1, 1, 1], "split14_prob": [0.9529573638444101, 0.02721600718042882, 0.9529451950265843], "split15_index": [48, 49, 50], "split15_pred": [1, 0, 1], "split15_test": [1, 0, 1], "split15_notXOR": [1, 1, 1], "split15_prob": [0.9572005308931811, 0.026886438196798593, 0.9571960883428328], "split16_index": [51, 52, 53], "split16_pred": [1, 0, 1], "split16_test": [1, 0, 1], "split16_notXOR": [1, 1, 1], "split16_prob": [0.9605949813676892, 0.027288989483275506, 0.9603237845038711], "split17_index": [54, 55, 56], "split17_pred": [1, 0, 1], "split17_test": [1, 0, 1], "split17_notXOR": [1, 1, 1], "split17_prob": [0.9640472416181408, 0.026148809523115327, 0.9641020565444021], "split18_index": [57, 58, 59], "split18_pred": [1, 0, 1], "split18_test": [1, 0, 1], "split18_notXOR": [1, 1, 1], "split18_prob": [0.9595324045694196, 0.021095147027185183, 0.9601092365788879], "split19_index": [60, 61, 62], "split19_pred": [1, 0, 1], "split19_test": [1, 0, 1], "split19_notXOR": [1, 1, 1], "split19_prob": [0.9534668034663164, 0.01783109897161578, 0.953480581449231], "split20_index": [63, 64, 65], "split20_pred": [1, 0, 1], "split20_test": [1, 0, 1], "split20_notXOR": [1, 1, 1], "split20_prob": [0.9556498045392376, 0.01669922538548003, 0.9556297483512931], "split21_index": [66, 67, 68], "split21_pred": [1, 0, 1], "split21_test": [1, 0, 1], "split21_notXOR": [1, 1, 1], "split21_prob": [0.9459811484165594, 0.017940055657930762, 0.9459575171714265], "split22_index": [69, 70, 71], "split22_pred": [1, 0, 1], "split22_test": [1, 0, 1], "split22_notXOR": [1, 1, 1], "split22_prob": [0.958109028607665, 0.015852655811083083, 0.9580855830373253], "split23_index": [72, 73, 74], "split23_pred": [1, 0, 1], "split23_test": [1, 0, 1], "split23_notXOR": [1, 1, 1], "split23_prob": [0.9626379563377292, 0.01528159402597356, 0.9630762495793631], "split24_index": [75, 76, 77], "split24_pred": [1, 0, 1], "split24_test": [1, 0, 1], "split24_notXOR": [1, 1, 1], "split24_prob": [0.9654113009116946, 0.014929535021362, 0.9655047317712162], "split25_index": [78, 79, 80], "split25_pred": [1, 0, 1], "split25_test": [1, 0, 1], "split25_notXOR": [1, 1, 1], "split25_prob": [0.9750048942442718, 0.013932895982723972, 0.9642335538664022], "split26_index": [81, 82, 83], "split26_pred": [1, 0, 1], "split26_test": [1, 0, 1], "split26_notXOR": [1, 1, 1], "split26_prob": [0.9582226629694539, 0.014668731223555087, 0.9574925452042202], "split27_index": [84, 85, 86, 87], "split27_pred": [1, 1, 0, 1], "split27_test": [0, 1, 0, 1], "split27_notXOR": [0, 1, 1, 1], "split27_prob": [0.9134023336475413, 0.9781337765145521, 0.013184036689983417, 0.9684361756791471], "split28_index": [88, 89, 90, 91], "split28_pred": [1, 1, 0, 1], "split28_test": [0, 1, 0, 1], "split28_notXOR": [0, 1, 1, 1], "split28_prob": [0.862973182190731, 0.9714094572410464, 0.010767404787614971, 0.5717601527064795], "split29_index": [92, 93, 94, 95], "split29_pred": [1, 1, 0, 1], "split29_test": [0, 1, 0, 1], "split29_notXOR": [0, 1, 1, 1], "split29_prob": [0.8053174728941127, 0.9463157297911328, 0.032597448139406016, 0.9463198206696689], "split30_index": [96, 97, 98, 99], "split30_pred": [1, 1, 0, 1], "split30_test": [0, 1, 0, 1], "split30_notXOR": [0, 1, 1, 1], "split30_prob": [0.7346704606164924, 0.9386743580276911, 0.015219066095371778, 0.9395874791049444], "split31_index": [100, 101, 102, 103], "split31_pred": [1, 1, 0, 1], "split31_test": [0, 1, 0, 1], "split31_notXOR": [0, 1, 1, 1], "split31_prob": [0.6462313989153021, 0.9351800359271489, 0.009240823831546242, 0.9353781018690958], "split32_index": [104, 105, 106, 107], "split32_pred": [1, 1, 0, 1], "split32_test": [0, 1, 0, 1], "split32_notXOR": [0, 1, 1, 1], "split32_prob": [0.5915823174043363, 0.9336006485145933, 0.002369362669803313, 0.9336626632213142], "split33_index": [108, 109, 110, 111], "split33_pred": [1, 1, 0, 1], "split33_test": [0, 1, 0, 1], "split33_notXOR": [0, 1, 1, 1], "split33_prob": [0.4521419284942215, 0.9355433287119628, 0.0004527333985642323, 0.9416507201066711], "split34_index": [112, 113, 114, 115], "split34_pred": [1, 1, 0, 1], "split34_test": [0, 1, 0, 1], "split34_notXOR": [0, 1, 1, 1], "split34_prob": [0.33354080017745796, 0.9389821343996682, 0.0003574240313236752, 0.9333343559917087], "split35_index": [116, 117, 118, 119], "split35_pred": [1, 1, 0, 1], "split35_test": [0, 1, 0, 1], "split35_notXOR": [0, 1, 1, 1], "split35_prob": [0.17270651635241355, 0.9692499468943533, 0.0005863449318335139, 0.958069417573268], "split36_index": [120, 121, 122, 123], "split36_pred": [0, 1, 0, 1], "split36_test": [0, 1, 0, 1], "split36_notXOR": [1, 1, 1, 1], "split36_prob": [0.08532487722820657, 0.9691005087084631, 0.0012405417862214924, 0.97257635444239], "split37_index": [124, 125, 126, 127], "split37_pred": [0, 1, 0, 1], "split37_test": [0, 1, 0, 1], "split37_notXOR": [1, 1, 1, 1], "split37_prob": [0.06490852138489224, 0.9726653932066478, 0.0017823232567332223, 0.9750229348825041], "split38_index": [128, 129, 130, 131], "split38_pred": [0, 1, 0, 1], "split38_test": [0, 1, 0, 1], "split38_notXOR": [1, 1, 1, 1], "split38_prob": [0.02933550003354343, 0.968954398335875, 0.0011540018871048492, 0.9742995132195897], "split39_index": [132, 133, 134, 135], "split39_pred": [0, 1, 0, 1],