{"split0_index": [4, 5, 6, 7, 8, 9], "split0_pred": [0, 0, 0, 0, 0, 0], "split0_test": [1, 1, 1, 1, 0, 0], "split0_notXOR": [0, 0, 0, 0, 1, 1], "split0_prob": [0.49333333333333335, 0.49333333333333335, 0.49333333333333335, 0.49333333333333335, 0.49333333333333335, 0.49333333333333335], "split1_index": [10, 11, 12, 13, 14, 15], "split1_pred": [1, 1, 1, 1, 1, 1], "split1_test": [1, 1, 1, 1, 0, 0], "split1_notXOR": [1, 1, 1, 1, 0, 0], "split1_prob": [0.5005793650793651, 0.5005793650793651, 0.5005793650793651, 0.5005793650793651, 0.5005793650793651, 0.5005793650793651], "split2_index": [16, 17, 18, 19, 20, 21], "split2_pred": [1, 1, 1, 0, 1, 1], "split2_test": [1, 1, 1, 0, 0, 0], "split2_notXOR": [1, 1, 1, 1, 0, 0], "split2_prob": [0.5261933752521987, 0.5261933752521987, 0.5261933752521987, 0.4853332353920588, 0.5261933752521987, 0.5261933752521987], "split3_index": [22, 23, 24, 25, 26, 27], "split3_pred": [1, 1, 1, 1, 1, 1], "split3_test": [1, 1, 1, 0, 0, 0], "split3_notXOR": [1, 1, 1, 0, 0, 0], "split3_prob": [0.5620519468491606, 0.5620519468491606, 0.5620519468491606, 0.5620519468491606, 0.5620519468491606, 0.5620519468491606], "split4_index": [28, 29, 30, 31, 32, 33], "split4_pred": [1, 1, 1, 1, 1, 1], "split4_test": [1, 1, 1, 0, 0, 0], "split4_notXOR": [1, 1, 1, 0, 0, 0], "split4_prob": [0.5296007142291764, 0.5296007142291764, 0.5296007142291764, 0.5296007142291764, 0.5296007142291764, 0.5296007142291764], "split5_index": [34, 35, 36, 37, 38, 39], "split5_pred": [1, 1, 1, 1, 0, 1], "split5_test": [1, 1, 1, 0, 0, 0], "split5_notXOR": [1, 1, 1, 0, 1, 0], "split5_prob": [0.5461201975145825, 0.5461201975145825, 0.5461201975145825, 0.5461201975145825, 0.4248102061836081, 0.5131931212538021], "split6_index": [40, 41, 42, 43, 44, 45, 46], "split6_pred": [1, 0, 1, 1, 0, 1, 0], "split6_test": [1, 1, 1, 1, 0, 0, 0], "split6_notXOR": [1, 0, 1, 1, 1, 0, 1], "split6_prob": [0.5463606119914828, 0.062465569458990504, 0.5463606119914828, 0.5463606119914828, 0.15966095677512088, 0.5463606119914828, 0.1801737772879414], "split7_index": [47, 48, 49, 50, 51], "split7_pred": [0, 1, 0, 0, 1], "split7_test": [0, 0, 0, 1, 1], "split7_notXOR": [1, 0, 1, 0, 1], "split7_prob": [0.17278072418036186, 0.549194204048546, 0.2690222825253987, 0.19485497538222152, 0.8315119047619046], "split8_index": [52, 53, 54, 55, 56], "split8_pred": [1, 1, 1, 1, 1], "split8_test": [0, 0, 0, 1, 1], "split8_notXOR": [0, 0, 0, 1, 1], "split8_prob": [0.5766707361946243, 0.5766707361946243, 0.5766707361946243, 0.5766707361946243, 0.71], "split9_index": [57, 58, 59, 60, 61], "split9_pred": [1, 1, 1, 0, 0], "split9_test": [0, 0, 0, 1, 1], "split9_notXOR": [0, 0, 0, 0, 0], "split9_prob": [0.5361616486471154, 0.5361616486471154, 0.5361616486471154, 0.42849427050975336, 0.34448619849949075], "split10_index": [62, 63, 64, 65, 66], "split10_pred": [1, 1, 0, 1, 1], "split10_test": [0, 0, 0, 1, 1], "split10_notXOR": [0, 0, 1, 1, 1], "split10_prob": [0.5273824839885959, 0.5273824839885959, 0.18306850269321515, 0.5273824839885959, 0.5273824839885959], "split11_index": [67, 68, 69, 70, 71], "split11_pred": [1, 1, 1, 1, 1], "split11_test": [0, 0, 0, 1, 1], "split11_notXOR": [0, 0, 0, 1, 1], "split11_prob": [0.5109678105278413, 0.5109678105278413, 0.5109678105278413, 0.5109678105278413, 0.5964410133939009], "split12_index": [72, 73, 74, 75, 76], "split12_pred": [1, 1, 1, 1, 1], "split12_test": [0, 0, 0, 1, 1], "split12_notXOR": [0, 0, 0, 1, 1], "split12_prob": [0.5003510595286712, 0.5003510595286712, 0.5003510595286712, 0.5003510595286712, 0.5003510595286712], "split13_index": [77, 78, 79, 80, 81], "split13_pred": [1, 1, 1, 0, 1], "split13_test": [0, 0, 0, 1, 1], "split13_notXOR": [0, 0, 0, 0, 1], "split13_prob": [0.5030538550292907, 0.5030538550292907, 0.5030538550292907, 0.0893662833374113, 0.5030538550292907], "split14_index": [82, 83, 84, 85, 86], "split14_pred": [0, 0, 0, 0, 0], "split14_test": [0, 0, 0, 1, 1], "split14_notXOR": [1, 1, 1, 0, 0], "split14_prob": [0.499612682251323, 0.499612682251323, 0.499612682251323, 0.499612682251323, 0.499612682251323], "split15_index": [87, 88, 89, 90, 91], "split15_pred": [0, 0, 0, 0, 0], "split15_test": [0, 0, 0, 1, 1], "split15_notXOR": [1, 1, 1, 0, 0], "split15_prob": [0.49416623146956695, 0.49416623146956695, 0.49416623146956695, 0.49416623146956695, 0.49416623146956695], "split16_index": [92, 93, 94, 95, 96], "split16_pred": [0, 0, 0, 0, 0], "split16_test": [0, 0, 0, 1, 1], "split16_notXOR": [1, 1, 1, 0, 0], "split16_prob": [0.4907943444256362, 0.4907943444256362, 0.4907943444256362, 0.4907943444256362, 0.4907943444256362], "split17_index": [97, 98, 99, 100, 101], "split17_pred": [0, 0, 0, 0, 0], "split17_test": [0, 0, 0, 1, 1], "split17_notXOR": [1, 1, 1, 0, 0], "split17_prob": [0.49568859171907076, 0.49568859171907076, 0.49568859171907076, 0.49568859171907076, 0.49568859171907076], "split18_index": [102, 103, 104, 105, 106], "split18_pred": [1, 1, 1, 1, 1], "split18_test": [0, 0, 0, 1, 1], "split18_notXOR": [0, 0, 0, 1, 1], "split18_prob": [0.5009060813906973, 0.5009060813906973, 0.5009060813906973, 0.5009060813906973, 0.93], "split19_index": [107, 108, 109, 110, 111], "split19_pred": [0, 0, 0, 0, 0], "split19_test": [0, 0, 0, 1, 1], "split19_notXOR": [1, 1, 1, 0, 0], "split19_prob": [0.4843609157617679, 0.4843609157617679, 0.4843609157617679, 0.4843609157617679, 0.4843609157617679], "split20_index": [112, 113, 114, 115, 116], "split20_pred": [0, 0, 0, 0, 1], "split20_test": [0, 0, 0, 1, 0], "split20_notXOR": [1, 1, 1, 0, 0], "split20_prob": [0.4873825826689436, 0.4873825826689436, 0.4873825826689436, 0.4873825826689436, 0.5395338791391834], "split21_index": [117, 118, 119, 120, 121], "split21_pred": [1, 1, 0, 0, 1], "split21_test": [1, 1, 0, 1, 0], "split21_notXOR": [1, 1, 1, 0, 0], "split21_prob": [0.99, 0.98, 0.4863039889686538, 0.13542840806991752, 0.98], "split22_index": [122, 123, 124, 125, 126], "split22_pred": [1, 0, 0, 0, 0], "split22_test": [0, 0, 0, 1, 0], "split22_notXOR": [0, 1, 1, 0, 1], "split22_prob": [0.5274362038623641, 0.250083678638778, 0.4752888572728963, 0.4752888572728963, 0.4752888572728963], "split23_index": [127, 128, 129, 130, 131], "split23_pred": [0, 0, 0, 0, 0], "split23_test": [0, 0, 0, 1, 0], "split23_notXOR": [1, 1, 1, 0, 1], "split23_prob": [0.4849140908704561, 0.4849140908704561, 0.4849140908704561, 0.4849140908704561, 0.4849140908704561], "split24_index": [132, 133, 134, 135, 136], "split24_pred": [0, 0, 0, 0, 0], "split24_test": [0, 0, 0, 1, 0], "split24_notXOR": [1, 1, 1, 0, 1], "split24_prob": [0.479510573810464, 0.479510573810464, 0.479510573810464, 0.479510573810464, 0.479510573810464], "split25_index": [137, 138, 139, 140, 141], "split25_pred": [0, 0, 0, 0, 0], "split25_test": [0, 0, 0, 1, 0], "split25_notXOR": [1, 1, 1, 0, 1], "split25_prob": [0.48042959738806895, 0.48042959738806895, 0.48042959738806895, 0.48042959738806895, 0.48042959738806895], "split26_index": [142, 143, 144, 145, 146], "split26_pred": [0, 0, 0, 0, 0], "split26_test": [0, 0, 0, 1, 0], "split26_notXOR": [1, 1, 1, 0, 1], "split26_prob": [0.4783360522371727, 0.4783360522371727, 0.4783360522371727, 0.4783360522371727, 0.4783360522371727], "split27_index": [147, 148, 149, 150, 151], "split27_pred": [0, 0, 0, 0, 0], "split27_test": [0, 0, 0, 1, 0], "split27_notXOR": [1, 1, 1, 0, 1], "split27_prob": [0.46893802678226915, 0.46893802678226915, 0.46893802678226915, 0.46893802678226915, 0.46893802678226915], "split28_index": [152, 153, 154, 155, 156], "split28_pred": [0, 0, 0, 0, 0], "split28_test": [0, 0, 0, 1, 0], "split28_notXOR": [1, 1, 1, 0, 1], "split28_prob": [0.4823172397292155, 0.4823172397292155, 0.4823172397292155, 0.4823172397292155, 0.1690063414644715], "split29_index": [157, 158, 159, 160, 161], "split29_pred": [0, 0, 0, 1, 0], "split29_test": [0, 0, 0, 1, 0], "split29_notXOR": [1, 1, 1, 1, 1], "split29_prob": [0.4851279150687855, 0.4851279150687855, 0.4851279150687855, 0.64, 0.4851279150687855], "split30_index": [162, 163, 164, 165, 166],