{"split0_index": [9, 10, 11, 12, 13, 14, 15, 16, 17], "split0_pred": [1, 1, 0, 1, 0, 1, 1, 1, 0], "split0_test": [1, 0, 0, 1, 0, 1, 1, 1, 0], "split0_notXOR": [1, 0, 1, 1, 1, 1, 1, 1, 1], "split0_prob": [0.9404012708013024, 0.9484486323005576, 0.10191616976929932, 0.8992256631685452, 0.10175922498329625, 0.9441889014842031, 0.9456747145280846, 0.9284123608042743, 0.10175625611529115], "split1_index": [18, 19, 20, 21, 22, 23, 24, 25, 26], "split1_pred": [1, 0, 0, 1, 0, 1, 1, 1, 0], "split1_test": [1, 0, 0, 1, 0, 0, 0, 1, 0], "split1_notXOR": [1, 1, 1, 1, 1, 0, 0, 1, 1], "split1_prob": [0.8520617489099302, 0.47557501304144517, 0.15175909787114458, 0.867260179594615, 0.1518901008823953, 0.868449651351302, 0.8672608318123779, 0.8672345443097964, 0.15172271258745473], "split2_index": [27, 28, 29, 30, 31, 32, 33, 34, 35], "split2_pred": [1, 0, 0, 1, 0, 1, 1, 1, 0], "split2_test": [1, 0, 0, 1, 0, 0, 0, 1, 0], "split2_notXOR": [1, 1, 1, 1, 1, 0, 0, 1, 1], "split2_prob": [0.8232028162970405, 0.4788545975973013, 0.2078898714855653, 0.8232517400330803, 0.20783034785053425, 0.8202767095120163, 0.8217333994139483, 0.8233675309574287, 0.20777217339376422], "split3_index": [36, 37, 38, 39, 40, 41, 42, 43, 44], "split3_pred": [1, 0, 0, 1, 0, 0, 0, 1, 0], "split3_test": [1, 0, 0, 1, 0, 0, 0, 1, 0], "split3_notXOR": [1, 1, 1, 1, 1, 1, 1, 1, 1], "split3_prob": [0.8356367490746125, 0.19322546776839206, 0.18527828596336138, 0.6493900666750421, 0.19651826413594656, 0.38103223245044265, 0.4000831314370445, 0.8356155285873668, 0.18748630696896906], "split4_index": [45, 46, 47, 48, 49, 50, 51, 52, 53], "split4_pred": [1, 0, 0, 1, 0, 0, 0, 1, 0], "split4_test": [1, 1, 0, 1, 0, 0, 0, 1, 0], "split4_notXOR": [1, 0, 1, 1, 1, 1, 1, 1, 1], "split4_prob": [0.8501448555901154, 0.15279122264710984, 0.13999046598038092, 0.8527891211503693, 0.1667251790597753, 0.16675391129161235, 0.16676774801495062, 0.8444939758829196, 0.158967520687933], "split5_index": [54, 55, 56, 57, 58, 59, 60, 61, 62], "split5_pred": [1, 0, 0, 1, 0, 0, 0, 1, 0], "split5_test": [1, 1, 0, 1, 0, 0, 0, 1, 0], "split5_notXOR": [1, 0, 1, 1, 1, 1, 1, 1, 1], "split5_prob": [0.9397128373051474, 0.21613873759218505, 0.1344173962454448, 0.9407311309870777, 0.16915615787607868, 0.1657844334382785, 0.31962781236127247, 0.9406016414123076, 0.16155647101305884], "split6_index": [63, 64, 65, 66, 67, 68, 69, 70, 71], "split6_pred": [1, 0, 0, 1, 0, 0, 0, 1, 0], "split6_test": [1, 1, 0, 1, 0, 0, 0, 1, 0], "split6_notXOR": [1, 0, 1, 1, 1, 1, 1, 1, 1], "split6_prob": [0.9158851863437344, 0.4714945345905572, 0.11329083470444372, 0.880070111930349, 0.13656599151617713, 0.13650353009927343, 0.13879674621824256, 0.9159044428733936, 0.126613622303772], "split7_index": [72, 73, 74, 75, 76, 77, 78, 79, 80], "split7_pred": [1, 1, 0, 1, 0, 0, 0, 1, 0], "split7_test": [1, 1, 0, 1, 0, 0, 0, 1, 0], "split7_notXOR": [1, 1, 1, 1, 1, 1, 1, 1, 1], "split7_prob": [0.9342443939268728, 0.8604642673086258, 0.10298124508660406, 0.934325403493893, 0.12665148917279945, 0.12680348790598114, 0.12680982588553247, 0.9342856870267263, 0.11958885863698122], "split8_index": [81, 82, 83, 84, 85, 86, 87, 88, 89], "split8_pred": [1, 1, 0, 1, 0, 0, 0, 1, 0], "split8_test": [1, 1, 0, 1, 0, 0, 0, 1, 0], "split8_notXOR": [1, 1, 1, 1, 1, 1, 1, 1, 1], "split8_prob": [0.9305302005296415, 0.9170358393740585, 0.10699718169779836, 0.9305178907519714, 0.13333451598848556, 0.1334913258485223, 0.13350424921448767, 0.9305507202083437, 0.12383871902395849], "split9_index": [90, 91, 92, 93, 94, 95, 96, 97, 98], "split9_pred": [1, 1, 0, 1, 0, 0, 0, 1, 0], "split9_test": [1, 1, 0, 1, 0, 0, 0, 1, 0], "split9_notXOR": [1, 1, 1, 1, 1, 1, 1, 1, 1], "split9_prob": [0.9584202943750596, 0.9454219256019695, 0.07953844541999368, 0.9584612341938292, 0.10157597079618513, 0.10154593599906234, 0.10160052089275318, 0.9584428870429998, 0.09364279156511912], "split10_index": [99, 100, 101, 102, 103, 104, 105, 106, 107], "split10_pred": [1, 1, 0, 1, 0, 0, 0, 1, 0], "split10_test": [1, 0, 0, 1, 0, 0, 0, 1, 0], "split10_notXOR": [1, 0, 1, 1, 1, 1, 1, 1, 1], "split10_prob": [0.9388152980945852, 0.7153389969586779, 0.09249922201629214, 0.932831721620996, 0.11528759894138423, 0.1152000938340109, 0.11522793941532654, 0.9428786865851375, 0.10697190567959544], "split11_index": [108, 109, 110, 111, 112, 113, 114, 115, 116], "split11_pred": [1, 1, 0, 1, 0, 0, 1, 0, 0], "split11_test": [1, 1, 1, 1, 0, 1, 1, 0, 1], "split11_notXOR": [1, 1, 0, 1, 1, 0, 1, 1, 0], "split11_prob": [0.9391236488827736, 0.6636423957496312, 0.07450551349947146, 0.9390629478382936, 0.09335750735772634, 0.18576862067215097, 0.9391656750317602, 0.08532956357220546, 0.12634734896813743], "split12_index": [117, 118, 119, 120, 121, 122, 123, 124, 125], "split12_pred": [1, 1, 0, 1, 0, 1, 1, 0, 0], "split12_test": [1, 1, 0, 1, 0, 1, 1, 0, 0], "split12_notXOR": [1, 1, 1, 1, 1, 1, 1, 1, 1], "split12_prob": [0.9424904162391927, 0.9049467490300956, 0.10668395875663707, 0.9424538244902197, 0.12863509769266449, 0.7745805780875765, 0.9495442567530527, 0.12853694749687888, 0.34206023417966674], "split13_index": [126, 127, 128, 129, 130, 131, 132, 133, 134], "split13_pred": [1, 1, 0, 1, 0, 1, 1, 0, 0], "split13_test": [1, 1, 0, 1, 0, 1, 1, 0, 0], "split13_notXOR": [1, 1, 1, 1, 1, 1, 1, 1, 1], "split13_prob": [0.9307886276815035, 0.9307921361415996, 0.08768298028646831, 0.9312878822913049, 0.09929041095116473, 0.7963414550634393, 0.9429065397065313, 0.09921898514051268, 0.13857771595864743], "split14_index": [135, 136, 137, 138, 139, 140, 141, 142, 143], "split14_pred": [1, 1, 0, 1, 0, 1, 1, 0, 0], "split14_test": [1, 1, 0, 1, 0, 1, 1, 0, 0], "split14_notXOR": [1, 1, 1, 1, 1, 1, 1, 1, 1], "split14_prob": [0.9335568169422106, 0.9089003142773531, 0.1218890055965294, 0.93110646258993, 0.1325667327146845, 0.9336251790077038, 0.9464656258708852, 0.13280952060181161, 0.13268847467163147], "split15_index": [144, 145, 146, 147, 148, 149, 150, 151, 152], "split15_pred": [1, 1, 0, 1, 0, 1, 1, 0, 0], "split15_test": [1, 1, 0, 1, 0, 1, 1, 0, 0], "split15_notXOR": [1, 1, 1, 1, 1, 1, 1, 1, 1], "split15_prob": [0.9364190493037388, 0.9365052586991452, 0.08780318898324557, 0.9443374639641784, 0.09508774411352354, 0.936439023787735, 0.9474199041097117, 0.0635454776327396, 0.09510124382824905], "split16_index": [153, 154, 155, 156, 157, 158, 159, 160, 161], "split16_pred": [1, 1, 0, 1, 0, 1, 1, 0, 0], "split16_test": [1, 1, 0, 1, 0, 1, 1, 0, 0], "split16_notXOR": [1, 1, 1, 1, 1, 1, 1, 1, 1], "split16_prob": [0.9443483977219685, 0.944423239315409, 0.08266104390781011, 0.9518846948706811, 0.09025049439320373, 0.9443937736350744, 0.9544362870567138, 0.06098792560483712, 0.09034925794335848], "split17_index": [162, 163, 164, 165, 166, 167, 168, 169, 170], "split17_pred": [1, 1, 0, 1, 0, 1, 1, 0, 0], "split17_test": [1, 1, 0, 1, 0, 1, 1, 0, 0], "split17_notXOR": [1, 1, 1, 1, 1, 1, 1, 1, 1], "split17_prob": [0.9381091872386014, 0.9381199692953263, 0.06887444452042067, 0.9466687924268389, 0.0755836193009656, 0.9380770323587718, 0.949412065414498, 0.04972769658920079, 0.07560372160633905], "split18_index": [171, 172, 173, 174, 175, 176, 177, 178, 179], "split18_pred": [1, 1, 0, 1, 0, 1, 1, 0, 0], "split18_test": [1, 1, 0, 1, 0, 1, 1, 0, 0], "split18_notXOR": [1, 1, 1, 1, 1, 1, 1, 1, 1], "split18_prob": [0.9456806161251056, 0.945704101876565, 0.07166381925447551, 0.9534031890889971, 0.078692531220452, 0.9398618024402711, 0.9558586285901393, 0.051522398733011975, 0.0787765308679546], "split19_index": [180, 181, 182, 183, 184, 185, 186, 187, 188], "split19_pred": [1, 1, 0, 1, 0, 1, 1, 0, 0], "split19_test": [1, 1, 0, 1, 0, 1, 1, 0, 0], "split19_notXOR": [1, 1, 1, 1, 1, 1, 1, 1, 1], "split19_prob": [0.9482031605725717, 0.9482004672533235, 0.06392705590130168, 0.9548112655032291, 0.07062320419526946, 0.9569168945385905, 0.9581000312745689, 0.04502129319708743, 0.07067472193478538], "split20_index": [189, 190, 191, 192, 193, 194, 195, 196, 197],