{"split0_index": [19, 20, 21, 22, 23, 24, 25, 26, 27, 28, 29, 30, 31, 32, 33, 34, 35, 36, 37, 38, 39], "split0_pred": [0, 1, 1, 1, 1, 1, 1, 1, 1, 1, 1, 1, 1, 1, 1, 1, 1, 1, 1, 0, 1], "split0_test": [1, 0, 0, 0, 0, 0, 0, 0, 0, 0, 0, 0, 0, 0, 0, 0, 1, 0, 0, 0, 0], "split0_notXOR": [0, 0, 0, 0, 0, 0, 0, 0, 0, 0, 0, 0, 0, 0, 0, 0, 1, 0, 0, 1, 0], "split0_prob": [0.5, 0.5, 0.5, 0.5, 0.5, 0.5, 0.5, 0.5, 0.5, 0.5, 0.5, 0.5, 0.5, 0.5, 0.5, 0.5, 0.5, 0.5, 0.5, 0.5, 0.5], "split1_index": [40, 41, 42, 43, 44, 45, 46, 47, 48, 49, 50, 51, 52, 53, 54, 55, 56, 57, 58, 59, 60], "split1_pred": [0, 1, 1, 1, 1, 1, 1, 1, 1, 1, 0, 1, 1, 1, 1, 1, 1, 1, 1, 1, 1], "split1_test": [1, 0, 1, 0, 0, 0, 0, 0, 0, 0, 0, 0, 0, 0, 0, 0, 1, 0, 0, 0, 0], "split1_notXOR": [0, 0, 1, 0, 0, 0, 0, 0, 0, 0, 1, 0, 0, 0, 0, 0, 1, 0, 0, 0, 0], "split1_prob": [0.7013660565234541, 0.3079440763423686, 0.4691182767727893, 0.29696149769077795, 0.29696149769077795, 0.29696149769077795, 0.29696149769077795, 0.3157474020951796, 0.29696149769077795, 0.29696149769077795, 0.7062331004179702, 0.29696149769077795, 0.29696149769077795, 0.29696149769077795, 0.29696149769077795, 0.29696149769077795, 0.29696149769077795, 0.29696149769077795, 0.40481858946615257, 0.29774195276914134, 0.3517240019608609], "split2_index": [61, 62, 63, 64, 65, 66, 67, 68, 69, 70, 71, 72, 73, 74, 75, 76, 77, 78, 79, 80, 81], "split2_pred": [0, 1, 0, 0, 0, 0, 0, 0, 0, 0, 0, 0, 0, 0, 0, 0, 0, 0, 0, 0, 0], "split2_test": [1, 0, 1, 0, 0, 0, 0, 0, 0, 0, 0, 0, 0, 0, 0, 0, 1, 0, 0, 0, 0], "split2_notXOR": [0, 0, 0, 1, 1, 1, 1, 1, 1, 1, 1, 1, 1, 1, 1, 1, 0, 1, 1, 1, 1], "split2_prob": [0.5784611559818691, 0.4462515665560052, 0.5784611559818691, 0.5784611559818691, 0.5784611559818691, 0.5784611559818691, 0.5784611559818691, 0.5488648127913244, 0.5784611559818691, 0.5784611559818691, 0.5784611559818691, 0.5784611559818691, 0.5784611559818691, 0.5784611559818691, 0.5784611559818691, 0.5784611559818691, 0.5784611559818691, 0.5784611559818691, 0.5784611559818691, 0.5480260881130583, 0.5488648127913244], "split3_index": [82, 83, 84, 85, 86, 87, 88, 89, 90, 91, 92, 93, 94, 95, 96, 97, 98, 99, 100, 101, 102], "split3_pred": [0, 1, 0, 0, 0, 0, 0, 0, 0, 0, 0, 0, 0, 0, 0, 0, 0, 0, 0, 0, 0], "split3_test": [1, 0, 1, 0, 0, 0, 0, 0, 0, 0, 0, 0, 0, 0, 0, 0, 1, 0, 0, 0, 0], "split3_notXOR": [0, 0, 0, 1, 1, 1, 1, 1, 1, 1, 1, 1, 1, 1, 1, 1, 0, 1, 1, 1, 1], "split3_prob": [0.6263627340835644, 0.45494577941188796, 0.6263627340835644, 0.6263627340835644, 0.6263627340835644, 0.6263627340835644, 0.6263627340835644, 0.6263627340835644, 0.6263627340835644, 0.6263627340835644, 0.6263627340835644, 0.6263627340835644, 0.6263627340835644, 0.6263627340835644, 0.6263627340835644, 0.6263627340835644, 0.6263627340835644, 0.6263627340835644, 0.6263627340835644, 0.6263627340835644, 0.6263627340835644], "split4_index": [103, 104, 105, 106, 107, 108, 109, 110, 111, 112, 113, 114, 115, 116, 117, 118, 119, 120, 121, 122, 123], "split4_pred": [0, 0, 0, 0, 0, 0, 0, 0, 0, 0, 0, 0, 0, 0, 0, 1, 0, 0, 0, 0, 0], "split4_test": [1, 0, 1, 0, 0, 0, 0, 0, 0, 0, 0, 0, 0, 0, 0, 0, 1, 0, 0, 0, 0], "split4_notXOR": [0, 1, 0, 1, 1, 1, 1, 1, 1, 1, 1, 1, 1, 1, 1, 0, 0, 1, 1, 1, 1], "split4_prob": [0.621804804520843, 0.6166651065928507, 0.5781418931894099, 0.6166651065928507, 0.621804804520843, 0.621804804520843, 0.5781418931894099, 0.621804804520843, 0.621804804520843, 0.5647447448239721, 0.5566202333294902, 0.621804804520843, 0.621804804520843, 0.621804804520843, 0.621804804520843, 0.4797576969433804, 0.621804804520843, 0.621804804520843, 0.621804804520843, 0.621804804520843, 0.621804804520843], "split5_index": [124, 125, 126, 127, 128, 129, 130, 131, 132, 133, 134, 135, 136, 137, 138, 139, 140, 141, 142, 143, 144], "split5_pred": [0, 0, 0, 0, 0, 0, 0, 1, 0, 0, 1, 0, 0, 0, 0, 0, 0, 0, 0, 0, 0], "split5_test": [1, 0, 1, 0, 0, 0, 0, 0, 0, 0, 0, 0, 0, 0, 0, 0, 1, 0, 0, 0, 0], "split5_notXOR": [0, 1, 0, 1, 1, 1, 1, 0, 1, 1, 0, 1, 1, 1, 1, 1, 0, 1, 1, 1, 1], "split5_prob": [0.6340830682242868, 0.6354638852216026, 0.6340830682242868, 0.6340830682242868, 0.6340830682242868, 0.6340830682242868, 0.6340830682242868, 0.5, 0.6340830682242868, 0.6340830682242868, 0.5, 0.6340830682242868, 0.6340830682242868, 0.6340830682242868, 0.6012132154501403, 0.6340830682242868, 0.577733981904443, 0.6002893459162512, 0.6340830682242868, 0.6340830682242868, 0.6340830682242868], "split6_index": [145, 146, 147, 148, 149, 150, 151, 152, 153, 154, 155, 156, 157, 158, 159, 160, 161, 162, 163, 164, 165], "split6_pred": [0, 0, 0, 0, 0, 0, 0, 0, 0, 0, 0, 0, 0, 0, 0, 0, 0, 0, 0, 0, 0], "split6_test": [1, 0, 1, 0, 0, 0, 0, 0, 0, 0, 0, 0, 0, 0, 0, 0, 1, 0, 0, 0, 0], "split6_notXOR": [0, 1, 0, 1, 1, 1, 1, 1, 1, 1, 1, 1, 1, 1, 1, 1, 0, 1, 1, 1, 1], "split6_prob": [0.6421688593879645, 0.6421688593879645, 0.6421688593879645, 0.6421688593879645, 0.6421688593879645, 0.6421688593879645, 0.6421688593879645, 0.6421688593879645, 0.6421688593879645, 0.6421688593879645, 0.6421688593879645, 0.6421688593879645, 0.6421688593879645, 0.6421688593879645, 0.6421688593879645, 0.6421688593879645, 0.6421688593879645, 0.6421688593879645, 0.6421688593879645, 0.6421688593879645, 0.6421688593879645], "split7_index": [166, 167, 168, 169, 170, 171, 172, 173, 174, 175, 176, 177, 178, 179, 180, 181, 182, 183, 184, 185, 186], "split7_pred": [1, 1, 0, 1, 1, 1, 1, 0, 1, 1, 0, 1, 1, 1, 1, 1, 1, 1, 1, 1, 0], "split7_test": [1, 0, 1, 0, 0, 0, 0, 1, 0, 0, 0, 0, 0, 0, 0, 0, 1, 0, 0, 0, 1], "split7_notXOR": [1, 0, 0, 0, 0, 0, 0, 0, 0, 0, 1, 0, 0, 0, 0, 0, 1, 0, 0, 0, 0], "split7_prob": [0.44020599590917947, 0.44020599590917947, 0.6561262467690427, 0.44020599590917947, 0.44020599590917947, 0.44020599590917947, 0.44020599590917947, 0.5827815322114318, 0.44020599590917947, 0.44020599590917947, 0.5830191092236761, 0.44020599590917947, 0.44020599590917947, 0.44020599590917947, 0.44020599590917947, 0.44020599590917947, 0.44020599590917947, 0.44020599590917947, 0.44020599590917947, 0.46404390506666016, 0.5827815322114318], "split8_index": [187, 188, 189, 190, 191, 192, 193, 194, 195, 196, 197, 198, 199, 200, 201, 202, 203, 204, 205, 206, 207], "split8_pred": [0, 0, 0, 0, 0, 0, 0, 0, 0, 0, 0, 0, 0, 0, 0, 0, 0, 0, 0, 0, 1], "split8_test": [1, 0, 1, 0, 0, 0, 0, 1, 0, 0, 0, 0, 0, 0, 0, 0, 1, 0, 0, 0, 1], "split8_notXOR": [0, 1, 0, 1, 1, 1, 1, 0, 1, 1, 1, 1, 1, 1, 1, 1, 0, 1, 1, 1, 1], "split8_prob": [0.45933432441603744, 0.45933432441603744, 0.45933432441603744, 0.45933432441603744, 0.45933432441603744, 0.45933432441603744, 0.45933432441603744, 0.45933432441603744, 0.45933432441603744, 0.45933432441603744, 0.45933432441603744, 0.45933432441603744, 0.45933432441603744, 0.45933432441603744, 0.45933432441603744, 0.45933432441603744, 0.45933432441603744, 0.45933432441603744, 0.45933432441603744, 0.45933432441603744, 0.41673397731230283], "split9_index": [208, 209, 210, 211, 212, 213, 214, 215, 216, 217, 218, 219, 220, 221, 222, 223, 224, 225, 226, 227, 228], "split9_pred": [1, 0, 0, 0, 0, 0, 0, 0, 0, 0, 0, 0, 0, 0, 0, 0, 0, 0, 0, 0, 1], "split9_test": [1, 0, 1, 0, 0, 0, 0, 1, 0, 0, 0, 0, 0, 0, 0, 0, 1, 0, 0, 0, 1], "split9_notXOR": [1, 1, 0, 1, 1, 1, 1, 0, 1, 1, 1, 1, 1, 1, 1, 1, 0, 1, 1, 1, 1], "split9_prob": [0.46915796022058115, 0.6156503094867825, 0.6156503094867825, 0.6156503094867825, 0.6156503094867825, 0.6156503094867825, 0.6156503094867825, 0.5087045100476743, 0.6156503094867825, 0.5053402505231588, 0.6156503094867825, 0.6156503094867825, 0.6156503094867825, 0.6156503094867825, 0.5890129529533118, 0.6156503094867825, 0.5152641877598033, 0.6156503094867825, 0.6156503094867825, 0.6156503094867825, 0.4500173537598219], "split10_index": [229, 230, 231, 232, 233, 234, 235, 236, 237, 238, 239, 240, 241, 242, 243, 244, 245, 246, 247, 248, 249, 250], "split10_pred": [0, 0, 0, 0, 0, 0, 0, 0, 0, 1, 0, 0, 0, 0, 0, 0, 0, 0, 0, 0, 0, 0], "split10_test": [0, 0, 0, 1, 1, 0, 1, 0, 0, 1, 0, 0, 1, 0, 0, 1, 0, 0, 0, 0, 0, 1],