{"split0_index": [11, 12, 13, 14, 15, 16, 17, 18, 19, 20, 21], "split0_pred": [1, 1, 1, 1, 1, 0, 0, 1, 1, 1, 1], "split0_test": [0, 1, 1, 1, 0, 1, 0, 0, 1, 0, 0], "split0_notXOR": [0, 1, 1, 1, 0, 0, 1, 0, 1, 0, 0], "split0_prob": [0.7481339864154855, 0.7284617224931651, 0.8434281704731572, 0.6862497910307688, 0.8024181758079479, 0.46883085004663627, 0.17939989261199682, 0.6207701324541364, 0.6259821613333126, 0.7649743240508196, 0.603893308078388], "split1_index": [22, 23, 24, 25, 26, 27, 28, 29, 30, 31, 32], "split1_pred": [0, 1, 1, 1, 1, 0, 0, 0, 1, 1, 0], "split1_test": [0, 1, 1, 1, 1, 1, 0, 0, 1, 1, 0], "split1_notXOR": [1, 1, 1, 1, 1, 0, 1, 1, 1, 1, 1], "split1_prob": [0.4973270220569832, 0.5241881276832855, 0.5985616288424429, 0.5211251161067588, 0.6099463767506016, 0.45782156873084445, 0.32310412898314245, 0.4575916551715676, 0.5707041923020343, 0.5429681453082906, 0.46283799753672467], "split2_index": [33, 34, 35, 36, 37, 38, 39, 40, 41, 42, 43], "split2_pred": [1, 1, 1, 1, 1, 0, 0, 0, 1, 1, 0], "split2_test": [0, 1, 1, 1, 1, 1, 0, 0, 1, 1, 0], "split2_notXOR": [0, 1, 1, 1, 1, 0, 1, 1, 1, 1, 1], "split2_prob": [0.5021430773088393, 0.5409675497976765, 0.6418096315763925, 0.5355057140577385, 0.6600166483319119, 0.44118978962585653, 0.25200813531916255, 0.44197304075259813, 0.6014912955303935, 0.5649099494677454, 0.45284541795634825], "split3_index": [44, 45, 46, 47, 48, 49, 50, 51, 52, 53, 54], "split3_pred": [0, 1, 1, 1, 1, 0, 0, 0, 1, 1, 0], "split3_test": [0, 1, 1, 1, 1, 1, 0, 0, 1, 0, 0], "split3_notXOR": [1, 1, 1, 1, 1, 0, 1, 1, 1, 0, 1], "split3_prob": [0.4691357245144889, 0.5401311534565331, 0.6726183322491119, 0.5363800596932446, 0.6966412658657065, 0.4276957546755515, 0.2304481247114378, 0.416848963743729, 0.6501202667239938, 0.5787278229573668, 0.42886159630617915], "split4_index": [55, 56, 57, 58, 59, 60, 61, 62, 63, 64, 65], "split4_pred": [0, 1, 1, 1, 1, 0, 0, 0, 1, 1, 0], "split4_test": [0, 1, 1, 1, 0, 1, 0, 0, 1, 0, 0], "split4_notXOR": [1, 1, 1, 1, 0, 0, 1, 1, 1, 0, 1], "split4_prob": [0.4696030178582785, 0.5347009077405935, 0.6835759459274888, 0.534145212691086, 0.732419957825347, 0.4092346777627737, 0.2154825301209239, 0.3997230303770771, 0.6875906193884438, 0.5792929653522957, 0.3891411811457855], "split5_index": [66, 67, 68, 69, 70, 71, 72, 73, 74, 75, 76], "split5_pred": [1, 1, 1, 1, 1, 0, 0, 0, 1, 1, 0], "split5_test": [1, 0, 0, 0, 0, 0, 0, 0, 0, 1, 0], "split5_notXOR": [1, 0, 0, 0, 0, 1, 1, 1, 0, 1, 1], "split5_prob": [0.5280998129636052, 0.5705686773415037, 0.5087435279051719, 0.5126270112961065, 0.61078708726957, 0.451854808531483, 0.21742000745839543, 0.39786561536823944, 0.6603907296391274, 0.8187224784613353, 0.39701202039030736], "split6_index": [77, 78, 79, 80, 81, 82, 83, 84, 85, 86, 87], "split6_pred": [1, 1, 1, 1, 1, 0, 0, 0, 1, 1, 0], "split6_test": [1, 0, 0, 0, 0, 0, 0, 0, 0, 1, 0], "split6_notXOR": [1, 0, 0, 0, 0, 1, 1, 1, 0, 1, 1], "split6_prob": [0.5379205132917911, 0.5773723495621591, 0.5183627171800415, 0.5170544975416922, 0.6152164442699346, 0.4490107896300069, 0.2044396957729176, 0.4222900794066519, 0.6625903844280631, 0.7901494046424451, 0.4007669858844069]}