{"split0_index": [6, 7, 8, 9, 10, 11], "split0_pred": [1, 0, 1, 1, 1, 1], "split0_test": [0, 0, 1, 0, 0, 0], "split0_notXOR": [0, 1, 1, 0, 0, 0], "split0_prob": [1.0, 0.0, 1.0, 1.0, 1.0, 1.0], "split1_index": [12, 13, 14, 15, 16, 17], "split1_pred": [0, 0, 0, 0, 0, 0], "split1_test": [0, 1, 1, 0, 0, 1], "split1_notXOR": [1, 0, 0, 1, 1, 0], "split1_prob": [0.0, 0.0, 0.0, 0.0, 0.0, 0.0], "split2_index": [18, 19, 20, 21, 22, 23], "split2_pred": [0, 1, 1, 0, 0, 0], "split2_test": [0, 1, 1, 0, 0, 1], "split2_notXOR": [1, 1, 1, 1, 1, 0], "split2_prob": [6.159739749769294e-24, 1.0, 1.0, 2.499134065605231e-102, 3.9823004440643566e-13, 5.827547787168537e-11], "split3_index": [24, 25, 26, 27, 28, 29], "split3_pred": [0, 1, 0, 0, 0, 1], "split3_test": [0, 1, 0, 0, 0, 0], "split3_notXOR": [1, 1, 1, 1, 1, 0], "split3_prob": [2.0292522642799839e-81, 1.0, 9.354458483428983e-07, 7.534943377283618e-09, 2.8880661674531293e-15, 1.0], "split4_index": [30, 31, 32, 33, 34, 35, 36, 37, 38], "split4_pred": [0, 0, 0, 0, 0, 0, 0, 1, 1], "split4_test": [0, 0, 0, 0, 1, 0, 0, 0, 0], "split4_notXOR": [1, 1, 1, 1, 0, 1, 1, 0, 0], "split4_prob": [2.6518516405918687e-72, 2.9153733506831606e-07, 1.7221944563430223e-07, 2.386176820123196e-08, 1.6505290167156213e-07, 6.283580076357639e-08, 2.175685997725712e-15, 1.0, 0.9999999999942091], "split5_index": [39, 40, 41, 42, 43, 44, 45, 46, 47], "split5_pred": [0, 0, 0, 0, 1, 0, 0, 0, 1], "split5_test": [0, 0, 0, 0, 1, 0, 0, 0, 0], "split5_notXOR": [1, 1, 1, 1, 1, 1, 1, 1, 0], "split5_prob": [3.0328171346534995e-76, 0.0, 0.38838135251840145, 5.2425221974391646e-08, 0.986992492012034, 0.00011552625565959335, 0.0, 0.005423632415427142, 1.0], "split6_index": [48, 49, 50, 51, 52, 53, 54, 55, 56], "split6_pred": [0, 1, 0, 0, 0, 0, 0, 0, 1], "split6_test": [0, 0, 0, 0, 1, 0, 0, 0, 0], "split6_notXOR": [1, 0, 1, 1, 0, 1, 1, 1, 0], "split6_prob": [8.553758210464554e-82, 0.9057834368381765, 0.001818893956161284, 8.720537393070578e-07, 0.01669677215016167, 0.00016957742518190424, 4.1106757319100564e-14, 0.013740870535409731, 1.0]}