{"split0_index": [13, 14, 15, 16, 17, 18, 19, 20, 21, 22, 23, 24, 25], "split0_pred": [0, 0, 0, 0, 0, 0, 0, 0, 0, 0, 0, 0, 0], "split0_test": [0, 0, 0, 1, 0, 0, 0, 0, 0, 0, 0, 1, 0], "split0_notXOR": [1, 1, 1, 0, 1, 1, 1, 1, 1, 1, 1, 0, 1], "split0_prob": [0.24407724527440436, 0.24417901437546896, 0.24377567694231822, 0.24654973346123144, 0.24408845277884622, 0.26353659972560634, 0.24396255375156642, 0.24417904020091005, 0.23332556622635392, 0.24260979343029626, 0.39171016853850693, 0.27206451766944617, 0.2211316836937845], "split1_index": [26, 27, 28, 29, 30, 31, 32, 33, 34, 35, 36, 37, 38], "split1_pred": [0, 0, 0, 0, 0, 0, 0, 0, 0, 0, 0, 0, 0], "split1_test": [0, 0, 0, 1, 0, 0, 0, 0, 0, 0, 0, 1, 0], "split1_notXOR": [1, 1, 1, 0, 1, 1, 1, 1, 1, 1, 1, 0, 1], "split1_prob": [0.2011885536420029, 0.23782965153902788, 0.2013819815818201, 0.19767901823103498, 0.20108745895807745, 0.19978378981020384, 0.20030861462428942, 0.19956800446216988, 0.20107354977196534, 0.2032590239493207, 0.2013819621920686, 0.1953623409221723, 0.20643793374760552], "split2_index": [39, 40, 41, 42, 43, 44, 45, 46, 47, 48, 49, 50, 51], "split2_pred": [0, 0, 0, 0, 0, 0, 0, 0, 0, 0, 0, 0, 0], "split2_test": [0, 0, 0, 1, 0, 0, 0, 0, 0, 0, 0, 1, 0], "split2_notXOR": [1, 1, 1, 0, 1, 1, 1, 1, 1, 1, 1, 0, 1], "split2_prob": [0.19931925874480505, 0.06052606531489728, 0.19750840971290698, 0.23656186393779557, 0.19892933580728037, 0.19982224522406505, 0.19920186717082408, 0.19657203266518802, 0.19939070740865983, 0.18176833642838364, 0.19750845392095343, 0.24246885250647912, 0.1687393796787007], "split3_index": [52, 53, 54, 55, 56, 57, 58, 59, 60, 61, 62, 63, 64], "split3_pred": [0, 0, 0, 0, 0, 0, 0, 0, 0, 0, 0, 0, 0], "split3_test": [0, 0, 0, 1, 0, 0, 0, 0, 0, 0, 0, 1, 0], "split3_notXOR": [1, 1, 1, 0, 1, 1, 1, 1, 1, 1, 1, 0, 1], "split3_prob": [0.1678213068906179, 0.001471990198844741, 0.17151393135703102, 0.3809480451880294, 0.1740283993007809, 0.17003106435002938, 0.1673161532283012, 0.1448987897168486, 0.167458860608839, 0.11333531673039123, 0.17151380117623494, 0.3978527851596744, 0.08182160829649188], "split4_index": [65, 66, 67, 68, 69, 70, 71, 72, 73, 74, 75, 76], "split4_pred": [0, 0, 0, 0, 0, 0, 0, 0, 0, 0, 0, 0], "split4_test": [0, 0, 1, 0, 0, 0, 0, 0, 0, 0, 1, 0], "split4_notXOR": [1, 1, 0, 1, 1, 1, 1, 1, 1, 1, 0, 1], "split4_prob": [0.1875960876099437, 0.008223755538237884, 0.41364499995741455, 0.19004546833493877, 0.186338698763452, 0.18776938037965296, 0.12873512860562294, 0.1864833772137565, 0.12498126801960675, 0.12595666128391353, 0.43137693751812217, 0.10048290092384142], "split5_index": [77, 78, 79, 80, 81, 82, 83, 84, 85, 86, 87, 88], "split5_pred": [0, 0, 0, 0, 0, 0, 0, 0, 0, 0, 0, 0], "split5_test": [0, 0, 1, 0, 0, 0, 0, 0, 0, 0, 1, 0], "split5_notXOR": [1, 1, 0, 1, 1, 1, 1, 1, 1, 1, 0, 1], "split5_prob": [0.12659512949686824, 1.110378708828808e-05, 0.8508791489693291, 0.13023865996882672, 0.11796085834661682, 0.12284103497706315, 0.03299037011556474, 0.11107537945009938, 0.025043018123687494, 0.044949279611914306, 0.8875419467666145, 0.009994746568596634], "split6_index": [89, 90, 91, 92, 93, 94, 95, 96, 97, 98, 99, 100], "split6_pred": [0, 0, 0, 0, 0, 0, 0, 0, 0, 0, 0, 0], "split6_test": [0, 0, 1, 0, 0, 0, 0, 0, 0, 0, 1, 0], "split6_notXOR": [1, 1, 0, 1, 1, 1, 1, 1, 1, 1, 0, 1], "split6_prob": [0.1313805333368237, 0.003275203848244779, 0.556665945784234, 0.1313806105384976, 0.13031713732998698, 0.13057023813411223, 0.057495886907490724, 0.05753664865503753, 0.05485844453311347, 0.08143734787299169, 0.6107933517364682, 0.030970310314487486], "split7_index": [101, 102, 103, 104, 105, 106, 107, 108, 109, 110, 111, 112], "split7_pred": [0, 0, 0, 0, 0, 0, 0, 0, 0, 0, 0, 0], "split7_test": [0, 0, 1, 0, 0, 0, 0, 0, 0, 0, 1, 0], "split7_notXOR": [1, 1, 0, 1, 1, 1, 1, 1, 1, 1, 0, 1], "split7_prob": [0.09332114859749596, 2.6074011084678285e-05, 0.9371949397052936, 0.09083192547772347, 0.0880895117321031, 0.09098086818061354, 0.009285238855442319, 0.011974871854671913, 0.010284056267620651, 0.04563429966225047, 0.9593982772936406, 0.002483112262906418], "split8_index": [113, 114, 115, 116, 117, 118, 119, 120, 121, 122, 123, 124], "split8_pred": [0, 0, 0, 0, 0, 0, 0, 0, 0, 0, 0, 0], "split8_test": [0, 0, 1, 0, 0, 0, 0, 0, 0, 0, 1, 0], "split8_notXOR": [1, 1, 0, 1, 1, 1, 1, 1, 1, 1, 0, 1], "split8_prob": [0.07330520626644904, 1.3435037551859211e-05, 0.9597760809818581, 0.07051747813514235, 0.07507212587644155, 0.07921631329074852, 0.005316041258518374, 0.007214191441899841, 0.005640112598439493, 0.051923581767635486, 0.9775134146363698, 0.0011243000088238348], "split9_index": [125, 126, 127, 128, 129, 130, 131, 132, 133, 134, 135, 136], "split9_pred": [0, 0, 0, 0, 0, 0, 0, 0, 0, 0, 0, 0], "split9_test": [0, 0, 1, 0, 0, 0, 0, 0, 0, 0, 1, 0], "split9_notXOR": [1, 1, 0, 1, 1, 1, 1, 1, 1, 1, 0, 1], "split9_prob": [0.08993171232036337, 0.00012916408920406373, 0.9279947831140541, 0.051839562410736645, 0.047848680221208646, 0.0903398873440009, 0.00800455469992938, 0.01330055699012905, 0.01033915348798382, 0.07495241268890664, 0.9529885065603103, 0.002592953774149996], "split10_index": [137, 138, 139, 140, 141, 142, 143, 144, 145, 146, 147, 148], "split10_pred": [0, 0, 0, 0, 0, 0, 0, 0, 0, 0, 0, 0], "split10_test": [0, 0, 1, 0, 0, 0, 1, 0, 0, 0, 1, 0], "split10_notXOR": [1, 1, 0, 1, 1, 1, 0, 1, 1, 1, 0, 1], "split10_prob": [0.019812855413532456, 0.0010193587651641338, 0.9968079544169112, 0.006801699445812181, 0.005184596090009576, 0.020022863589867542, 0.0005079004764775034, 0.0006591188586924254, 0.0003629540320892589, 0.01846746283778245, 0.9999946316888764, 0.00011741278009031551], "split11_index": [149, 150, 151, 152, 153, 154, 155, 156, 157, 158, 159, 160], "split11_pred": [0, 0, 0, 0, 0, 0, 0, 0, 0, 0, 0, 0], "split11_test": [0, 0, 1, 0, 0, 0, 1, 0, 0, 0, 1, 0], "split11_notXOR": [1, 1, 0, 1, 1, 1, 0, 1, 1, 1, 0, 1], "split11_prob": [0.05682978204860621, 1.4917214979159805e-07, 0.9835130259810625, 0.06279444740831326, 0.01056725510809674, 0.015292712947375326, 0.008697895347126477, 0.061023467177173954, 0.0021642448641789698, 0.036403237967973484, 0.9824140338937798, 0.005976567482182327], "split12_index": [161, 162, 163, 164, 165, 166, 167, 168, 169, 170, 171, 172], "split12_pred": [0, 0, 0, 0, 0, 0, 0, 0, 0, 0, 0, 0], "split12_test": [0, 0, 0, 0, 0, 0, 1, 0, 0, 0, 0, 0], "split12_notXOR": [1, 1, 1, 1, 1, 1, 0, 1, 1, 1, 1, 1], "split12_prob": [0.0010665748231878807, 0.0009538546180871419, 0.9662596509505792, 0.07895408150169365, 0.014460403347998182, 0.06551950907324305, 0.02378641652011223, 0.08880764647258199, 0.006704218215841049, 0.004780523316206977, 0.9941551857750917, 0.022306039900541308]}