{"split0_index": [8, 9, 10, 11, 12, 13, 14, 15], "split0_pred": [0, 0, 0, 0, 0, 0, 0, 0], "split0_test": [0, 0, 1, 0, 0, 0, 0, 0], "split0_notXOR": [1, 1, 0, 1, 1, 1, 1, 1], "split0_prob": [NaN, NaN, NaN, NaN, NaN, NaN, NaN, NaN], "split1_index": [16, 17, 18, 19, 20, 21, 22, 23], "split1_pred": [1, 1, 1, 1, 1, 0, 1, 1], "split1_test": [0, 0, 1, 0, 0, 0, 0, 0], "split1_notXOR": [0, 0, 1, 0, 0, 1, 0, 0], "split1_prob": [1.0, 1.0, 1.0, 1.0, 1.0, 0.0, 1.0, 1.0], "split2_index": [24, 25, 26, 27, 28, 29, 30, 31], "split2_pred": [1, 1, 1, 1, 1, 1, 1, 1], "split2_test": [0, 0, 1, 0, 0, 0, 0, 0], "split2_notXOR": [0, 0, 1, 0, 0, 0, 0, 0], "split2_prob": [1.0, 0.9999077710684767, 0.9999084514564487, 0.9999077710684767, 0.9998779371377774, 0.9999084514564487, 0.9999084514564487, 0.9998779371377774], "split3_index": [32, 33, 34, 35, 36, 37, 38, 39], "split3_pred": [1, 1, 1, 1, 1, 1, 1, 1], "split3_test": [0, 0, 1, 0, 0, 0, 0, 0], "split3_notXOR": [0, 0, 1, 0, 0, 0, 0, 0], "split3_prob": [0.9999999999999662, 0.9999999999999662, 0.9999999999999662, 0.9999999999999662, 0.9999999999999662, 0.9999999999999662, 0.9999999999999662, 0.9999999999999662], "split4_index": [40, 41, 42, 43, 44, 45, 46, 47], "split4_pred": [0, 1, 0, 1, 0, 1, 1, 0], "split4_test": [0, 0, 1, 0, 0, 0, 0, 0], "split4_notXOR": [1, 0, 0, 0, 1, 0, 0, 1], "split4_prob": [2.2865590519729956e-55, 0.9959145307730433, 3.7398508729363e-17, 0.6521845345294618, 5.729116513579313e-14, 0.9959145307730433, 0.9959145307730433, 4.3879847525551195e-08], "split5_index": [48, 49, 50, 51, 52, 53, 54, 55], "split5_pred": [0, 0, 0, 0, 0, 0, 0, 1], "split5_test": [0, 0, 1, 0, 0, 0, 0, 0], "split5_notXOR": [1, 1, 0, 1, 1, 1, 1, 0], "split5_prob": [0.4820740374971084, 0.014030668553656426, 0.00952452384369244, 0.014030668553656426, 0.014030668553656426, 0.00952452384369244, 0.014030668553656426, 1.0], "split6_index": [56, 57, 58, 59, 60, 61, 62, 63], "split6_pred": [1, 1, 0, 1, 1, 1, 1, 1], "split6_test": [0, 0, 1, 0, 0, 0, 0, 0], "split6_notXOR": [0, 0, 0, 0, 0, 0, 0, 0], "split6_prob": [0.899545059074456, 0.8355612222129791, 0.47634784081236264, 0.8355612222129791, 0.8355612222129791, 0.8355612222129791, 0.8355612222129791, 0.8355612222129791], "split7_index": [64, 65, 66, 67, 68, 69, 70, 71], "split7_pred": [1, 0, 0, 0, 0, 0, 0, 0], "split7_test": [0, 0, 1, 0, 0, 0, 0, 0], "split7_notXOR": [0, 1, 0, 1, 1, 1, 1, 1], "split7_prob": [1.0, 0.0008729853655575988, 0.0008729853655575988, 0.0008729853655575988, 0.0008729853655575988, 0.0008729853655575988, 0.0008729853655575988, 0.0008729853655575988]}