{"split0_index": [3, 4, 5], "split0_pred": [0, 0, 0], "split0_test": [0, 1, 0], "split0_notXOR": [1, 0, 1], "split0_prob": [NaN, NaN, NaN], "split1_index": [6, 7, 8], "split1_pred": [1, 1, 1], "split1_test": [1, 1, 0], "split1_notXOR": [1, 1, 0], "split1_prob": [1.0, 1.0, 1.0], "split2_index": [9, 10, 11], "split2_pred": [0, 1, 0], "split2_test": [1, 1, 0], "split2_notXOR": [0, 1, 1], "split2_prob": [4.378576583977913e-07, 1.0, 4.378576583977913e-07], "split3_index": [12, 13, 14], "split3_pred": [0, 0, 0], "split3_test": [1, 0, 0], "split3_notXOR": [0, 1, 1], "split3_prob": [5.1762493957606324e-06, 5.8412584783859665e-05, 5.1762493957606324e-06], "split4_index": [15, 16, 17], "split4_pred": [1, 1, 0], "split4_test": [1, 0, 0], "split4_notXOR": [1, 0, 1], "split4_prob": [1.0, 1.0, 1.2158699260559146e-07], "split5_index": [18, 19, 20], "split5_pred": [0, 0, 0], "split5_test": [1, 0, 0], "split5_notXOR": [0, 1, 1], "split5_prob": [1.3479930511688712e-05, 1.3479930511688712e-05, 1.3479930511688712e-05], "split6_index": [21, 22, 23], "split6_pred": [0, 1, 0], "split6_test": [1, 0, 0], "split6_notXOR": [0, 0, 1], "split6_prob": [4.366033604191472e-06, 1.0, 4.366033604191472e-06], "split7_index": [24, 25, 26], "split7_pred": [0, 0, 0], "split7_test": [1, 0, 0], "split7_notXOR": [0, 1, 1], "split7_prob": [0.16722063968038028, 0.16722063968038028, 0.16722063968038028], "split8_index": [27, 28, 29], "split8_pred": [1, 1, 0], "split8_test": [0, 1, 0], "split8_notXOR": [0, 1, 1], "split8_prob": [1.0, 1.0, 0.009127999280316644], "split9_index": [30, 31, 32], "split9_pred": [0, 0, 0], "split9_test": [0, 1, 0], "split9_notXOR": [1, 0, 1], "split9_prob": [0.13113546498470321, 0.13113546498470321, 0.13113546498470321], "split10_index": [33, 34, 35], "split10_pred": [0, 0, 0], "split10_test": [0, 1, 0], "split10_notXOR": [1, 0, 1], "split10_prob": [0.20523514816569216, 0.27481478722860814, 0.20523514816569216], "split11_index": [36, 37], "split11_pred": [0, 0], "split11_test": [1, 0], "split11_notXOR": [0, 1], "split11_prob": [0.2948593766112777, 0.4506945971155846]}