{"split0_index": [24, 25, 26, 27, 28, 29, 30, 31, 32, 33, 34, 35, 36, 37, 38, 39, 40, 41, 42, 43, 44, 45, 46, 47], "split0_pred": [0, 0, 1, 0, 0, 0, 1, 0, 1, 0, 0, 0, 1, 0, 0, 0, 0, 0, 0, 0, 0, 0, 0, 0], "split0_test": [0, 0, 1, 0, 0, 0, 0, 0, 0, 0, 0, 0, 0, 0, 0, 0, 0, 0, 0, 0, 0, 0, 0, 0], "split0_notXOR": [1, 1, 1, 1, 1, 1, 0, 1, 0, 1, 1, 1, 0, 1, 1, 1, 1, 1, 1, 1, 1, 1, 1, 1], "split0_prob": [0.34968963939288844, 0.20348898065564952, 0.8147690750680158, 0.18684432755757502, 0.42900905848166976, 0.21495710186973882, 0.9129705165976786, 0.3596554306908253, 0.5556652338064972, 0.21586895689360291, 0.47270474429827114, 0.21116430724831792, 0.9428151798435919, 0.3596554306908253, 0.4596552758288965, 0.3596554306908253, 0.18521091315388544, 0.4517016511958192, 0.19426409790095364, 0.2399420383023983, 0.21495710186973882, 0.3596554306908253, 0.3596554306908253, 0.18521091315388544]}