{"split0_index": [13, 14, 15, 16, 17, 18, 19, 20, 21, 22, 23, 24, 25], "split0_pred": [0, 0, 0, 0, 0, 0, 0, 0, 0, 0, 0, 0, 0], "split0_test": [0, 0, 1, 0, 0, 1, 0, 0, 0, 0, 0, 0, 1], "split0_notXOR": [1, 1, 0, 1, 1, 0, 1, 1, 1, 1, 1, 1, 0], "split0_prob": [0.2364966621274184, 0.2717988595574795, 0.23500789049830886, 0.2350169714320901, 0.23875906363939423, 0.2355305807100951, 0.2406546296255945, 0.26940084553909693, 0.235007890498271, 0.23503356155886732, 0.23718165882828368, 0.2703381416582544, 0.23500789049834991], "split1_index": [26, 27, 28, 29, 30, 31, 32, 33, 34, 35, 36, 37, 38, 39, 40, 41], "split1_pred": [0, 0, 0, 0, 0, 0, 0, 0, 0, 0, 0, 0, 0, 0, 1, 0], "split1_test": [0, 1, 0, 0, 0, 0, 1, 0, 0, 0, 0, 0, 0, 0, 1, 0], "split1_notXOR": [1, 0, 1, 1, 1, 1, 0, 1, 1, 1, 1, 1, 1, 1, 1, 1], "split1_prob": [0.5292535419974267, 0.5371802350503542, 0.01348298825710498, 0.9888257943921198, 0.5675068237544322, 0.1220265282226564, 0.6876424322118159, 0.9999990387037713, 0.8370890003240808, 0.5972226125874552, 0.9999990475053611, 0.12165447429461808, 0.8458914832708985, 0.3853745450072733, 0.9999999892303612, 0.03608315275421429], "split2_index": [42, 43, 44, 45, 46, 47, 48, 49, 50, 51, 52, 53, 54, 55, 56, 57, 58], "split2_pred": [0, 0, 0, 0, 0, 0, 0, 0, 0, 0, 0, 0, 0, 0, 0, 1, 0], "split2_test": [0, 0, 0, 0, 0, 0, 1, 0, 0, 0, 0, 0, 0, 0, 0, 1, 0], "split2_notXOR": [1, 1, 1, 1, 1, 1, 0, 1, 1, 1, 1, 1, 1, 1, 1, 1, 1], "split2_prob": [0.26238608496942567, 0.1200874835832656, 0.16525695537080118, 0.4400917028956708, 0.5331584001118383, 0.211804753280078, 0.19682366362247314, 0.4408885535988644, 0.1117232602435395, 0.16635085973726013, 0.5438689222685744, 0.15407458218232806, 0.2110863735630377, 0.15319559712689387, 0.16508213242814662, 0.7593047146389157, 0.16693836274633403], "split3_index": [59, 60, 61, 62, 63, 64, 65, 66, 67, 68, 69, 70, 71, 72, 73, 74, 75], "split3_pred": [0, 0, 0, 0, 0, 0, 0, 0, 0, 0, 0, 0, 0, 0, 0, 0, 0], "split3_test": [0, 0, 0, 0, 0, 0, 1, 0, 0, 0, 0, 0, 0, 0, 0, 1, 0], "split3_notXOR": [1, 1, 1, 1, 1, 1, 0, 1, 1, 1, 1, 1, 1, 1, 1, 0, 1], "split3_prob": [0.11547685570962553, 0.08238172153900836, 0.09146622999239412, 0.3611542962214173, 0.10733675384764454, 0.10773752653670296, 0.24696167953871245, 0.08575241166498315, 0.18317311819079346, 0.08552899642832482, 0.10826319644685024, 0.22979169572956465, 0.1060118264147509, 0.08552899642832482, 0.13832310117696572, 0.2896100210120786, 0.07283465392824298], "split4_index": [76, 77, 78, 79, 80, 81, 82, 83, 84, 85, 86, 87, 88, 89, 90], "split4_pred": [0, 0, 0, 0, 0, 0, 0, 0, 0, 0, 0, 0, 0, 0, 0], "split4_test": [0, 0, 0, 0, 0, 0, 1, 0, 0, 0, 0, 0, 0, 1, 0], "split4_notXOR": [1, 1, 1, 1, 1, 1, 0, 1, 1, 1, 1, 1, 1, 0, 1], "split4_prob": [0.019094568077716846, 0.024139865364810543, 0.1366805232126958, 0.10062424190636192, 0.04442124161477528, 0.24228693031085394, 0.10778155491278818, 0.046566098836439196, 0.32027498959752254, 0.09995172631778881, 0.13507159292424567, 0.04566285669795463, 0.03664550939172977, 0.21899249813889088, 0.7508809272982404], "split5_index": [91, 92, 93, 94, 95, 96, 97, 98, 99, 100, 101, 102, 103, 104, 105, 106], "split5_pred": [0, 0, 0, 0, 0, 0, 0, 0, 0, 0, 0, 0, 0, 0, 0, 1], "split5_test": [0, 0, 0, 0, 0, 0, 1, 0, 0, 0, 0, 0, 0, 0, 1, 0], "split5_notXOR": [1, 1, 1, 1, 1, 1, 0, 1, 1, 1, 1, 1, 1, 1, 0, 0], "split5_prob": [0.1760935232714005, 0.0910523326013492, 0.48257015806473136, 0.26248150968593803, 0.09947749452466242, 0.29688498482395675, 0.06693615337169245, 0.10497925675812929, 0.06663481187503772, 0.2482210329831675, 0.15751659377949778, 0.07891584805257987, 0.09421335048273835, 0.06753204853224126, 0.07120659299946375, 0.9369879382166452], "split6_index": [107, 108, 109, 110, 111, 112, 113, 114, 115, 116, 117, 118, 119, 120, 121, 122], "split6_pred": [0, 0, 0, 0, 0, 0, 0, 0, 0, 0, 0, 0, 0, 0, 0, 1], "split6_test": [0, 0, 0, 0, 0, 0, 0, 0, 0, 0, 0, 0, 0, 0, 0, 1], "split6_notXOR": [1, 1, 1, 1, 1, 1, 1, 1, 1, 1, 1, 1, 1, 1, 1, 1], "split6_prob": [0.1132400058041867, 0.11446985412295299, 0.19115754119628117, 0.11981740740662541, 0.126319088199486, 0.14380638146714436, 0.11442691170153443, 0.11898179400857925, 0.10889066173690028, 0.11981740740662541, 0.12944498573602922, 0.11414265212287783, 0.126319088199486, 0.10889066173690028, 0.5, 0.7611025615873963]}