{"split0_index": [5, 6, 7, 8, 9], "split0_pred": [1, 0, 1, 0, 1], "split0_test": [1, 0, 1, 0, 1], "split0_notXOR": [1, 1, 1, 1, 1], "split0_prob": [0.7516854354367043, 0.29170759020366055, 0.6714502892869384, 0.4759355997126802, 0.8621290246991372], "split1_index": [10, 11, 12, 13, 14], "split1_pred": [1, 0, 1, 1, 1], "split1_test": [1, 0, 1, 1, 1], "split1_notXOR": [1, 1, 1, 1, 1], "split1_prob": [0.9533658119869605, 0.20306072329158015, 0.7058374014501823, 0.5856742317212642, 0.9451557217600036], "split2_index": [15, 16, 17, 18, 19], "split2_pred": [1, 0, 1, 1, 1], "split2_test": [1, 0, 1, 1, 1], "split2_notXOR": [1, 1, 1, 1, 1], "split2_prob": [0.983701901273601, 0.1865532537658821, 0.7536151912702621, 0.8841919508596583, 0.9706217258516382], "split3_index": [20, 21, 22, 23, 24, 25, 26], "split3_pred": [1, 0, 1, 1, 1, 1, 1], "split3_test": [1, 0, 1, 1, 0, 1, 1], "split3_notXOR": [1, 1, 1, 1, 0, 1, 1], "split3_prob": [0.9828567239127175, 0.1863157428913712, 0.8930037624722363, 0.9989527891219021, 0.7011541718488846, 0.8281776290962607, 0.999371312293254], "split4_index": [27, 28, 29, 30, 31, 32, 33], "split4_pred": [0, 1, 1, 1, 0, 1, 1], "split4_test": [0, 1, 1, 1, 0, 1, 1], "split4_notXOR": [1, 1, 1, 1, 1, 1, 1], "split4_prob": [0.18699778939340778, 0.9719514142703539, 0.8337365845104933, 0.9675799621087133, 0.47537638341951216, 0.958099150622464, 0.9599909441248853], "split5_index": [34, 35, 36, 37, 38, 39, 40], "split5_pred": [0, 1, 1, 1, 0, 1, 1], "split5_test": [0, 1, 1, 1, 0, 1, 1], "split5_notXOR": [1, 1, 1, 1, 1, 1, 1], "split5_prob": [0.12394701568866108, 0.9749602583068393, 0.7918732490545787, 0.9670970430772707, 0.2709041464690593, 0.9905941306121341, 0.9666791842952074], "split6_index": [41, 42, 43, 44, 45, 46, 47], "split6_pred": [0, 1, 1, 1, 0, 1, 1], "split6_test": [0, 1, 1, 1, 0, 1, 1], "split6_notXOR": [1, 1, 1, 1, 1, 1, 1], "split6_prob": [0.1100662278925642, 0.9751769747733414, 0.8039588386484382, 0.9817086274350295, 0.3767741398948895, 0.9925584405826121, 0.9686226228987673], "split7_index": [48, 49, 50, 51, 52, 53, 54], "split7_pred": [0, 1, 1, 1, 0, 1, 1], "split7_test": [0, 1, 1, 1, 0, 1, 1], "split7_notXOR": [1, 1, 1, 1, 1, 1, 1], "split7_prob": [0.09863708065258432, 0.9647085660697525, 0.8178992857575595, 0.9774392519629955, 0.16853712207112004, 0.9906918268629081, 0.9448853161860745], "split8_index": [55, 56, 57, 58, 59, 60, 61], "split8_pred": [0, 1, 1, 1, 0, 1, 1], "split8_test": [0, 1, 1, 1, 0, 1, 1], "split8_notXOR": [1, 1, 1, 1, 1, 1, 1], "split8_prob": [0.09102112290235786, 0.973463136916087, 0.8296562381250971, 0.9834217092759239, 0.1491143105901089, 0.9873048136561113, 0.9588386100944054], "split9_index": [62, 63, 64, 65, 66, 67, 68], "split9_pred": [0, 1, 1, 1, 0, 1, 1], "split9_test": [0, 1, 1, 1, 0, 1, 1], "split9_notXOR": [1, 1, 1, 1, 1, 1, 1], "split9_prob": [0.08462760510833801, 0.9876930423981419, 0.8399704712974759, 0.9861909561865436, 0.134205024461005, 0.9952810337617491, 0.9644196634233494], "split10_index": [69, 70, 71, 72, 73, 74, 75], "split10_pred": [0, 1, 1, 1, 0, 1, 1], "split10_test": [0, 0, 0, 0, 0, 1, 1], "split10_notXOR": [1, 0, 0, 0, 1, 1, 1], "split10_prob": [0.12835750629211004, 0.9967661095126544, 0.9285308541091499, 0.9937554663068956, 0.1252119297573832, 0.9974960405461661, 0.9863087795803523], "split11_index": [76, 77, 78, 79, 80, 81, 82], "split11_pred": [0, 1, 1, 1, 0, 1, 1], "split11_test": [0, 0, 0, 0, 0, 1, 1], "split11_notXOR": [1, 0, 0, 0, 1, 1, 1], "split11_prob": [0.07201501834660819, 0.8281677224031295, 0.8042732258232805, 0.8459238869370781, 0.14204234233574414, 0.9807711145731286, 0.9690901860642659], "split12_index": [83, 84, 85, 86, 87, 88, 89, 90, 91, 92, 93], "split12_pred": [0, 1, 1, 0, 1, 0, 1, 1, 1, 0, 0], "split12_test": [0, 0, 0, 0, 0, 1, 0, 0, 0, 0, 0], "split12_notXOR": [1, 0, 0, 1, 0, 0, 0, 0, 0, 1, 1], "split12_prob": [0.047519757463125506, 0.7495118333248414, 0.995909861971767, 0.170845797727738, 0.9724581401792662, 0.3477837091422327, 0.9672724336569022, 0.974438147767511, 0.6618529516956219, 0.1806734697552499, 0.1146133345403911], "split13_index": [94, 95, 96, 97, 98, 99, 100, 101, 102, 103, 104, 105], "split13_pred": [0, 0, 0, 1, 0, 1, 1, 1, 0, 0, 0, 0], "split13_test": [0, 0, 0, 0, 0, 0, 1, 0, 0, 0, 0, 0], "split13_notXOR": [1, 1, 1, 0, 1, 0, 1, 0, 1, 1, 1, 1], "split13_prob": [0.08228548016558748, 0.3170555930541802, 0.44913891495815284, 0.862498988544317, 0.16959110145944642, 0.551389956000001, 0.598677996408335, 0.7466886186911208, 0.137393383315117, 0.4464374919441402, 0.24467114579691104, 0.34885069815224234], "split14_index": [106, 107, 108, 109, 110, 111, 112, 113, 114, 115, 116, 117, 118], "split14_pred": [0, 0, 0, 1, 0, 1, 1, 1, 1, 0, 0, 0, 0], "split14_test": [0, 0, 0, 0, 0, 0, 0, 1, 0, 0, 0, 0, 0], "split14_notXOR": [1, 1, 1, 0, 1, 0, 0, 1, 0, 1, 1, 1, 1], "split14_prob": [0.08270333298718191, 0.3099382374588875, 0.4068053742011847, 0.8113075353234593, 0.14505635229236302, 0.5095138524102907, 0.8252079189837124, 0.6704106531451396, 0.7161395076862695, 0.2057631812467301, 0.41061943840252346, 0.26304467150638267, 0.2219843515755053], "split15_index": [119, 120, 121, 122, 123, 124, 125, 126, 127, 128, 129, 130, 131], "split15_pred": [0, 0, 0, 1, 0, 0, 0, 1, 1, 0, 0, 1, 0], "split15_test": [0, 0, 0, 0, 0, 0, 0, 1, 0, 0, 0, 0, 1], "split15_notXOR": [1, 1, 1, 0, 1, 1, 1, 1, 0, 1, 1, 0, 0], "split15_prob": [0.0684415746481277, 0.23670132847846778, 0.2641578699370115, 0.6706239841289579, 0.0704223586029877, 0.28096115743714606, 0.43832238934031437, 0.6043324526251569, 0.5888297171565088, 0.08365812159308472, 0.27913616801846064, 0.6380167433558211, 0.0815865560367103], "split16_index": [132, 133, 134, 135, 136, 137, 138, 139, 140, 141, 142, 143, 144, 145, 146], "split16_pred": [0, 0, 0, 0, 0, 0, 0, 0, 0, 0, 0, 0, 0, 0, 0], "split16_test": [0, 0, 0, 0, 0, 0, 0, 1, 0, 0, 0, 0, 0, 0, 1], "split16_notXOR": [1, 1, 1, 1, 1, 1, 1, 0, 1, 1, 1, 1, 1, 1, 0], "split16_prob": [0.01362245480062611, 0.2712799583441196, 0.06732369240538498, 0.10125571093131248, 0.22248950155615244, 0.022311177032294082, 0.07634949329676405, 0.17582223167819233, 0.02216079679870692, 0.11638105986953143, 0.12809903282517335, 0.005380464822387454, 0.10762062686293902, 0.33264005812532166, 0.35436106301122633], "split17_index": [147, 148, 149, 150, 151, 152, 153, 154, 155, 156, 157, 158, 159, 160, 161], "split17_pred": [0, 0, 0, 0, 0, 0, 0, 0, 0, 0, 0, 0, 0, 0, 1], "split17_test": [0, 0, 0, 0, 0, 0, 0, 0, 0, 0, 0, 0, 0, 0, 1], "split17_notXOR": [1, 1, 1, 1, 1, 1, 1, 1, 1, 1, 1, 1, 1, 1, 1], "split17_prob": [0.021481492492391875, 0.2683825669068204, 0.08198566683008253, 0.1346950886509735, 0.2730057627444836, 0.021269456737313047, 0.07453801971031385, 0.3844741595079379, 0.03253717428670794, 0.1706285342617163, 0.17820779295873154, 0.009495840331356266, 0.15289272720109448, 0.3032494581378888, 0.5006287427468211], "split18_index": [162, 163, 164, 165, 166, 167, 168, 169, 170, 171, 172, 173, 174, 175, 176, 177], "split18_pred": [0, 0, 0, 0, 0, 0, 0, 0, 0, 0, 0, 0, 0, 0, 0, 1], "split18_test": [0, 0, 0, 0, 0, 0, 0, 0, 0, 0, 0, 0, 0, 0, 0, 1], "split18_notXOR": [1, 1, 1, 1, 1, 1, 1, 1, 1, 1, 1, 1, 1, 1, 1, 1], "split18_prob": [0.04145395973935862, 0.4092870900630499, 0.15929336180155668, 0.23621694836873175, 0.3862074000598535, 0.06552057116937837, 0.1451166096226366, 0.3726395057986595, 0.0512427371043417, 0.27241054514796287, 0.38400508436465414, 0.2805375076752405, 0.013393131894145127, 0.26220519095112715, 0.4538758690747838, 0.7102573370857882], "split19_index": [178, 179, 180, 181, 182, 183, 184, 185, 186, 187, 188, 189, 190, 191, 192, 193], "split19_pred": [0, 0, 0, 0, 0, 0, 0, 0, 0, 0, 0, 0, 0, 0, 0, 1], "split19_test": [0, 0, 0, 0, 0, 0, 0, 0, 0, 0, 0, 0, 0, 0, 0, 1], "split19_notXOR": [1, 1, 1, 1, 1, 1, 1, 1, 1, 1, 1, 1, 1, 1, 1, 1],