{"split0_index": [3, 4, 5], "split0_pred": [0, 1, 1], "split0_test": [0, 1, 1], "split0_notXOR": [1, 1, 1], "split0_prob": [0.9999999999999699, 1.0000000994736041e-07, 1.0000000994736041e-07], "split1_index": [6, 7, 8], "split1_pred": [0, 1, 1], "split1_test": [0, 1, 1], "split1_notXOR": [1, 1, 1], "split1_prob": [0.167008436980671, 0.8447502016169816, 0.8447189629832104], "split2_index": [9, 10, 11], "split2_pred": [0, 1, 1], "split2_test": [0, 0, 1], "split2_notXOR": [1, 0, 1], "split2_prob": [0.12536040723221606, 0.8823344602396513, 0.8823049035803949], "split3_index": [12, 13, 14], "split3_pred": [0, 1, 1], "split3_test": [0, 0, 1], "split3_notXOR": [1, 0, 1], "split3_prob": [0.3616634290643265, 0.6426305367954203, 0.6612407023658153], "split4_index": [15, 16, 17], "split4_pred": [0, 0, 1], "split4_test": [0, 0, 1], "split4_notXOR": [1, 1, 1], "split4_prob": [0.30376339297159727, 0.459160811176005, 0.6984976072324959], "split5_index": [18, 19, 20], "split5_pred": [0, 0, 1], "split5_test": [0, 0, 1], "split5_notXOR": [1, 1, 1], "split5_prob": [0.33220946706081933, 0.4638704048138923, 0.672982724087158], "split6_index": [21, 22, 23], "split6_pred": [0, 0, 1], "split6_test": [0, 0, 1], "split6_notXOR": [1, 1, 1], "split6_prob": [0.23701206045036274, 0.28081631000311363, 0.7654908668561324], "split7_index": [24, 25, 26], "split7_pred": [0, 0, 1], "split7_test": [0, 0, 1], "split7_notXOR": [1, 1, 1], "split7_prob": [0.23539403094841382, 0.23537253584566875, 0.7522091103073376], "split8_index": [27, 28, 29], "split8_pred": [0, 0, 1], "split8_test": [0, 0, 1], "split8_notXOR": [1, 1, 1], "split8_prob": [0.14320777573030138, 0.14341128136759862, 0.9610251874976009], "split9_index": [30, 31, 32], "split9_pred": [0, 0, 1], "split9_test": [0, 0, 1], "split9_notXOR": [1, 1, 1], "split9_prob": [0.15139638787552173, 0.15135341432068566, 0.9557488684990293], "split10_index": [33, 34, 35], "split10_pred": [0, 0, 1], "split10_test": [0, 0, 1], "split10_notXOR": [1, 1, 1], "split10_prob": [0.13973641800353398, 0.1395547768152523, 0.9479605863136628], "split11_index": [36, 37, 38], "split11_pred": [0, 0, 1], "split11_test": [0, 0, 1], "split11_notXOR": [1, 1, 1], "split11_prob": [0.10039738506851277, 0.10025126823121887, 0.9667534750900243], "split12_index": [39, 40, 41], "split12_pred": [0, 0, 1], "split12_test": [0, 0, 1], "split12_notXOR": [1, 1, 1], "split12_prob": [0.10718631336641045, 0.10691199794276936, 0.974500859854563], "split13_index": [42, 43, 44], "split13_pred": [0, 0, 1], "split13_test": [0, 0, 1], "split13_notXOR": [1, 1, 1], "split13_prob": [0.1081356820847099, 0.10760215020291974, 0.9760664236308318], "split14_index": [45, 46, 47], "split14_pred": [0, 0, 1], "split14_test": [0, 0, 1], "split14_notXOR": [1, 1, 1], "split14_prob": [0.09540144258805867, 0.12733212631939006, 0.9516225949881572], "split15_index": [48, 49, 50], "split15_pred": [0, 0, 1], "split15_test": [0, 0, 1], "split15_notXOR": [1, 1, 1], "split15_prob": [0.10091390172158074, 0.10085709945898409, 0.9639480690206979], "split16_index": [51, 52, 53], "split16_pred": [0, 0, 1], "split16_test": [0, 0, 1], "split16_notXOR": [1, 1, 1], "split16_prob": [0.0751821076702961, 0.07503680460598998, 0.9798612404099319], "split17_index": [54, 55, 56], "split17_pred": [0, 0, 1], "split17_test": [0, 0, 1], "split17_notXOR": [1, 1, 1], "split17_prob": [0.0732960368002575, 0.07324198911710998, 0.9678718419957585], "split18_index": [57, 58, 59], "split18_pred": [0, 0, 1], "split18_test": [0, 0, 1], "split18_notXOR": [1, 1, 1], "split18_prob": [0.06955453658702804, 0.06956799420909242, 0.9809379629849373], "split19_index": [60, 61, 62], "split19_pred": [0, 0, 1], "split19_test": [0, 0, 1], "split19_notXOR": [1, 1, 1], "split19_prob": [0.06186302412559504, 0.09414771103594274, 0.9653441376321975], "split20_index": [63, 64, 65], "split20_pred": [0, 0, 0], "split20_test": [0, 0, 1], "split20_notXOR": [1, 1, 0], "split20_prob": [0.060448629861375225, 0.06196933425494693, 0.5450532170261831], "split21_index": [66, 67, 68], "split21_pred": [0, 0, 1], "split21_test": [0, 0, 1], "split21_notXOR": [1, 1, 1], "split21_prob": [0.056271519186734446, 0.06065441930745731, 0.9845515335354967], "split22_index": [69, 70, 71], "split22_pred": [0, 0, 1], "split22_test": [0, 0, 1], "split22_notXOR": [1, 1, 1], "split22_prob": [0.06475370720806622, 0.0690983932601355, 0.9707172159357913], "split23_index": [72, 73, 74], "split23_pred": [0, 0, 1], "split23_test": [0, 0, 1], "split23_notXOR": [1, 1, 1], "split23_prob": [0.04739570146900112, 0.06847620655993526, 0.9870287825255026], "split24_index": [75, 76, 77], "split24_pred": [0, 0, 1], "split24_test": [0, 0, 1], "split24_notXOR": [1, 1, 1], "split24_prob": [0.07883903587513053, 0.17848711113247362, 0.9809120725846665], "split25_index": [78, 79, 80], "split25_pred": [0, 0, 1], "split25_test": [0, 0, 1], "split25_notXOR": [1, 1, 1], "split25_prob": [0.07116563668118367, 0.07646181069236149, 0.9814606145934737], "split26_index": [81, 82, 83], "split26_pred": [0, 0, 1], "split26_test": [0, 0, 1], "split26_notXOR": [1, 1, 1], "split26_prob": [0.074867901616309, 0.08058657882475963, 0.9731075277729739], "split27_index": [84, 85, 86], "split27_pred": [0, 0, 1], "split27_test": [0, 0, 1], "split27_notXOR": [1, 1, 1], "split27_prob": [0.06899311343167804, 0.07397950015490001, 0.9810736733832531], "split28_index": [87, 88, 89], "split28_pred": [0, 0, 1], "split28_test": [0, 0, 1], "split28_notXOR": [1, 1, 1], "split28_prob": [0.07181586779182075, 0.0772045145844374, 0.9798617453636762], "split29_index": [90, 91, 92], "split29_pred": [0, 0, 1], "split29_test": [0, 0, 1], "split29_notXOR": [1, 1, 1], "split29_prob": [0.06034170066457481, 0.0652493120320236, 0.9857756437662952], "split30_index": [93, 94, 95], "split30_pred": [0, 0, 1], "split30_test": [0, 0, 1], "split30_notXOR": [1, 1, 1], "split30_prob": [0.05509763146978073, 0.060417002903546096, 0.9889958489789873], "split31_index": [96, 97, 98], "split31_pred": [0, 0, 1], "split31_test": [0, 0, 1], "split31_notXOR": [1, 1, 1], "split31_prob": [0.048040485424992334, 0.0521255807615555, 0.9811268464609367], "split32_index": [99, 100, 101], "split32_pred": [0, 0, 1], "split32_test": [0, 0, 1], "split32_notXOR": [1, 1, 1], "split32_prob": [0.04136353013243018, 0.0478532268105355, 0.9947469702769403], "split33_index": [102, 103, 104], "split33_pred": [0, 0, 1], "split33_test": [0, 0, 1], "split33_notXOR": [1, 1, 1], "split33_prob": [0.04909035041228815, 0.05323697527954676, 0.9836609060359144]}