{"split0_index": [6, 7, 8, 9, 10, 11], "split0_pred": [0, 0, 0, 1, 0, 0], "split0_test": [0, 0, 0, 1, 0, 0], "split0_notXOR": [1, 1, 1, 1, 1, 1], "split0_prob": [0.0, 0.0, 0.0, 1.0, 0.0, 0.0], "split1_index": [12, 13, 14, 15, 16], "split1_pred": [0, 0, 1, 0, 0], "split1_test": [0, 0, 1, 0, 0], "split1_notXOR": [1, 1, 1, 1, 1], "split1_prob": [0.0, 0.0, 1.0, 0.0, 0.0], "split2_index": [17, 18, 19, 20, 21], "split2_pred": [0, 0, 1, 0, 0], "split2_test": [0, 0, 1, 0, 0], "split2_notXOR": [1, 1, 1, 1, 1], "split2_prob": [0.0, 0.0, 1.0, 0.0, 0.0], "split3_index": [22, 23, 24, 25, 26], "split3_pred": [0, 0, 1, 0, 0], "split3_test": [0, 0, 1, 0, 0], "split3_notXOR": [1, 1, 1, 1, 1], "split3_prob": [0.0, 0.0, 1.0, 0.0, 0.0], "split4_index": [27, 28, 29, 30, 31], "split4_pred": [0, 0, 0, 0, 0], "split4_test": [0, 0, 1, 0, 0], "split4_notXOR": [1, 1, 0, 1, 1], "split4_prob": [0.0, 0.0, 0.0, 0.0, 0.0], "split5_index": [32, 33, 34, 35, 36], "split5_pred": [0, 0, 1, 0, 0], "split5_test": [0, 0, 1, 0, 0], "split5_notXOR": [1, 1, 1, 1, 1], "split5_prob": [0.0, 0.0, 0.9999999999999645, 0.0, 0.0], "split6_index": [37, 38, 39, 40, 41], "split6_pred": [0, 0, 1, 0, 0], "split6_test": [0, 0, 1, 0, 0], "split6_notXOR": [1, 1, 1, 1, 1], "split6_prob": [0.0, 0.0, 0.9999999999999893, 0.0, 0.0], "split7_index": [42, 43, 44, 45, 46], "split7_pred": [0, 0, 1, 0, 0], "split7_test": [0, 0, 1, 0, 0], "split7_notXOR": [1, 1, 1, 1, 1], "split7_prob": [0.0, 0.0, 0.9999999999999041, 0.0, 0.0], "split8_index": [47, 48, 49, 50, 51], "split8_pred": [0, 0, 0, 0, 0], "split8_test": [0, 0, 1, 0, 0], "split8_notXOR": [1, 1, 0, 1, 1], "split8_prob": [0.0, 0.0, 1.2559399074610707e-49, 0.0, 0.0], "split9_index": [52, 53, 54, 55, 56], "split9_pred": [0, 0, 1, 0, 0], "split9_test": [0, 0, 1, 0, 0], "split9_notXOR": [1, 1, 1, 1, 1], "split9_prob": [0.0, 0.0, 0.9999999999995257, 0.0, 0.0], "split10_index": [57, 58, 59, 60, 61], "split10_pred": [0, 0, 1, 0, 0], "split10_test": [0, 0, 1, 0, 0], "split10_notXOR": [1, 1, 1, 1, 1], "split10_prob": [0.0, 0.0, 0.9999999999999307, 0.0, 0.0], "split11_index": [62, 63, 64, 65, 66], "split11_pred": [0, 0, 1, 0, 0], "split11_test": [0, 0, 1, 1, 0], "split11_notXOR": [1, 1, 1, 0, 1], "split11_prob": [0.0, 0.0, 0.9999999999999627, 0.0, 0.0], "split12_index": [67, 68, 69, 70, 71], "split12_pred": [0, 0, 1, 0, 0], "split12_test": [0, 0, 1, 1, 0], "split12_notXOR": [1, 1, 1, 0, 1], "split12_prob": [4.503354358692162e-70, 2.5813901894513137e-136, 0.9991851367866882, 1.117234624598057e-08, 2.731094805949231e-19], "split13_index": [72, 73, 74, 75, 76], "split13_pred": [1, 0, 1, 0, 0], "split13_test": [0, 0, 1, 1, 0], "split13_notXOR": [0, 1, 1, 0, 1], "split13_prob": [0.9970554758420686, 1.9355337308546777e-76, 0.9984022004249822, 0.0002718682334564636, 2.3773295115961197e-13], "split14_index": [77, 78, 79, 80, 81], "split14_pred": [1, 0, 1, 0, 0], "split14_test": [0, 0, 1, 1, 0], "split14_notXOR": [0, 1, 1, 0, 1], "split14_prob": [0.995069274066434, 9.783419564842994e-59, 0.997359350782209, 0.021955584740730952, 1.404886395346686e-10], "split15_index": [82, 83, 84, 85, 86], "split15_pred": [1, 0, 1, 0, 0], "split15_test": [0, 0, 1, 0, 0], "split15_notXOR": [0, 1, 1, 1, 1], "split15_prob": [0.9921101791909832, 3.1438014265768633e-35, 0.9957316377325924, 0.06342101287806122, 2.141558968758303e-08], "split16_index": [87, 88, 89, 90, 91], "split16_pred": [1, 0, 1, 0, 0], "split16_test": [0, 0, 1, 0, 0], "split16_notXOR": [0, 1, 1, 1, 1], "split16_prob": [0.993434108935964, 1.5146135805453573e-55, 0.9966434104334703, 0.055050843461645176, 6.96453115529635e-10], "split17_index": [92, 93, 94, 95, 96], "split17_pred": [1, 0, 1, 0, 0], "split17_test": [0, 0, 1, 0, 0], "split17_notXOR": [0, 1, 1, 1, 1], "split17_prob": [0.9939514624863919, 4.227973402619607e-56, 0.9970537686597176, 0.03943730819608147, 3.433468713602124e-10], "split18_index": [97, 98, 99, 100, 101], "split18_pred": [1, 0, 1, 0, 0], "split18_test": [0, 0, 1, 0, 0], "split18_notXOR": [0, 1, 1, 1, 1], "split18_prob": [0.9935340389750976, 3.6702320206082617e-60, 0.996984103516264, 4.4571118579297557e-11, 1.4560650612731572e-10]}