{"split0_index": [5, 6, 7, 8, 9], "split0_pred": [0, 0, 0, 0, 0], "split0_test": [0, 0, 1, 1, 0], "split0_notXOR": [1, 1, 0, 0, 1], "split0_prob": [0.5, 0.5, 0.5, 0.5, 0.5], "split1_index": [10, 11, 12, 13, 14], "split1_pred": [0, 1, 1, 1, 0], "split1_test": [0, 0, 1, 1, 0], "split1_notXOR": [1, 0, 1, 1, 1], "split1_prob": [0.2750761767060175, 0.5355130716918257, 0.5355130716918257, 0.7312921977522954, 0.4877925288093743], "split2_index": [15, 16, 17, 18, 19], "split2_pred": [0, 1, 1, 1, 0], "split2_test": [0, 0, 1, 1, 0], "split2_notXOR": [1, 0, 1, 1, 1], "split2_prob": [0.200361303886598, 0.5330319530917086, 0.5330319530917086, 0.8022427398618205, 0.4575655593475578], "split3_index": [20, 21, 22, 23, 24], "split3_pred": [0, 0, 0, 1, 1], "split3_test": [0, 0, 1, 1, 0], "split3_notXOR": [1, 1, 0, 1, 0], "split3_prob": [0.2688592112588141, 0.498381480836368, 0.498381480836368, 0.7956528454961713, 0.6232598326404787], "split4_index": [25, 26, 27, 28, 29], "split4_pred": [1, 1, 0, 0, 0], "split4_test": [1, 0, 1, 0, 0], "split4_notXOR": [1, 0, 0, 1, 1], "split4_prob": [0.8257666163772215, 0.7426170962247404, 0.4991151564293282, 0.21279229070716024, 0.4991151564293282], "split5_index": [30, 31, 32, 33, 34], "split5_pred": [0, 1, 0, 1, 1], "split5_test": [0, 0, 1, 1, 1], "split5_notXOR": [1, 0, 0, 1, 1], "split5_prob": [0.36127788758754115, 0.7417578581163479, 0.1338779826644734, 0.5115779234165347, 0.8190288494585564], "split6_index": [35, 36, 37, 38, 39], "split6_pred": [0, 0, 1, 1, 1], "split6_test": [0, 0, 1, 1, 1], "split6_notXOR": [1, 1, 1, 1, 1], "split6_prob": [0.4051141694008101, 0.410639814140226, 0.6792284593076983, 0.7727959237639949, 0.8061177169587107], "split7_index": [40, 41, 42, 43, 44], "split7_pred": [0, 0, 1, 1, 1], "split7_test": [0, 0, 1, 0, 1], "split7_notXOR": [1, 1, 1, 0, 1], "split7_prob": [0.33132156389820333, 0.4507036798919098, 0.8040266464771434, 0.944177554215101, 0.8172312828778349], "split8_index": [45, 46, 47, 48, 49], "split8_pred": [0, 1, 1, 1, 1], "split8_test": [0, 0, 0, 0, 1], "split8_notXOR": [1, 0, 0, 0, 1], "split8_prob": [0.4466160391339949, 0.7195913828382231, 0.8646561429282652, 0.9613712006800844, 0.8282988023434943], "split9_index": [50, 51, 52, 53, 54], "split9_pred": [1, 1, 0, 0, 1], "split9_test": [1, 0, 0, 0, 0], "split9_notXOR": [1, 0, 1, 1, 0], "split9_prob": [0.8264742202285686, 0.6086687756339586, 0.49535320236574365, 0.46480298235939765, 0.5352929484942005], "split10_index": [55, 56, 57, 58, 59, 60], "split10_pred": [1, 1, 0, 1, 0, 1], "split10_test": [0, 1, 0, 0, 0, 0], "split10_notXOR": [0, 1, 1, 0, 1, 0], "split10_prob": [0.866657110688541, 0.8312084643979908, 0.10864781769546895, 0.9650176925247266, 0.35480900502585044, 0.5036171940090529], "split11_index": [61, 62, 63, 64, 65, 66], "split11_pred": [0, 1, 0, 0, 0, 0], "split11_test": [0, 1, 0, 0, 0, 0], "split11_notXOR": [1, 1, 1, 1, 1, 1], "split11_prob": [0.45769692101262965, 0.8602357331741618, 0.16291781804324165, 0.2916633241871502, 0.21876653433318283, 0.21359945184162707], "split12_index": [67, 68, 69, 70, 71, 72, 73, 74], "split12_pred": [0, 1, 0, 0, 0, 0, 0, 1], "split12_test": [0, 0, 0, 1, 0, 0, 0, 0], "split12_notXOR": [1, 0, 1, 0, 1, 1, 1, 0], "split12_prob": [0.11990909103211063, 0.9120984685415469, 0.10035805542580536, 0.13512059733843904, 0.1586193483368803, 0.2077182876149469, 0.19538553603194758, 0.5480827852674841], "split13_index": [75, 76, 77, 78, 79, 80, 81, 82, 83], "split13_pred": [1, 0, 1, 0, 0, 0, 0, 0, 1], "split13_test": [0, 0, 0, 0, 1, 0, 0, 0, 0], "split13_notXOR": [0, 1, 0, 1, 0, 1, 1, 1, 0], "split13_prob": [0.8331966815469347, 0.3624906816044584, 0.9136480322605373, 0.08740228517175887, 0.20516296362912817, 0.3145994091237985, 0.13929878349018454, 0.11807173639772925, 0.5552490490637115]}