{"split0_index": [4, 5, 6, 7], "split0_pred": [0, 1, 1, 0], "split0_test": [0, 1, 0, 0], "split0_notXOR": [1, 1, 0, 1], "split0_prob": [0.8652479863637285, 0.12461054734417357, 0.30767012268606697, 0.8780851421278563], "split1_index": [8, 9, 10, 11], "split1_pred": [0, 1, 1, 0], "split1_test": [0, 1, 0, 0], "split1_notXOR": [1, 1, 0, 1], "split1_prob": [0.3171841831701339, 0.7509563775662571, 0.6254474259326803, 0.2955666806535873], "split2_index": [12, 13, 14, 15], "split2_pred": [0, 1, 1, 0], "split2_test": [0, 1, 0, 0], "split2_notXOR": [1, 1, 0, 1], "split2_prob": [0.36530871743604537, 0.732982714348188, 0.5602158506935903, 0.19664249301011116], "split3_index": [16, 17, 18, 19], "split3_pred": [0, 1, 0, 0], "split3_test": [0, 1, 0, 0], "split3_notXOR": [1, 1, 1, 1], "split3_prob": [0.35161219990767517, 0.7270551719547632, 0.20998248731591745, 0.21006303284009348], "split4_index": [20, 21, 22, 23], "split4_pred": [0, 1, 0, 0], "split4_test": [0, 1, 0, 0], "split4_notXOR": [1, 1, 1, 1], "split4_prob": [0.39824209723385523, 0.8933483005681276, 0.4106104640192412, 0.4123309995718579], "split5_index": [24, 25, 26, 27], "split5_pred": [1, 0, 0, 0], "split5_test": [1, 0, 0, 0], "split5_notXOR": [1, 1, 1, 1], "split5_prob": [0.879329964114483, 0.1411616696494274, 0.10615009688451138, 0.10611833363107324], "split6_index": [28, 29, 30, 31], "split6_pred": [1, 0, 0, 0], "split6_test": [1, 0, 0, 0], "split6_notXOR": [1, 1, 1, 1], "split6_prob": [0.9004329597442481, 0.10817877466250789, 0.1082093390736235, 0.10809951376149177], "split7_index": [32, 33, 34, 35], "split7_pred": [1, 0, 0, 0], "split7_test": [1, 0, 0, 0], "split7_notXOR": [1, 1, 1, 1], "split7_prob": [0.923027167793621, 0.16397194307803697, 0.11223308933819079, 0.11253318299586873]}