{"split0_index": [15, 16, 17, 18, 19, 20, 21, 22, 23, 24, 25, 26, 27, 28, 29, 30, 31, 32], "split0_pred": [0, 0, 0, 1, 1, 0, 1, 1, 1, 0, 1, 1, 1, 1, 1, 1, 0, 0], "split0_test": [0, 0, 0, 0, 0, 0, 0, 0, 1, 0, 0, 0, 0, 0, 0, 0, 0, 0], "split0_notXOR": [1, 1, 1, 0, 0, 1, 0, 0, 1, 1, 0, 0, 0, 0, 0, 0, 1, 1], "split0_prob": [0.5, 0.5, 0.5121987557771304, 0.3175310412636265, 0.27684949316051577, 0.6166757084058366, 0.4300964756474798, 0.30566012724450403, 0.2689781388815158, 0.5, 0.3391768099207417, 0.2937509006892491, 0.4300964756474798, 0.4300964756474798, 0.35218725155269076, 0.3136700622226601, 0.6973677658840512, 0.5097082286168649], "split1_index": [33, 34, 35, 36, 37, 38, 39, 40, 41, 42, 43, 44, 45, 46, 47, 48, 49], "split1_pred": [1, 1, 1, 0, 1, 1, 1, 1, 0, 0, 1, 1, 1, 1, 1, 1, 1], "split1_test": [0, 0, 0, 0, 0, 1, 0, 1, 0, 0, 0, 0, 0, 1, 1, 0, 0], "split1_notXOR": [0, 0, 0, 1, 0, 1, 0, 1, 1, 1, 0, 0, 0, 1, 1, 0, 0], "split1_prob": [0.6810658712632697, 0.8494583727314163, 0.6020058669821802, 0.22107046222095375, 0.8191024475556471, 0.671947047650001, 0.6784467208017274, 0.9279673589507489, 0.22041404241344908, 0.15643037160523945, 0.6810654801507422, 0.9133189173990821, 0.9133189173990821, 0.6807965550114791, 0.6797818173332393, 0.9133189173990821, 0.680321254394483], "split2_index": [50, 51, 52, 53, 54, 55, 56, 57, 58, 59, 60, 61, 62, 63, 64, 65, 66, 67, 68], "split2_pred": [1, 0, 0, 0, 0, 1, 1, 1, 1, 1, 0, 1, 0, 0, 1, 1, 1, 0, 0], "split2_test": [0, 0, 0, 0, 0, 0, 1, 0, 1, 0, 0, 0, 0, 0, 1, 0, 1, 0, 0], "split2_notXOR": [0, 1, 1, 1, 1, 0, 1, 0, 1, 0, 1, 0, 1, 1, 1, 0, 1, 1, 1], "split2_prob": [0.47584057863667883, 0.5288266326535748, 0.6578167326984324, 0.5707104607922968, 0.6089996244382525, 0.406781813232236, 0.38256275076668395, 0.4392946191337352, 0.38256275335705775, 0.5, 0.6096084221512531, 0.4764931324829361, 0.6578167326984324, 0.6578167326984324, 0.4168773557824996, 0.3680234725262304, 0.4275402710719902, 0.6578167326984324, 0.5355841941808157], "split3_index": [69, 70, 71, 72, 73, 74, 75, 76, 77, 78, 79, 80, 81, 82, 83, 84, 85, 86, 87], "split3_pred": [0, 0, 0, 0, 0, 1, 1, 1, 1, 0, 0, 0, 0, 0, 1, 1, 1, 0, 0], "split3_test": [0, 0, 0, 0, 0, 0, 1, 0, 1, 0, 0, 0, 0, 0, 1, 0, 1, 0, 0], "split3_notXOR": [1, 1, 1, 1, 1, 0, 1, 0, 1, 1, 1, 1, 1, 1, 1, 0, 1, 1, 1], "split3_prob": [0.15178816091798547, 0.1486470781693958, 0.14851929486612278, 0.1548699402129468, 0.09715909566846842, 0.6301230609792948, 0.8165691750100641, 0.7835326334438887, 0.6903934583745968, 0.45024958933414355, 0.14866283752985596, 0.14859251755087988, 0.14851929486612278, 0.14851929486612278, 0.8165691356226505, 0.8139055307565688, 0.5527069764031743, 0.14851929486612278, 0.25835215453423205], "split4_index": [88, 89, 90, 91, 92, 93, 94, 95, 96, 97, 98, 99, 100, 101, 102, 103, 104, 105, 106], "split4_pred": [1, 0, 0, 0, 0, 1, 1, 1, 1, 0, 0, 0, 0, 0, 1, 1, 1, 0, 0], "split4_test": [0, 0, 0, 0, 0, 0, 1, 0, 1, 0, 0, 1, 0, 0, 1, 0, 1, 0, 0], "split4_notXOR": [0, 1, 1, 1, 1, 0, 1, 0, 1, 1, 1, 0, 1, 1, 1, 0, 1, 1, 1], "split4_prob": [0.45034264398454704, 0.39280108914048606, 0.1779737833377324, 0.3589737525561409, 0.21790330252064266, 0.6874578346479656, 0.7310492024785521, 0.5591128540327956, 0.7312451515588108, 0.1779517987428559, 0.27527283555896115, 0.43178342633235894, 0.1779737833377324, 0.1779737833377324, 0.7311578373634998, 0.7956935610799356, 0.6269489911979312, 0.1779737833377324, 0.17799921133876093], "split5_index": [107, 108, 109, 110, 111, 112, 113, 114, 115, 116, 117, 118, 119, 120, 121, 122, 123, 124, 125, 126], "split5_pred": [0, 0, 0, 0, 0, 1, 0, 1, 1, 1, 0, 0, 0, 0, 0, 1, 1, 1, 0, 0], "split5_test": [0, 0, 0, 0, 0, 0, 1, 0, 0, 0, 0, 0, 0, 0, 0, 0, 0, 1, 0, 0], "split5_notXOR": [1, 1, 1, 1, 1, 0, 0, 0, 0, 0, 1, 1, 1, 1, 1, 0, 0, 1, 1, 1], "split5_prob": [0.23694579523902498, 0.35767668618097914, 0.15710083133770555, 0.29224790697212977, 0.1765186476112725, 0.7022042203001393, 0.24854250019676188, 0.48073460973725185, 0.4314829825709849, 0.7393861541156176, 0.09858458158714077, 0.19637556826016908, 0.271703261896589, 0.15710083133770555, 0.15710083133770555, 0.7477282881077153, 0.6608774948287115, 0.6436065119101181, 0.15710083133770555, 0.10828468885408069], "split6_index": [127, 128, 129, 130, 131, 132, 133, 134, 135, 136, 137, 138, 139, 140, 141, 142, 143, 144], "split6_pred": [1, 0, 0, 0, 0, 1, 1, 1, 1, 0, 1, 0, 0, 1, 1, 1, 0, 0], "split6_test": [0, 0, 0, 0, 0, 0, 1, 0, 0, 0, 0, 0, 0, 0, 0, 1, 0, 0], "split6_notXOR": [0, 1, 1, 1, 1, 0, 1, 0, 0, 1, 0, 1, 1, 0, 0, 1, 1, 1], "split6_prob": [0.5394553599218589, 0.37761806402291304, 0.17795978091398998, 0.3930147962513552, 0.17951867368796107, 0.7480276023670639, 0.5446030042822609, 0.5699534636693074, 0.7865017538518415, 0.23458261717520884, 0.5403990805692984, 0.17795978091398998, 0.17795978091398998, 0.7618148391771088, 0.7086031527152638, 0.6818674603133317, 0.17795978091398998, 0.24888437398912439], "split7_index": [145, 146, 147, 148, 149, 150, 151, 152, 153, 154, 155, 156, 157, 158, 159, 160, 161], "split7_pred": [1, 0, 0, 0, 0, 1, 1, 1, 0, 1, 0, 0, 1, 1, 1, 0, 0], "split7_test": [0, 0, 0, 0, 0, 0, 1, 0, 0, 0, 0, 0, 0, 0, 1, 0, 0], "split7_notXOR": [0, 1, 1, 1, 1, 0, 1, 0, 1, 0, 1, 1, 0, 0, 1, 1, 1], "split7_prob": [0.7637818365043408, 0.3418285624991541, 0.1663711872893887, 0.21049997694120132, 0.16627779157151842, 0.740496318288478, 0.7595986407404802, 0.7625616962541792, 0.15504156246707304, 0.626793714267845, 0.1663711872893887, 0.1663711872893887, 0.6461022311051404, 0.6403626622763896, 0.6211321641042395, 0.1663711872893887, 0.17646279489489627], "split8_index": [162, 163, 164, 165, 166, 167, 168, 169, 170, 171, 172, 173, 174, 175, 176, 177, 178], "split8_pred": [1, 0, 0, 0, 0, 1, 1, 1, 0, 1, 0, 0, 1, 1, 1, 0, 0], "split8_test": [0, 0, 0, 0, 0, 0, 1, 0, 0, 0, 0, 0, 0, 0, 1, 0, 0], "split8_notXOR": [0, 1, 1, 1, 1, 0, 1, 0, 1, 0, 1, 1, 0, 0, 1, 1, 1], "split8_prob": [0.6448602747699672, 0.4258145254976271, 0.293993392894674, 0.34832007996508974, 0.29387979116422713, 0.6794174055921499, 0.6376918909187306, 0.6975301254153596, 0.2939734571995589, 0.5179149361865425, 0.293993392894674, 0.293993392894674, 0.5820246715696702, 0.6188469893806868, 0.6024122426435893, 0.293993392894674, 0.33338249769459377], "split9_index": [179, 180, 181, 182, 183, 184, 185, 186, 187, 188, 189, 190, 191, 192, 193, 194], "split9_pred": [1, 0, 0, 0, 1, 1, 1, 0, 0, 0, 0, 0, 1, 1, 1, 0], "split9_test": [0, 0, 0, 0, 0, 1, 0, 0, 0, 0, 0, 0, 0, 0, 1, 0], "split9_notXOR": [0, 1, 1, 1, 0, 1, 0, 1, 1, 1, 1, 1, 0, 0, 1, 1], "split9_prob": [0.69421554423041, 0.34966941520290273, 0.18068501515370333, 0.19718928477172332, 0.7263495675888776, 0.70533110637543, 0.7089659972146594, 0.16735131398944733, 0.20001119881797594, 0.1673993157145941, 0.1673993157145941, 0.252675789765163, 0.6823133828020981, 0.6124266566872634, 0.5309878399984921, 0.1622331145354246], "split10_index": [195, 196, 197, 198, 199, 200, 201, 202, 203, 204, 205, 206, 207, 208], "split10_pred": [0, 1, 0, 1, 1, 1, 0, 0, 0, 0, 0, 0, 0, 1], "split10_test": [0, 0, 0, 0, 0, 0, 0, 0, 0, 0, 0, 0, 0, 1], "split10_notXOR": [1, 0, 1, 0, 0, 0, 1, 1, 1, 1, 1, 1, 1, 1], "split10_prob": [0.10091944114164687, 0.3732960794316411, 0.19731515782923842, 0.7827409219001101, 0.7883504786612365, 0.7550712896902384, 0.10095066830650648, 0.19582856456585793, 0.10095066830650648, 0.10095066830650648, 0.10095066830650648, 0.10095066830650648, 0.10095066830650648, 0.7136188705755703], "split11_index": [209, 210, 211, 212, 213, 214, 215, 216, 217, 218, 219, 220, 221, 222], "split11_pred": [1, 0, 0, 1, 0, 1, 0, 0, 0, 0, 0, 0, 0, 1], "split11_test": [0, 0, 0, 0, 0, 0, 0, 0, 0, 0, 0, 0, 0, 1], "split11_notXOR": [0, 1, 1, 0, 1, 0, 1, 1, 1, 1, 1, 1, 1, 1],