{"split0_index": [3, 4, 5], "split0_pred": [0, 1, 1], "split0_test": [0, 1, 1], "split0_notXOR": [1, 1, 1], "split0_prob": [0.4500063303188875, 0.7979368144565311, 0.7601340674942734], "split1_index": [6, 7, 8], "split1_pred": [0, 1, 1], "split1_test": [0, 1, 1], "split1_notXOR": [1, 1, 1], "split1_prob": [0.35008557312242344, 0.8458509453913349, 0.8080453499682659], "split2_index": [9, 10, 11], "split2_pred": [0, 1, 1], "split2_test": [0, 0, 1], "split2_notXOR": [1, 0, 1], "split2_prob": [0.2883785116252493, 0.8770978277066852, 0.8372562193882942], "split3_index": [12, 13, 14], "split3_pred": [0, 1, 1], "split3_test": [0, 0, 1], "split3_notXOR": [1, 0, 1], "split3_prob": [0.21576950932870462, 0.7811726900402617, 0.7573967153708165], "split4_index": [15, 16, 17], "split4_pred": [0, 1, 1], "split4_test": [0, 0, 1], "split4_notXOR": [1, 0, 1], "split4_prob": [0.18103405413085338, 0.7011836337013426, 0.7177806275669406], "split5_index": [18, 19, 20], "split5_pred": [0, 1, 1], "split5_test": [0, 0, 1], "split5_notXOR": [1, 0, 1], "split5_prob": [0.15861741934229348, 0.642173398433901, 0.6954964832886893], "split6_index": [21, 22, 23], "split6_pred": [0, 1, 1], "split6_test": [0, 0, 1], "split6_notXOR": [1, 0, 1], "split6_prob": [0.14313155935570812, 0.5881094737815559, 0.6843969567726226], "split7_index": [24, 25, 26], "split7_pred": [0, 1, 1], "split7_test": [0, 0, 1], "split7_notXOR": [1, 0, 1], "split7_prob": [0.13085762981520654, 0.5507620073124437, 0.6780456192734452], "split8_index": [27, 28, 29], "split8_pred": [0, 1, 1], "split8_test": [0, 0, 1], "split8_notXOR": [1, 0, 1], "split8_prob": [0.12187490605405457, 0.5163407855374766, 0.6774633068994926], "split9_index": [30, 31, 32], "split9_pred": [0, 0, 1], "split9_test": [0, 0, 1], "split9_notXOR": [1, 1, 1], "split9_prob": [0.11449722431274591, 0.4872041545825488, 0.679156793121283], "split10_index": [33, 34, 35], "split10_pred": [0, 0, 1], "split10_test": [0, 0, 1], "split10_notXOR": [1, 1, 1], "split10_prob": [0.13376449512285782, 0.4179085159464518, 0.7085384057801223], "split11_index": [36, 37, 38], "split11_pred": [0, 0, 1], "split11_test": [0, 0, 1], "split11_notXOR": [1, 1, 1], "split11_prob": [0.12762442094327908, 0.3945063992163254, 0.71512537173655], "split12_index": [39, 40, 41], "split12_pred": [0, 0, 1], "split12_test": [0, 0, 1], "split12_notXOR": [1, 1, 1], "split12_prob": [0.12218693756103491, 0.37404998039737686, 0.7217680508338252], "split13_index": [42, 43, 44], "split13_pred": [0, 0, 1], "split13_test": [0, 0, 1], "split13_notXOR": [1, 1, 1], "split13_prob": [0.11731384571126525, 0.3559884190905537, 0.7283323952804197], "split14_index": [45, 46, 47], "split14_pred": [0, 0, 1], "split14_test": [0, 0, 1], "split14_notXOR": [1, 1, 1], "split14_prob": [0.11290903312708943, 0.33989549053998075, 0.7347404238341846], "split15_index": [48, 49, 50], "split15_pred": [0, 0, 1], "split15_test": [0, 0, 1], "split15_notXOR": [1, 1, 1], "split15_prob": [0.10890237091460567, 0.3254475274877488, 0.7409475595161338], "split16_index": [51, 52, 53], "split16_pred": [0, 0, 1], "split16_test": [0, 0, 1], "split16_notXOR": [1, 1, 1], "split16_prob": [0.10523413526914786, 0.31238811008309375, 0.7469310813691232], "split17_index": [54, 55, 56], "split17_pred": [0, 0, 1], "split17_test": [0, 0, 1], "split17_notXOR": [1, 1, 1], "split17_prob": [0.1018579474672043, 0.3005155519458215, 0.7526816137544305], "split18_index": [57, 58, 59], "split18_pred": [0, 0, 1], "split18_test": [0, 0, 1], "split18_notXOR": [1, 1, 1], "split18_prob": [0.09873560023833043, 0.28966361564500365, 0.7582002456269847], "split19_index": [60, 61, 62], "split19_pred": [0, 0, 1], "split19_test": [0, 0, 1], "split19_notXOR": [1, 1, 1], "split19_prob": [0.09583936218255056, 0.2796967454570094, 0.7634871022248715], "split20_index": [63, 64, 65], "split20_pred": [0, 0, 1], "split20_test": [0, 0, 1], "split20_notXOR": [1, 1, 1], "split20_prob": [0.09313991124023661, 0.2705068293054412, 0.7038633266417426], "split21_index": [66, 67, 68], "split21_pred": [0, 0, 1], "split21_test": [0, 0, 1], "split21_notXOR": [1, 1, 1], "split21_prob": [0.0905180680019201, 0.2642145474225193, 0.7103614860634218], "split22_index": [69, 70, 71], "split22_pred": [0, 0, 1], "split22_test": [0, 0, 1], "split22_notXOR": [1, 1, 1], "split22_prob": [0.08806657744418797, 0.2582506220678909, 0.7165570610420398], "split23_index": [72, 73, 74], "split23_pred": [0, 0, 1], "split23_test": [0, 0, 1], "split23_notXOR": [1, 1, 1], "split23_prob": [0.08577166618847773, 0.25259277595629365, 0.6684887490880824], "split24_index": [75, 76, 77], "split24_pred": [0, 0, 1], "split24_test": [0, 0, 1], "split24_notXOR": [1, 1, 1], "split24_prob": [0.08346047387776395, 0.4226937051827393, 0.6785224412678972], "split25_index": [78, 79, 80], "split25_pred": [0, 0, 1], "split25_test": [0, 0, 1], "split25_notXOR": [1, 1, 1], "split25_prob": [0.10180807201829592, 0.33075456899429884, 0.6152198889248165], "split26_index": [81, 82, 83], "split26_pred": [0, 0, 1], "split26_test": [0, 0, 1], "split26_notXOR": [1, 1, 1], "split26_prob": [0.10098760652142245, 0.3056512294369311, 0.6258652957669469], "split27_index": [84, 85, 86], "split27_pred": [0, 0, 1], "split27_test": [0, 0, 1], "split27_notXOR": [1, 1, 1], "split27_prob": [0.09995486883802428, 0.2850669023173242, 0.6359993485182938], "split28_index": [87, 88, 89], "split28_pred": [0, 0, 1], "split28_test": [0, 0, 1], "split28_notXOR": [1, 1, 1], "split28_prob": [0.09878869137123623, 0.26782506961354524, 0.6456201729300138], "split29_index": [90, 91, 92], "split29_pred": [0, 0, 1], "split29_test": [0, 0, 1], "split29_notXOR": [1, 1, 1], "split29_prob": [0.09753990151557392, 0.2531157888893813, 0.6547445330520499], "split30_index": [93, 94, 95], "split30_pred": [0, 0, 1], "split30_test": [0, 0, 1], "split30_notXOR": [1, 1, 1], "split30_prob": [0.09624428091170566, 0.24039030118884805, 0.6633953274963063], "split31_index": [96, 97, 98], "split31_pred": [0, 0, 1], "split31_test": [0, 0, 1], "split31_notXOR": [1, 1, 1], "split31_prob": [0.0949227800023148, 0.2292242399562057, 0.6715997148839989], "split32_index": [99, 100, 101], "split32_pred": [0, 0, 1], "split32_test": [0, 0, 1], "split32_notXOR": [1, 1, 1], "split32_prob": [0.09359475041516677, 0.2193429189497476, 0.6793831845088085], "split33_index": [102, 103, 104], "split33_pred": [0, 0, 1], "split33_test": [0, 0, 1], "split33_notXOR": [1, 1, 1], "split33_prob": [0.09227179116192737, 0.21051381118527987, 0.6867822144501625]}