{"split0_index": [7, 8, 9, 10, 11, 12, 13, 14, 15, 16], "split0_pred": [0, 0, 0, 1, 0, 0, 0, 0, 0, 0], "split0_test": [0, 0, 0, 1, 0, 0, 0, 0, 0, 1], "split0_notXOR": [1, 1, 1, 1, 1, 1, 1, 1, 1, 0], "split0_prob": [0.03978437370485371, 0.09973474073169226, 0.08786996287835885, 0.8599983453383644, 0.11608809166411495, 0.04627328774156888, 0.06981970260635459, 0.061969586134399665, 0.0715640767197089, 0.1117898209927369], "split1_index": [17, 18, 19, 20, 21, 22, 23, 24, 25, 26], "split1_pred": [0, 0, 0, 1, 0, 0, 0, 0, 0, 1], "split1_test": [0, 0, 0, 1, 0, 0, 0, 0, 0, 0], "split1_notXOR": [1, 1, 1, 1, 1, 1, 1, 1, 1, 0], "split1_prob": [0.07012372056990475, 0.04820165543481435, 0.02715261497865658, 0.9568550683755931, 0.057797236250494786, 0.1002360443212078, 0.018496563031071944, 0.019199123154422897, 0.01900431672363672, 0.5828545167243869], "split2_index": [27, 28, 29, 30, 31, 32, 33, 34, 35, 36], "split2_pred": [0, 0, 0, 1, 0, 0, 0, 0, 0, 0], "split2_test": [0, 0, 0, 1, 0, 0, 0, 0, 0, 0], "split2_notXOR": [1, 1, 1, 1, 1, 1, 1, 1, 1, 1], "split2_prob": [0.04247770030579066, 0.020770183562565207, 0.010563513263054485, 0.9711818560672975, 0.02192671220788503, 0.06872888269323961, 0.009460253670546327, 0.025986485476325753, 0.007714438911018849, 0.20235768848123595], "split3_index": [37, 38, 39, 40, 41, 42, 43, 44, 45, 46], "split3_pred": [0, 0, 0, 1, 0, 0, 0, 0, 0, 1], "split3_test": [0, 0, 0, 1, 0, 0, 0, 0, 0, 0], "split3_notXOR": [1, 1, 1, 1, 1, 1, 1, 1, 1, 0], "split3_prob": [0.00873477161763631, 0.016955148241108907, 0.005816639634718389, 0.9498596165161275, 0.21437697170638, 0.05523984901615701, 0.00506324351011599, 0.010653032765206237, 0.004479274131986052, 0.6410693975283004], "split4_index": [47, 48, 49, 50, 51, 52, 53, 54, 55, 56], "split4_pred": [0, 0, 0, 0, 1, 0, 0, 0, 0, 0], "split4_test": [0, 0, 0, 0, 1, 0, 0, 0, 0, 0], "split4_notXOR": [1, 1, 1, 1, 1, 1, 1, 1, 1, 1], "split4_prob": [0.00571604481682673, 0.007680957103726721, 0.009972553604494916, 0.004483421776765714, 0.9671790061906549, 0.054948534290013985, 0.040665706634452445, 0.0035695679158419986, 0.0033751264391495743, 0.26808747910473785], "split5_index": [57, 58, 59, 60, 61, 62, 63, 64, 65, 66, 67], "split5_pred": [1, 0, 1, 0, 0, 0, 0, 0, 0, 0, 0], "split5_test": [1, 0, 0, 0, 0, 0, 0, 0, 0, 0, 0], "split5_notXOR": [1, 1, 0, 1, 1, 1, 1, 1, 1, 1, 1], "split5_prob": [0.9131846462887184, 0.20640674927465127, 0.790765460279292, 0.01520380483004662, 0.04496199559508964, 0.01197167737265175, 0.019512302990838143, 0.005045729459732558, 0.0026448109155272413, 0.0037072843909770003, 0.2765230908216281], "split6_index": [68, 69, 70, 71, 72, 73, 74, 75, 76, 77, 78], "split6_pred": [1, 0, 0, 0, 0, 0, 0, 0, 0, 0, 0], "split6_test": [1, 0, 0, 0, 0, 0, 0, 0, 0, 1, 0], "split6_notXOR": [1, 1, 1, 1, 1, 1, 1, 1, 1, 0, 1], "split6_prob": [0.9704067183856081, 0.002691444451502726, 0.06638175339938418, 0.013240914789884858, 0.017605644781984727, 0.01395410697280271, 0.005256534562794742, 0.0018533523578439415, 0.0037770392899796803, 0.04279017042258531, 0.03629842844423184], "split7_index": [79, 80, 81, 82, 83, 84, 85, 86, 87, 88, 89], "split7_pred": [1, 0, 0, 0, 0, 0, 0, 0, 0, 1, 0], "split7_test": [1, 0, 0, 0, 0, 0, 0, 0, 0, 0, 0], "split7_notXOR": [1, 1, 1, 1, 1, 1, 1, 1, 1, 0, 1], "split7_prob": [0.9886424439806899, 0.0038454004540321145, 0.10091690006498792, 0.006762822193423607, 0.00837108247982341, 0.02854498157714656, 0.018188018171391086, 0.0006972976091228309, 0.00530319207586574, 0.774751224967642, 0.026372167225462966], "split8_index": [90, 91, 92, 93, 94, 95, 96, 97, 98, 99, 100, 101], "split8_pred": [1, 0, 0, 0, 0, 0, 0, 0, 0, 0, 1, 0], "split8_test": [1, 0, 0, 0, 0, 0, 0, 1, 0, 0, 0, 0], "split8_notXOR": [1, 1, 1, 1, 1, 1, 1, 0, 1, 1, 0, 1], "split8_prob": [0.9913550582342159, 0.0024158293620659458, 0.06657000179557274, 0.0050304346787758, 0.0033272373125941422, 0.009208399793195935, 0.01811923443800578, 0.0008093518536139822, 0.0004758414115077862, 0.0033815348160546226, 0.571742998836261, 0.02737521831255679], "split9_index": [102, 103, 104, 105, 106, 107, 108, 109, 110, 111, 112, 113, 114], "split9_pred": [1, 0, 0, 0, 0, 0, 0, 0, 0, 0, 0, 0, 0], "split9_test": [1, 0, 0, 0, 0, 0, 0, 0, 0, 0, 0, 0, 0], "split9_notXOR": [1, 1, 1, 1, 1, 1, 1, 1, 1, 1, 1, 1, 1], "split9_prob": [0.9753089419958781, 0.12591197317698585, 0.1980170457475428, 0.04514669254880483, 0.09593251884062082, 0.03169349583459254, 0.21876123506041165, 0.0346286909852163, 0.1980170457475428, 0.031989444180604926, 0.46802379542738937, 0.1765653680128709, 0.01967541552766301], "split10_index": [115, 116, 117, 118, 119, 120, 121, 122, 123, 124, 125, 126, 127], "split10_pred": [1, 0, 0, 0, 0, 0, 0, 0, 0, 0, 0, 0, 0], "split10_test": [1, 0, 0, 0, 0, 0, 0, 0, 0, 0, 0, 0, 0], "split10_notXOR": [1, 1, 1, 1, 1, 1, 1, 1, 1, 1, 1, 1, 1], "split10_prob": [0.9807871119907697, 0.11396555968814402, 0.19468930446609006, 0.03348472024675563, 0.09192348195215996, 0.02615893984580371, 0.18652289226863938, 0.02767397198355075, 0.19468930446609006, 0.026343645143848116, 0.3922928508358904, 0.1641450825816969, 0.009564867546610623], "split11_index": [128, 129, 130, 131, 132, 133, 134, 135, 136, 137, 138, 139, 140], "split11_pred": [1, 0, 0, 0, 0, 0, 0, 0, 0, 0, 0, 0, 0], "split11_test": [1, 0, 0, 0, 0, 0, 0, 0, 0, 0, 0, 0, 0], "split11_notXOR": [1, 1, 1, 1, 1, 1, 1, 1, 1, 1, 1, 1, 1], "split11_prob": [0.9832217959648378, 0.11805409552623884, 0.1535583587984956, 0.019402094786915212, 0.023138488221783937, 0.019813349480768003, 0.14982385914935792, 0.022600410002412665, 0.1535583587984956, 0.018902408103449817, 0.3322369538734078, 0.17305526759535983, 0.022125066924644617], "split12_index": [141, 142, 143, 144, 145, 146, 147, 148, 149, 150, 151, 152, 153], "split12_pred": [1, 0, 0, 0, 0, 0, 0, 0, 0, 0, 0, 0, 0], "split12_test": [1, 0, 0, 0, 0, 0, 0, 0, 0, 0, 0, 0, 0], "split12_notXOR": [1, 1, 1, 1, 1, 1, 1, 1, 1, 1, 1, 1, 1], "split12_prob": [0.9856415249239173, 0.08807765147909821, 0.12659280937593562, 0.015964733819412085, 0.01719558785291393, 0.013997920096437643, 0.12636733111908657, 0.01792552587054464, 0.12659280937593562, 0.013590876558673703, 0.1921571503581749, 0.13402101191510082, 0.017877389105846703], "split13_index": [154, 155, 156, 157, 158, 159, 160, 161, 162, 163, 164, 165, 166], "split13_pred": [1, 0, 0, 0, 0, 0, 0, 0, 0, 0, 0, 0, 0], "split13_test": [1, 0, 0, 0, 0, 0, 0, 0, 0, 0, 0, 0, 0], "split13_notXOR": [1, 1, 1, 1, 1, 1, 1, 1, 1, 1, 1, 1, 1], "split13_prob": [0.9835021611125666, 0.0749749335569395, 0.11743491890217046, 0.014100902117744398, 0.012666431800620992, 0.011713416488928168, 0.11841176046477912, 0.016240735597721725, 0.11743491890217046, 0.011416907319492697, 0.16207968071534531, 0.11698335692899559, 0.015082890692261776], "split14_index": [167, 168, 169, 170, 171, 172, 173, 174, 175, 176, 177, 178], "split14_pred": [1, 0, 0, 0, 0, 0, 0, 0, 0, 0, 0, 0], "split14_test": [1, 0, 0, 0, 0, 0, 0, 0, 0, 0, 0, 0], "split14_notXOR": [1, 1, 1, 1, 1, 1, 1, 1, 1, 1, 1, 1], "split14_prob": [0.9853593584130979, 0.06580585430099661, 0.10763912003288961, 0.012844771983689213, 0.008936189582190267, 0.009581393214849002, 0.1141504427187952, 0.01719003953726437, 0.10763912003288961, 0.009505263768227096, 0.16015655705830145, 0.012403932980554276], "split15_index": [179, 180, 181, 182, 183, 184, 185, 186, 187, 188, 189, 190], "split15_pred": [1, 0, 0, 0, 0, 0, 0, 0, 0, 0, 0, 0], "split15_test": [1, 0, 0, 0, 0, 0, 0, 0, 0, 0, 0, 0], "split15_notXOR": [1, 1, 1, 1, 1, 1, 1, 1, 1, 1, 1, 1], "split15_prob": [0.9865401790813274, 0.059798811575149075, 0.10216934980772753, 0.00013513079197682967, 0.007511881459974099, 0.008474281836218458, 0.1078991476227911, 0.01560749064840835, 0.10216934980772753, 0.008484299113620034, 0.14583703484620855, 0.011085773495934367], "split16_index": [191, 192, 193, 194, 195, 196, 197, 198, 199, 200, 201, 202], "split16_pred": [1, 0, 0, 0, 0, 0, 0, 0, 0, 0, 0, 0],