{"split0_index": [8, 9, 10, 11, 12, 13, 14, 15, 16], "split0_pred": [0, 0, 1, 1, 0, 0, 1, 1, 0], "split0_test": [0, 0, 0, 0, 0, 0, 0, 1, 0], "split0_notXOR": [1, 1, 0, 0, 1, 1, 0, 1, 1], "split0_prob": [0.18521091315388544, 0.3291564356679844, 0.7695387555395697, 0.5449005191101541, 0.3287487035020962, 0.1997440117221996, 0.5008268004569085, 0.8229390025630523, 0.2216271493753526], "split1_index": [17, 18, 19, 20, 21, 22, 23, 24, 25], "split1_pred": [0, 0, 0, 0, 0, 0, 0, 1, 0], "split1_test": [0, 0, 0, 0, 0, 0, 0, 1, 0], "split1_notXOR": [1, 1, 1, 1, 1, 1, 1, 1, 1], "split1_prob": [0.14958623155875375, 0.11079843428190615, 0.15860020213194428, 0.18082549080456578, 0.1107179633844133, 0.15583241352288077, 0.1981400609953384, 0.8692658832828694, 0.20583027867843565], "split2_index": [26, 27, 28, 29, 30, 31, 32, 33, 34], "split2_pred": [0, 0, 0, 0, 0, 0, 0, 1, 0], "split2_test": [0, 0, 0, 0, 0, 0, 0, 1, 0], "split2_notXOR": [1, 1, 1, 1, 1, 1, 1, 1, 1], "split2_prob": [0.08109704479525415, 0.09718735430176388, 0.15335895131072486, 0.18104696946898166, 0.09711812087990324, 0.08628898835442429, 0.15552842976132417, 0.8976019532439133, 0.12370351158413634], "split3_index": [35, 36, 37, 38, 39, 40, 41, 42, 43], "split3_pred": [0, 0, 0, 0, 0, 0, 0, 1, 0], "split3_test": [0, 0, 0, 0, 0, 0, 0, 1, 0], "split3_notXOR": [1, 1, 1, 1, 1, 1, 1, 1, 1], "split3_prob": [0.06548961096052462, 0.0769259720776744, 0.13585915216068142, 0.16156061140021308, 0.0769259720776744, 0.07006574233564843, 0.14134211094627339, 0.9176154323021165, 0.09832276913963336], "split4_index": [44, 45, 46, 47, 48, 49, 50, 51, 52], "split4_pred": [0, 0, 0, 0, 0, 0, 0, 1, 0], "split4_test": [0, 0, 0, 0, 0, 0, 0, 1, 0], "split4_notXOR": [1, 1, 1, 1, 1, 1, 1, 1, 1], "split4_prob": [0.04610310868562921, 0.059106116033577745, 0.11451649534269645, 0.13920620588627028, 0.05905408377898647, 0.05223985445241564, 0.095891317664381, 0.9254274351857652, 0.07212145069515748], "split5_index": [53, 54, 55, 56, 57, 58, 59, 60, 61], "split5_pred": [0, 0, 0, 0, 0, 0, 0, 1, 0], "split5_test": [0, 0, 0, 0, 0, 0, 0, 1, 0], "split5_notXOR": [1, 1, 1, 1, 1, 1, 1, 1, 1], "split5_prob": [0.047769476038007255, 0.055037002207898325, 0.11511783551079072, 0.13555858692145817, 0.055037002207898325, 0.04986532239237809, 0.10600557563310883, 0.941718554760299, 0.07162920057862018], "split6_index": [62, 63, 64, 65, 66, 67, 68, 69, 70], "split6_pred": [0, 0, 0, 0, 0, 0, 0, 1, 0], "split6_test": [0, 0, 0, 0, 0, 0, 0, 1, 0], "split6_notXOR": [1, 1, 1, 1, 1, 1, 1, 1, 1], "split6_prob": [0.0350293584473611, 0.04150857384132933, 0.08931923103799981, 0.10599456000627594, 0.04147039509006557, 0.037464497951776005, 0.07568614576302601, 0.9416910093444409, 0.0560744550160399], "split7_index": [71, 72, 73, 74, 75, 76, 77, 78, 79], "split7_pred": [0, 0, 0, 0, 0, 0, 0, 1, 0], "split7_test": [0, 0, 0, 0, 0, 0, 0, 1, 0], "split7_notXOR": [1, 1, 1, 1, 1, 1, 1, 1, 1], "split7_prob": [0.035134857557015606, 0.041886570367433026, 0.09377644540118901, 0.111546794488285, 0.04184584278700358, 0.037777702298554185, 0.07798912236876224, 0.9547004164628694, 0.05676496564444749], "split8_index": [80, 81, 82, 83, 84, 85, 86, 87, 88], "split8_pred": [0, 0, 0, 0, 0, 0, 0, 1, 0], "split8_test": [0, 0, 0, 0, 0, 0, 0, 1, 0], "split8_notXOR": [1, 1, 1, 1, 1, 1, 1, 1, 1], "split8_prob": [0.028230261452359427, 0.03616267777219685, 0.06800949232229415, 0.08588757811941114, 0.03612912787754394, 0.030967195468383894, 0.06958732957953809, 0.9566175136980386, 0.05021519241127708]}