{"split0_index": [23, 24, 25, 26, 27, 28, 29, 30, 31, 32, 33, 34, 35, 36, 37, 38, 39, 40, 41, 42, 43, 44, 45, 46], "split0_pred": [1, 0, 1, 0, 0, 1, 0, 0, 0, 0, 0, 0, 0, 0, 1, 0, 0, 0, 0, 0, 0, 0, 0, 0], "split0_test": [0, 0, 1, 0, 0, 0, 0, 0, 0, 0, 0, 0, 0, 0, 1, 0, 0, 0, 0, 0, 0, 0, 0, 0], "split0_notXOR": [0, 1, 1, 1, 1, 0, 1, 1, 1, 1, 1, 1, 1, 1, 1, 1, 1, 1, 1, 1, 1, 1, 1, 1], "split0_prob": [1.0, 0.0, 0.9399563849413007, 0.0, 0.0, 0.8719872435098363, 0.0, 0.0, 0.0, 0.0, 0.0, 0.0, 0.0, 0.0, 1.0, 0.0, 0.0, 0.0, 0.0, 0.0, 0.0, 0.0, 0.0, 0.0], "split1_index": [47, 48, 49, 50, 51, 52, 53, 54, 55, 56, 57, 58, 59, 60, 61, 62, 63, 64, 65, 66, 67, 68, 69, 70, 71, 72, 73], "split1_pred": [1, 0, 0, 0, 1, 0, 0, 1, 0, 0, 0, 0, 0, 0, 0, 0, 0, 1, 0, 0, 0, 0, 0, 0, 0, 0, 0], "split1_test": [0, 0, 0, 1, 0, 0, 0, 0, 0, 0, 0, 0, 0, 0, 0, 0, 0, 1, 0, 0, 0, 1, 0, 0, 0, 0, 0], "split1_notXOR": [0, 1, 1, 0, 0, 1, 1, 0, 1, 1, 1, 1, 1, 1, 1, 1, 1, 1, 1, 1, 1, 0, 1, 1, 1, 1, 1], "split1_prob": [1.0, 0.0, 0.0, 0.0, 0.9214653782618273, 0.0, 0.0, 0.8449679454029222, 0.0, 0.0, 0.0, 0.0, 0.0, 0.0, 0.0, 0.0, 0.0, 1.0, 0.0, 0.0, 0.0, 0.0, 0.0, 0.0, 0.0, 0.0, 0.0], "split2_index": [74, 75, 76, 77, 78, 79, 80, 81, 82, 83, 84, 85, 86, 87, 88, 89, 90, 91, 92, 93, 94, 95, 96, 97, 98, 99, 100], "split2_pred": [0, 1, 0, 0, 0, 0, 0, 0, 0, 0, 1, 0, 0, 0, 1, 0, 0, 1, 0, 0, 0, 0, 1, 0, 0, 0, 1], "split2_test": [0, 0, 1, 1, 0, 0, 0, 0, 0, 0, 0, 0, 0, 0, 0, 0, 0, 1, 0, 0, 0, 0, 1, 0, 0, 0, 0], "split2_notXOR": [1, 0, 0, 0, 1, 1, 1, 1, 1, 1, 0, 1, 1, 1, 0, 1, 1, 1, 1, 1, 1, 1, 1, 1, 1, 1, 0], "split2_prob": [0.006769470245649996, 1.0, 0.00015400171386937208, 0.01052809666379992, 0.002412645767565395, 0.0, 5.5278655237080754e-05, 0.0019353580750251008, 3.381691454448682e-05, 0.01684904165660944, 0.9999743559566585, 0.000276008903533946, 0.07719260909248321, 0.0005712564204468308, 0.9999999999946851, 0.005147694760123969, 3.47807102152522e-05, 1.0, 9.789032959962613e-05, 0.0007065007352594805, 0.02353435785542559, 0.00027918745937281113, 0.9999999999781994, 0.00043539515327712747, 0.0006195440832487877, 0.13850736956169452, 0.9999659542274809], "split3_index": [101, 102, 103, 104, 105, 106, 107, 108, 109, 110, 111, 112, 113, 114, 115, 116, 117, 118, 119, 120, 121, 122, 123, 124, 125, 126, 127, 128], "split3_pred": [0, 1, 0, 0, 0, 0, 0, 0, 0, 0, 0, 0, 1, 0, 0, 0, 1, 0, 0, 1, 0, 0, 0, 0, 1, 0, 0, 1], "split3_test": [0, 0, 1, 0, 0, 1, 0, 0, 0, 0, 0, 0, 0, 0, 0, 0, 0, 0, 0, 1, 0, 0, 0, 0, 1, 0, 0, 0], "split3_notXOR": [1, 0, 0, 1, 1, 0, 1, 1, 1, 1, 1, 1, 0, 1, 1, 1, 0, 1, 1, 1, 1, 1, 1, 1, 1, 1, 1, 0], "split3_prob": [0.04110158895489198, 1.0, 0.0007194585043652056, 0.04892734941827367, 0.05037548288751508, 0.013793228072267965, 0.0012455948257756439, 0.0, 5.2044844992527967e-05, 0.00041064701899520324, 3.804061427736269e-05, 0.019061766964571927, 0.9999877016021534, 0.0006762799024756865, 0.07125674597071867, 0.0002385372278080936, 0.9999999970369791, 0.007691463553941793, 3.775782335755967e-05, 1.0, 8.795152316084929e-05, 0.00033342647612645613, 0.024517348716075887, 0.00021062791521158733, 1.0, 0.0002558792523490361, 0.001993806042138486, 0.9998470245769926], "split4_index": [129, 130, 131, 132, 133, 134, 135, 136, 137, 138, 139, 140, 141, 142, 143, 144, 145, 146, 147, 148, 149, 150, 151, 152, 153, 154, 155, 156], "split4_pred": [0, 1, 0, 0, 0, 0, 0, 0, 0, 0, 0, 0, 1, 0, 0, 0, 1, 0, 0, 1, 0, 0, 0, 0, 1, 0, 0, 1], "split4_test": [0, 0, 0, 0, 0, 0, 0, 0, 0, 0, 0, 0, 0, 0, 0, 0, 0, 0, 0, 1, 0, 0, 0, 0, 0, 0, 0, 0], "split4_notXOR": [1, 0, 1, 1, 1, 1, 1, 1, 1, 1, 1, 1, 0, 1, 1, 1, 0, 1, 1, 1, 1, 1, 1, 1, 0, 1, 1, 0], "split4_prob": [0.012155367009733013, 1.0, 0.0035318408275754483, 0.07337869548412715, 0.07727154314422785, 0.029281009259923125, 0.002165368285019353, 0.0, 4.0200203428564895e-05, 0.001219368065463633, 3.226805389244359e-05, 0.006006117682271391, 0.9998541364773799, 0.00040624682102974937, 0.021327553912857043, 0.0007664268578977512, 0.9999871098890545, 0.01735092112789671, 0.00020683487381969868, 1.0, 0.0004416207406550836, 0.000998356846170079, 0.007482188137097266, 0.0007571350564764108, 1.0, 0.0001359984853380766, 0.0009084763553059581, 0.9997330856092113], "split5_index": [157, 158, 159, 160, 161, 162, 163, 164, 165, 166, 167, 168, 169, 170, 171, 172, 173, 174, 175, 176, 177, 178, 179, 180, 181, 182, 183, 184], "split5_pred": [0, 1, 0, 0, 0, 0, 0, 0, 0, 1, 0, 0, 0, 0, 0, 0, 0, 0, 0, 1, 0, 0, 0, 0, 1, 0, 0, 0], "split5_test": [0, 0, 0, 0, 0, 0, 0, 0, 0, 0, 0, 0, 0, 0, 0, 0, 0, 0, 0, 1, 0, 0, 0, 0, 0, 0, 0, 0], "split5_notXOR": [1, 0, 1, 1, 1, 1, 1, 1, 1, 0, 1, 1, 1, 1, 1, 1, 1, 1, 1, 1, 1, 1, 1, 1, 0, 1, 1, 1], "split5_prob": [4.3408962422505655e-07, 1.0, 1.4101160556531953e-08, 5.046865969419906e-07, 5.176932619486456e-07, 9.890632007773026e-08, 2.0102757844018094e-07, 6.041344432912979e-09, 2.677057624591137e-10, 0.8639836212532865, 2.350210044516795e-10, 1.6602452130755795e-08, 0.20265931888772068, 1.4054269794564484e-09, 5.967431081020619e-08, 5.705077514810384e-09, 0.17585133808504796, 5.90941149629744e-08, 1.7643575079310651e-09, 1.0, 3.34777542531611e-09, 6.074311401600409e-09, 2.0545150262895563e-08, 5.002723894153798e-09, 0.9999976173112834, 7.177622119192134e-10, 2.787595189025659e-09, 0.03610708142417036], "split6_index": [185, 186, 187, 188, 189, 190, 191, 192, 193, 194, 195, 196, 197, 198, 199, 200, 201, 202, 203, 204, 205, 206, 207, 208, 209, 210, 211, 212], "split6_pred": [0, 1, 0, 0, 0, 0, 1, 0, 0, 1, 0, 0, 0, 0, 0, 0, 0, 0, 0, 1, 0, 0, 0, 0, 1, 0, 0, 0], "split6_test": [0, 0, 0, 0, 0, 0, 0, 0, 0, 0, 0, 0, 0, 0, 0, 0, 0, 0, 0, 1, 0, 0, 0, 0, 0, 0, 0, 0], "split6_notXOR": [1, 0, 1, 1, 1, 1, 0, 1, 1, 0, 1, 1, 1, 1, 1, 1, 1, 1, 1, 1, 1, 1, 1, 1, 0, 1, 1, 1], "split6_prob": [1.9577155542711667e-07, 1.0, 4.403521489657897e-09, 3.5982331435846827e-07, 3.343879788292624e-07, 2.6003520934305576e-08, 0.9999971602973684, 2.6765422793669233e-09, 1.1722876311501805e-10, 0.9999999999987716, 1.0786486922213937e-10, 3.6930187314102748e-09, 0.08132448028071773, 3.777181917204883e-10, 1.3234775709953046e-08, 5.3015244986419265e-09, 0.04314255328256897, 1.5852230744824306e-08, 9.469121592297698e-10, 1.0, 1.7062646554212802e-09, 2.6978174269745683e-09, 4.540152396618249e-09, 2.3561246661186124e-09, 0.9883662833413558, 2.730819099507572e-10, 6.786493342677043e-10, 0.1802094823987335], "split7_index": [213, 214, 215, 216, 217, 218, 219, 220, 221, 222, 223, 224, 225, 226, 227, 228, 229, 230, 231, 232, 233, 234, 235, 236, 237, 238, 239, 240], "split7_pred": [0, 1, 0, 0, 0, 0, 0, 0, 0, 1, 0, 0, 0, 0, 0, 0, 0, 0, 0, 1, 0, 0, 0, 0, 0, 0, 0, 0], "split7_test": [0, 0, 0, 0, 0, 0, 0, 0, 0, 0, 0, 0, 0, 0, 0, 0, 0, 0, 0, 1, 0, 0, 0, 0, 0, 0, 0, 0], "split7_notXOR": [1, 0, 1, 1, 1, 1, 1, 1, 1, 0, 1, 1, 1, 1, 1, 1, 1, 1, 1, 1, 1, 1, 1, 1, 1, 1, 1, 1], "split7_prob": [4.613432533731602e-08, 1.0, 1.093715488635183e-09, 6.148608366005595e-08, 6.268168298510354e-08, 4.231103026090911e-09, 0.08400838964210945, 7.354670091298497e-10, 3.3249580545399125e-11, 0.9999890158267896, 3.2506858863412514e-11, 4.900289084584507e-10, 0.010409720925456944, 7.288057122098545e-11, 1.7637893124552985e-09, 1.2959875499279567e-09, 0.0024853131835286357, 2.7452791703254328e-09, 3.340575960476449e-10, 1.0, 6.143388991715612e-10, 7.950485986092878e-10, 5.860017107075214e-10, 7.071576993070353e-10, 2.1817870896176194e-05, 6.867355005787558e-11, 1.1903796082576936e-10, 0.032832434118238066], "split8_index": [241, 242, 243, 244, 245, 246, 247, 248, 249, 250, 251, 252, 253, 254, 255, 256, 257, 258, 259, 260, 261, 262, 263, 264, 265, 266, 267, 268], "split8_pred": [0, 1, 0, 0, 0, 0, 1, 0, 0, 1, 0, 0, 1, 0, 0, 0, 1, 0, 0, 1, 0, 0, 0, 0, 0, 0, 0, 1], "split8_test": [0, 0, 0, 0, 0, 0, 0, 0, 0, 0, 0, 0, 0, 0, 0, 0, 0, 0, 0, 1, 0, 0, 0, 0, 0, 0, 0, 0], "split8_notXOR": [1, 0, 1, 1, 1, 1, 0, 1, 1, 0, 1, 1, 0, 1, 1, 1, 0, 1, 1, 1, 1, 1, 1, 1, 1, 1, 1, 0],