{"split0_index": [11, 12, 13, 14, 15, 16, 17, 18, 19, 20, 21, 22, 23], "split0_pred": [0, 1, 0, 1, 0, 0, 0, 1, 0, 0, 0, 0, 0], "split0_test": [0, 0, 0, 0, 0, 0, 0, 1, 0, 0, 0, 0, 0], "split0_notXOR": [1, 0, 1, 0, 1, 1, 1, 1, 1, 1, 1, 1, 1], "split0_prob": [1.1960566464933833e-06, 1.0, 0.0016764533608256455, 0.9996508935933516, 5.741932894906244e-12, 2.9577675209123145e-15, 3.599108669964664e-19, 0.9999989332506172, 1.6719886333887345e-20, 1.1984300668352878e-06, 1.5713506888383907e-12, 3.770250171865144e-18, 1.608806611412442e-05]}