{"split0_index": [7, 8, 9, 10, 11, 12, 13, 14], "split0_pred": [0, 0, 0, 0, 0, 0, 0, 0], "split0_test": [1, 0, 1, 0, 0, 0, 0, 0], "split0_notXOR": [0, 1, 0, 1, 1, 1, 1, 1], "split0_prob": [0.4302429648054681, 0.2376279855984594, 0.4562409803988766, 0.2405179496474795, 0.23762275213774237, 0.29177214079957475, 0.23972263159433746, 0.2405179496474795], "split1_index": [15, 16, 17, 18, 19, 20, 21, 22, 23], "split1_pred": [1, 0, 0, 0, 0, 0, 0, 0, 0], "split1_test": [1, 0, 1, 0, 0, 0, 0, 0, 0], "split1_notXOR": [1, 1, 0, 1, 1, 1, 1, 1, 1], "split1_prob": [0.6462041354627939, 0.18565038419965, 0.18565038419965, 0.18565038419965, 0.18565038419965, 0.18565038419965, 0.18565038419965, 0.18142861920508707, 0.19112853060482832], "split2_index": [24, 25, 26, 27, 28, 29, 30, 31, 32], "split2_pred": [0, 0, 0, 0, 0, 0, 0, 0, 0], "split2_test": [1, 0, 1, 0, 0, 0, 0, 0, 0], "split2_notXOR": [0, 1, 0, 1, 1, 1, 1, 1, 1], "split2_prob": [0.19042850741791253, 0.18413499571526104, 0.18413499571526104, 0.18413499571526104, 0.18413499571526104, 0.18413499571526104, 0.18413499571526104, 0.18413499571526104, 0.18413499571526104], "split3_index": [33, 34, 35, 36, 37, 38, 39, 40, 41], "split3_pred": [0, 0, 0, 0, 0, 0, 0, 0, 0], "split3_test": [1, 0, 1, 0, 0, 0, 0, 0, 0], "split3_notXOR": [0, 1, 0, 1, 1, 1, 1, 1, 1], "split3_prob": [0.2284208330226269, 0.21447221975396785, 0.23749385076452686, 0.21447221975396785, 0.21447221975396785, 0.21447221975396785, 0.21447221975396785, 0.21447221975396785, 0.21447221975396785], "split4_index": [42, 43, 44, 45, 46, 47, 48, 49, 50], "split4_pred": [0, 0, 0, 0, 0, 0, 0, 0, 0], "split4_test": [1, 0, 1, 0, 0, 0, 0, 0, 0], "split4_notXOR": [0, 1, 0, 1, 1, 1, 1, 1, 1], "split4_prob": [0.16559732443229774, 0.16559732443229774, 0.16559732443229774, 0.16559732443229774, 0.16559732443229774, 0.16559732443229774, 0.16559732443229774, 0.16559732443229774, 0.16559732443229774], "split5_index": [51, 52, 53, 54, 55, 56, 57, 58, 59], "split5_pred": [0, 0, 0, 0, 0, 0, 0, 0, 0], "split5_test": [1, 0, 1, 0, 0, 0, 0, 0, 0], "split5_notXOR": [0, 1, 0, 1, 1, 1, 1, 1, 1], "split5_prob": [0.34342499495725837, 0.34342499495725837, 0.34342499495725837, 0.34342499495725837, 0.34342499495725837, 0.34342499495725837, 0.34342499495725837, 0.34342499495725837, 0.34342499495725837], "split6_index": [60, 61, 62, 63, 64, 65, 66, 67, 68], "split6_pred": [0, 0, 0, 0, 0, 0, 0, 0, 0], "split6_test": [1, 0, 1, 0, 0, 0, 0, 0, 0], "split6_notXOR": [0, 1, 0, 1, 1, 1, 1, 1, 1], "split6_prob": [0.194172135187183, 0.194172135187183, 0.28272443674612185, 0.2565637568063358, 0.194172135187183, 0.194172135187183, 0.194172135187183, 0.194172135187183, 0.194172135187183], "split7_index": [69, 70, 71, 72, 73, 74, 75, 76, 77], "split7_pred": [0, 0, 0, 0, 0, 0, 0, 0, 0], "split7_test": [1, 0, 1, 0, 0, 0, 0, 0, 0], "split7_notXOR": [0, 1, 0, 1, 1, 1, 1, 1, 1], "split7_prob": [0.19543999140925156, 0.19543999140925156, 0.2601324480107059, 0.2534876651274072, 0.19543999140925156, 0.19543999140925156, 0.19543999140925156, 0.19543999140925156, 0.19543999140925156], "split8_index": [78, 79, 80, 81, 82, 83, 84, 85, 86], "split8_pred": [0, 0, 0, 0, 0, 0, 0, 0, 0], "split8_test": [1, 0, 1, 0, 0, 0, 0, 0, 0], "split8_notXOR": [0, 1, 0, 1, 1, 1, 1, 1, 1], "split8_prob": [0.2658336096048227, 0.1910122773993872, 0.23121497700446858, 0.1910122773993872, 0.1910122773993872, 0.1910122773993872, 0.1910122773993872, 0.1910122773993872, 0.1910122773993872], "split9_index": [87, 88, 89, 90, 91, 92, 93, 94, 95], "split9_pred": [1, 0, 0, 0, 0, 0, 0, 0, 0], "split9_test": [1, 0, 1, 0, 0, 0, 0, 0, 0], "split9_notXOR": [1, 1, 0, 1, 1, 1, 1, 1, 1], "split9_prob": [0.4095358338234317, 0.18730684048973775, 0.18730684048973775, 0.18730684048973775, 0.18730684048973775, 0.18730684048973775, 0.18730684048973775, 0.18730684048973775, 0.18730684048973775], "split10_index": [96, 97, 98, 99, 100, 101, 102, 103, 104], "split10_pred": [0, 0, 1, 0, 0, 1, 0, 1, 0], "split10_test": [1, 0, 1, 0, 0, 0, 0, 0, 0], "split10_notXOR": [0, 1, 1, 1, 1, 0, 1, 0, 1], "split10_prob": [0.43316698190686004, 0.14145530612766347, 0.47396808017118097, 0.14145530612766347, 0.14145530612766347, 0.4748982213905432, 0.27209987983761447, 0.5, 0.39231091193178363], "split11_index": [105, 106, 107, 108, 109, 110, 111, 112, 113], "split11_pred": [0, 0, 0, 0, 0, 0, 0, 0, 0], "split11_test": [1, 0, 1, 0, 0, 0, 0, 0, 0], "split11_notXOR": [0, 1, 0, 1, 1, 1, 1, 1, 1], "split11_prob": [0.178303103921861, 0.178303103921861, 0.178303103921861, 0.178303103921861, 0.178303103921861, 0.178303103921861, 0.178303103921861, 0.178303103921861, 0.4156959443631488], "split12_index": [114, 115, 116, 117, 118, 119, 120, 121, 122], "split12_pred": [0, 0, 0, 1, 0, 0, 0, 0, 0], "split12_test": [1, 0, 1, 0, 0, 0, 0, 0, 0], "split12_notXOR": [0, 1, 0, 0, 1, 1, 1, 1, 1], "split12_prob": [0.5172291986522118, 0.3804291006668306, 0.5084471596907981, 0.6205150141884154, 0.1789598284779199, 0.1789598284779199, 0.1789598284779199, 0.3814166427228422, 0.3804291006668306], "split13_index": [123, 124, 125, 126, 127, 128, 129, 130, 131], "split13_pred": [0, 0, 0, 0, 0, 0, 0, 0, 0], "split13_test": [1, 0, 1, 0, 0, 0, 0, 0, 0], "split13_notXOR": [0, 1, 0, 1, 1, 1, 1, 1, 1], "split13_prob": [0.288947966340162, 0.16146526219259663, 0.16146526219259663, 0.16146526219259663, 0.16146526219259663, 0.16146526219259663, 0.16146526219259663, 0.38964164346229685, 0.8081577884724805], "split14_index": [132, 133, 134, 135, 136, 137, 138, 139, 140, 141], "split14_pred": [1, 0, 0, 0, 0, 0, 0, 0, 1, 0], "split14_test": [1, 0, 0, 1, 0, 0, 0, 0, 0, 0], "split14_notXOR": [1, 1, 1, 0, 1, 1, 1, 1, 0, 1], "split14_prob": [0.8580670459355657, 0.19180495980989573, 0.17224189046118077, 0.19180495980989573, 0.19180495980989573, 0.19180495980989573, 0.19180495980989573, 0.19180495980989573, 0.8634237797814118, 0.19180495980989573], "split15_index": [142, 143, 144, 145, 146, 147, 148, 149, 150, 151], "split15_pred": [0, 0, 0, 0, 0, 0, 0, 0, 0, 0], "split15_test": [1, 0, 0, 1, 0, 0, 0, 0, 0, 0], "split15_notXOR": [0, 1, 1, 0, 1, 1, 1, 1, 1, 1], "split15_prob": [0.19403811641067426, 0.1900340441002116, 0.1900793852642824, 0.19192200025925626, 0.1900340441002116, 0.1900793852642824, 0.19403811641067426, 0.1900793852642824, 0.1900340441002116, 0.1900793852642824], "split16_index": [152, 153, 154, 155, 156, 157, 158, 159, 160, 161], "split16_pred": [0, 0, 0, 0, 0, 0, 0, 0, 0, 0], "split16_test": [1, 0, 0, 1, 0, 0, 0, 0, 0, 0], "split16_notXOR": [0, 1, 1, 0, 1, 1, 1, 1, 1, 1], "split16_prob": [0.19696939023159094, 0.19696939023159094, 0.19696939023159094, 0.19696939023159094, 0.19696939023159094, 0.19696939023159094, 0.19696939023159094, 0.19696939023159094, 0.19696939023159094, 0.19696939023159094], "split17_index": [162, 163, 164, 165, 166, 167, 168, 169, 170, 171], "split17_pred": [0, 0, 0, 0, 0, 0, 0, 0, 0, 0], "split17_test": [1, 0, 0, 1, 0, 0, 0, 0, 0, 0], "split17_notXOR": [0, 1, 1, 0, 1, 1, 1, 1, 1, 1], "split17_prob": [0.21113319358074523, 0.21113319358074523, 0.21113319358074523, 0.21113319358074523, 0.21113319358074523, 0.21113319358074523, 0.21113319358074523, 0.21113319358074523, 0.21113319358074523, 0.21113319358074523], "split18_index": [172, 173, 174, 175, 176, 177, 178, 179, 180, 181, 182, 183], "split18_pred": [0, 0, 0, 0, 0, 0, 0, 0, 0, 0, 0, 0], "split18_test": [1, 0, 0, 1, 0, 0, 0, 0, 0, 0, 0, 0], "split18_notXOR": [0, 1, 1, 0, 1, 1, 1, 1, 1, 1, 1, 1], "split18_prob": [0.20526940132635113, 0.20526940132635113, 0.20526940132635113, 0.20526940132635113, 0.19628863139760896, 0.20526940132635113, 0.24723145327886878, 0.20526940132635113, 0.20526940132635113, 0.20526940132635113, 0.20710799588164516, 0.21366461005031684], "split19_index": [184, 185, 186, 187, 188, 189, 190, 191, 192, 193], "split19_pred": [0, 0, 0, 0, 0, 0, 0, 0, 0, 0], "split19_test": [1, 0, 1, 0, 0, 0, 0, 0, 0, 0], "split19_notXOR": [0, 1, 0, 1, 1, 1, 1, 1, 1, 1],