{"split0_index": [3, 4, 5], "split0_pred": [0, 0, 0], "split0_test": [1, 0, 0], "split0_notXOR": [0, 1, 1], "split0_prob": [0.485, 0.485, 0.485], "split1_index": [6, 7, 8], "split1_pred": [0, 0, 0], "split1_test": [1, 0, 0], "split1_notXOR": [0, 1, 1], "split1_prob": [0.3798571428571428, 0.30761904761904757, 0.3798571428571428], "split2_index": [9, 10, 11], "split2_pred": [1, 1, 1], "split2_test": [1, 0, 0], "split2_notXOR": [1, 0, 0], "split2_prob": [0.5434577922077921, 0.5434577922077921, 0.5434577922077921], "split3_index": [12, 13, 14], "split3_pred": [1, 1, 1], "split3_test": [1, 0, 0], "split3_notXOR": [1, 0, 0], "split3_prob": [0.5033758463758464, 0.5033758463758464, 0.5033758463758464], "split4_index": [15, 16, 17], "split4_pred": [0, 1, 0], "split4_test": [1, 0, 1], "split4_notXOR": [0, 0, 0], "split4_prob": [0.37046646688364954, 0.5197208742409981, 0.2423162837334663], "split5_index": [18, 19, 20], "split5_pred": [1, 1, 0], "split5_test": [1, 0, 1], "split5_notXOR": [1, 0, 0], "split5_prob": [0.99, 0.94, 0.32410360717713643], "split6_index": [21, 22, 23], "split6_pred": [1, 0, 0], "split6_test": [1, 0, 1], "split6_notXOR": [1, 1, 0], "split6_prob": [0.8759523809523809, 0.3297519588254882, 0.3369815413344825], "split7_index": [24, 25, 26], "split7_pred": [1, 1, 0], "split7_test": [1, 0, 1], "split7_notXOR": [1, 0, 0], "split7_prob": [0.7825354487273991, 0.563748746867168, 0.13975791193670448], "split8_index": [27, 28, 29], "split8_pred": [0, 0, 0], "split8_test": [1, 0, 1], "split8_notXOR": [0, 1, 0], "split8_prob": [0.3832653914712739, 0.3832653914712739, 0.3832653914712739], "split9_index": [30, 31, 32], "split9_pred": [0, 0, 0], "split9_test": [1, 0, 1], "split9_notXOR": [0, 1, 0], "split9_prob": [0.20824921891833653, 0.4248515230469562, 0.4248515230469562], "split10_index": [33, 34, 35], "split10_pred": [0, 0, 0], "split10_test": [1, 0, 1], "split10_notXOR": [0, 1, 0], "split10_prob": [0.4127810705656645, 0.4127810705656645, 0.4127810705656645], "split11_index": [36, 37, 38], "split11_pred": [0, 0, 0], "split11_test": [1, 0, 1], "split11_notXOR": [0, 1, 0], "split11_prob": [0.44322535020921583, 0.44322535020921583, 0.44322535020921583], "split12_index": [39, 40, 41], "split12_pred": [0, 0, 0], "split12_test": [1, 0, 1], "split12_notXOR": [0, 1, 0], "split12_prob": [0.4763465731900914, 0.36, 0.4518827612843005], "split13_index": [42, 43, 44], "split13_pred": [0, 0, 0], "split13_test": [1, 0, 1], "split13_notXOR": [0, 1, 0], "split13_prob": [0.465781450597617, 0.465781450597617, 0.465781450597617], "split14_index": [45, 46, 47], "split14_pred": [0, 0, 0], "split14_test": [1, 0, 1], "split14_notXOR": [0, 1, 0], "split14_prob": [0.4752551731737292, 0.199633217688618, 0.4752551731737292], "split15_index": [48, 49, 50], "split15_pred": [0, 0, 0], "split15_test": [1, 0, 1], "split15_notXOR": [0, 1, 0], "split15_prob": [0.49562779826102016, 0.3041176470588235, 0.49562779826102016], "split16_index": [51, 52, 53], "split16_pred": [1, 1, 1], "split16_test": [1, 0, 1], "split16_notXOR": [1, 0, 1], "split16_prob": [0.7246635820320031, 0.5046180137701862, 0.5046180137701862], "split17_index": [54, 55, 56], "split17_pred": [1, 1, 1], "split17_test": [1, 0, 1], "split17_notXOR": [1, 0, 1], "split17_prob": [0.5217980395314586, 0.5217980395314586, 0.5217980395314586], "split18_index": [57, 58, 59], "split18_pred": [0, 1, 1], "split18_test": [1, 0, 1], "split18_notXOR": [0, 0, 1], "split18_prob": [0.45078759708161154, 0.5084295950649292, 0.5084295950649292], "split19_index": [60, 61, 62], "split19_pred": [0, 0, 0], "split19_test": [1, 0, 1], "split19_notXOR": [0, 1, 0], "split19_prob": [0.49255326571357266, 0.49255326571357266, 0.49255326571357266], "split20_index": [63, 64, 65], "split20_pred": [1, 1, 1], "split20_test": [1, 0, 1], "split20_notXOR": [1, 0, 1], "split20_prob": [0.665286713752525, 0.5171683409820524, 0.7795922364672364], "split21_index": [66, 67, 68], "split21_pred": [0, 0, 0], "split21_test": [1, 0, 1], "split21_notXOR": [0, 1, 0], "split21_prob": [0.47252567857231204, 0.47252567857231204, 0.47252567857231204]}