{"split0_index": [8, 9, 10, 11, 12, 13, 14, 15, 16], "split0_pred": [0, 0, 0, 0, 0, 0, 0, 1, 0], "split0_test": [0, 0, 0, 0, 0, 0, 0, 1, 0], "split0_notXOR": [1, 1, 1, 1, 1, 1, 1, 1, 1], "split0_prob": [0.1978148414532563, 0.18228779991604968, 0.1925065763967118, 0.19264694602759683, 0.1926469464512912, 0.19252817109388892, 0.19836323696097416, 0.06149044807121745, 0.19413740703715268], "split1_index": [17, 18, 19, 20, 21, 22, 23, 24, 25], "split1_pred": [0, 0, 0, 0, 0, 0, 0, 1, 0], "split1_test": [0, 0, 0, 0, 0, 0, 0, 1, 0], "split1_notXOR": [1, 1, 1, 1, 1, 1, 1, 1, 1], "split1_prob": [0.05548590829419824, 0.060116426559670914, 0.06021070956224269, 0.06011642519376828, 0.06009477690902847, 0.06011460538662569, 0.05467007020630735, 0.9543915579013786, 0.0611322934823798], "split2_index": [26, 27, 28, 29, 30, 31, 32, 33, 34], "split2_pred": [0, 0, 0, 0, 0, 0, 0, 1, 0], "split2_test": [0, 0, 0, 0, 0, 0, 0, 1, 0], "split2_notXOR": [1, 1, 1, 1, 1, 1, 1, 1, 1], "split2_prob": [0.03845709122146918, 0.04206063088357894, 0.042462297194121465, 0.04240414854118125, 0.042391175372034136, 0.04246229730459788, 0.038030434152299404, 0.8041588536464888, 0.041496333103640905], "split3_index": [35, 36, 37, 38, 39, 40, 41, 42, 43], "split3_pred": [0, 0, 0, 0, 0, 0, 0, 1, 0], "split3_test": [0, 0, 0, 0, 0, 0, 0, 1, 0], "split3_notXOR": [1, 1, 1, 1, 1, 1, 1, 1, 1], "split3_prob": [0.028844084373924717, 0.0390113199897313, 0.03220516415176117, 0.035503478174619955, 0.029222941420565165, 0.032186259997595924, 0.028491109834914714, 0.8357252793410018, 0.03138510389823932], "split4_index": [44, 45, 46, 47, 48, 49, 50, 51, 52], "split4_pred": [0, 0, 0, 0, 0, 0, 0, 1, 0], "split4_test": [0, 0, 0, 0, 0, 0, 0, 1, 0], "split4_notXOR": [1, 1, 1, 1, 1, 1, 1, 1, 1], "split4_prob": [0.023382776385788794, 0.02608106641905764, 0.02613531982993888, 0.026135318858313265, 0.02224097438792788, 0.026073233621836913, 0.023046618089122835, 0.8620305679966044, 0.025469640864132292], "split5_index": [53, 54, 55, 56, 57, 58, 59, 60, 61], "split5_pred": [0, 0, 0, 0, 0, 0, 0, 0, 0], "split5_test": [0, 0, 0, 0, 0, 0, 0, 1, 0], "split5_notXOR": [1, 1, 1, 1, 1, 1, 1, 0, 1], "split5_prob": [0.019535617911514005, 0.01870297553099025, 0.02193486548564724, 0.020492811162261638, 0.021931923290284122, 0.021934865683528988, 0.01925252816790472, 0.019688339812295442, 0.021359422237711277], "split6_index": [62, 63, 64, 65, 66, 67, 68, 69, 70], "split6_pred": [0, 0, 0, 0, 0, 0, 0, 0, 0], "split6_test": [0, 0, 0, 0, 0, 0, 0, 1, 0], "split6_notXOR": [1, 1, 1, 1, 1, 1, 1, 0, 1], "split6_prob": [0.033158013485798415, 0.030958446166302545, 0.03571577131744107, 0.03347911665814265, 0.03573188104830661, 0.03567153474084437, 0.03284471930752166, 0.0335650868482602, 0.035700155747213455], "split7_index": [71, 72, 73, 74, 75, 76, 77, 78, 79], "split7_pred": [0, 0, 0, 0, 0, 0, 0, 0, 0], "split7_test": [0, 0, 0, 0, 0, 0, 0, 1, 0], "split7_notXOR": [1, 1, 1, 1, 1, 1, 1, 0, 1], "split7_prob": [0.04456863681912188, 0.040079324921149635, 0.045773539373521244, 0.04298417725060371, 0.04582345109511329, 0.045773550701087753, 0.044097769188234534, 0.044419144322726326, 0.04583075516394964], "split8_index": [80, 81, 82, 83, 84, 85, 86, 87, 88], "split8_pred": [0, 0, 0, 0, 0, 0, 0, 0, 0], "split8_test": [0, 0, 0, 0, 0, 0, 0, 1, 0], "split8_notXOR": [1, 1, 1, 1, 1, 1, 1, 0, 1], "split8_prob": [0.05428048428933929, 0.04683077558005162, 0.05326147804860307, 0.05002645483529367, 0.0533600200658722, 0.053295565859295006, 0.052799007936735094, 0.052753068772185975, 0.053295552543211895]}