{"split0_index": [8, 9, 10, 11, 12, 13, 14, 15, 16], "split0_pred": [0, 0, 0, 0, 0, 0, 0, 1, 0], "split0_test": [0, 0, 0, 0, 0, 0, 0, 1, 0], "split0_notXOR": [1, 1, 1, 1, 1, 1, 1, 1, 1], "split0_prob": [0.6493402114066519, 0.6299767825685825, 0.5730557513149285, 0.5485325139516812, 0.6305813870375655, 0.6478692064816417, 0.6048263665829321, 0.3521667034350049, 0.6028806086396958], "split1_index": [17, 18, 19, 20, 21, 22, 23, 24, 25], "split1_pred": [0, 0, 0, 0, 0, 0, 0, 1, 0], "split1_test": [0, 0, 0, 0, 0, 0, 0, 1, 0], "split1_notXOR": [1, 1, 1, 1, 1, 1, 1, 1, 1], "split1_prob": [0.04052408798628119, 0.03718254820697935, 0.06703491743337554, 0.09902140416710985, 0.03707277642727135, 0.03735727895869078, 0.04601664884463413, 0.9688553352148255, 0.04789100223240065], "split2_index": [26, 27, 28, 29, 30, 31, 32, 33, 34], "split2_pred": [0, 0, 0, 0, 0, 0, 0, 1, 0], "split2_test": [0, 0, 0, 0, 0, 0, 0, 1, 0], "split2_notXOR": [1, 1, 1, 1, 1, 1, 1, 1, 1], "split2_prob": [0.16360184218111795, 0.16521323203366514, 0.2167850435670283, 0.2520417517295464, 0.16491511658533883, 0.16102498363996512, 0.18274376837772108, 0.7925699310570125, 0.18558988875634513], "split3_index": [35, 36, 37, 38, 39, 40, 41, 42, 43], "split3_pred": [0, 0, 0, 0, 0, 0, 0, 1, 0], "split3_test": [0, 0, 0, 0, 0, 0, 0, 1, 0], "split3_notXOR": [1, 1, 1, 1, 1, 1, 1, 1, 1], "split3_prob": [0.1301616561953015, 0.13055080465744645, 0.1827070688415744, 0.2198642750306514, 0.1302832666840591, 0.12727634493376547, 0.14817972554812334, 0.8359275568676645, 0.15010856325470243], "split4_index": [44, 45, 46, 47, 48, 49, 50, 51, 52], "split4_pred": [0, 0, 0, 0, 0, 0, 0, 1, 0], "split4_test": [0, 0, 0, 0, 0, 0, 0, 1, 0], "split4_notXOR": [1, 1, 1, 1, 1, 1, 1, 1, 1], "split4_prob": [0.13850619931245003, 0.1288034678504646, 0.17080578935314558, 0.205640706803708, 0.12870904762624505, 0.13203340176618267, 0.1412706878321294, 0.8644190606495668, 0.1419441980269487], "split5_index": [53, 54, 55, 56, 57, 58, 59, 60, 61], "split5_pred": [0, 0, 0, 0, 0, 0, 0, 1, 0], "split5_test": [0, 0, 0, 0, 0, 0, 0, 1, 0], "split5_notXOR": [1, 1, 1, 1, 1, 1, 1, 1, 1], "split5_prob": [0.10198404715169856, 0.10200371686054446, 0.15042851862616965, 0.18665576735730618, 0.10175568497469636, 0.09908012711265791, 0.11771740896018315, 0.878900481878567, 0.12023178146273525], "split6_index": [62, 63, 64, 65, 66, 67, 68, 69, 70], "split6_pred": [0, 0, 0, 0, 0, 0, 0, 1, 0], "split6_test": [0, 0, 0, 0, 0, 0, 0, 1, 0], "split6_notXOR": [1, 1, 1, 1, 1, 1, 1, 1, 1], "split6_prob": [0.0964661541838222, 0.08515271481303828, 0.11579217233252474, 0.14476287250341655, 0.08511405474760775, 0.089653202828652, 0.09300819861346006, 0.8964578259172319, 0.09485689222635965], "split7_index": [71, 72, 73, 74, 75, 76, 77, 78, 79], "split7_pred": [0, 0, 0, 0, 0, 0, 0, 1, 0], "split7_test": [0, 0, 0, 0, 0, 0, 0, 1, 0], "split7_notXOR": [1, 1, 1, 1, 1, 1, 1, 1, 1], "split7_prob": [0.08798810943260886, 0.08080241996167956, 0.11756228122131106, 0.14988414804866182, 0.0806938077770622, 0.08258197579132183, 0.09119772468503738, 0.9101698587561026, 0.0932292882600633], "split8_index": [80, 81, 82, 83, 84, 85, 86, 87, 88], "split8_pred": [0, 0, 0, 0, 0, 0, 0, 1, 0], "split8_test": [0, 0, 0, 0, 0, 0, 0, 1, 0], "split8_notXOR": [1, 1, 1, 1, 1, 1, 1, 1, 1], "split8_prob": [0.08284849023982778, 0.06828060338868487, 0.08792611521986993, 0.109811221687162, 0.06831343377197054, 0.07490562250521261, 0.07163325035698838, 0.9291329509009687, 0.07424116481302473]}