{"split0_index": [10, 11, 12, 13, 14, 15, 16, 17, 18, 19], "split0_pred": [0, 0, 0, 0, 1, 1, 0, 1, 0, 0], "split0_test": [0, 0, 0, 0, 1, 0, 0, 1, 0, 0], "split0_notXOR": [1, 1, 1, 1, 1, 0, 1, 1, 1, 1], "split0_prob": [3.233997712171497e-124, 2.4599506860890607e-11, 3.233997712171497e-124, 4.138020474826426e-51, 0.9931242855284553, 0.9253725724948149, 3.233997712171497e-124, 0.9959142435185655, 8.851797711049842e-13, 3.233997712171497e-124], "split1_index": [20, 21, 22, 23, 24, 25, 26, 27, 28, 29], "split1_pred": [0, 0, 0, 0, 1, 1, 0, 1, 0, 0], "split1_test": [0, 0, 0, 0, 1, 0, 0, 1, 0, 0], "split1_notXOR": [1, 1, 1, 1, 1, 0, 1, 1, 1, 1], "split1_prob": [3.349253371655342e-124, 2.5681051465907203e-11, 3.349253371655342e-124, 3.183645562433413e-51, 0.9931050217209176, 0.9265713145904764, 3.349253371655342e-124, 0.9958793225023221, 9.249428197407945e-13, 3.349253371655342e-124], "split2_index": [30, 31, 32, 33, 34, 35, 36, 37, 38, 39, 40], "split2_pred": [0, 0, 0, 0, 0, 1, 0, 1, 0, 0, 0], "split2_test": [0, 0, 0, 0, 0, 0, 0, 0, 0, 1, 0], "split2_notXOR": [1, 1, 1, 1, 1, 0, 1, 0, 1, 0, 1], "split2_prob": [1.0959146234058402e-19, 0.1335150710728673, 2.6045028619935265e-11, 1.5043555092050696e-35, 5.204281154224754e-07, 0.9269707543401605, 1.4554586698240212e-17, 0.7768978813678463, 3.388055453143772e-124, 3.069278710406206e-53, 0.026973818365275355], "split3_index": [41, 42, 43, 44, 45, 46, 47, 48, 49, 50, 51], "split3_pred": [0, 0, 0, 0, 0, 1, 0, 0, 0, 1, 0], "split3_test": [0, 0, 0, 1, 0, 0, 0, 0, 0, 1, 0], "split3_notXOR": [1, 1, 1, 0, 1, 0, 1, 1, 1, 1, 1], "split3_prob": [5.948962769546867e-16, 0.022938100147546853, 3.7677145317976384e-08, 1.1290520407461113e-11, 2.339292579082117e-06, 0.9191025525444246, 7.6231612040693e-14, 0.12083175180420953, 5.807492555267941e-121, 0.9999885846028589, 0.0020234079944154116], "split4_index": [52, 53, 54, 55, 56, 57, 58, 59, 60, 61, 62], "split4_pred": [0, 1, 0, 1, 1, 1, 0, 0, 0, 1, 0], "split4_test": [0, 0, 0, 0, 0, 0, 0, 0, 0, 1, 0], "split4_notXOR": [1, 0, 1, 0, 0, 0, 1, 1, 1, 1, 1], "split4_prob": [0.015520261040775609, 0.7069648219115149, 3.670741025724206e-05, 0.951004111048369, 0.7099837431020727, 0.8306364615577427, 0.09456045056508974, 0.20962283245488067, 1.4141596239647053e-76, 0.9999994010237552, 0.14504455986789822]}