{"split0_index": [3, 4, 5], "split0_pred": [1, 0, 1], "split0_test": [0, 1, 1], "split0_notXOR": [0, 0, 1], "split0_prob": [0.824349989109365, 0.010276940781478472, 0.8610496150495243], "split1_index": [6, 7, 8], "split1_pred": [0, 1, 1], "split1_test": [0, 1, 1], "split1_notXOR": [1, 1, 1], "split1_prob": [0.36394288150561005, 0.8799267012006334, 0.8147945107239117], "split2_index": [9, 10, 11], "split2_pred": [0, 1, 1], "split2_test": [0, 0, 1], "split2_notXOR": [1, 0, 1], "split2_prob": [0.28906993727468283, 0.8742663709844901, 0.8361832524634932], "split3_index": [12, 13, 14], "split3_pred": [0, 1, 1], "split3_test": [0, 0, 1], "split3_notXOR": [1, 0, 1], "split3_prob": [0.12405672576910091, 0.6275646797378769, 0.8160841672033264], "split4_index": [15, 16, 17], "split4_pred": [0, 1, 1], "split4_test": [0, 0, 1], "split4_notXOR": [1, 0, 1], "split4_prob": [0.0796810990062668, 0.5584117827879069, 0.8083726188477829], "split5_index": [18, 19, 20], "split5_pred": [0, 1, 1], "split5_test": [0, 0, 1], "split5_notXOR": [1, 0, 1], "split5_prob": [0.05554643086605998, 0.7958052740108432, 0.8020815486450042], "split6_index": [21, 22, 23], "split6_pred": [0, 0, 0], "split6_test": [0, 0, 1], "split6_notXOR": [1, 1, 0], "split6_prob": [0.2001061717851214, 0.14981705809982693, 0.36704131842295834], "split7_index": [24, 25, 26], "split7_pred": [0, 1, 1], "split7_test": [0, 0, 1], "split7_notXOR": [1, 0, 1], "split7_prob": [0.1985619624999597, 0.7349100663126642, 0.791607842471473], "split8_index": [27, 28, 29], "split8_pred": [0, 1, 1], "split8_test": [0, 0, 1], "split8_notXOR": [1, 0, 1], "split8_prob": [0.16643647062861283, 0.6214331778005485, 0.7643976890146679], "split9_index": [30, 31, 32], "split9_pred": [0, 1, 1], "split9_test": [0, 0, 1], "split9_notXOR": [1, 0, 1], "split9_prob": [0.1493883387009287, 0.5600957867290304, 0.7555152071100236], "split10_index": [33, 34, 35], "split10_pred": [0, 1, 1], "split10_test": [0, 0, 1], "split10_notXOR": [1, 0, 1], "split10_prob": [0.13685081921471054, 0.5111767898051589, 0.7517741624276295], "split11_index": [36, 37, 38], "split11_pred": [0, 0, 1], "split11_test": [0, 0, 1], "split11_notXOR": [1, 1, 1], "split11_prob": [0.127085387560347, 0.47139895584297054, 0.7510994000039161], "split12_index": [39, 40, 41], "split12_pred": [0, 0, 1], "split12_test": [0, 0, 1], "split12_notXOR": [1, 1, 1], "split12_prob": [0.11916746968201378, 0.4384323653871477, 0.7523361153769649], "split13_index": [42, 43, 44], "split13_pred": [0, 0, 1], "split13_test": [0, 0, 1], "split13_notXOR": [1, 1, 1], "split13_prob": [0.10956884878295553, 0.4049703908085006, 0.7512880677890657], "split14_index": [45, 46, 47], "split14_pred": [0, 0, 1], "split14_test": [0, 0, 1], "split14_notXOR": [1, 1, 1], "split14_prob": [0.10452524975192522, 0.2021558214120899, 0.6761299562794353], "split15_index": [48, 49, 50], "split15_pred": [0, 0, 1], "split15_test": [0, 0, 1], "split15_notXOR": [1, 1, 1], "split15_prob": [0.09841116026294117, 0.37350360611376254, 0.7624930286600141], "split16_index": [51, 52, 53], "split16_pred": [0, 0, 1], "split16_test": [0, 0, 1], "split16_notXOR": [1, 1, 1], "split16_prob": [0.09467388643442258, 0.3548934492601964, 0.7664039242354623], "split17_index": [54, 55, 56], "split17_pred": [0, 0, 1], "split17_test": [0, 0, 1], "split17_notXOR": [1, 1, 1], "split17_prob": [0.09129581147144075, 0.3384079196632342, 0.7704423506761992], "split18_index": [57, 58, 59], "split18_pred": [0, 0, 1], "split18_test": [0, 0, 1], "split18_notXOR": [1, 1, 1], "split18_prob": [0.07846372482539345, 0.3236664702730835, 0.7745063011699206], "split19_index": [60, 61, 62], "split19_pred": [0, 0, 1], "split19_test": [0, 0, 1], "split19_notXOR": [1, 1, 1], "split19_prob": [0.06610028547968798, 0.17274653876366738, 0.7334611721091422], "split20_index": [63, 64, 65], "split20_pred": [0, 0, 1], "split20_test": [0, 0, 1], "split20_notXOR": [1, 1, 1], "split20_prob": [0.0774003011886673, 0.3050335549329304, 0.5150229180296119], "split21_index": [66, 67, 68], "split21_pred": [0, 0, 1], "split21_test": [0, 0, 1], "split21_notXOR": [1, 1, 1], "split21_prob": [0.07913647062004599, 0.28340315297477187, 0.6089468997052082], "split22_index": [69, 70, 71], "split22_pred": [0, 0, 1], "split22_test": [0, 0, 1], "split22_notXOR": [1, 1, 1], "split22_prob": [0.08116355217510479, 0.28304491733854376, 0.7341164010482228], "split23_index": [72, 73, 74], "split23_pred": [0, 0, 1], "split23_test": [0, 0, 1], "split23_notXOR": [1, 1, 1], "split23_prob": [0.07404988099563803, 0.22605399453830108, 0.6579096161209358], "split24_index": [75, 76, 77], "split24_pred": [0, 0, 1], "split24_test": [0, 0, 1], "split24_notXOR": [1, 1, 1], "split24_prob": [0.07053890778169522, 0.4678304978350046, 0.6924582211460137], "split25_index": [78, 79, 80], "split25_pred": [0, 0, 1], "split25_test": [0, 0, 1], "split25_notXOR": [1, 1, 1], "split25_prob": [0.09254741014082038, 0.41041770186245896, 0.6060406790699034], "split26_index": [81, 82, 83], "split26_pred": [0, 0, 1], "split26_test": [0, 0, 1], "split26_notXOR": [1, 1, 1], "split26_prob": [0.09959526000952607, 0.3620098431138506, 0.6435723982175799], "split27_index": [84, 85, 86], "split27_pred": [0, 0, 1], "split27_test": [0, 0, 1], "split27_notXOR": [1, 1, 1], "split27_prob": [0.10495741983362354, 0.35098426572155195, 0.6667092130152862], "split28_index": [87, 88, 89], "split28_pred": [0, 0, 1], "split28_test": [0, 0, 1], "split28_notXOR": [1, 1, 1], "split28_prob": [0.09789103247501893, 0.3046692221964015, 0.657532502471935], "split29_index": [90, 91, 92], "split29_pred": [0, 0, 1], "split29_test": [0, 0, 1], "split29_notXOR": [1, 1, 1], "split29_prob": [0.09714480750882075, 0.2838411009224519, 0.6662532882413046], "split30_index": [93, 94, 95], "split30_pred": [0, 0, 1], "split30_test": [0, 0, 1], "split30_notXOR": [1, 1, 1], "split30_prob": [0.09626061994612836, 0.26638651765604116, 0.6746157146774424], "split31_index": [96, 97, 98], "split31_pred": [0, 0, 1], "split31_test": [0, 0, 1], "split31_notXOR": [1, 1, 1], "split31_prob": [0.09344788729333504, 0.24083211655424966, 0.6700101140377417], "split32_index": [99, 100, 101], "split32_pred": [0, 0, 1], "split32_test": [0, 0, 1], "split32_notXOR": [1, 1, 1], "split32_prob": [0.09214749191849264, 0.19374433671118885, 0.6781700815206303], "split33_index": [102, 103, 104], "split33_pred": [0, 0, 1], "split33_test": [0, 0, 1], "split33_notXOR": [1, 1, 1], "split33_prob": [0.09388137548235104, 0.19270785359761133, 0.7020152088705067]}