{"split0_index": [4, 5, 6, 7], "split0_pred": [0, 0, 0, 0], "split0_test": [1, 0, 0, 0], "split0_notXOR": [0, 1, 1, 1], "split0_prob": [0.31666670051757206, 0.31666670051757206, 0.31666670051757206, 0.31666670051757206], "split1_index": [8, 9, 10, 11, 12, 13, 14, 15], "split1_pred": [0, 0, 0, 0, 0, 0, 0, 0], "split1_test": [1, 0, 0, 0, 0, 0, 0, 0], "split1_notXOR": [0, 1, 1, 1, 1, 1, 1, 1], "split1_prob": [0.7958487094302245, 0.7696357688373644, 0.2812501060358089, 0.6626778419283738, 0.2812501060358089, 0.2812501060358089, 0.2812501060358089, 0.7958487094302238]}