{"split0_index": [3, 4, 5], "split0_pred": [0, 0, 0], "split0_test": [0, 1, 0], "split0_notXOR": [1, 0, 1], "split0_prob": [0.3333315542556048, 0.3333315542556048, 0.3333315542556048], "split1_index": [6, 7, 8], "split1_pred": [1, 1, 1], "split1_test": [1, 1, 0], "split1_notXOR": [1, 1, 0], "split1_prob": [0.9999999994222513, 0.8348374261146986, 0.5224374723378219], "split2_index": [9, 10, 11], "split2_pred": [0, 1, 0], "split2_test": [1, 1, 0], "split2_notXOR": [0, 1, 1], "split2_prob": [0.26493691785117346, 0.7783598622961303, 0.26493691785117346], "split3_index": [12, 13, 14], "split3_pred": [0, 0, 0], "split3_test": [1, 0, 0], "split3_notXOR": [0, 1, 1], "split3_prob": [0.3355766352241713, 0.485193360080772, 0.3355766352241713], "split4_index": [15, 16, 17], "split4_pred": [1, 1, 0], "split4_test": [1, 0, 0], "split4_notXOR": [1, 0, 1], "split4_prob": [0.8798342670656599, 0.8691777717364898, 0.3526299489277434], "split5_index": [18, 19, 20], "split5_pred": [0, 0, 0], "split5_test": [1, 0, 0], "split5_notXOR": [0, 1, 1], "split5_prob": [0.3264822524146262, 0.3264822524146262, 0.3264822524146262], "split6_index": [21, 22, 23], "split6_pred": [0, 1, 0], "split6_test": [1, 0, 0], "split6_notXOR": [0, 0, 1], "split6_prob": [0.3278987557676214, 0.7832831709360409, 0.3278987557676214], "split7_index": [24, 25, 26], "split7_pred": [0, 0, 0], "split7_test": [1, 0, 0], "split7_notXOR": [0, 1, 1], "split7_prob": [0.3463849376482448, 0.3463849376482448, 0.3463849376482448], "split8_index": [27, 28, 29], "split8_pred": [1, 1, 0], "split8_test": [0, 1, 0], "split8_notXOR": [0, 1, 1], "split8_prob": [0.58767936891254, 0.5918323982198627, 0.35805209483358463], "split9_index": [30, 31, 32], "split9_pred": [0, 0, 0], "split9_test": [0, 1, 0], "split9_notXOR": [1, 0, 1], "split9_prob": [0.33321508528432897, 0.33321508528432897, 0.33321508528432897], "split10_index": [33, 34, 35], "split10_pred": [0, 0, 0], "split10_test": [0, 1, 0], "split10_notXOR": [1, 0, 1], "split10_prob": [0.30915841447801035, 0.35341619824042136, 0.30915841447801035], "split11_index": [36, 37], "split11_pred": [0, 1], "split11_test": [1, 0], "split11_notXOR": [0, 0], "split11_prob": [0.43613893021377076, 0.5711716117233114]}