{"split0_index": [6, 7, 8, 9, 10, 11], "split0_pred": [0, 0, 1, 1, 1, 1], "split0_test": [0, 0, 0, 1, 0, 0], "split0_notXOR": [1, 1, 0, 1, 0, 0], "split0_prob": [0.5280127592932871, 0.6626787865125103, 0.45135061891725126, 0.340262641350679, 0.34525303204079594, 0.487368265408771], "split1_index": [12, 13, 14, 15, 16, 17], "split1_pred": [0, 0, 1, 1, 1, 1], "split1_test": [0, 0, 0, 1, 0, 0], "split1_notXOR": [1, 1, 0, 1, 0, 0], "split1_prob": [0.5424915459498366, 0.7698289738341949, 0.39790799459894477, 0.24133164957760764, 0.2712562869184589, 0.493637267173445], "split2_index": [18, 19, 20, 21, 22, 23], "split2_pred": [0, 0, 0, 1, 1, 0], "split2_test": [0, 0, 0, 1, 0, 0], "split2_notXOR": [1, 1, 1, 1, 0, 1], "split2_prob": [0.11202975641065795, 0.0595650428825206, 0.2617308456782472, 0.7604365877228374, 0.7757209475901338, 0.05967777252919234], "split3_index": [24, 25, 26, 27, 28, 29], "split3_pred": [0, 0, 0, 1, 1, 0], "split3_test": [0, 0, 0, 1, 0, 0], "split3_notXOR": [1, 1, 1, 1, 0, 1], "split3_prob": [0.10148397099830264, 0.10133641583043403, 0.10148396906057358, 0.8129542103143609, 0.8203457265468399, 0.25547149583521045], "split4_index": [30, 31, 32, 33, 34, 35], "split4_pred": [0, 0, 1, 1, 1, 0], "split4_test": [0, 0, 0, 1, 0, 0], "split4_notXOR": [1, 1, 0, 1, 0, 1], "split4_prob": [0.17447439396155123, 0.16057666536189838, 0.40083955057655635, 0.6729907131310315, 0.6166583099222036, 0.3462229678404054], "split5_index": [36, 37, 38, 39, 40, 41], "split5_pred": [0, 0, 0, 1, 1, 1], "split5_test": [0, 0, 0, 1, 0, 0], "split5_notXOR": [1, 1, 1, 1, 0, 0], "split5_prob": [0.09995195751145533, 0.10854195609585193, 0.07949938013199224, 0.6212600586178844, 0.6066748807253924, 0.5585379800162448], "split6_index": [42, 43, 44, 45, 46, 47], "split6_pred": [0, 0, 0, 1, 1, 1], "split6_test": [0, 0, 0, 1, 0, 0], "split6_notXOR": [1, 1, 1, 1, 0, 0], "split6_prob": [0.6399582657904775, 0.6399183976916387, 0.6498879273171677, 0.41957868507476415, 0.39969131818289383, 0.45516774513136166], "split7_index": [48, 49, 50, 51, 52, 53], "split7_pred": [0, 0, 0, 1, 1, 0], "split7_test": [0, 0, 0, 1, 0, 0], "split7_notXOR": [1, 1, 1, 1, 0, 1], "split7_prob": [0.056286384246531075, 0.04377519175157365, 0.056276470115073085, 0.8773545202041491, 0.9109013547586859, 0.05628637959883989]}