{"split0_index": [13, 14, 15, 16, 17, 18, 19, 20, 21, 22, 23, 24, 25], "split0_pred": [0, 0, 1, 1, 0, 1, 1, 0, 1, 0, 0, 0, 1], "split0_test": [0, 0, 1, 0, 0, 1, 0, 0, 0, 0, 0, 0, 1], "split0_notXOR": [1, 1, 1, 0, 1, 1, 0, 1, 0, 1, 1, 1, 1], "split0_prob": [0.7446843733205599, 0.9380587211407353, 0.1277356208913746, 0.45548868443892865, 0.9399359421619482, 0.43528457101129187, 0.4568855028794973, 0.9553922261665164, 0.36598328515465556, 0.8985489964625772, 0.9553922306040731, 0.9268062768664788, 0.07242036863567142], "split1_index": [26, 27, 28, 29, 30, 31, 32, 33, 34, 35, 36, 37, 38, 39, 40, 41], "split1_pred": [0, 0, 0, 1, 1, 0, 1, 0, 0, 1, 0, 0, 0, 1, 1, 0], "split1_test": [0, 1, 0, 0, 0, 0, 1, 0, 0, 0, 0, 0, 0, 0, 1, 0], "split1_notXOR": [1, 0, 1, 0, 0, 1, 1, 1, 1, 0, 1, 1, 1, 0, 1, 1], "split1_prob": [0.27195797043028014, 0.12891631012146315, 0.14312831001698614, 0.821370954506748, 0.4747846927348537, 0.13007868776990145, 0.6691788480596685, 0.41653619671961845, 0.12116578750722155, 0.538037000281284, 0.3740729106110118, 0.12129658924943851, 0.1397686367360037, 0.46247257291117666, 0.8270514406505918, 0.24506888509957636], "split2_index": [42, 43, 44, 45, 46, 47, 48, 49, 50, 51, 52, 53, 54, 55, 56, 57, 58], "split2_pred": [1, 1, 0, 1, 0, 1, 1, 1, 0, 0, 0, 1, 0, 0, 0, 1, 0], "split2_test": [0, 0, 0, 0, 0, 0, 1, 0, 0, 0, 0, 0, 0, 0, 0, 1, 0], "split2_notXOR": [0, 0, 1, 0, 1, 0, 1, 0, 1, 1, 1, 0, 1, 1, 1, 1, 1], "split2_prob": [0.4646145405448497, 0.8538076790573458, 0.12261801134521413, 0.542856775081646, 0.22721927648925225, 0.511110952130058, 0.8981124940819998, 0.5253987269521797, 0.14959615275378943, 0.06966301174542179, 0.3598506666795167, 0.4948379459931825, 0.0686601283828868, 0.07297450020819997, 0.08395520763251534, 0.9102263949761739, 0.429070693192447], "split3_index": [59, 60, 61, 62, 63, 64, 65, 66, 67, 68, 69, 70, 71, 72, 73, 74, 75], "split3_pred": [0, 1, 1, 1, 0, 0, 1, 0, 0, 0, 0, 0, 0, 0, 0, 1, 0], "split3_test": [0, 0, 0, 0, 0, 0, 1, 0, 0, 0, 0, 0, 0, 0, 0, 1, 0], "split3_notXOR": [1, 0, 0, 0, 1, 1, 1, 1, 1, 1, 1, 1, 1, 1, 1, 1, 1], "split3_prob": [0.19862791409186636, 0.7352728764271985, 0.6479444770446131, 0.8763817229781858, 0.04882271895000716, 0.050282698295014194, 0.9404471881114659, 0.2071668549487896, 0.0504368064629488, 0.053768677042021026, 0.1495881988286447, 0.0821614514746301, 0.050240754768503086, 0.050252018064481006, 0.2614357002698076, 0.809902856648738, 0.1973705813586057], "split4_index": [76, 77, 78, 79, 80, 81, 82, 83, 84, 85, 86, 87, 88, 89, 90], "split4_pred": [0, 1, 0, 0, 0, 1, 0, 0, 0, 0, 0, 0, 0, 0, 1], "split4_test": [0, 0, 0, 0, 0, 0, 1, 0, 0, 0, 0, 0, 0, 1, 0], "split4_notXOR": [1, 0, 1, 1, 1, 0, 0, 1, 1, 1, 1, 1, 1, 0, 0], "split4_prob": [0.07896545889602857, 0.5, 0.255335256537073, 0.06633845633072315, 0.2097369251221457, 0.9089216013669856, 0.17911518106429014, 0.06432549731080543, 0.050777722431711886, 0.07543061063810615, 0.20550625919766033, 0.19795173442411915, 0.06397043774410785, 0.056906037037862595, 0.8644451241902874], "split5_index": [91, 92, 93, 94, 95, 96, 97, 98, 99, 100, 101, 102, 103, 104, 105, 106], "split5_pred": [0, 0, 0, 0, 0, 1, 1, 0, 0, 0, 0, 1, 0, 0, 1, 0], "split5_test": [0, 0, 0, 0, 0, 0, 1, 0, 0, 0, 0, 0, 0, 0, 1, 0], "split5_notXOR": [1, 1, 1, 1, 1, 0, 1, 1, 1, 1, 1, 0, 1, 1, 1, 1], "split5_prob": [0.3196107378653986, 0.333658006031376, 0.10341065293540302, 0.22603393496955929, 0.09095949877121685, 0.865657034399149, 0.8700633574785115, 0.12033927759653065, 0.12333760232553866, 0.4222440179000922, 0.1583153349610351, 0.8559168369979631, 0.1040609840147645, 0.1017479797080336, 0.8257583971725411, 0.4816913010003558], "split6_index": [107, 108, 109, 110, 111, 112, 113, 114, 115, 116, 117, 118, 119, 120, 121, 122], "split6_pred": [0, 0, 0, 0, 0, 1, 1, 0, 0, 0, 0, 0, 0, 0, 1, 0], "split6_test": [0, 0, 0, 0, 0, 0, 0, 0, 0, 0, 0, 0, 0, 0, 0, 1], "split6_notXOR": [1, 1, 1, 1, 1, 0, 0, 1, 1, 1, 1, 1, 1, 1, 0, 0], "split6_prob": [0.29440123060776324, 0.2961849916570781, 0.2352082331645643, 0.37736029529977155, 0.3069303275760233, 0.5609108823811014, 0.7066709792766243, 0.22910589791076608, 0.23601443609000933, 0.47271649663003434, 0.46082484684028735, 0.38630486278103765, 0.23827801343828925, 0.22131522311023252, 0.7470175039020716, 0.42641250980645945]}