{"split0_index": [5, 6, 7, 8, 9], "split0_pred": [0, 0, 0, 0, 0], "split0_test": [1, 0, 1, 0, 0], "split0_notXOR": [0, 1, 0, 1, 1], "split0_prob": [0.392, 0.392, 0.392, 0.392, 0.392], "split1_index": [10, 11, 12, 13, 14], "split1_pred": [0, 0, 0, 0, 0], "split1_test": [1, 0, 1, 0, 0], "split1_notXOR": [0, 1, 0, 1, 1], "split1_prob": [0.38099999999999995, 0.38099999999999995, 0.38099999999999995, 0.38099999999999995, 0.38099999999999995], "split2_index": [15, 16, 17, 18, 19], "split2_pred": [0, 0, 0, 0, 0], "split2_test": [1, 0, 1, 0, 0], "split2_notXOR": [0, 1, 0, 1, 1], "split2_prob": [0.39533333333333315, 0.39533333333333315, 0.39533333333333315, 0.39533333333333315, 0.39533333333333315], "split3_index": [20, 21, 22, 23, 24], "split3_pred": [0, 0, 0, 0, 0], "split3_test": [1, 0, 1, 0, 0], "split3_notXOR": [0, 1, 0, 1, 1], "split3_prob": [0.414922305764411, 0.414922305764411, 0.414922305764411, 0.414922305764411, 0.414922305764411], "split4_index": [25, 26, 27, 28, 29], "split4_pred": [0, 0, 0, 0, 0], "split4_test": [1, 0, 1, 0, 0], "split4_notXOR": [0, 1, 0, 1, 1], "split4_prob": [0.43979791870981816, 0.43979791870981816, 0.43979791870981816, 0.43979791870981816, 0.43979791870981816], "split5_index": [30, 31, 32, 33, 34], "split5_pred": [0, 0, 0, 0, 0], "split5_test": [1, 0, 1, 0, 0], "split5_notXOR": [0, 1, 0, 1, 1], "split5_prob": [0.41726732628801577, 0.41726732628801577, 0.41726732628801577, 0.34129091125987676, 0.41726732628801577], "split6_index": [35, 36, 37, 38, 39], "split6_pred": [0, 0, 0, 0, 0], "split6_test": [1, 0, 1, 0, 0], "split6_notXOR": [0, 1, 0, 1, 1], "split6_prob": [0.39588760326924466, 0.4268727232866228, 0.4268727232866228, 0.4268727232866228, 0.4268727232866228], "split7_index": [40, 41, 42, 43, 44], "split7_pred": [0, 0, 0, 0, 0], "split7_test": [1, 0, 1, 0, 0], "split7_notXOR": [0, 1, 0, 1, 1], "split7_prob": [0.4083572384220167, 0.4083572384220167, 0.4083572384220167, 0.12714571859308701, 0.4083572384220167], "split8_index": [45, 46, 47, 48, 49], "split8_pred": [0, 0, 0, 0, 0], "split8_test": [1, 0, 1, 0, 0], "split8_notXOR": [0, 1, 0, 1, 1], "split8_prob": [0.43459244694094806, 0.43459244694094806, 0.43459244694094806, 0.1144441781874164, 0.43459244694094806], "split9_index": [50, 51, 52, 53, 54], "split9_pred": [0, 0, 0, 0, 0], "split9_test": [1, 0, 1, 0, 0], "split9_notXOR": [0, 1, 0, 1, 1], "split9_prob": [0.44729977244830094, 0.2591203496030891, 0.44729977244830094, 0.18008002103020965, 0.44729977244830094], "split10_index": [55, 56, 57, 58, 59, 60, 61, 62, 63, 64], "split10_pred": [0, 0, 0, 0, 0, 0, 0, 0, 0, 0], "split10_test": [0, 0, 1, 0, 0, 1, 1, 0, 0, 0], "split10_notXOR": [1, 1, 0, 1, 1, 0, 0, 1, 1, 1], "split10_prob": [0.45691850359167013, 0.37046993860516614, 0.45691850359167013, 0.45691850359167013, 0.45691850359167013, 0.45691850359167013, 0.45691850359167013, 0.45691850359167013, 0.14, 0.45691850359167013], "split11_index": [65, 66, 67, 68, 69, 70, 71, 72, 73, 74], "split11_pred": [0, 0, 0, 0, 0, 0, 0, 0, 0, 0], "split11_test": [0, 0, 1, 0, 0, 1, 1, 0, 0, 0], "split11_notXOR": [1, 1, 0, 1, 1, 0, 0, 1, 1, 1], "split11_prob": [0.4346135974204043, 0.4346135974204043, 0.4346135974204043, 0.4346135974204043, 0.4346135974204043, 0.4346135974204043, 0.4346135974204043, 0.4346135974204043, 0.4346135974204043, 0.4346135974204043], "split12_index": [75, 76, 77, 78, 79, 80, 81, 82, 83, 84, 85], "split12_pred": [0, 0, 0, 0, 0, 0, 0, 0, 0, 0, 0], "split12_test": [0, 0, 1, 0, 0, 0, 1, 0, 0, 0, 0], "split12_notXOR": [1, 1, 0, 1, 1, 1, 0, 1, 1, 1, 1], "split12_prob": [0.033170799210312955, 0.2176444750564429, 0.13719132614356092, 0.2176444750564429, 0.04199909543193125, 0.42530985602015553, 0.0660139364652149, 0.09319135459240421, 0.0736482580579463, 0.06949656479507225, 0.42530985602015553], "split13_index": [86, 87, 88, 89, 90, 91, 92, 93, 94, 95, 96], "split13_pred": [0, 0, 0, 0, 0, 0, 0, 0, 0, 0, 0], "split13_test": [0, 0, 1, 0, 0, 0, 1, 0, 0, 0, 1], "split13_notXOR": [1, 1, 0, 1, 1, 1, 0, 1, 1, 1, 0], "split13_prob": [0.3996700149428167, 0.3996700149428167, 0.3996700149428167, 0.3996700149428167, 0.3996700149428167, 0.3996700149428167, 0.3996700149428167, 0.3996700149428167, 0.3996700149428167, 0.3996700149428167, 0.01], "split14_index": [97, 98, 99, 100, 101, 102, 103, 104, 105, 106, 107], "split14_pred": [0, 0, 0, 0, 0, 0, 0, 0, 0, 0, 0], "split14_test": [0, 0, 1, 0, 0, 0, 1, 0, 0, 0, 1], "split14_notXOR": [1, 1, 0, 1, 1, 1, 0, 1, 1, 1, 0], "split14_prob": [0.3759082928561564, 0.3759082928561564, 0.06, 0.3759082928561564, 0.3759082928561564, 0.12, 0.24332238944974616, 0.3759082928561564, 0.15, 0.07743243243243243, 0.32], "split15_index": [108, 109, 110, 111, 112, 113, 114, 115, 116, 117, 118], "split15_pred": [0, 0, 0, 0, 0, 0, 0, 0, 0, 0, 0], "split15_test": [0, 0, 1, 0, 0, 0, 1, 1, 0, 1, 1], "split15_notXOR": [1, 1, 0, 1, 1, 1, 0, 0, 1, 0, 0], "split15_prob": [0.3704390140553426, 0.3704390140553426, 0.27, 0.3704390140553426, 0.3704390140553426, 0.3704390140553426, 0.3704390140553426, 0.46, 0.3704390140553426, 0.29095028981059223, 0.3704390140553426], "split16_index": [119, 120, 121, 122, 123, 124, 125, 126, 127, 128, 129], "split16_pred": [0, 0, 0, 0, 0, 0, 0, 0, 0, 0, 0], "split16_test": [0, 0, 1, 0, 0, 0, 1, 1, 0, 1, 1], "split16_notXOR": [1, 1, 0, 1, 1, 1, 0, 0, 1, 0, 0], "split16_prob": [0.34333205092444474, 0.34333205092444474, 0.34333205092444474, 0.34333205092444474, 0.34333205092444474, 0.34333205092444474, 0.34333205092444474, 0.34333205092444474, 0.34333205092444474, 0.13084254898904335, 0.34333205092444474], "split17_index": [130, 131, 132, 133, 134, 135, 136, 137, 138, 139, 140, 141], "split17_pred": [0, 0, 0, 0, 0, 0, 0, 0, 0, 0, 0, 0], "split17_test": [0, 0, 1, 0, 0, 0, 1, 1, 0, 0, 1, 1], "split17_notXOR": [1, 1, 0, 1, 1, 1, 0, 0, 1, 1, 0, 0], "split17_prob": [0.43, 0.16458156002851726, 0.35144935538565375, 0.10642678844892509, 0.23216489932637535, 0.35144935538565375, 0.35144935538565375, 0.35144935538565375, 0.35144935538565375, 0.35144935538565375, 0.3738446211450317, 0.35144935538565375], "split18_index": [142, 143, 144, 145, 146, 147, 148, 149, 150, 151, 152, 153], "split18_pred": [0, 0, 0, 0, 0, 0, 0, 0, 0, 0, 0, 0], "split18_test": [0, 0, 1, 0, 0, 0, 1, 1, 0, 0, 1, 1], "split18_notXOR": [1, 1, 0, 1, 1, 1, 0, 0, 1, 1, 0, 0], "split18_prob": [0.36188761182772367, 0.36188761182772367, 0.36188761182772367, 0.42, 0.02, 0.36188761182772367, 0.36188761182772367, 0.36188761182772367, 0.09608294803109375, 0.36188761182772367, 0.14, 0.36188761182772367], "split19_index": [154, 155, 156, 157, 158, 159, 160, 161, 162, 163, 164, 165], "split19_pred": [0, 0, 0, 0, 0, 0, 0, 0, 0, 0, 0, 0], "split19_test": [0, 0, 1, 0, 0, 0, 1, 1, 0, 0, 1, 1], "split19_notXOR": [1, 1, 0, 1, 1, 1, 0, 0, 1, 1, 0, 0], "split19_prob": [0.37039474690976143, 0.37039474690976143, 0.37039474690976143, 0.37039474690976143, 0.37039474690976143, 0.37039474690976143, 0.37039474690976143, 0.37039474690976143, 0.37039474690976143, 0.37039474690976143, 0.37039474690976143, 0.37039474690976143], "split20_index": [166, 167, 168, 169, 170, 171, 172, 173, 174, 175, 176, 177], "split20_pred": [0, 0, 0, 0, 0, 0, 0, 0, 0, 0, 0, 0], "split20_test": [0, 0, 1, 0, 0, 0, 1, 1, 0, 0, 1, 1], "split20_notXOR": [1, 1, 0, 1, 1, 1, 0, 0, 1, 1, 0, 0], "split20_prob": [0.37987600054101756, 0.20360342710828383, 0.37987600054101756, 0.37987600054101756, 0.37987600054101756, 0.37987600054101756, 0.37987600054101756, 0.37987600054101756, 0.37987600054101756, 0.24, 0.37987600054101756, 0.37987600054101756], "split21_index": [178, 179, 180, 181, 182, 183, 184, 185, 186, 187, 188, 189, 190], "split21_pred": [0, 0, 0, 0, 1, 0, 0, 0, 1, 0, 0, 0, 1], "split21_test": [0, 0, 1, 1, 0, 0, 1, 1, 1, 1, 1, 0, 1], "split21_notXOR": [1, 1, 0, 0, 0, 1, 0, 0, 1, 0, 0, 1, 1], "split21_prob": [0.4143998394899259, 0.21, 0.23, 0.381831164938745, 0.64, 0.46, 0.381831164938745, 0.46, 0.74, 0.16, 0.5, 0.381831164938745, 0.55],