{"split0_index": [7, 8, 9, 10, 11, 12, 13, 14], "split0_pred": [0, 0, 0, 0, 0, 0, 0, 0], "split0_test": [1, 0, 1, 0, 0, 0, 0, 0], "split0_notXOR": [0, 1, 0, 1, 1, 1, 1, 1], "split0_prob": [0.17955853136236327, 0.1048974834957665, 0.3695345818667103, 0.09595781920723005, 0.1056172855454353, 0.400664622195148, 0.09041668226314639, 0.09595781920723005], "split1_index": [15, 16, 17, 18, 19, 20, 21, 22, 23], "split1_pred": [0, 0, 0, 0, 0, 0, 0, 0, 0], "split1_test": [1, 0, 1, 0, 0, 0, 0, 0, 0], "split1_notXOR": [0, 1, 0, 1, 1, 1, 1, 1, 1], "split1_prob": [5.478342276535277e-08, 0.029476903224667297, 0.029476903224667297, 0.029476903224667297, 0.029476903224667297, 0.029476903224667297, 0.029476903224667297, 0.1358760117541616, 0.1078356328240768], "split2_index": [24, 25, 26, 27, 28, 29, 30, 31, 32], "split2_pred": [0, 0, 0, 0, 0, 0, 0, 0, 0], "split2_test": [1, 0, 1, 0, 0, 0, 0, 0, 0], "split2_notXOR": [0, 1, 0, 1, 1, 1, 1, 1, 1], "split2_prob": [0.0941096442203844, 0.12013672608503419, 0.12013672608503419, 0.12013672608503419, 0.12013672608503419, 0.12013672608503419, 0.12013672608503419, 0.12013672608503419, 0.12013672608503419], "split3_index": [33, 34, 35, 36, 37, 38, 39, 40, 41], "split3_pred": [1, 0, 1, 0, 0, 0, 0, 0, 0], "split3_test": [1, 0, 1, 0, 0, 0, 0, 0, 0], "split3_notXOR": [1, 1, 1, 1, 1, 1, 1, 1, 1], "split3_prob": [0.6293056994181732, 0.24225571651678243, 0.6571327644040046, 0.24225571651678243, 0.24225571651678243, 0.24225571651678243, 0.24225571651678243, 0.24225571651678243, 0.24225571651678243], "split4_index": [42, 43, 44, 45, 46, 47, 48, 49, 50], "split4_pred": [0, 0, 0, 0, 0, 0, 0, 0, 0], "split4_test": [1, 0, 1, 0, 0, 0, 0, 0, 0], "split4_notXOR": [0, 1, 0, 1, 1, 1, 1, 1, 1], "split4_prob": [0.3280253824028053, 0.3280253824028053, 0.3280253824028053, 0.3280253824028053, 0.3280253824028053, 0.3280253824028053, 0.3280253824028053, 0.3280253824028053, 0.3280253824028053], "split5_index": [51, 52, 53, 54, 55, 56, 57, 58, 59], "split5_pred": [1, 1, 1, 1, 1, 1, 1, 1, 1], "split5_test": [1, 0, 1, 0, 0, 0, 0, 0, 0], "split5_notXOR": [1, 0, 1, 0, 0, 0, 0, 0, 0], "split5_prob": [0.9280060050193547, 0.9280060050193547, 0.9280060050193547, 0.9280060050193547, 0.9280060050193547, 0.9280060050193547, 0.9280060050193547, 0.9280060050193547, 0.9280060050193547], "split6_index": [60, 61, 62, 63, 64, 65, 66, 67, 68], "split6_pred": [0, 0, 1, 1, 0, 0, 0, 0, 0], "split6_test": [1, 0, 1, 0, 0, 0, 0, 0, 0], "split6_notXOR": [0, 1, 1, 0, 1, 1, 1, 1, 1], "split6_prob": [0.4070602065690658, 0.4070602065690658, 0.7108202291529093, 0.5926140003609314, 0.4070602065690658, 0.4070602065690658, 0.4070602065690658, 0.4070602065690658, 0.4070602065690658], "split7_index": [69, 70, 71, 72, 73, 74, 75, 76, 77], "split7_pred": [0, 0, 1, 1, 0, 0, 0, 0, 0], "split7_test": [1, 0, 1, 0, 0, 0, 0, 0, 0], "split7_notXOR": [0, 1, 1, 0, 1, 1, 1, 1, 1], "split7_prob": [0.3615285045753573, 0.3615285045753573, 0.5396771922270808, 0.5664942323455756, 0.3615285045753573, 0.3615285045753573, 0.3615285045753573, 0.3615285045753573, 0.3615285045753573], "split8_index": [78, 79, 80, 81, 82, 83, 84, 85, 86], "split8_pred": [1, 0, 1, 0, 0, 0, 0, 0, 0], "split8_test": [1, 0, 1, 0, 0, 0, 0, 0, 0], "split8_notXOR": [1, 1, 1, 1, 1, 1, 1, 1, 1], "split8_prob": [0.7735368207667378, 0.3488800976006281, 0.5865797109759786, 0.3488800976006281, 0.3488800976006281, 0.3488800976006281, 0.3488800976006281, 0.3488800976006281, 0.3488800976006281], "split9_index": [87, 88, 89, 90, 91, 92, 93, 94, 95], "split9_pred": [1, 0, 0, 0, 0, 0, 0, 0, 0], "split9_test": [1, 0, 1, 0, 0, 0, 0, 0, 0], "split9_notXOR": [1, 1, 0, 1, 1, 1, 1, 1, 1], "split9_prob": [0.8812736509230795, 0.3603183820784376, 0.3603183820784376, 0.3603183820784376, 0.3603183820784376, 0.3603183820784376, 0.3603183820784376, 0.3603183820784376, 0.36031838207843764], "split10_index": [96, 97, 98, 99, 100, 101, 102, 103, 104], "split10_pred": [1, 0, 1, 0, 0, 1, 0, 1, 1], "split10_test": [1, 0, 1, 0, 0, 0, 0, 0, 0], "split10_notXOR": [1, 1, 1, 1, 1, 0, 1, 0, 0], "split10_prob": [0.7336151287217957, 0.07532756976213843, 0.8603415830223754, 0.07532756976213843, 0.07532756976213843, 0.5325667948824487, 0.3811179171281014, 0.733670609579846, 0.5425525551690824], "split11_index": [105, 106, 107, 108, 109, 110, 111, 112, 113], "split11_pred": [0, 0, 0, 0, 0, 0, 0, 0, 1], "split11_test": [1, 0, 1, 0, 0, 0, 0, 0, 0], "split11_notXOR": [0, 1, 0, 1, 1, 1, 1, 1, 0], "split11_prob": [0.3464463275786676, 0.3464463275786676, 0.3464463275786676, 0.3464463275786676, 0.3464463275786676, 0.3464463275786676, 0.3464463275786676, 0.3464463275786676, 0.7299979632166983], "split12_index": [114, 115, 116, 117, 118, 119, 120, 121, 122], "split12_pred": [1, 1, 1, 1, 0, 0, 0, 1, 1], "split12_test": [1, 0, 1, 0, 0, 0, 0, 0, 0], "split12_notXOR": [1, 0, 1, 0, 1, 1, 1, 0, 0], "split12_prob": [0.9288154250758616, 0.6004203862951436, 0.9790434619410064, 0.9959936624090862, 0.2431716342754838, 0.2431716342754838, 0.2431716342754838, 0.9229285605283186, 0.6004203862951436], "split13_index": [123, 124, 125, 126, 127, 128, 129, 130, 131], "split13_pred": [1, 0, 0, 0, 0, 0, 0, 1, 1], "split13_test": [1, 0, 1, 0, 0, 0, 0, 0, 0], "split13_notXOR": [1, 1, 0, 1, 1, 1, 1, 0, 0], "split13_prob": [0.79433482310183, 0.35861290481024066, 0.35861290481024066, 0.35861290481024066, 0.35861290481024066, 0.35861290481024066, 0.35861290481024066, 0.7809783327867494, 0.9926280297254944], "split14_index": [132, 133, 134, 135, 136, 137, 138, 139, 140, 141], "split14_pred": [1, 0, 0, 0, 0, 0, 0, 0, 1, 0], "split14_test": [1, 0, 0, 1, 0, 0, 0, 0, 0, 0], "split14_notXOR": [1, 1, 1, 0, 1, 1, 1, 1, 0, 1], "split14_prob": [0.7735586355591532, 0.3054696648811016, 0.006152244463129853, 0.3054696648811016, 0.3054696648811016, 0.3054696648811016, 0.3054696648811016, 0.3054696648811016, 0.8164896977387518, 0.3054696648811016], "split15_index": [142, 143, 144, 145, 146, 147, 148, 149, 150, 151], "split15_pred": [0, 0, 0, 0, 0, 0, 0, 0, 0, 0], "split15_test": [1, 0, 0, 1, 0, 0, 0, 0, 0, 0], "split15_notXOR": [0, 1, 1, 0, 1, 1, 1, 1, 1, 1], "split15_prob": [0.08718739065951968, 0.12311656357020616, 0.022769300683440227, 0.07749492969205696, 0.12311656357020616, 0.022769300683440227, 0.08718739065951968, 0.022769300683440227, 0.12311656357020616, 0.022769300683440238], "split16_index": [152, 153, 154, 155, 156, 157, 158, 159, 160, 161], "split16_pred": [0, 0, 0, 0, 0, 0, 0, 0, 0, 0], "split16_test": [1, 0, 0, 1, 0, 0, 0, 0, 0, 0], "split16_notXOR": [0, 1, 1, 0, 1, 1, 1, 1, 1, 1], "split16_prob": [0.40342624939133637, 0.40342624939133637, 0.40342624939133637, 0.40342624939133637, 0.40342624939133637, 0.40342624939133637, 0.40342624939133637, 0.40342624939133637, 0.40342624939133637, 0.40342624939133637], "split17_index": [162, 163, 164, 165, 166, 167, 168, 169, 170, 171], "split17_pred": [0, 0, 0, 0, 0, 0, 0, 0, 0, 0], "split17_test": [1, 0, 0, 1, 0, 0, 0, 0, 0, 0], "split17_notXOR": [0, 1, 1, 0, 1, 1, 1, 1, 1, 1], "split17_prob": [0.4158945684647787, 0.4158945684647787, 0.4158945684647787, 0.4158945684647787, 0.4158945684647787, 0.4158945684647787, 0.4158945684647787, 0.4158945684647787, 0.4158945684647787, 0.4158945684647787], "split18_index": [172, 173, 174, 175, 176, 177, 178, 179, 180, 181, 182, 183], "split18_pred": [0, 0, 0, 0, 0, 0, 1, 0, 0, 0, 1, 1], "split18_test": [1, 0, 0, 1, 0, 0, 0, 0, 0, 0, 0, 0], "split18_notXOR": [0, 1, 1, 0, 1, 1, 0, 1, 1, 1, 0, 0], "split18_prob": [0.33829408891272383, 0.33829408891272383, 0.33829408891272383, 0.33829408891272383, 0.2359960049708037, 0.33829408891272383, 0.9359859159785008, 0.33829408891272383, 0.33829408891272383, 0.33829408891272383, 0.7502338373778074, 0.8486952593397541], "split19_index": [184, 185, 186, 187, 188, 189, 190, 191, 192, 193], "split19_pred": [1, 0, 1, 0, 0, 0, 0, 1, 0, 1], "split19_test": [1, 0, 1, 0, 0, 0, 0, 0, 0, 0], "split19_notXOR": [1, 1, 1, 1, 1, 1, 1, 0, 1, 0],