{"split0_index": [4, 5, 6, 7], "split0_pred": [0, 0, 0, 0], "split0_test": [1, 0, 0, 0], "split0_notXOR": [0, 1, 1, 1], "split0_prob": [0.48, 0.48, 0.48, 0.48], "split1_index": [8, 9, 10, 11, 12, 13, 14, 15], "split1_pred": [1, 0, 0, 0, 0, 0, 0, 0], "split1_test": [1, 0, 0, 0, 0, 0, 0, 0], "split1_notXOR": [1, 1, 1, 1, 1, 1, 1, 1], "split1_prob": [0.6341666666666667, 0.30416666666666653, 0.30416666666666653, 0.38749999999999996, 0.30416666666666653, 0.30416666666666653, 0.30416666666666653, 0.30416666666666653]}