{"split0_index": [15, 16, 17, 18, 19, 20, 21, 22, 23, 24, 25, 26, 27, 28, 29], "split0_pred": [0, 0, 0, 0, 0, 0, 0, 0, 0, 0, 0, 0, 0, 0, 0], "split0_test": [0, 1, 0, 0, 0, 0, 0, 0, 0, 0, 0, 0, 0, 0, 0], "split0_notXOR": [1, 0, 1, 1, 1, 1, 1, 1, 1, 1, 1, 1, 1, 1, 1], "split0_prob": [0.05795233321501957, 0.34038153752466294, 0.0787259809313905, 0.05671220618496593, 0.06310552076840897, 0.1176178434163967, 0.12053714989198816, 0.11308454022456262, 0.11999459829329422, 0.07668309601177484, 0.1208802666787834, 0.12053714989198816, 0.11999459829329422, 0.12037855975387095, 0.12053714989198816]}