{"split0_index": [4, 5, 6, 7], "split0_pred": [0, 0, 0, 0], "split0_test": [0, 0, 0, 1], "split0_notXOR": [1, 1, 1, 0], "split0_prob": [0.635975716198455, 0.635975716198455, 0.635975716198455, 0.5564390287676209], "split1_index": [8, 9, 10, 11], "split1_pred": [0, 0, 0, 0], "split1_test": [0, 0, 0, 1], "split1_notXOR": [1, 1, 1, 0], "split1_prob": [0.645723240172973, 0.645723240172973, 0.645723240172973, 0.542016980336586], "split2_index": [12, 13, 14, 15], "split2_pred": [0, 0, 0, 1], "split2_test": [0, 0, 0, 1], "split2_notXOR": [1, 1, 1, 1], "split2_prob": [0.6212092066301578, 0.6212092066301578, 0.6212092066301578, 0.07265168190981243], "split3_index": [16, 17, 18, 19], "split3_pred": [0, 0, 0, 0], "split3_test": [0, 0, 0, 1], "split3_notXOR": [1, 1, 1, 0], "split3_prob": [0.5781448124431228, 0.5781448124431228, 0.5781448124431228, 0.5382651336076522], "split4_index": [20, 21, 22, 23], "split4_pred": [0, 0, 0, 0], "split4_test": [0, 0, 0, 1], "split4_notXOR": [1, 1, 1, 0], "split4_prob": [0.3304450600958746, 0.3304450600958746, 0.3304450600958746, 0.3304450600958746], "split5_index": [24, 25, 26], "split5_pred": [1, 0, 0], "split5_test": [0, 0, 1], "split5_notXOR": [0, 1, 0], "split5_prob": [0.9536170460450076, 0.30700462623658414, 0.30700462623658414], "split6_index": [27, 28, 29], "split6_pred": [0, 0, 0], "split6_test": [1, 0, 1], "split6_notXOR": [0, 1, 0], "split6_prob": [0.5188188568594461, 0.5188188568594461, 0.5188188568594461], "split7_index": [30, 31, 32], "split7_pred": [0, 0, 1], "split7_test": [1, 0, 1], "split7_notXOR": [0, 1, 1], "split7_prob": [0.5673221649268477, 0.5673221649268477, 0.27168154512499204], "split8_index": [33, 34, 35], "split8_pred": [0, 0, 0], "split8_test": [1, 0, 1], "split8_notXOR": [0, 1, 0], "split8_prob": [0.34412498975217753, 0.34412498975217753, 0.35291261041197725], "split9_index": [36, 37, 38], "split9_pred": [0, 0, 0], "split9_test": [0, 0, 1], "split9_notXOR": [1, 1, 0], "split9_prob": [0.5516101589892011, 0.5206540613888091, 0.5712348063396807], "split10_index": [39, 40, 41], "split10_pred": [0, 0, 0], "split10_test": [0, 0, 1], "split10_notXOR": [1, 1, 0], "split10_prob": [0.47361762547579617, 0.47361762547579617, 0.47361762547579617], "split11_index": [42, 43, 44], "split11_pred": [0, 0, 0], "split11_test": [0, 0, 1], "split11_notXOR": [1, 1, 0], "split11_prob": [0.43968823946096924, 0.43968823946096924, 0.43968823946096924], "split12_index": [45, 46, 47], "split12_pred": [0, 0, 0], "split12_test": [1, 0, 0], "split12_notXOR": [0, 1, 1], "split12_prob": [0.4921654474413593, 0.4946289488137021, 0.4946289488137021], "split13_index": [48, 49, 50], "split13_pred": [0, 0, 1], "split13_test": [1, 0, 0], "split13_notXOR": [0, 1, 0], "split13_prob": [0.5716751968160614, 0.5716751968160614, 0.44233090311896744], "split14_index": [51, 52], "split14_pred": [0, 1], "split14_test": [1, 0], "split14_notXOR": [0, 0], "split14_prob": [0.4814509008878518, 0.5424244261298448], "split15_index": [53, 54], "split15_pred": [0, 0], "split15_test": [1, 0], "split15_notXOR": [0, 1], "split15_prob": [0.6798447694023038, 0.6798447694023038], "split16_index": [55, 56], "split16_pred": [0, 0], "split16_test": [1, 0], "split16_notXOR": [0, 1], "split16_prob": [0.5173748896159073, 0.5173748896159073], "split17_index": [57, 58], "split17_pred": [0, 0], "split17_test": [1, 0], "split17_notXOR": [0, 1], "split17_prob": [0.4695788644709068, 0.4695788644709068]}