{"split0_index": [14, 15, 16, 17, 18, 19, 20, 21, 22, 23, 24, 25, 26, 27], "split0_pred": [0, 0, 0, 0, 1, 0, 0, 1, 0, 0, 0, 0, 0, 0], "split0_test": [0, 0, 0, 0, 1, 0, 0, 1, 0, 0, 0, 0, 0, 0], "split0_notXOR": [1, 1, 1, 1, 1, 1, 1, 1, 1, 1, 1, 1, 1, 1], "split0_prob": [0.0, 0.0, 0.0, 0.0, 1.0, 0.0, 0.0, 1.0, 0.0, 0.0, 0.0, 0.0, 1.1704607286755341e-257, 0.0], "split1_index": [28, 29, 30, 31, 32, 33, 34, 35, 36, 37, 38, 39, 40, 41], "split1_pred": [0, 0, 0, 0, 1, 0, 0, 1, 0, 0, 0, 0, 0, 0], "split1_test": [0, 0, 0, 0, 1, 0, 0, 1, 0, 0, 0, 0, 0, 0], "split1_notXOR": [1, 1, 1, 1, 1, 1, 1, 1, 1, 1, 1, 1, 1, 1], "split1_prob": [0.0, 0.0, 0.0, 0.0, 1.0, 0.0, 0.0, 1.0, 0.0, 0.0, 0.0, 0.0, 7.3610509240420595e-267, 0.0], "split2_index": [42, 43, 44, 45, 46, 47, 48, 49, 50, 51, 52, 53, 54, 55], "split2_pred": [0, 0, 0, 0, 1, 0, 0, 1, 0, 0, 0, 0, 0, 0], "split2_test": [0, 0, 0, 0, 1, 0, 0, 1, 0, 0, 0, 0, 0, 0], "split2_notXOR": [1, 1, 1, 1, 1, 1, 1, 1, 1, 1, 1, 1, 1, 1], "split2_prob": [0.0, 0.0, 0.0, 0.0, 1.0, 0.0, 0.0, 1.0, 0.0, 0.0, 0.0, 0.0, 1.0166979943241241e-262, 0.0], "split3_index": [56, 57, 58, 59, 60, 61, 62, 63, 64, 65, 66, 67, 68, 69], "split3_pred": [0, 0, 0, 0, 1, 0, 0, 1, 0, 0, 0, 0, 0, 0], "split3_test": [0, 0, 0, 0, 1, 0, 0, 0, 0, 0, 0, 0, 0, 0], "split3_notXOR": [1, 1, 1, 1, 1, 1, 1, 0, 1, 1, 1, 1, 1, 1], "split3_prob": [0.0, 0.0, 0.0, 0.0, 1.0, 0.0, 0.0, 1.0, 0.0, 0.0, 0.0, 0.0, 4.132390768718387e-262, 0.0], "split4_index": [70, 71, 72, 73, 74, 75, 76, 77, 78, 79, 80, 81, 82], "split4_pred": [0, 0, 0, 0, 0, 0, 1, 0, 0, 0, 0, 0, 0], "split4_test": [0, 0, 0, 0, 1, 0, 0, 0, 0, 0, 0, 0, 0], "split4_notXOR": [1, 1, 1, 1, 0, 1, 0, 1, 1, 1, 1, 1, 1], "split4_prob": [0.0, 0.0, 0.0, 0.0, 0.0, 0.0, 1.0, 0.0, 0.0, 0.0, 0.0, 6.353803695134228e-234, 0.0], "split5_index": [83, 84, 85, 86, 87, 88, 89, 90, 91, 92, 93, 94, 95, 96], "split5_pred": [0, 0, 0, 0, 0, 0, 1, 0, 0, 0, 0, 0, 0, 1], "split5_test": [0, 0, 0, 0, 1, 0, 0, 0, 0, 0, 0, 0, 0, 0], "split5_notXOR": [1, 1, 1, 1, 0, 1, 0, 1, 1, 1, 1, 1, 1, 0], "split5_prob": [0.0, 0.0, 0.0, 2.3763134271682283e-13, 3.2064870972301223e-10, 0.0, 0.9999999999999893, 0.0, 1.3457734266874998e-52, 0.0, 0.0, 1.5766309448805774e-22, 0.0, 1.0], "split6_index": [97, 98, 99, 100, 101, 102, 103, 104, 105, 106, 107, 108, 109, 110], "split6_pred": [0, 0, 0, 0, 1, 0, 1, 0, 0, 0, 0, 0, 0, 0], "split6_test": [0, 0, 0, 0, 1, 0, 0, 0, 0, 0, 0, 0, 0, 0], "split6_notXOR": [1, 1, 1, 1, 1, 1, 0, 1, 1, 1, 1, 1, 1, 1], "split6_prob": [0.0, 0.0, 0.0, 0.0, 0.999999999961922, 0.0, 1.0, 0.0, 0.0, 0.0, 0.0, 0.0016715072047035892, 0.0, 0.0], "split7_index": [111, 112, 113, 114, 115, 116, 117, 118, 119, 120, 121, 122, 123, 124], "split7_pred": [0, 0, 0, 0, 0, 0, 1, 0, 0, 0, 0, 1, 0, 0], "split7_test": [0, 0, 0, 0, 1, 0, 0, 0, 0, 0, 0, 0, 0, 0], "split7_notXOR": [1, 1, 1, 1, 0, 1, 0, 1, 1, 1, 1, 0, 1, 1], "split7_prob": [0.0, 0.0, 0.0, 0.0, 0.0, 0.0, 1.0, 1.567136784028737e-39, 0.0, 0.0, 0.0, 0.9970143130437087, 0.0, 0.0], "split8_index": [125, 126, 127, 128, 129, 130, 131, 132, 133, 134, 135, 136, 137, 138], "split8_pred": [0, 0, 0, 0, 1, 0, 1, 0, 0, 0, 0, 0, 0, 0], "split8_test": [0, 0, 0, 0, 1, 0, 0, 0, 0, 0, 0, 0, 0, 0], "split8_notXOR": [1, 1, 1, 1, 1, 1, 0, 1, 1, 1, 1, 1, 1, 1], "split8_prob": [3.591077326379349e-12, 0.0, 0.0, 0.0, 1.0, 0.0, 0.9999999492629086, 2.9090654347672832e-30, 0.0, 8.300847197263023e-13, 0.0, 3.0934732407201136e-17, 0.0, 0.0], "split9_index": [139, 140, 141, 142, 143, 144, 145, 146, 147, 148, 149, 150, 151, 152], "split9_pred": [0, 0, 0, 0, 1, 0, 1, 0, 0, 0, 0, 0, 0, 0], "split9_test": [0, 0, 0, 0, 1, 0, 0, 0, 0, 0, 0, 0, 0, 0], "split9_notXOR": [1, 1, 1, 1, 1, 1, 0, 1, 1, 1, 1, 1, 1, 1], "split9_prob": [4.904029956676483e-10, 0.0, 0.0, 0.0, 1.0, 0.0, 0.9999993949024369, 6.936297998302004e-25, 0.0, 4.4185119458405296e-11, 0.0, 6.815101201292268e-17, 0.0, 0.0], "split10_index": [153, 154, 155, 156, 157, 158, 159, 160, 161, 162, 163, 164, 165, 166], "split10_pred": [0, 0, 0, 0, 1, 0, 1, 0, 0, 0, 0, 0, 0, 0], "split10_test": [0, 0, 0, 0, 1, 0, 0, 0, 0, 0, 0, 0, 0, 0], "split10_notXOR": [1, 1, 1, 1, 1, 1, 0, 1, 1, 1, 1, 1, 1, 1], "split10_prob": [3.609053952875332e-11, 0.0, 1.9863792881526167e-22, 0.0, 1.0, 5.814548299553571e-09, 0.999908338812241, 7.932872999220555e-24, 0.0, 2.074270491182688e-12, 1.0057452317268821e-10, 6.704037106206997e-19, 1.1180943493762513e-12, 0.0], "split11_index": [167, 168, 169, 170, 171, 172, 173, 174, 175, 176, 177, 178, 179, 180], "split11_pred": [0, 0, 0, 0, 1, 0, 1, 0, 0, 1, 0, 0, 0, 0], "split11_test": [0, 0, 0, 0, 1, 0, 0, 0, 0, 0, 0, 0, 0, 0], "split11_notXOR": [1, 1, 1, 1, 1, 1, 0, 1, 1, 0, 1, 1, 1, 1], "split11_prob": [0.0, 0.0, 0.0, 0.0, 1.0, 0.0, 1.0, 0.0, 0.0, 0.9973642230034249, 0.0, 3.7181245995249224e-05, 0.0, 0.0], "split12_index": [181, 182, 183, 184, 185, 186, 187, 188, 189, 190, 191, 192, 193, 194], "split12_pred": [0, 0, 0, 0, 1, 0, 1, 0, 0, 0, 0, 0, 0, 0], "split12_test": [0, 0, 0, 0, 1, 0, 0, 0, 0, 0, 0, 0, 0, 0], "split12_notXOR": [1, 1, 1, 1, 1, 1, 0, 1, 1, 1, 1, 1, 1, 1], "split12_prob": [0.0, 0.0, 0.0, 0.0, 1.0, 0.0, 0.9999999999993818, 1.6072787326298988e-10, 0.0, 0.07532571423059704, 0.0, 2.749092310082644e-09, 0.0, 0.0], "split13_index": [195, 196, 197, 198, 199, 200, 201, 202, 203, 204, 205, 206, 207, 208], "split13_pred": [0, 0, 0, 0, 1, 0, 1, 0, 0, 0, 0, 0, 0, 0], "split13_test": [0, 0, 0, 0, 1, 0, 0, 0, 0, 0, 0, 0, 0, 0], "split13_notXOR": [1, 1, 1, 1, 1, 1, 0, 1, 1, 1, 1, 1, 1, 1], "split13_prob": [0.0, 0.0, 0.0, 0.0, 1.0, 0.0, 0.9999999999874802, 2.2375723369568783e-10, 0.0, 0.01578735540127499, 0.0, 1.944947423110361e-10, 0.0, 0.0], "split14_index": [209, 210, 211, 212, 213, 214, 215, 216, 217, 218, 219, 220, 221, 222], "split14_pred": [0, 0, 0, 0, 1, 0, 1, 0, 0, 0, 0, 0, 0, 0], "split14_test": [0, 0, 0, 0, 1, 0, 0, 0, 0, 0, 0, 0, 0, 0], "split14_notXOR": [1, 1, 1, 1, 1, 1, 0, 1, 1, 1, 1, 1, 1, 1], "split14_prob": [1.5026332436129099e-06, 0.0, 0.0, 0.0, 1.0, 0.0, 0.999982257730462, 2.2707323747718513e-15, 0.0, 3.5624680680636865e-08, 0.0, 1.577870368906688e-16, 0.0, 0.0], "split15_index": [223, 224, 225, 226, 227, 228, 229, 230, 231, 232, 233, 234, 235, 236], "split15_pred": [0, 0, 0, 0, 1, 0, 1, 0, 0, 1, 0, 0, 0, 0], "split15_test": [0, 0, 0, 0, 1, 0, 0, 0, 0, 0, 0, 0, 0, 0], "split15_notXOR": [1, 1, 1, 1, 1, 1, 0, 1, 1, 0, 1, 1, 1, 1], "split15_prob": [0.0, 0.0, 0.0, 0.0, 1.0, 0.0, 0.9999999999990195, 0.0, 0.0, 0.6313819157497361, 0.0, 2.7841512670790944e-09, 0.0, 0.0], "split16_index": [237, 238, 239, 240, 241, 242, 243, 244, 245, 246, 247, 248, 249, 250], "split16_pred": [1, 0, 0, 0, 1, 0, 1, 0, 0, 1, 0, 0, 0, 0], "split16_test": [0, 0, 0, 0, 1, 0, 0, 0, 0, 0, 0, 0, 0, 0], "split16_notXOR": [0, 1, 1, 1, 1, 1, 0, 1, 1, 0, 1, 1, 1, 1], "split16_prob": [0.992093705310291, 0.0, 0.0, 0.0, 1.0, 0.0, 0.9999999999982094, 0.0, 0.0, 0.6883081524260909, 0.0, 1.316657263932261e-09, 0.0, 0.0], "split17_index": [251, 252, 253, 254, 255, 256, 257, 258, 259, 260, 261, 262, 263, 264], "split17_pred": [0, 0, 0, 0, 1, 0, 1, 0, 0, 0, 0, 0, 0, 0], "split17_test": [0, 0, 0, 0, 1, 0, 0, 0, 0, 0, 0, 0, 0, 0], "split17_notXOR": [1, 1, 1, 1, 1, 1, 0, 1, 1, 1, 1, 1, 1, 1], "split17_prob": [0.0, 0.0, 0.0, 0.0, 1.0, 0.0, 0.999334687322742, 1.1193191011414206e-15, 0.0, 8.726666926204326e-10, 0.0, 1.9033268471098746e-19, 0.0, 0.0], "split18_index": [265, 266, 267, 268, 269, 270, 271, 272, 273, 274, 275, 276, 277, 278], "split18_pred": [0, 0, 0, 0, 1, 0, 1, 0, 0, 0, 0, 0, 0, 0], "split18_test": [0, 0, 0, 0, 1, 0, 0, 0, 0, 0, 0, 0, 0, 0], "split18_notXOR": [1, 1, 1, 1, 1, 1, 0, 1, 1, 1, 1, 1, 1, 1], "split18_prob": [0.0, 0.0, 0.0, 0.0, 1.0, 0.0, 0.9979243147909524, 2.1193130503651092e-15, 0.0, 8.414708337768251e-10, 0.0, 6.689367836682157e-20, 0.0, 0.0], "split19_index": [279, 280, 281, 282, 283, 284, 285, 286, 287, 288, 289, 290, 291, 292], "split19_pred": [0, 0, 0, 0, 1, 0, 1, 0, 0, 0, 0, 0, 0, 0], "split19_test": [0, 0, 0, 0, 1, 0, 0, 0, 0, 0, 0, 0, 0, 0],