{"split0_index": [5, 6, 7, 8, 9, 10, 11, 12, 13, 14, 15, 16, 17, 18, 19, 20, 21, 22, 23], "split0_pred": [0, 1, 0, 0, 1, 0, 0, 0, 1, 0, 0, 1, 0, 0, 0, 1, 1, 1, 0], "split0_test": [1, 1, 1, 1, 1, 0, 0, 0, 1, 0, 0, 0, 0, 0, 0, 1, 1, 1, 0], "split0_notXOR": [0, 1, 0, 0, 1, 1, 1, 1, 1, 1, 1, 0, 1, 1, 1, 1, 1, 1, 1], "split0_prob": [0.058187932367528145, 0.9999999980436898, 0.058187932367528145, 0.058187932367528145, 0.995061168194589, 0.058187932367528145, 0.058187932367528145, 0.26084574362364554, 0.6665817026366189, 0.3969812447208655, 0.058187932367528145, 0.999999927492185, 0.3073048294417021, 0.24735855167321427, 0.058187932367528145, 0.5094809902363517, 0.9999999992565793, 0.9230216372347181, 0.058187932367528145], "split1_index": [24, 25, 26, 27, 28, 29, 30, 31, 32, 33, 34, 35, 36, 37, 38, 39, 40, 41, 42, 43, 44, 45, 46, 47], "split1_pred": [1, 0, 1, 0, 0, 1, 0, 0, 1, 1, 0, 1, 0, 0, 1, 0, 0, 0, 0, 1, 1, 0, 1, 0], "split1_test": [0, 1, 1, 1, 1, 1, 0, 0, 0, 1, 0, 0, 0, 0, 0, 1, 0, 0, 1, 1, 1, 0, 1, 0], "split1_notXOR": [0, 0, 1, 0, 0, 1, 1, 1, 0, 1, 1, 0, 1, 1, 0, 0, 1, 1, 0, 1, 1, 1, 1, 1], "split1_prob": [0.5618441980594313, 0.29586372641790476, 0.5318149445989111, 0.29586372641790476, 0.29586372641790476, 0.6046535007442813, 0.29586372641790476, 0.29586372641790476, 0.8713745003973152, 0.7792082766414407, 0.3718682773744124, 0.848731021301037, 0.29586372641790476, 0.1949877743870557, 0.873553416091645, 0.447140126935525, 0.28927281055330917, 0.29586372641790476, 0.3385459575145851, 0.8274600660615734, 0.8149789799944284, 0.3504674254300084, 0.5597461121777463, 0.29586372641790476], "split2_index": [48, 49, 50, 51, 52, 53, 54, 55, 56, 57, 58, 59, 60, 61, 62, 63, 64, 65, 66, 67, 68, 69, 70, 71, 72, 73], "split2_pred": [1, 0, 1, 0, 0, 1, 0, 1, 0, 1, 1, 0, 0, 1, 0, 0, 1, 1, 0, 0, 0, 1, 0, 0, 1, 0], "split2_test": [0, 1, 1, 1, 1, 1, 0, 0, 0, 0, 1, 0, 0, 0, 0, 0, 0, 1, 0, 0, 1, 1, 1, 0, 1, 0], "split2_notXOR": [0, 0, 1, 0, 0, 1, 1, 0, 1, 0, 1, 1, 1, 0, 1, 1, 0, 1, 1, 1, 0, 1, 0, 1, 1, 1], "split2_prob": [0.539792794384842, 0.3215925685186997, 0.567962779010547, 0.3215925685186997, 0.3215925685186997, 0.539792794384842, 0.3215925685186997, 0.539792794384842, 0.3215925685186997, 0.539792794384842, 0.8349942938803273, 0.46618707979614094, 0.4174413834044281, 0.5905679942565946, 0.3215925685186997, 0.22917640313413842, 0.539792794384842, 0.5158519914005484, 0.31984120755277784, 0.3215925685186997, 0.3772868404038781, 0.8677870551796723, 0.4851082634689865, 0.4174413834044281, 0.5627371892118482, 0.3215925685186997], "split3_index": [74, 75, 76, 77, 78, 79, 80, 81, 82, 83, 84, 85, 86, 87, 88, 89, 90, 91, 92, 93, 94, 95, 96, 97, 98, 99, 100], "split3_pred": [1, 0, 1, 0, 0, 1, 0, 1, 0, 1, 1, 0, 0, 0, 1, 0, 0, 1, 0, 0, 1, 0, 1, 0, 0, 1, 0], "split3_test": [0, 1, 1, 1, 1, 1, 0, 0, 0, 0, 1, 0, 0, 0, 0, 0, 1, 0, 1, 0, 0, 1, 1, 1, 0, 1, 0], "split3_notXOR": [0, 0, 1, 0, 0, 1, 1, 0, 1, 0, 1, 1, 1, 1, 0, 1, 0, 0, 0, 1, 0, 0, 1, 0, 1, 1, 1], "split3_prob": [0.5164140172784607, 0.32929443887375986, 0.548610248581275, 0.32929443887375986, 0.32929443887375986, 0.5164140172784607, 0.32929443887375986, 0.5164140172784607, 0.32929443887375986, 0.5164140172784607, 0.8482990651546115, 0.4343136819248233, 0.32929443887375986, 0.38030363825333974, 0.5741919811109711, 0.32929443887375986, 0.1834888175663607, 0.5164140172784607, 0.48873176037056987, 0.28314868880023697, 0.657537494754191, 0.33414402082037625, 0.8824723525557728, 0.4541872015949988, 0.38030363825333974, 0.5422981090122145, 0.32929443887375986], "split4_index": [101, 102, 103, 104, 105, 106, 107, 108, 109, 110, 111, 112, 113, 114, 115, 116, 117, 118, 119, 120, 121, 122, 123, 124, 125, 126, 127, 128, 129, 130, 131, 132, 133, 134, 135], "split4_pred": [1, 0, 0, 1, 0, 1, 0, 0, 0, 0, 0, 1, 0, 0, 0, 0, 0, 1, 0, 0, 1, 0, 1, 0, 1, 1, 1, 0, 0, 1, 0, 0, 0, 0, 0], "split4_test": [0, 1, 1, 0, 0, 0, 0, 1, 0, 1, 1, 1, 0, 0, 0, 0, 0, 1, 0, 1, 1, 1, 0, 0, 1, 1, 1, 1, 1, 1, 1, 1, 1, 1, 0], "split4_notXOR": [0, 0, 0, 0, 1, 0, 1, 0, 1, 0, 0, 1, 1, 1, 1, 1, 1, 1, 1, 0, 1, 0, 0, 1, 1, 1, 1, 0, 0, 1, 0, 0, 0, 0, 1], "split4_prob": [0.5158694442304271, 0.38971541174511043, 0.3398738962729898, 0.5158694442304271, 0.3398738962729898, 0.5633530136233624, 0.3398738962729898, 0.45923847968044196, 0.41380032473451805, 0.23970635907707566, 0.33118000413912724, 0.6259036431600623, 0.3398738962729898, 0.3729571662390603, 0.3398738962729898, 0.26611144048950675, 0.4148027664057406, 0.8574556652143961, 0.2910183459878713, 0.3398738962729898, 0.5486839758890342, 0.3837724364948774, 0.5158694442304271, 0.3398738962729898, 0.5158694442304271, 0.7802163437610082, 0.509609111477248, 0.3398738962729898, 0.376719821562884, 0.6943535151785215, 0.30481972226037307, 0.41380032473451805, 0.3398738962729898, 0.3398738962729898, 0.33118000413912724], "split5_index": [136, 137, 138, 139, 140, 141, 142, 143, 144, 145, 146, 147, 148, 149, 150, 151, 152, 153, 154, 155, 156, 157, 158, 159, 160, 161, 162, 163, 164, 165, 166, 167, 168, 169, 170, 171, 172, 173, 174, 175], "split5_pred": [0, 0, 0, 0, 0, 0, 0, 0, 0, 0, 0, 1, 0, 0, 0, 0, 0, 0, 0, 1, 1, 0, 0, 0, 0, 1, 0, 0, 1, 0, 0, 0, 1, 0, 0, 0, 1, 0, 0, 0], "split5_test": [0, 1, 1, 0, 0, 0, 0, 1, 0, 1, 1, 1, 1, 1, 0, 1, 0, 1, 0, 0, 1, 0, 1, 1, 1, 0, 0, 1, 1, 0, 1, 1, 1, 1, 1, 0, 0, 1, 0, 0], "split5_notXOR": [1, 0, 0, 1, 1, 1, 1, 0, 1, 0, 0, 1, 0, 0, 1, 0, 1, 0, 1, 0, 1, 1, 0, 0, 0, 0, 1, 0, 1, 1, 0, 0, 1, 0, 0, 1, 0, 0, 1, 1], "split5_prob": [0.24500326045607917, 0.4995148876614032, 0.37998926852131015, 0.38821793584317327, 0.37998926852131015, 0.30583978643473814, 0.37998926852131015, 0.48945181401674215, 0.19298734423152833, 0.34863323083738457, 0.4665738336539662, 0.6397198708607669, 0.4436625879775632, 0.38060047092376204, 0.37998926852131015, 0.4778774238689726, 0.37998926852131015, 0.25628311963861117, 0.2811012046306841, 0.5427655924669496, 0.8755362664551625, 0.4029926729277932, 0.37998926852131015, 0.4829834462741314, 0.4714809830122899, 0.6607252384611433, 0.37998926852131015, 0.3696693627811865, 0.7203480508720046, 0.391598391840338, 0.37998926852131015, 0.37998926852131015, 0.6838740374240525, 0.3830026978543088, 0.29792823884085207, 0.37998926852131015, 0.5738117515202605, 0.37998926852131015, 0.4113773087191599, 0.48510184791175526], "split6_index": [176, 177, 178, 179, 180, 181, 182, 183, 184, 185, 186, 187, 188, 189, 190, 191, 192, 193, 194, 195, 196, 197, 198, 199, 200, 201, 202, 203, 204, 205, 206, 207, 208, 209, 210, 211, 212, 213, 214, 215, 216], "split6_pred": [0, 1, 0, 0, 0, 0, 0, 1, 0, 0, 0, 1, 0, 0, 0, 0, 0, 0, 0, 1, 1, 1, 0, 0, 1, 1, 0, 0, 1, 0, 0, 0, 1, 0, 0, 0, 1, 0, 0, 1, 0], "split6_test": [0, 1, 1, 0, 0, 0, 0, 1, 0, 1, 1, 1, 1, 1, 0, 1, 0, 1, 0, 0, 1, 0, 1, 1, 1, 0, 0, 1, 1, 0, 1, 1, 1, 1, 1, 0, 0, 1, 1, 1, 0], "split6_notXOR": [1, 1, 0, 1, 1, 1, 1, 1, 1, 0, 0, 1, 0, 0, 1, 0, 1, 0, 1, 0, 1, 0, 0, 0, 1, 0, 1, 0, 1, 1, 0, 0, 1, 0, 0, 1, 0, 0, 0, 1, 1], "split6_prob": [0.23461683978130748, 0.5637147408532411, 0.38502463590328795, 0.3740641243777426, 0.38502463590328795, 0.3089921854403332, 0.38502463590328795, 0.5184874061568955, 0.2299531238863221, 0.3704752856577282, 0.451950750530375, 0.7046654288939302, 0.4870323186536987, 0.3832713638595303, 0.38502463590328795, 0.4782692571753675, 0.38502463590328795, 0.440268631946991, 0.3659433843126424, 0.5176908556703513, 0.8905438700619503, 0.5229672823223032, 0.38502463590328795, 0.4983568904315829, 0.534001385320576, 0.6797397382373428, 0.38502463590328795, 0.3531319483754534, 0.6596139596346363, 0.4206749371452791, 0.38502463590328795, 0.38502463590328795, 0.7732075289161537, 0.4423118930908462, 0.27437296315010584, 0.38502463590328795, 0.5082106454632281, 0.38502463590328795, 0.44917963287104085, 0.5358888995832377, 0.47692678073598765],