{"split0_index": [5, 6, 7, 8, 9, 10, 11, 12, 13], "split0_pred": [0, 0, 0, 0, 1, 0, 0, 0, 1], "split0_test": [0, 0, 0, 0, 0, 0, 1, 0, 0], "split0_notXOR": [1, 1, 1, 1, 0, 1, 0, 1, 0], "split0_prob": [0.14131819032376697, 0.06833466720829326, 0.08431016892239031, 0.2215720125902526, 0.649599508692375, 0.37476460112146726, 0.060293948516452596, 0.4916563246093903, 0.9752415944248998], "split1_index": [14, 15, 16, 17, 18, 19, 20, 21, 22, 23], "split1_pred": [0, 0, 0, 0, 0, 0, 0, 0, 0, 0], "split1_test": [0, 0, 0, 0, 0, 0, 0, 1, 0, 0], "split1_notXOR": [1, 1, 1, 1, 1, 1, 1, 0, 1, 1], "split1_prob": [0.05868963886352233, 0.046762970672179584, 0.10712739016964014, 0.04114835557603661, 0.08962352270444, 0.04375901799877754, 0.04481237866931627, 0.1418881150893061, 0.036140248686742135, 0.0896821075682538]}