{"split0_index": [9, 10, 11, 12, 13, 14, 15, 16, 17], "split0_pred": [1, 0, 0, 0, 0, 1, 0, 0, 0], "split0_test": [1, 0, 0, 0, 0, 0, 0, 0, 0], "split0_notXOR": [1, 1, 1, 1, 1, 0, 1, 1, 1], "split0_prob": [0.8448480990764983, 0.1851668889553636, 0.1851668889553636, 0.43374363935679267, 0.4841510100734126, 0.5081684349194004, 0.1851668889553636, 0.1851668889553636, 0.1851668889553636], "split1_index": [18, 19, 20, 21, 22, 23, 24, 25, 26], "split1_pred": [0, 1, 0, 0, 0, 0, 1, 0, 0], "split1_test": [0, 1, 0, 0, 0, 0, 0, 0, 0], "split1_notXOR": [1, 1, 1, 1, 1, 1, 0, 1, 1], "split1_prob": [0.31894336265679485, 0.8482233854032727, 0.12291302419670956, 0.12291302419670956, 0.4346179054829531, 0.48780875846491367, 0.5541971442870813, 0.12291302419670956, 0.12291302419670956], "split2_index": [27, 28, 29, 30, 31, 32, 33, 34, 35], "split2_pred": [0, 1, 0, 0, 0, 0, 0, 0, 0], "split2_test": [0, 1, 0, 0, 0, 0, 0, 0, 0], "split2_notXOR": [1, 1, 1, 1, 1, 1, 1, 1, 1], "split2_prob": [0.14854698002719643, 0.8816066454002752, 0.07570889324447376, 0.07570889324447376, 0.2185570554769694, 0.28866821355459643, 0.3110634375024741, 0.07570889324447376, 0.07570889324447376]}