{"split0_index": [8, 9, 10, 11, 12, 13, 14, 15, 16], "split0_pred": [0, 0, 0, 0, 0, 0, 0, 1, 0], "split0_test": [0, 0, 0, 0, 0, 0, 0, 1, 0], "split0_notXOR": [1, 1, 1, 1, 1, 1, 1, 1, 1], "split0_prob": [0.10784415026978654, 0.48015580082114934, 0.10798926156388672, 0.10429447747676553, 0.10784415026978654, 0.10784415026978654, 0.10429447747676553, 0.8071491251844608, 0.10784415026978654], "split1_index": [17, 18, 19, 20, 21, 22, 23, 24, 25], "split1_pred": [0, 0, 0, 0, 0, 0, 0, 0, 0], "split1_test": [0, 0, 0, 0, 0, 0, 0, 1, 0], "split1_notXOR": [1, 1, 1, 1, 1, 1, 1, 0, 1], "split1_prob": [0.041924779141747144, 0.041924779141747144, 0.041924779141747144, 0.041924779141747144, 0.041924779141747144, 0.041924779141747144, 0.041924779141747144, 0.041924779141747144, 0.041924779141747144], "split2_index": [26, 27, 28, 29, 30, 31, 32, 33, 34], "split2_pred": [0, 0, 0, 0, 0, 0, 0, 0, 0], "split2_test": [0, 0, 0, 0, 0, 0, 0, 1, 0], "split2_notXOR": [1, 1, 1, 1, 1, 1, 1, 0, 1], "split2_prob": [0.5367645930160377, 0.5367645930160377, 0.5367645930160377, 0.5367645930160377, 0.5367645930160377, 0.5367645930160377, 0.5367645930160377, 0.5367645930160377, 0.5367645930160377], "split3_index": [35, 36, 37, 38, 39, 40, 41, 42, 43], "split3_pred": [1, 1, 1, 1, 1, 1, 1, 1, 1], "split3_test": [0, 0, 0, 0, 0, 0, 0, 1, 0], "split3_notXOR": [0, 0, 0, 0, 0, 0, 0, 1, 0], "split3_prob": [0.5744058342738182, 0.5744058342738182, 0.5677221173695894, 0.5677221173695894, 0.5744058342738182, 0.5744058342738182, 0.5677221173695894, 0.572708436468423, 0.5696102449077313], "split4_index": [44, 45, 46, 47, 48, 49, 50, 51, 52], "split4_pred": [0, 0, 0, 0, 0, 0, 0, 0, 0], "split4_test": [0, 0, 0, 0, 0, 0, 0, 1, 0], "split4_notXOR": [1, 1, 1, 1, 1, 1, 1, 0, 1], "split4_prob": [0.41908236387376335, 0.41908236387376335, 0.41908236387376335, 0.41908236387376335, 0.41908236387376335, 0.41908236387376335, 0.41908236387376335, 0.41908236387376335, 0.41908236387376335], "split5_index": [53, 54, 55, 56, 57, 58, 59, 60, 61], "split5_pred": [0, 0, 0, 0, 0, 0, 0, 1, 0], "split5_test": [0, 0, 0, 0, 0, 0, 0, 1, 0], "split5_notXOR": [1, 1, 1, 1, 1, 1, 1, 1, 1], "split5_prob": [0.33226464878026857, 0.33226464878026857, 0.33226464878026857, 0.33226464878026857, 0.33226464878026857, 0.33226464878026857, 0.33226464878026857, 0.9070501015221113, 0.33226464878026857], "split6_index": [62, 63, 64, 65, 66, 67, 68, 69, 70], "split6_pred": [0, 0, 0, 0, 0, 0, 0, 0, 0], "split6_test": [0, 0, 0, 0, 0, 0, 0, 1, 0], "split6_notXOR": [1, 1, 1, 1, 1, 1, 1, 0, 1], "split6_prob": [0.40120487315781517, 0.40120487315781517, 0.40120487315781517, 0.40120487315781517, 0.40120487315781517, 0.40120487315781517, 0.40120487315781517, 0.40120487315781517, 0.40120487315781517], "split7_index": [71, 72, 73, 74, 75, 76, 77, 78, 79], "split7_pred": [0, 0, 0, 0, 0, 0, 0, 1, 0], "split7_test": [0, 0, 0, 0, 0, 0, 0, 1, 0], "split7_notXOR": [1, 1, 1, 1, 1, 1, 1, 1, 1], "split7_prob": [0.3105463007444699, 0.3105463007444699, 0.3105463007444699, 0.3105463007444699, 0.3105463007444699, 0.34102765077822383, 0.3105463007444699, 0.9610382344646254, 0.3105463007444699], "split8_index": [80, 81, 82, 83, 84, 85, 86, 87, 88], "split8_pred": [0, 0, 0, 0, 0, 0, 0, 1, 0], "split8_test": [0, 0, 0, 0, 0, 0, 0, 1, 0], "split8_notXOR": [1, 1, 1, 1, 1, 1, 1, 1, 1], "split8_prob": [0.30750515658310235, 0.250644948746706, 0.250644948746706, 0.250644948746706, 0.250644948746706, 0.250644948746706, 0.250644948746706, 0.9757109842771594, 0.2588070643510736]}