{"split0_index": [3, 4, 5], "split0_pred": [0, 0, 0], "split0_test": [1, 0, 0], "split0_notXOR": [0, 1, 1], "split0_prob": [0.5, 0.5, 0.5], "split1_index": [6, 7, 8], "split1_pred": [1, 0, 1], "split1_test": [1, 0, 0], "split1_notXOR": [1, 1, 0], "split1_prob": [0.5656053493150646, 0.03624991718282679, 0.5656053493150646], "split2_index": [9, 10, 11], "split2_pred": [1, 1, 1], "split2_test": [1, 0, 0], "split2_notXOR": [1, 0, 0], "split2_prob": [0.5953567513683319, 0.5953567513683319, 0.5953567513683319], "split3_index": [12, 13, 14], "split3_pred": [1, 1, 1], "split3_test": [1, 0, 1], "split3_notXOR": [1, 0, 1], "split3_prob": [0.5681837937380357, 0.9125268390912609, 0.5681837937380357], "split4_index": [15, 16, 17], "split4_pred": [1, 1, 1], "split4_test": [1, 0, 1], "split4_notXOR": [1, 0, 1], "split4_prob": [0.5756423374372778, 0.5756423374372778, 0.5756423374372778], "split5_index": [18, 19, 20], "split5_pred": [1, 1, 1], "split5_test": [1, 0, 1], "split5_notXOR": [1, 0, 1], "split5_prob": [0.5669845270562591, 0.5669845270562591, 0.5669845270562591], "split6_index": [21, 22, 23], "split6_pred": [1, 1, 1], "split6_test": [1, 0, 0], "split6_notXOR": [1, 0, 0], "split6_prob": [0.5600977509055723, 0.5600977509055723, 0.5600977509055723], "split7_index": [24, 25, 26], "split7_pred": [1, 1, 1], "split7_test": [1, 1, 0], "split7_notXOR": [1, 1, 0], "split7_prob": [0.5498575801141768, 0.9988204824820774, 0.5498575801141768], "split8_index": [27, 28, 29], "split8_pred": [1, 1, 1], "split8_test": [1, 1, 0], "split8_notXOR": [1, 1, 0], "split8_prob": [0.5275054791567, 0.5275054791567, 0.5275054791567], "split9_index": [30, 31, 32], "split9_pred": [1, 1, 1], "split9_test": [1, 1, 0], "split9_notXOR": [1, 1, 0], "split9_prob": [0.5254281690466596, 0.5254281690466596, 0.5254281690466596], "split10_index": [33, 34, 35], "split10_pred": [0, 0, 0], "split10_test": [0, 1, 0], "split10_notXOR": [1, 0, 1], "split10_prob": [0.41137328714362725, 0.2401958119030455, 0.017337989290126896], "split11_index": [36, 37, 38], "split11_pred": [1, 1, 1], "split11_test": [0, 1, 0], "split11_notXOR": [0, 1, 0], "split11_prob": [0.5436710683203367, 0.5436710683203367, 0.5436710683203367], "split12_index": [39, 40, 41], "split12_pred": [1, 1, 1], "split12_test": [0, 1, 0], "split12_notXOR": [0, 1, 0], "split12_prob": [0.5385625671054949, 0.7664508212347011, 0.5385625671054949]}