{"split0_index": [4, 5, 6, 7], "split0_pred": [1, 1, 1, 1], "split0_test": [1, 1, 0, 0], "split0_notXOR": [1, 1, 0, 0], "split0_prob": [0.14772246810171868, 0.14772246810171868, 0.1351228881162573, 0.11941375665292608], "split1_index": [8, 9, 10, 11], "split1_pred": [0, 1, 1, 0], "split1_test": [1, 1, 0, 0], "split1_notXOR": [0, 1, 0, 1], "split1_prob": [0.4573223403901165, 0.5177505102125382, 0.5177505102125382, 0.45725314234103054], "split2_index": [12, 13, 14, 15], "split2_pred": [0, 1, 0, 0], "split2_test": [1, 1, 0, 0], "split2_notXOR": [0, 1, 1, 1], "split2_prob": [0.5051783180999594, 0.46188882390399144, 0.5335046464327945, 0.5472285592178068], "split3_index": [16, 17, 18, 19, 20, 21], "split3_pred": [0, 1, 0, 0, 0, 0], "split3_test": [0, 1, 1, 0, 0, 0], "split3_notXOR": [1, 1, 0, 1, 1, 1], "split3_prob": [0.4060138259306418, 0.6712667453716037, 0.43452680850441744, 0.4202950169268589, 0.4118662193766707, 0.4023803263576018], "split4_index": [22, 23, 24, 25], "split4_pred": [1, 1, 0, 0], "split4_test": [1, 1, 0, 0], "split4_notXOR": [1, 1, 1, 1], "split4_prob": [0.7696221412187342, 0.7696221412187342, 0.4944259223939508, 0.34551908779489243], "split5_index": [26, 27, 28, 29], "split5_pred": [1, 1, 0, 1], "split5_test": [1, 1, 0, 0], "split5_notXOR": [1, 1, 1, 0], "split5_prob": [0.7681161101843156, 0.7681161101843156, 0.275750919580755, 0.7681161101843156], "split6_index": [30, 31, 32, 33], "split6_pred": [1, 1, 0, 1], "split6_test": [1, 1, 0, 0], "split6_notXOR": [1, 1, 1, 0], "split6_prob": [0.8042509267167625, 0.8042509267167625, 0.4434833202694462, 0.8042509267167625], "split7_index": [34, 35, 36, 37], "split7_pred": [1, 1, 0, 1], "split7_test": [1, 1, 0, 0], "split7_notXOR": [1, 1, 1, 0], "split7_prob": [0.739322012105139, 0.739322012105139, 0.2659551993980727, 0.739322012105139], "split8_index": [38, 39, 40, 41], "split8_pred": [0, 1, 1, 1], "split8_test": [1, 1, 0, 0], "split8_notXOR": [0, 1, 0, 0], "split8_prob": [0.26545457487827234, 0.7344045424041719, 0.7344045424041719, 0.7344045424041719], "split9_index": [42, 43, 44, 45], "split9_pred": [0, 1, 0, 1], "split9_test": [1, 1, 0, 0], "split9_notXOR": [0, 1, 1, 0], "split9_prob": [0.28718249868277557, 0.673745397022232, 0.29761001690482575, 0.673745397022232], "split10_index": [46, 47, 48, 49], "split10_pred": [0, 1, 1, 1], "split10_test": [1, 1, 0, 0], "split10_notXOR": [0, 1, 0, 0], "split10_prob": [0.3020963811909874, 0.6546127672112626, 0.6546127672112626, 0.6546127672112626], "split11_index": [50, 51, 52, 53], "split11_pred": [0, 1, 1, 1], "split11_test": [1, 1, 0, 0], "split11_notXOR": [0, 1, 0, 0], "split11_prob": [0.3610518286442988, 0.6083940803957026, 0.6083940803957026, 0.6083940803957026], "split12_index": [54, 55, 56, 57], "split12_pred": [0, 0, 0, 1], "split12_test": [1, 1, 0, 0], "split12_notXOR": [0, 0, 1, 0], "split12_prob": [0.45401669156460517, 0.386521550317473, 0.4246997835592799, 0.5811467020259421], "split13_index": [58, 59, 60, 61], "split13_pred": [0, 1, 0, 0], "split13_test": [1, 1, 0, 0], "split13_notXOR": [0, 1, 1, 1], "split13_prob": [0.39473971427745846, 0.6059996249647808, 0.33694222918381106, 0.34374365121516715], "split14_index": [62, 63, 64, 65], "split14_pred": [0, 0, 0, 1], "split14_test": [1, 1, 0, 0], "split14_notXOR": [0, 0, 1, 0], "split14_prob": [0.3710801378856223, 0.3710801378856223, 0.3944716289432919, 0.6049523082003717], "split15_index": [66, 67, 68, 69], "split15_pred": [0, 0, 0, 1], "split15_test": [1, 1, 0, 0], "split15_notXOR": [0, 0, 1, 0], "split15_prob": [0.4842968203649529, 0.4732673532250699, 0.4783456497044626, 0.5237430918357652], "split16_index": [70, 71, 72, 73], "split16_pred": [1, 0, 0, 0], "split16_test": [1, 0, 0, 1], "split16_notXOR": [1, 1, 1, 0], "split16_prob": [0.40880134498539034, 0.5531212771307416, 0.5655658493250375, 0.5472278589972673], "split17_index": [74, 75, 76, 77], "split17_pred": [1, 0, 1, 1], "split17_test": [1, 0, 0, 1], "split17_notXOR": [1, 1, 0, 1], "split17_prob": [0.5677334097032793, 0.43349271681561913, 0.5677334097032793, 0.5677334097032793], "split18_index": [78, 79, 80, 81], "split18_pred": [1, 0, 1, 0], "split18_test": [1, 0, 0, 0], "split18_notXOR": [1, 1, 0, 1], "split18_prob": [0.5836079440933243, 0.4052769714006034, 0.5836079440933243, 0.40570424652019565]}