{"split0_index": [15, 16, 17, 18, 19, 20, 21, 22, 23, 24, 25, 26, 27, 28, 29], "split0_pred": [0, 1, 0, 0, 0, 0, 1, 1, 0, 0, 0, 1, 0, 0, 1], "split0_test": [0, 1, 0, 0, 0, 0, 0, 0, 0, 0, 0, 0, 0, 0, 0], "split0_notXOR": [1, 1, 1, 1, 1, 1, 0, 0, 1, 1, 1, 0, 1, 1, 0], "split0_prob": [0.19716900803801554, 0.6598443568296555, 0.1657715993690903, 0.4220652435001525, 0.4220652435001525, 0.07725624249436641, 0.7194296541996151, 0.6698566588819327, 0.15658162472902437, 0.07725624249436641, 0.07725624249436641, 0.680513956720812, 0.15658162472902437, 0.39799463550913106, 0.7194296541996151]}