{"split0_index": [15, 16, 17, 18, 19, 20, 21, 22, 23, 24, 25, 26, 27, 28, 29], "split0_pred": [0, 1, 0, 0, 0, 0, 1, 0, 0, 0, 0, 0, 0, 1, 1], "split0_test": [0, 1, 0, 0, 0, 0, 0, 0, 0, 0, 0, 0, 0, 0, 0], "split0_notXOR": [1, 1, 1, 1, 1, 1, 0, 1, 1, 1, 1, 1, 1, 0, 0], "split0_prob": [0.05615109145567396, 0.8210484106843033, 0.031041969886359072, 0.028876146014735034, 0.028876146014735034, 0.028900422704136477, 0.7084666236808422, 0.022602829919896796, 0.028850714723857213, 0.028900422704136477, 0.028900422704136477, 0.10527408178168597, 0.028850714723857213, 0.5225502770053044, 0.7084666236808422]}