{"split0_index": [4, 5, 6, 7, 8, 9], "split0_pred": [1, 1, 1, 1, 1, 1], "split0_test": [1, 1, 1, 1, 0, 0], "split0_notXOR": [1, 1, 1, 1, 0, 0], "split0_prob": [0.515, 0.515, 0.515, 0.515, 0.515, 0.515], "split1_index": [10, 11, 12, 13, 14, 15], "split1_pred": [0, 0, 0, 1, 0, 0], "split1_test": [1, 1, 1, 1, 0, 0], "split1_notXOR": [0, 0, 0, 1, 1, 1], "split1_prob": [0.2560833333333332, 0.2560833333333332, 0.2560833333333332, 0.6933333333333332, 0.2560833333333332, 0.12222619047619046], "split2_index": [16, 17, 18, 19, 20, 21], "split2_pred": [0, 0, 0, 0, 0, 0], "split2_test": [1, 1, 1, 0, 0, 0], "split2_notXOR": [0, 0, 0, 1, 1, 1], "split2_prob": [0.48109523809523813, 0.48109523809523813, 0.48109523809523813, 0.48109523809523813, 0.48109523809523813, 0.48109523809523813], "split3_index": [22, 23, 24, 25, 26, 27], "split3_pred": [0, 0, 0, 0, 0, 0], "split3_test": [1, 1, 1, 0, 0, 0], "split3_notXOR": [0, 0, 0, 1, 1, 1], "split3_prob": [0.4069246031746031, 0.4069246031746031, 0.4069246031746031, 0.3024246031746031, 0.4069246031746031, 0.4069246031746031], "split4_index": [28, 29, 30, 31, 32, 33], "split4_pred": [1, 1, 1, 1, 1, 1], "split4_test": [1, 1, 1, 0, 0, 0], "split4_notXOR": [1, 1, 1, 0, 0, 0], "split4_prob": [0.6610714285714288, 0.6610714285714288, 0.6610714285714288, 0.6610714285714288, 0.6610714285714288, 0.6610714285714288], "split5_index": [34, 35, 36, 37, 38, 39], "split5_pred": [0, 0, 0, 0, 0, 0], "split5_test": [1, 1, 1, 0, 0, 0], "split5_notXOR": [0, 0, 0, 1, 1, 1], "split5_prob": [0.24222222222222226, 0.24222222222222226, 0.24222222222222226, 0.24222222222222226, 0.09610714285714286, 0.06627380952380953], "split6_index": [40, 41, 42, 43, 44, 45, 46], "split6_pred": [1, 0, 1, 1, 0, 0, 0], "split6_test": [1, 1, 1, 1, 0, 0, 0], "split6_notXOR": [1, 0, 1, 1, 1, 1, 1], "split6_prob": [0.6111587301587302, 0.0077777777777777776, 0.6111587301587302, 0.96, 0.0077777777777777776, 0.07094444444444443, 0.0077777777777777776], "split7_index": [47, 48, 49, 50, 51], "split7_pred": [0, 1, 0, 1, 0], "split7_test": [0, 0, 0, 1, 1], "split7_notXOR": [1, 0, 1, 1, 0], "split7_prob": [0.08350000000000002, 0.775, 0.08433333333333333, 0.8, 0.21566666666666667], "split8_index": [52, 53, 54, 55, 56], "split8_pred": [1, 1, 1, 1, 0], "split8_test": [0, 0, 0, 1, 1], "split8_notXOR": [0, 0, 0, 1, 0], "split8_prob": [0.7288290043290044, 0.7288290043290044, 0.7288290043290044, 0.7288290043290044, 0.4725], "split9_index": [57, 58, 59, 60, 61], "split9_pred": [0, 0, 0, 0, 0], "split9_test": [0, 0, 0, 1, 1], "split9_notXOR": [1, 1, 1, 0, 0], "split9_prob": [0.2482976190476189, 0.2482976190476189, 0.2482976190476189, 0.2116309523809523, 0.37], "split10_index": [62, 63, 64, 65, 66], "split10_pred": [1, 1, 0, 1, 1], "split10_test": [0, 0, 0, 1, 1], "split10_notXOR": [0, 0, 1, 1, 1], "split10_prob": [0.5197233241904293, 0.5197233241904293, 0.028801948051948054, 0.6800432958854011, 0.5197233241904293], "split11_index": [67, 68, 69, 70, 71], "split11_pred": [1, 1, 1, 1, 0], "split11_test": [0, 0, 0, 1, 1], "split11_notXOR": [0, 0, 0, 1, 0], "split11_prob": [0.7239491896991896, 0.7239491896991896, 0.7239491896991896, 0.7239491896991896, 0.3467380952380953], "split12_index": [72, 73, 74, 75, 76], "split12_pred": [1, 1, 1, 1, 1], "split12_test": [0, 0, 0, 1, 1], "split12_notXOR": [0, 0, 0, 1, 1], "split12_prob": [0.5788181630461042, 0.5788181630461042, 0.5788181630461042, 0.5788181630461042, 0.5788181630461042], "split13_index": [77, 78, 79, 80, 81], "split13_pred": [1, 1, 1, 0, 1], "split13_test": [0, 0, 0, 1, 1], "split13_notXOR": [0, 0, 0, 0, 1], "split13_prob": [0.533360997410331, 0.533360997410331, 0.533360997410331, 0.003333333333333333, 0.533360997410331], "split14_index": [82, 83, 84, 85, 86], "split14_pred": [1, 1, 1, 1, 1], "split14_test": [0, 0, 0, 1, 1], "split14_notXOR": [0, 0, 0, 1, 1], "split14_prob": [0.5508929110105579, 0.5508929110105579, 0.5508929110105579, 0.58, 0.5508929110105579], "split15_index": [87, 88, 89, 90, 91], "split15_pred": [1, 1, 1, 1, 1], "split15_test": [0, 0, 0, 1, 1], "split15_notXOR": [0, 0, 0, 1, 1], "split15_prob": [0.5100740925740925, 0.5100740925740925, 0.5100740925740925, 0.5100740925740925, 0.5100740925740925], "split16_index": [92, 93, 94, 95, 96], "split16_pred": [0, 0, 0, 0, 0], "split16_test": [0, 0, 0, 1, 1], "split16_notXOR": [1, 1, 1, 0, 0], "split16_prob": [0.4558148606135044, 0.4558148606135044, 0.4558148606135044, 0.4558148606135044, 0.17587460875038277], "split17_index": [97, 98, 99, 100, 101], "split17_pred": [1, 1, 1, 1, 1], "split17_test": [0, 0, 0, 1, 1], "split17_notXOR": [0, 0, 0, 1, 1], "split17_prob": [0.5546056261457392, 0.5546056261457392, 0.5546056261457392, 0.5546056261457392, 0.5546056261457392], "split18_index": [102, 103, 104, 105, 106], "split18_pred": [1, 1, 1, 1, 1], "split18_test": [0, 0, 0, 1, 1], "split18_notXOR": [0, 0, 0, 1, 1], "split18_prob": [0.6212804359383309, 0.6212804359383309, 0.6212804359383309, 0.6212804359383309, 0.94], "split19_index": [107, 108, 109, 110, 111], "split19_pred": [0, 0, 0, 0, 1], "split19_test": [0, 0, 0, 1, 1], "split19_notXOR": [1, 1, 1, 0, 1], "split19_prob": [0.4833425649980805, 0.4833425649980805, 0.4833425649980805, 0.4833425649980805, 0.9733333333333334], "split20_index": [112, 113, 114, 115, 116], "split20_pred": [0, 0, 0, 0, 0], "split20_test": [0, 0, 0, 1, 0], "split20_notXOR": [1, 1, 1, 0, 1], "split20_prob": [0.48413059927877194, 0.48413059927877194, 0.48413059927877194, 0.48413059927877194, 0.33536813830605383], "split21_index": [117, 118, 119, 120, 121], "split21_pred": [1, 1, 0, 0, 1], "split21_test": [1, 1, 0, 1, 0], "split21_notXOR": [1, 1, 1, 0, 0], "split21_prob": [0.96, 0.84, 0.47862301587301587, 0.2507142857142857, 0.9114285714285714], "split22_index": [122, 123, 124, 125, 126], "split22_pred": [0, 0, 0, 0, 0], "split22_test": [0, 0, 0, 1, 0], "split22_notXOR": [1, 1, 1, 0, 1], "split22_prob": [0.16579617604617602, 0.3620223665223665, 0.40839110889110913, 0.40839110889110913, 0.40839110889110913], "split23_index": [127, 128, 129, 130, 131], "split23_pred": [0, 0, 0, 0, 0], "split23_test": [0, 0, 0, 1, 0], "split23_notXOR": [1, 1, 1, 0, 1], "split23_prob": [0.12828081477346184, 0.07037765012765013, 0.3578531857719163, 0.3578531857719163, 0.3578531857719163], "split24_index": [132, 133, 134, 135, 136], "split24_pred": [1, 1, 1, 1, 1], "split24_test": [0, 0, 0, 1, 0], "split24_notXOR": [0, 0, 0, 1, 0], "split24_prob": [0.5372226419857493, 0.5372226419857493, 0.5372226419857493, 0.5372226419857493, 0.5372226419857493], "split25_index": [137, 138, 139, 140, 141], "split25_pred": [1, 1, 1, 1, 1], "split25_test": [0, 0, 0, 1, 0], "split25_notXOR": [0, 0, 0, 1, 0], "split25_prob": [0.501970269804753, 0.501970269804753, 0.501970269804753, 0.501970269804753, 0.501970269804753], "split26_index": [142, 143, 144, 145, 146], "split26_pred": [0, 0, 0, 0, 0], "split26_test": [0, 0, 0, 1, 0], "split26_notXOR": [1, 1, 1, 0, 1], "split26_prob": [0.4691866626291852, 0.4691866626291852, 0.4691866626291852, 0.4691866626291852, 0.4691866626291852], "split27_index": [147, 148, 149, 150, 151], "split27_pred": [0, 0, 0, 0, 0], "split27_test": [0, 0, 0, 1, 0], "split27_notXOR": [1, 1, 1, 0, 1], "split27_prob": [0.4332637751048275, 0.4332637751048275, 0.4332637751048275, 0.4332637751048275, 0.4332637751048275], "split28_index": [152, 153, 154, 155, 156], "split28_pred": [0, 0, 0, 0, 0], "split28_test": [0, 0, 0, 1, 0], "split28_notXOR": [1, 1, 1, 0, 1], "split28_prob": [0.1279415584415584, 0.1279415584415584, 0.1279415584415584, 0.1279415584415584, 0.014036435786435786], "split29_index": [157, 158, 159, 160, 161], "split29_pred": [0, 0, 0, 1, 0], "split29_test": [0, 0, 0, 1, 0], "split29_notXOR": [1, 1, 1, 1, 1], "split29_prob": [0.13776443001442998, 0.13776443001442998, 0.13776443001442998, 1.0, 0.13776443001442998], "split30_index": [162, 163, 164, 165, 166], "split30_pred": [0, 0, 0, 1, 0], "split30_test": [0, 0, 0, 1, 0], "split30_notXOR": [1, 1, 1, 1, 1],