{"split0_index": [4, 5, 6, 7], "split0_pred": [0, 0, 0, 1], "split0_test": [0, 0, 0, 1], "split0_notXOR": [1, 1, 1, 1], "split0_prob": [0.08127055742638611, 0.1227902644799179, 0.10312110249112542, 0.9032191918208684], "split1_index": [8, 9, 10, 11], "split1_pred": [0, 0, 0, 1], "split1_test": [0, 0, 0, 1], "split1_notXOR": [1, 1, 1, 1], "split1_prob": [0.04811013440864027, 0.07960064876830143, 0.0649168651689961, 0.9386273192285779], "split2_index": [12, 13, 14, 15], "split2_pred": [0, 0, 0, 1], "split2_test": [0, 0, 0, 1], "split2_notXOR": [1, 1, 1, 1], "split2_prob": [0.03423099875792793, 0.0606945190313345, 0.0480932828394659, 0.9686017442396042], "split3_index": [16, 17, 18, 19], "split3_pred": [0, 0, 0, 1], "split3_test": [0, 0, 0, 1], "split3_notXOR": [1, 1, 1, 1], "split3_prob": [0.029741254095038073, 0.051835300885580894, 0.04078879411458984, 0.967539018151778], "split4_index": [20, 21, 22, 23], "split4_pred": [0, 0, 0, 1], "split4_test": [0, 0, 0, 1], "split4_notXOR": [1, 1, 1, 1], "split4_prob": [0.024198888284220104, 0.043835847488131935, 0.0339174224550447, 0.9713237007121853], "split5_index": [24, 25, 26], "split5_pred": [0, 0, 1], "split5_test": [0, 0, 1], "split5_notXOR": [1, 1, 1], "split5_prob": [0.0427882478993022, 0.029376464392891273, 0.975010493982333], "split6_index": [27, 28, 29], "split6_pred": [0, 0, 1], "split6_test": [1, 0, 1], "split6_notXOR": [0, 1, 1], "split6_prob": [0.03884277021816896, 0.026439339967997025, 0.9764678749133392], "split7_index": [30, 31, 32], "split7_pred": [0, 0, 1], "split7_test": [1, 0, 1], "split7_notXOR": [0, 1, 1], "split7_prob": [0.4159029634149986, 0.06953712134373244, 0.9895429916459182], "split8_index": [33, 34, 35], "split8_pred": [0, 0, 1], "split8_test": [1, 0, 1], "split8_notXOR": [0, 1, 1], "split8_prob": [0.3618994800022197, 0.06639218308553764, 0.9794736488881011], "split9_index": [36, 37, 38], "split9_pred": [0, 0, 1], "split9_test": [0, 0, 1], "split9_notXOR": [1, 1, 1], "split9_prob": [0.4116036352081877, 0.07264744934232018, 0.9806044542227983], "split10_index": [39, 40, 41], "split10_pred": [0, 0, 1], "split10_test": [0, 0, 1], "split10_notXOR": [1, 1, 1], "split10_prob": [0.3799286170196787, 0.06660371639598495, 0.9816151349966042], "split11_index": [42, 43, 44], "split11_pred": [0, 0, 1], "split11_test": [0, 0, 1], "split11_notXOR": [1, 1, 1], "split11_prob": [0.3527212458482797, 0.06151148907212159, 0.9826493132767617], "split12_index": [45, 46, 47], "split12_pred": [0, 0, 1], "split12_test": [1, 0, 0], "split12_notXOR": [0, 1, 0], "split12_prob": [0.31540304035187217, 0.05716643002554364, 0.9731432657114739], "split13_index": [48, 49, 50], "split13_pred": [0, 0, 1], "split13_test": [1, 0, 0], "split13_notXOR": [0, 1, 0], "split13_prob": [0.37972584058885483, 0.061100168360883944, 0.8280314943153853], "split14_index": [51, 52], "split14_pred": [0, 0], "split14_test": [1, 0], "split14_notXOR": [0, 1], "split14_prob": [0.4084075847252142, 0.11411914503258183], "split15_index": [53, 54], "split15_pred": [0, 0], "split15_test": [1, 0], "split15_notXOR": [0, 1], "split15_prob": [0.46059674412144014, 0.2236412216784758], "split16_index": [55, 56], "split16_pred": [1, 0], "split16_test": [1, 0], "split16_notXOR": [1, 1], "split16_prob": [0.5027864686650705, 0.18851012115271645], "split17_index": [57, 58], "split17_pred": [1, 0], "split17_test": [1, 0], "split17_notXOR": [1, 1], "split17_prob": [0.5561126182443034, 0.16898449422959447]}