{"split0_index": [4, 5, 6, 7], "split0_pred": [0, 0, 0, 1], "split0_test": [0, 0, 0, 1], "split0_notXOR": [1, 1, 1, 1], "split0_prob": [0.17949314871380656, 0.1794931485890844, 0.17326589753220692, 0.7974876960454227], "split1_index": [8, 9, 10, 11], "split1_pred": [0, 0, 0, 1], "split1_test": [0, 0, 0, 1], "split1_notXOR": [1, 1, 1, 1], "split1_prob": [0.12500813754072124, 0.12487712621054432, 0.12501599237441166, 0.8753660207224554], "split2_index": [12, 13, 14, 15], "split2_pred": [0, 0, 0, 1], "split2_test": [0, 0, 0, 1], "split2_notXOR": [1, 1, 1, 1], "split2_prob": [0.09088998328048425, 0.09102709743102393, 0.09089247115301899, 0.9017820657254855], "split3_index": [16, 17, 18, 19], "split3_pred": [0, 0, 0, 1], "split3_test": [0, 0, 0, 1], "split3_notXOR": [1, 1, 1, 1], "split3_prob": [0.07137755010128671, 0.07146250097779233, 0.0713669556590833, 0.9269279780386275], "split4_index": [20, 21, 22, 23], "split4_pred": [0, 0, 0, 1], "split4_test": [0, 0, 0, 1], "split4_notXOR": [1, 1, 1, 1], "split4_prob": [0.06145266969174337, 0.06153512707775603, 0.06145046626821101, 0.9409154355542592], "split5_index": [24, 25, 26], "split5_pred": [0, 0, 1], "split5_test": [0, 0, 1], "split5_notXOR": [1, 1, 1], "split5_prob": [0.05560950997912326, 0.051909327301699705, 0.9498505565014612], "split6_index": [27, 28, 29], "split6_pred": [0, 0, 1], "split6_test": [1, 0, 1], "split6_notXOR": [0, 1, 1], "split6_prob": [0.04943623137665287, 0.04499109505607007, 0.9542970594861235], "split7_index": [30, 31, 32], "split7_pred": [0, 0, 1], "split7_test": [1, 0, 1], "split7_notXOR": [0, 1, 1], "split7_prob": [0.205036964515732, 0.11289812939546817, 0.849706221625984], "split8_index": [33, 34, 35], "split8_pred": [0, 0, 1], "split8_test": [1, 0, 1], "split8_notXOR": [0, 1, 1], "split8_prob": [0.23571360593794113, 0.13947177962899265, 0.9669159343684078], "split9_index": [36, 37, 38], "split9_pred": [0, 0, 1], "split9_test": [0, 0, 1], "split9_notXOR": [1, 1, 1], "split9_prob": [0.20161170860151015, 0.11110616880704095, 0.9333871775308071], "split10_index": [39, 40, 41], "split10_pred": [0, 0, 1], "split10_test": [0, 0, 1], "split10_notXOR": [1, 1, 1], "split10_prob": [0.24327142161848567, 0.1394413787754434, 0.9741353909820893], "split11_index": [42, 43, 44], "split11_pred": [0, 0, 1], "split11_test": [0, 0, 1], "split11_notXOR": [1, 1, 1], "split11_prob": [0.2220608779566762, 0.14083387080426638, 0.9742231566997246], "split12_index": [45, 46, 47], "split12_pred": [0, 0, 1], "split12_test": [1, 0, 0], "split12_notXOR": [0, 1, 0], "split12_prob": [0.17493470788910018, 0.16586064488405916, 0.9420615349689676], "split13_index": [48, 49, 50], "split13_pred": [0, 0, 0], "split13_test": [1, 0, 0], "split13_notXOR": [0, 1, 1], "split13_prob": [0.20292306647291125, 0.14041874691520792, 0.5231540762747179], "split14_index": [51, 52], "split14_pred": [0, 0], "split14_test": [1, 0], "split14_notXOR": [0, 1], "split14_prob": [0.21899416019038237, 0.5305679865739], "split15_index": [53, 54], "split15_pred": [0, 0], "split15_test": [1, 0], "split15_notXOR": [0, 1], "split15_prob": [0.40867073794186487, 0.23369924862411975], "split16_index": [55, 56], "split16_pred": [1, 0], "split16_test": [1, 0], "split16_notXOR": [1, 1], "split16_prob": [0.8115590632086404, 0.19408193670815901], "split17_index": [57, 58], "split17_pred": [1, 0], "split17_test": [1, 0], "split17_notXOR": [1, 1], "split17_prob": [0.7757994713451541, 0.035644944770219615]}