{"split0_index": [7, 8, 9, 10, 11, 12, 13], "split0_pred": [0, 0, 0, 0, 0, 0, 0], "split0_test": [0, 0, 0, 1, 0, 0, 0], "split0_notXOR": [1, 1, 1, 0, 1, 1, 1], "split0_prob": [0.20781704574351406, 0.20781704574351406, 0.1710254069254137, 0.264500828446984, 0.2076526820446172, 0.2076526820446172, 0.1710254069254137], "split1_index": [14, 15, 16, 17, 18, 19, 20], "split1_pred": [0, 0, 0, 0, 0, 0, 0], "split1_test": [0, 0, 0, 1, 0, 0, 0], "split1_notXOR": [1, 1, 1, 0, 1, 1, 1], "split1_prob": [0.17064739475727583, 0.17064739475727583, 0.12013762975518591, 0.1466562225388666, 0.11932964731383124, 0.11932964731383001, 0.12013762975518591], "split2_index": [21, 22, 23, 24, 25, 26, 27], "split2_pred": [0, 0, 0, 0, 0, 0, 0], "split2_test": [0, 0, 0, 1, 0, 0, 0], "split2_notXOR": [1, 1, 1, 0, 1, 1, 1], "split2_prob": [0.0683186694096762, 0.0683186694096762, 0.0683186694096762, 0.9779508973616944, 0.0683186694096762, 0.0683186694096762, 0.0683186694096762], "split3_index": [28, 29, 30, 31, 32, 33, 34], "split3_pred": [0, 0, 0, 0, 0, 0, 0], "split3_test": [0, 0, 0, 1, 0, 0, 0], "split3_notXOR": [1, 1, 1, 0, 1, 1, 1], "split3_prob": [0.04292027657032914, 0.04292027657032914, 0.993533667887164, 0.9999999999999699, 0.04292027657032914, 0.04292027657032914, 0.8921622879749679], "split4_index": [35, 36, 37, 38, 39, 40, 41], "split4_pred": [0, 0, 0, 0, 0, 0, 0], "split4_test": [0, 0, 0, 1, 0, 0, 0], "split4_notXOR": [1, 1, 1, 0, 1, 1, 1], "split4_prob": [0.012705144345918127, 0.012705144345918127, 0.4699582656669773, 0.012705144345918127, 0.012705144345918127, 0.012705144345918127, 0.22469977739276265], "split5_index": [42, 43, 44, 45, 46, 47], "split5_pred": [0, 0, 1, 0, 0, 0], "split5_test": [0, 0, 0, 0, 0, 1], "split5_notXOR": [1, 1, 0, 1, 1, 0], "split5_prob": [0.6396956511640924, 0.09877895673210074, 0.7870225708396854, 0.09877895673210074, 0.2964204499250676, 0.33089875445174977], "split6_index": [48, 49, 50, 51, 52, 53], "split6_pred": [0, 0, 0, 0, 0, 1], "split6_test": [0, 0, 0, 0, 0, 1], "split6_notXOR": [1, 1, 1, 1, 1, 1], "split6_prob": [0.14753630799606568, 0.08841104003622446, 0.14889977940998225, 0.08841104003622446, 0.14477369400249118, 0.9202744453866308], "split7_index": [54, 55, 56, 57, 58, 59], "split7_pred": [0, 0, 0, 0, 0, 0], "split7_test": [0, 0, 0, 0, 0, 1], "split7_notXOR": [1, 1, 1, 1, 1, 0], "split7_prob": [0.07237113099027619, 0.07237113099027619, 0.07237113099027619, 0.07237113099027619, 0.2911502828276322, 0.07237113099027619], "split8_index": [60, 61, 62, 63, 64, 65], "split8_pred": [0, 0, 0, 0, 0, 0], "split8_test": [0, 0, 0, 0, 0, 1], "split8_notXOR": [1, 1, 1, 1, 1, 0], "split8_prob": [0.10831549008390925, 0.10831549008390925, 0.10831549008390925, 0.10831549008390925, 0.10837532849205848, 0.10831549008390925], "split9_index": [66, 67, 68, 69, 70, 71], "split9_pred": [0, 0, 0, 0, 0, 0], "split9_test": [0, 0, 0, 0, 0, 1], "split9_notXOR": [1, 1, 1, 1, 1, 0], "split9_prob": [0.11891013084234461, 0.11891013084234461, 0.11891013084234461, 0.11891013084234461, 0.10699657185289113, 0.11891013084234461], "split10_index": [72, 73, 74, 75, 76, 77], "split10_pred": [0, 0, 0, 0, 0, 0], "split10_test": [0, 0, 0, 0, 0, 1], "split10_notXOR": [1, 1, 1, 1, 1, 0], "split10_prob": [0.11534391538402629, 0.11534391538402629, 0.11534391538402629, 0.11534391538402629, 0.11534391538402629, 0.015474422327025101], "split11_index": [78, 79, 80, 81, 82, 83], "split11_pred": [0, 0, 0, 0, 0, 0], "split11_test": [0, 0, 0, 0, 0, 1], "split11_notXOR": [1, 1, 1, 1, 1, 0], "split11_prob": [0.1129207725455138, 0.11973465497345087, 0.11973465497345087, 0.11973465497345087, 0.20447492517006688, 0.11973465497345087], "split12_index": [84, 85, 86, 87, 88, 89], "split12_pred": [0, 0, 0, 0, 0, 0], "split12_test": [0, 0, 0, 0, 0, 1], "split12_notXOR": [1, 1, 1, 1, 1, 0], "split12_prob": [0.12606249133679495, 0.4752459035924048, 0.10117859839597022, 0.11140810550986613, 0.12606249133679495, 0.45447461062256567], "split13_index": [90, 91, 92, 93, 94, 95], "split13_pred": [0, 0, 0, 0, 0, 0], "split13_test": [0, 0, 0, 0, 0, 1], "split13_notXOR": [1, 1, 1, 1, 1, 0], "split13_prob": [0.12315979269256776, 0.12315979269256776, 0.12315979269256776, 0.12315979269256776, 0.1423266402555953, 0.12315979269256776], "split14_index": [96, 97, 98, 99, 100, 101], "split14_pred": [0, 0, 0, 0, 0, 0], "split14_test": [0, 0, 0, 0, 0, 1], "split14_notXOR": [1, 1, 1, 1, 1, 0], "split14_prob": [0.13071527532035263, 0.13071527532035263, 0.13071527532035263, 0.13071527532035263, 0.13071527532035263, 0.10695669113784097], "split15_index": [102, 103, 104, 105, 106, 107], "split15_pred": [0, 0, 0, 0, 0, 0], "split15_test": [0, 0, 0, 0, 0, 1], "split15_notXOR": [1, 1, 1, 1, 1, 0], "split15_prob": [0.13771702045474307, 0.13771702045474307, 0.13771702045474307, 0.13771702045474307, 0.13771702045474307, 0.13306562508292913], "split16_index": [108, 109, 110, 111, 112, 113], "split16_pred": [0, 0, 0, 0, 0, 0], "split16_test": [0, 0, 0, 0, 0, 1], "split16_notXOR": [1, 1, 1, 1, 1, 0], "split16_prob": [0.12447962414211582, 0.12447962414211582, 0.12447962414211582, 0.12447962414211582, 0.12447962414211582, 0.12447962414211582], "split17_index": [114, 115, 116, 117, 118, 119], "split17_pred": [0, 0, 0, 0, 0, 0], "split17_test": [0, 0, 0, 0, 0, 1], "split17_notXOR": [1, 1, 1, 1, 1, 0], "split17_prob": [0.12885201419955983, 0.12885201419955983, 0.12885201419955983, 0.12885201419955983, 0.12885201419955983, 0.12885201419955983], "split18_index": [120, 121, 122, 123, 124, 125], "split18_pred": [0, 0, 0, 0, 0, 0], "split18_test": [0, 0, 0, 0, 1, 1], "split18_notXOR": [1, 1, 1, 1, 0, 0], "split18_prob": [0.13613473319843689, 0.13613473319843689, 0.13613473319843689, 0.13613473319843689, 0.38202524972822555, 0.14924377741317907], "split19_index": [126, 127, 128, 129, 130, 131], "split19_pred": [0, 0, 0, 0, 1, 0], "split19_test": [0, 0, 0, 0, 1, 1], "split19_notXOR": [1, 1, 1, 1, 1, 0], "split19_prob": [0.1329085962482152, 0.1329085962482152, 0.1329085962482152, 0.1329085962482152, 0.9901483778057997, 0.15036569540860545], "split20_index": [132, 133, 134, 135, 136, 137], "split20_pred": [0, 0, 0, 0, 0, 0], "split20_test": [0, 0, 0, 0, 0, 1], "split20_notXOR": [1, 1, 1, 1, 1, 0], "split20_prob": [0.13995290568699403, 0.13995290568699403, 0.13995290568699403, 0.13995290568699403, 0.13861119394936, 0.13993015643752849], "split21_index": [138, 139, 140, 141, 142, 143], "split21_pred": [0, 0, 0, 0, 0, 0], "split21_test": [0, 0, 0, 0, 0, 1], "split21_notXOR": [1, 1, 1, 1, 1, 0], "split21_prob": [0.15648192790445511, 0.15648192790445511, 0.15648192790445511, 0.15648192790445511, 0.1557112226816308, 0.15648192790445511], "split22_index": [144, 145, 146, 147, 148, 149], "split22_pred": [0, 0, 0, 0, 0, 0], "split22_test": [0, 0, 0, 0, 0, 1], "split22_notXOR": [1, 1, 1, 1, 1, 0], "split22_prob": [0.13901091522458137, 0.13901091522458137, 0.13901091522458137, 0.13901091522458137, 0.13901091522458137, 0.11845320255675644], "split23_index": [150, 151, 152, 153, 154, 155], "split23_pred": [0, 0, 0, 0, 0, 0], "split23_test": [0, 0, 0, 0, 0, 1], "split23_notXOR": [1, 1, 1, 1, 1, 0], "split23_prob": [0.14892853539751333, 0.14892853539751333, 0.14892853539751333, 0.14892853539751333, 0.14892853539751333, 0.2046379241595143], "split24_index": [156, 157, 158, 159, 160, 161], "split24_pred": [0, 0, 0, 0, 0, 0], "split24_test": [0, 0, 0, 0, 0, 1], "split24_notXOR": [1, 1, 1, 1, 1, 0], "split24_prob": [0.1385022399548217, 0.1385022399548217, 0.1385022399548217, 0.13951577445054478, 0.1385022399548217, 0.1371480450046178], "split25_index": [162, 163, 164, 165, 166, 167, 168, 169], "split25_pred": [0, 0, 0, 0, 0, 0, 0, 1], "split25_test": [0, 0, 0, 1, 0, 0, 0, 1], "split25_notXOR": [1, 1, 1, 0, 1, 1, 1, 1], "split25_prob": [0.13970624912029286, 0.18557978590642812, 0.13970624912029286, 0.23798382606108073, 0.11264110872305054, 0.13970624912029286, 0.13970624912029286, 0.8262631141850404], "split26_index": [170, 171, 172, 173, 174, 175, 176, 177],