{"split0_index": [5, 6, 7, 8, 9, 10, 11, 12, 13, 14, 15, 16, 17, 18, 19, 20, 21, 22, 23], "split0_pred": [0, 0, 0, 0, 0, 0, 0, 0, 1, 1, 0, 0, 0, 0, 0, 1, 0, 0, 0], "split0_test": [1, 1, 1, 1, 1, 0, 0, 0, 1, 0, 0, 0, 0, 0, 0, 1, 1, 1, 0], "split0_notXOR": [0, 0, 0, 0, 0, 1, 1, 1, 1, 0, 1, 1, 1, 1, 1, 1, 0, 0, 1], "split0_prob": [0.18, 0.1, 0.18, 0.18, 0.39, 0.18, 0.18, 0.1, 0.72, 0.7, 0.18, 0.11, 0.1, 0.31, 0.18, 0.72, 0.21, 0.1, 0.18], "split1_index": [24, 25, 26, 27, 28, 29, 30, 31, 32, 33, 34, 35, 36, 37, 38, 39, 40, 41, 42, 43, 44, 45, 46, 47], "split1_pred": [1, 0, 1, 0, 0, 1, 0, 0, 1, 1, 0, 1, 0, 0, 1, 0, 0, 0, 1, 1, 1, 0, 1, 0], "split1_test": [0, 1, 1, 1, 1, 1, 0, 0, 0, 1, 0, 0, 0, 0, 0, 1, 0, 0, 1, 1, 1, 0, 1, 0], "split1_notXOR": [0, 0, 1, 0, 0, 1, 1, 1, 0, 1, 1, 0, 1, 1, 0, 0, 1, 1, 1, 1, 1, 1, 1, 1], "split1_prob": [0.6, 0.33425797813297814, 0.51, 0.33425797813297814, 0.33425797813297814, 0.8, 0.33425797813297814, 0.33425797813297814, 0.96, 0.99, 0.17, 0.99, 0.33425797813297814, 0.177041847041847, 0.96, 0.10545454545454545, 0.11985137085137085, 0.33425797813297814, 0.7554545454545455, 0.72, 0.97, 0.1796212121212121, 0.93, 0.33425797813297814], "split2_index": [48, 49, 50, 51, 52, 53, 54, 55, 56, 57, 58, 59, 60, 61, 62, 63, 64, 65, 66, 67, 68, 69, 70, 71, 72, 73], "split2_pred": [0, 0, 1, 0, 0, 1, 0, 0, 0, 0, 1, 0, 0, 0, 0, 0, 0, 1, 0, 0, 1, 1, 1, 0, 1, 0], "split2_test": [0, 1, 1, 1, 1, 1, 0, 0, 0, 0, 1, 0, 0, 0, 0, 0, 0, 1, 0, 0, 1, 1, 1, 0, 1, 0], "split2_notXOR": [1, 0, 1, 0, 0, 1, 1, 1, 1, 1, 1, 1, 1, 1, 1, 1, 1, 1, 1, 1, 1, 1, 1, 1, 1, 1], "split2_prob": [0.49, 0.37564365570976466, 0.76, 0.37564365570976466, 0.37564365570976466, 0.82, 0.37564365570976466, 0.38, 0.37564365570976466, 0.11, 1.0, 0.1, 0.33, 0.4, 0.37564365570976466, 0.1403586956521739, 0.11, 0.65, 0.04897222222222222, 0.37564365570976466, 0.83, 0.95, 0.54, 0.21523809523809526, 0.85, 0.37564365570976466], "split3_index": [74, 75, 76, 77, 78, 79, 80, 81, 82, 83, 84, 85, 86, 87, 88, 89, 90, 91, 92, 93, 94, 95, 96, 97, 98, 99, 100], "split3_pred": [1, 0, 1, 0, 0, 1, 0, 0, 0, 0, 1, 0, 0, 0, 0, 0, 0, 0, 1, 0, 1, 1, 1, 1, 0, 1, 0], "split3_test": [0, 1, 1, 1, 1, 1, 0, 0, 0, 0, 1, 0, 0, 0, 0, 0, 1, 0, 1, 0, 0, 1, 1, 1, 0, 1, 0], "split3_notXOR": [0, 0, 1, 0, 0, 1, 1, 1, 1, 1, 1, 1, 1, 1, 1, 1, 0, 1, 1, 1, 0, 1, 1, 1, 1, 1, 1], "split3_prob": [0.64, 0.417973876366701, 0.84, 0.417973876366701, 0.417973876366701, 0.64, 0.417973876366701, 0.19, 0.417973876366701, 0.02, 1.0, 0.26993650793650786, 0.417973876366701, 0.03, 0.23, 0.417973876366701, 0.06217074306319157, 0.02, 0.9516666666666667, 0.013448275862068966, 0.77, 0.9, 0.99, 0.83, 0.013333333333333332, 0.89, 0.417973876366701], "split4_index": [101, 102, 103, 104, 105, 106, 107, 108, 109, 110, 111, 112, 113, 114, 115, 116, 117, 118, 119, 120, 121, 122, 123, 124, 125, 126, 127, 128, 129, 130, 131, 132, 133, 134, 135], "split4_pred": [0, 0, 0, 0, 0, 1, 0, 1, 1, 0, 0, 1, 0, 0, 0, 0, 0, 1, 0, 0, 1, 0, 0, 0, 0, 1, 1, 0, 0, 1, 0, 1, 0, 0, 0], "split4_test": [0, 1, 1, 0, 0, 0, 0, 1, 0, 1, 1, 1, 0, 0, 0, 0, 0, 1, 0, 1, 1, 1, 0, 0, 1, 1, 1, 1, 1, 1, 1, 1, 1, 1, 0], "split4_notXOR": [1, 0, 0, 1, 1, 0, 1, 1, 0, 0, 0, 1, 1, 1, 1, 1, 1, 1, 1, 0, 1, 0, 1, 1, 0, 1, 1, 0, 0, 1, 0, 1, 0, 0, 1], "split4_prob": [0.2, 0.035, 0.4045762121196712, 0.38, 0.4045762121196712, 0.63, 0.4045762121196712, 0.5966666666666667, 0.72, 0.2747506727044204, 0.15499999999999997, 0.8675, 0.4045762121196712, 0.01, 0.4045762121196712, 0.01, 0.10666666666666666, 1.0, 0.14434823947981842, 0.4045762121196712, 0.82, 0.4225000000000001, 0.2, 0.4045762121196712, 0.14, 1.0, 0.92, 0.4045762121196712, 0.3075, 0.68, 0.03666666666666667, 0.69, 0.4045762121196712, 0.4045762121196712, 0.15499999999999997], "split5_index": [136, 137, 138, 139, 140, 141, 142, 143, 144, 145, 146, 147, 148, 149, 150, 151, 152, 153, 154, 155, 156, 157, 158, 159, 160, 161, 162, 163, 164, 165, 166, 167, 168, 169, 170, 171, 172, 173, 174, 175], "split5_pred": [0, 0, 0, 0, 0, 0, 0, 1, 0, 1, 1, 1, 1, 0, 0, 0, 0, 0, 0, 0, 1, 0, 0, 0, 1, 0, 0, 0, 1, 1, 0, 0, 1, 1, 0, 0, 1, 0, 0, 1], "split5_test": [0, 1, 1, 0, 0, 0, 0, 1, 0, 1, 1, 1, 1, 1, 0, 1, 0, 1, 0, 0, 1, 0, 1, 1, 1, 0, 0, 1, 1, 0, 1, 1, 1, 1, 1, 0, 0, 1, 0, 0], "split5_notXOR": [1, 0, 0, 1, 1, 1, 1, 1, 1, 1, 1, 1, 1, 0, 1, 0, 1, 0, 1, 1, 1, 1, 0, 0, 1, 1, 1, 0, 1, 0, 0, 0, 1, 1, 0, 1, 0, 0, 1, 0], "split5_prob": [0.0, 0.31421428571428556, 0.4248371380354019, 0.35, 0.4248371380354019, 0.02, 0.4248371380354019, 0.99, 0.29, 0.7508333333333335, 0.6298333333333334, 0.7666666666666666, 0.6345714285714287, 0.03, 0.4248371380354019, 0.0, 0.4248371380354019, 0.2517628972223452, 0.0, 0.07916666666666666, 1.0, 0.25866985927162195, 0.4248371380354019, 0.5, 0.8561666666666667, 0.01916666666666667, 0.4248371380354019, 0.41, 0.88, 0.7, 0.4248371380354019, 0.4248371380354019, 0.99, 0.7766666666666667, 0.36, 0.4248371380354019, 0.615, 0.4248371380354019, 0.3409523809523809, 0.5148333333333334], "split6_index": [176, 177, 178, 179, 180, 181, 182, 183, 184, 185, 186, 187, 188, 189, 190, 191, 192, 193, 194, 195, 196, 197, 198, 199, 200, 201, 202, 203, 204, 205, 206, 207, 208, 209, 210, 211, 212, 213, 214, 215, 216], "split6_pred": [0, 0, 0, 0, 0, 0, 0, 1, 0, 1, 1, 1, 1, 0, 0, 0, 0, 1, 0, 0, 1, 0, 0, 1, 1, 0, 0, 0, 1, 0, 0, 0, 1, 1, 0, 0, 0, 0, 0, 1, 0], "split6_test": [0, 1, 1, 0, 0, 0, 0, 1, 0, 1, 1, 1, 1, 1, 0, 1, 0, 1, 0, 0, 1, 0, 1, 1, 1, 0, 0, 1, 1, 0, 1, 1, 1, 1, 1, 0, 0, 1, 1, 1, 0], "split6_notXOR": [1, 0, 0, 1, 1, 1, 1, 1, 1, 1, 1, 1, 1, 0, 1, 0, 1, 1, 1, 1, 1, 1, 0, 1, 1, 1, 1, 0, 1, 1, 0, 0, 1, 1, 0, 1, 1, 0, 0, 1, 1], "split6_prob": [0.07, 0.48185714285714293, 0.425615401336582, 0.21, 0.425615401336582, 0.21, 0.425615401336582, 0.87, 0.1, 0.945, 0.7986666666666667, 0.93, 0.9508333333333334, 0.24, 0.425615401336582, 0.20721103896103887, 0.425615401336582, 0.6843333333333333, 0.0, 0.34, 1.0, 0.14, 0.425615401336582, 0.61, 0.9241666666666667, 0.016666666666666666, 0.425615401336582, 0.48200000000000004, 0.93, 0.2128300865800866, 0.425615401336582, 0.425615401336582, 1.0, 0.92, 0.46, 0.425615401336582, 0.33400793650793653, 0.425615401336582, 0.2121785714285714, 0.96, 0.33091666666666664], "split7_index": [217, 218, 219, 220, 221, 222, 223, 224, 225, 226, 227, 228, 229, 230, 231, 232, 233, 234, 235, 236, 237, 238, 239, 240, 241, 242, 243, 244, 245, 246, 247, 248, 249, 250, 251, 252, 253, 254, 255, 256, 257, 258, 259, 260], "split7_pred": [0, 1, 0, 0, 0, 0, 0, 1, 0, 1, 0, 1, 1, 0, 0, 0, 0, 1, 0, 0, 1, 0, 0, 0, 0, 0, 0, 1, 0, 0, 1, 1, 0, 0, 1, 1, 1, 1, 0, 0, 0, 0, 1, 0], "split7_test": [0, 0, 0, 1, 0, 1, 0, 1, 0, 0, 1, 1, 1, 0, 0, 1, 0, 1, 0, 0, 0, 1, 0, 0, 0, 0, 1, 1, 0, 0, 0, 0, 0, 1, 1, 0, 1, 1, 0, 0, 0, 1, 1, 0], "split7_notXOR": [1, 0, 1, 0, 1, 0, 1, 1, 1, 0, 0, 1, 1, 1, 1, 0, 1, 1, 1, 1, 0, 0, 1, 1, 1, 1, 0, 1, 1, 1, 0, 0, 1, 0, 1, 0, 1, 1, 1, 1, 1, 0, 1, 1], "split7_prob": [0.0, 0.5940158730158732, 0.41642551333738276, 0.19285714285714284, 0.41642551333738276, 0.03, 0.41642551333738276, 0.85, 0.0, 0.99, 0.44272727272727275, 0.98, 0.9261666666666666, 0.12, 0.41642551333738276, 0.30842424242424227, 0.41642551333738276, 0.7810000000000001, 0.0, 0.18333333333333335, 1.0, 0.41642551333738276, 0.19550628332213849, 0.09344262295081966, 0.13, 0.41642551333738276, 0.21, 0.985, 0.003333333333333333, 0.41642551333738276, 0.62, 0.89, 0.21, 0.41642551333738276, 0.9, 1.0, 0.97, 0.69, 0.41642551333738276, 0.41642551333738276, 0.41642551333738276, 0.49209920634920634, 0.83, 0.21742640692640688], "split8_index": [261, 262, 263, 264, 265, 266, 267, 268, 269, 270, 271, 272, 273, 274, 275, 276, 277, 278, 279, 280, 281, 282, 283, 284, 285, 286, 287, 288, 289, 290, 291, 292, 293, 294, 295, 296, 297, 298, 299, 300, 301, 302, 303, 304, 305], "split8_pred": [0, 0, 0, 0, 0, 0, 0, 1, 1, 0, 0, 0, 1, 1, 1, 0, 1, 0, 1, 0, 0, 1, 0, 0, 0, 0, 0, 1, 1, 0, 0, 1, 1, 0, 0, 0, 0, 1, 0, 1, 0, 0, 1, 0, 0],