{"split0_index": [3, 4, 5], "split0_pred": [0, 0, 0], "split0_test": [1, 0, 0], "split0_notXOR": [0, 1, 1], "split0_prob": [0.35666666666666663, 0.35666666666666663, 0.35666666666666663], "split1_index": [6, 7, 8], "split1_pred": [0, 0, 0], "split1_test": [1, 0, 0], "split1_notXOR": [0, 1, 1], "split1_prob": [0.42183333333333306, 0.12833333333333333, 0.42183333333333306], "split2_index": [9, 10, 11], "split2_pred": [0, 0, 0], "split2_test": [1, 0, 0], "split2_notXOR": [0, 1, 1], "split2_prob": [0.3623373015873015, 0.3623373015873015, 0.3623373015873015], "split3_index": [12, 13, 14], "split3_pred": [0, 0, 0], "split3_test": [1, 0, 1], "split3_notXOR": [0, 1, 0], "split3_prob": [0.3513968253968254, 0.28477777777777774, 0.3513968253968254], "split4_index": [15, 16, 17], "split4_pred": [0, 0, 0], "split4_test": [1, 0, 1], "split4_notXOR": [0, 1, 0], "split4_prob": [0.392392857142857, 0.392392857142857, 0.392392857142857], "split5_index": [18, 19, 20], "split5_pred": [1, 1, 1], "split5_test": [1, 0, 1], "split5_notXOR": [1, 0, 1], "split5_prob": [0.6534999999999997, 0.6534999999999997, 0.6534999999999997], "split6_index": [21, 22, 23], "split6_pred": [0, 0, 0], "split6_test": [1, 0, 0], "split6_notXOR": [0, 1, 1], "split6_prob": [0.36314682539682536, 0.36314682539682536, 0.10821428571428575], "split7_index": [24, 25, 26], "split7_pred": [0, 0, 0], "split7_test": [1, 1, 0], "split7_notXOR": [0, 0, 1], "split7_prob": [0.4785595238095236, 0.023666666666666666, 0.07866666666666668], "split8_index": [27, 28, 29], "split8_pred": [1, 1, 1], "split8_test": [1, 1, 0], "split8_notXOR": [1, 1, 0], "split8_prob": [0.6604444444444444, 0.6604444444444444, 0.6604444444444444], "split9_index": [30, 31, 32], "split9_pred": [1, 1, 1], "split9_test": [1, 1, 0], "split9_notXOR": [1, 1, 0], "split9_prob": [0.6589559607059605, 0.6589559607059605, 0.6589559607059605], "split10_index": [33, 34, 35], "split10_pred": [0, 0, 0], "split10_test": [0, 1, 0], "split10_notXOR": [1, 0, 1], "split10_prob": [0.12233177933177936, 0.08991522366522366, 0.03111111111111111], "split11_index": [36, 37, 38], "split11_pred": [0, 0, 0], "split11_test": [0, 1, 0], "split11_notXOR": [1, 0, 1], "split11_prob": [0.02619047619047619, 0.4362339604839603, 0.4362339604839603], "split12_index": [39, 40, 41], "split12_pred": [1, 0, 1], "split12_test": [0, 1, 0], "split12_notXOR": [0, 0, 0], "split12_prob": [0.5974805194805195, 0.11963492063492064, 0.5974805194805195]}