{"split0_index": [3, 4, 5], "split0_pred": [1, 1, 1], "split0_test": [0, 0, 1], "split0_notXOR": [0, 0, 1], "split0_prob": [0.51, 0.51, 0.51], "split1_index": [6, 7, 8], "split1_pred": [0, 0, 0], "split1_test": [0, 0, 1], "split1_notXOR": [1, 1, 0], "split1_prob": [0.4775, 0.4775, 0.4775], "split2_index": [9, 10, 11], "split2_pred": [0, 0, 0], "split2_test": [0, 0, 1], "split2_notXOR": [1, 1, 0], "split2_prob": [0.4155000000000001, 0.4155000000000001, 0.4155000000000001], "split3_index": [12, 13, 14], "split3_pred": [0, 0, 0], "split3_test": [0, 0, 1], "split3_notXOR": [1, 1, 0], "split3_prob": [0.42670238095238083, 0.42670238095238083, 0.42670238095238083], "split4_index": [15, 16, 17], "split4_pred": [1, 0, 0], "split4_test": [0, 0, 1], "split4_notXOR": [0, 1, 0], "split4_prob": [0.6020555555555556, 0.44271031746031736, 0.44271031746031736], "split5_index": [18, 19, 20], "split5_pred": [1, 1, 1], "split5_test": [0, 0, 1], "split5_notXOR": [0, 0, 1], "split5_prob": [0.5359693362193364, 0.5359693362193364, 0.5359693362193364], "split6_index": [21, 22, 23], "split6_pred": [0, 1, 1], "split6_test": [0, 0, 1], "split6_notXOR": [1, 0, 1], "split6_prob": [0.304957264957265, 0.5064693084693088, 0.5064693084693088], "split7_index": [24, 25, 26], "split7_pred": [1, 0, 0], "split7_test": [0, 0, 1], "split7_notXOR": [0, 1, 0], "split7_prob": [0.5610533633033634, 0.4935076867576869, 0.4935076867576869], "split8_index": [27, 28, 29], "split8_pred": [0, 0, 0], "split8_test": [0, 0, 1], "split8_notXOR": [1, 1, 0], "split8_prob": [0.49235737710002403, 0.3763132496588378, 0.49235737710002403], "split9_index": [30, 31, 32], "split9_pred": [0, 1, 1], "split9_test": [1, 0, 1], "split9_notXOR": [0, 0, 1], "split9_prob": [0.47849840286991996, 0.5332278372212583, 0.5332278372212583], "split10_index": [33, 34, 35], "split10_pred": [1, 1, 1], "split10_test": [1, 0, 1], "split10_notXOR": [1, 0, 1], "split10_prob": [0.530726594687525, 0.530726594687525, 0.530726594687525], "split11_index": [36, 37, 38], "split11_pred": [0, 0, 0], "split11_test": [1, 0, 1], "split11_notXOR": [0, 1, 0], "split11_prob": [0.4900513111687024, 0.4900513111687024, 0.4900513111687024], "split12_index": [39, 40, 41], "split12_pred": [1, 1, 0], "split12_test": [1, 0, 1], "split12_notXOR": [1, 0, 0], "split12_prob": [0.5294706156295992, 0.5294706156295992, 0.11458470543175771], "split13_index": [42, 43, 44], "split13_pred": [0, 0, 0], "split13_test": [1, 0, 1], "split13_notXOR": [0, 1, 0], "split13_prob": [0.47655047367292186, 0.47655047367292186, 0.47655047367292186], "split14_index": [45, 46, 47], "split14_pred": [0, 0, 0], "split14_test": [1, 0, 1], "split14_notXOR": [0, 1, 0], "split14_prob": [0.4955668759081087, 0.4955668759081087, 0.4955668759081087], "split15_index": [48, 49, 50], "split15_pred": [1, 1, 1], "split15_test": [1, 0, 1], "split15_notXOR": [1, 0, 1], "split15_prob": [0.5065703030782713, 0.5065703030782713, 0.5065703030782713], "split16_index": [51, 52, 53], "split16_pred": [1, 1, 1], "split16_test": [1, 0, 1], "split16_notXOR": [1, 0, 1], "split16_prob": [0.5257757267388363, 0.5094079608672659, 0.5094079608672659], "split17_index": [54, 55, 56], "split17_pred": [1, 1, 1], "split17_test": [1, 0, 1], "split17_notXOR": [1, 0, 1], "split17_prob": [0.5091366987124331, 0.5091366987124331, 0.5091366987124331], "split18_index": [57, 58, 59], "split18_pred": [1, 1, 1], "split18_test": [1, 0, 1], "split18_notXOR": [1, 0, 1], "split18_prob": [0.5275216486403318, 0.5275216486403318, 0.5275216486403318], "split19_index": [60, 61, 62], "split19_pred": [1, 1, 1], "split19_test": [1, 0, 1], "split19_notXOR": [1, 0, 1], "split19_prob": [0.5132056951417239, 0.5132056951417239, 0.5132056951417239], "split20_index": [63, 64, 65], "split20_pred": [1, 1, 1], "split20_test": [1, 0, 1], "split20_notXOR": [1, 0, 1], "split20_prob": [0.5197888337962825, 0.5197888337962825, 0.5197888337962825], "split21_index": [66, 67, 68], "split21_pred": [1, 1, 1], "split21_test": [1, 0, 1], "split21_notXOR": [1, 0, 1], "split21_prob": [0.5136158113722445, 0.5136158113722445, 0.5136158113722445], "split22_index": [69, 70, 71], "split22_pred": [1, 1, 1], "split22_test": [1, 0, 1], "split22_notXOR": [1, 0, 1], "split22_prob": [0.5108368947974673, 0.5108368947974673, 0.5108368947974673], "split23_index": [72, 73, 74], "split23_pred": [0, 1, 1], "split23_test": [1, 0, 1], "split23_notXOR": [0, 0, 1], "split23_prob": [0.36785041451887723, 0.5165643334178988, 0.5165643334178988], "split24_index": [75, 76, 77], "split24_pred": [1, 1, 1], "split24_test": [1, 0, 1], "split24_notXOR": [1, 0, 1], "split24_prob": [0.5148782239339602, 0.5148782239339602, 0.5148782239339602], "split25_index": [78, 79, 80], "split25_pred": [1, 1, 1], "split25_test": [1, 0, 1], "split25_notXOR": [1, 0, 1], "split25_prob": [0.6030871242164505, 0.5116993228269213, 0.5116993228269213], "split26_index": [81, 82, 83], "split26_pred": [0, 1, 1], "split26_test": [1, 0, 1], "split26_notXOR": [0, 0, 1], "split26_prob": [0.37592532450137256, 0.5116113209271833, 0.5116113209271833], "split27_index": [84, 85, 86, 87], "split27_pred": [1, 1, 1, 1], "split27_test": [0, 1, 0, 1], "split27_notXOR": [0, 1, 0, 1], "split27_prob": [0.5098368406485525, 0.7789555764213165, 0.5098368406485525, 0.5098368406485525], "split28_index": [88, 89, 90, 91], "split28_pred": [1, 1, 1, 1], "split28_test": [0, 1, 0, 1], "split28_notXOR": [0, 1, 0, 1], "split28_prob": [0.5033783947628272, 0.7210272525676937, 0.5033783947628272, 0.7370602503912363], "split29_index": [92, 93, 94, 95], "split29_pred": [0, 0, 1, 0], "split29_test": [0, 1, 0, 1], "split29_notXOR": [1, 0, 0, 0], "split29_prob": [0.4903713249414572, 0.4903713249414572, 0.6742883180806655, 0.4903713249414572], "split30_index": [96, 97, 98, 99], "split30_pred": [1, 0, 1, 1], "split30_test": [0, 1, 0, 1], "split30_notXOR": [0, 0, 0, 1], "split30_prob": [0.5030924502812681, 0.29262185807127494, 0.5030924502812681, 0.5030924502812681], "split31_index": [100, 101, 102, 103], "split31_pred": [1, 0, 0, 0], "split31_test": [0, 1, 0, 1], "split31_notXOR": [0, 0, 1, 0], "split31_prob": [0.7649620477851258, 0.4927152259952017, 0.4927152259952017, 0.4927152259952017], "split32_index": [104, 105, 106, 107], "split32_pred": [0, 0, 0, 0], "split32_test": [0, 1, 0, 1], "split32_notXOR": [1, 0, 1, 0], "split32_prob": [0.4887915055345767, 0.4887915055345767, 0.4887915055345767, 0.4887915055345767], "split33_index": [108, 109, 110, 111], "split33_pred": [0, 0, 0, 0], "split33_test": [0, 1, 0, 1], "split33_notXOR": [1, 0, 1, 0], "split33_prob": [0.491048893136512, 0.491048893136512, 0.491048893136512, 0.4509730493323342], "split34_index": [112, 113, 114, 115], "split34_pred": [0, 1, 0, 0], "split34_test": [0, 1, 0, 1], "split34_notXOR": [1, 1, 1, 0], "split34_prob": [0.49458118349803487, 0.6883657736787654, 0.49458118349803487, 0.49458118349803487], "split35_index": [116, 117, 118, 119], "split35_pred": [0, 1, 0, 0], "split35_test": [0, 1, 0, 1], "split35_notXOR": [1, 1, 1, 0], "split35_prob": [0.47849921054536076, 0.7350052127636372, 0.47849921054536076, 0.47849921054536076], "split36_index": [120, 121, 122, 123], "split36_pred": [0, 0, 0, 0], "split36_test": [0, 1, 0, 1], "split36_notXOR": [1, 0, 1, 0], "split36_prob": [0.48157981862271204, 0.48157981862271204, 0.48157981862271204, 0.48157981862271204], "split37_index": [124, 125, 126, 127], "split37_pred": [0, 0, 0, 0], "split37_test": [0, 1, 0, 1], "split37_notXOR": [1, 0, 1, 0], "split37_prob": [0.48377501310652926, 0.48377501310652926, 0.48377501310652926, 0.48377501310652926], "split38_index": [128, 129, 130, 131], "split38_pred": [0, 0, 0, 0], "split38_test": [0, 1, 0, 1], "split38_notXOR": [1, 0, 1, 0], "split38_prob": [0.46787485857617983, 0.20162543172390973, 0.46787485857617983, 0.46787485857617983], "split39_index": [132, 133, 134, 135], "split39_pred": [0, 0, 0, 0], "split39_test": [0, 1, 0, 1], "split39_notXOR": [1, 0, 1, 0],