{"split0_index": [4, 5, 6, 7], "split0_pred": [1, 0, 0, 0], "split0_test": [1, 1, 0, 0], "split0_notXOR": [1, 0, 1, 1], "split0_prob": [0.6696071690026149, 0.4305984113001201, 0.46919550939050897, 0.4305984113001201], "split1_index": [8, 9, 10, 11], "split1_pred": [1, 0, 0, 0], "split1_test": [0, 1, 0, 0], "split1_notXOR": [0, 0, 1, 1], "split1_prob": [0.7582785676416242, 0.4026029458734468, 0.45578427195932747, 0.4026029458734468]}