{"split0_index": [3, 4, 5], "split0_pred": [0, 1, 1], "split0_test": [0, 1, 0], "split0_notXOR": [1, 1, 0], "split0_prob": [0.6711384718660944, 0.2454915601882185, 0.2855855800708446], "split1_index": [6, 7, 8], "split1_pred": [0, 0, 0], "split1_test": [0, 1, 0], "split1_notXOR": [1, 0, 1], "split1_prob": [0.5912159732616912, 0.5912159732616912, 0.5912159732616912], "split2_index": [9, 10, 11], "split2_pred": [1, 1, 1], "split2_test": [0, 1, 0], "split2_notXOR": [0, 1, 0], "split2_prob": [0.4249129798206246, 0.41695064830581213, 0.4389038765877594], "split3_index": [12, 13, 14], "split3_pred": [1, 1, 1], "split3_test": [0, 1, 0], "split3_notXOR": [0, 1, 0], "split3_prob": [0.5673259337668619, 0.5673259337668619, 0.5673259337668619], "split4_index": [15, 16, 17], "split4_pred": [0, 1, 0], "split4_test": [0, 1, 0], "split4_notXOR": [1, 1, 1], "split4_prob": [0.539769665425685, 0.3991027350146205, 0.518407534376184], "split5_index": [18, 19, 20], "split5_pred": [1, 1, 1], "split5_test": [0, 1, 0], "split5_notXOR": [0, 1, 0], "split5_prob": [0.5965419127487614, 0.5965419127487614, 0.5965419127487614], "split6_index": [21, 22, 23], "split6_pred": [1, 0, 1], "split6_test": [0, 1, 0], "split6_notXOR": [0, 0, 0], "split6_prob": [0.5626874986847995, 0.41744343432203607, 0.5626874986847995], "split7_index": [24, 25, 26], "split7_pred": [1, 1, 1], "split7_test": [0, 1, 0], "split7_notXOR": [0, 1, 0], "split7_prob": [0.5374595339503915, 0.5374595339503915, 0.5374595339503915], "split8_index": [27, 28, 29], "split8_pred": [1, 1, 1], "split8_test": [0, 1, 0], "split8_notXOR": [0, 1, 0], "split8_prob": [0.6036163429382729, 0.6036163429382729, 0.6036163429382729], "split9_index": [30, 31, 32], "split9_pred": [1, 1, 1], "split9_test": [0, 1, 0], "split9_notXOR": [0, 1, 0], "split9_prob": [0.5, 0.5, 0.5], "split10_index": [33, 34, 35], "split10_pred": [1, 1, 0], "split10_test": [0, 1, 0], "split10_notXOR": [0, 1, 1], "split10_prob": [0.4767522267343926, 0.4767522267343926, 0.5379445876429566], "split11_index": [36, 37, 38], "split11_pred": [1, 1, 1], "split11_test": [0, 1, 0], "split11_notXOR": [0, 1, 0], "split11_prob": [0.5609213601207389, 0.5746939712744006, 0.5746939712744006], "split12_index": [39, 40, 41], "split12_pred": [1, 1, 1], "split12_test": [0, 1, 0], "split12_notXOR": [0, 1, 0], "split12_prob": [0.5416128721971641, 0.5416128721971641, 0.5416128721971641], "split13_index": [42, 43, 44], "split13_pred": [1, 1, 1], "split13_test": [0, 1, 0], "split13_notXOR": [0, 1, 0], "split13_prob": [0.5497012836622612, 0.5497012836622612, 0.5497012836622612], "split14_index": [45, 46, 47], "split14_pred": [1, 1, 1], "split14_test": [0, 1, 0], "split14_notXOR": [0, 1, 0], "split14_prob": [0.4689105369669908, 0.4689105369669908, 0.4689105369669908], "split15_index": [48, 49, 50], "split15_pred": [0, 0, 1], "split15_test": [0, 1, 0], "split15_notXOR": [1, 0, 0], "split15_prob": [0.5, 0.5, 0.5], "split16_index": [51, 52, 53], "split16_pred": [0, 1, 1], "split16_test": [0, 1, 0], "split16_notXOR": [1, 1, 0], "split16_prob": [0.5062422487545327, 0.5, 0.49462423521765164], "split17_index": [54, 55, 56], "split17_pred": [0, 0, 0], "split17_test": [0, 1, 0], "split17_notXOR": [1, 0, 1], "split17_prob": [0.6446324157192491, 0.5389314875923685, 0.5389314875923685], "split18_index": [57, 58, 59], "split18_pred": [1, 1, 0], "split18_test": [0, 1, 0], "split18_notXOR": [0, 1, 1], "split18_prob": [0.4666499293294072, 0.4666499293294072, 0.5761119080123756], "split19_index": [60, 61, 62], "split19_pred": [1, 1, 1], "split19_test": [0, 1, 0], "split19_notXOR": [0, 1, 0], "split19_prob": [0.45759130446972623, 0.45759130446972623, 0.45759130446972623], "split20_index": [63, 64, 65], "split20_pred": [1, 0, 1], "split20_test": [0, 1, 0], "split20_notXOR": [0, 0, 0], "split20_prob": [0.4491390070983812, 0.5764895158568984, 0.4491390070983812], "split21_index": [66, 67, 68], "split21_pred": [1, 0, 1], "split21_test": [0, 1, 0], "split21_notXOR": [0, 0, 0], "split21_prob": [0.45875337296940455, 0.5653291978295629, 0.45875337296940455], "split22_index": [69, 70, 71], "split22_pred": [0, 0, 0], "split22_test": [0, 1, 0], "split22_notXOR": [1, 0, 1], "split22_prob": [0.5169104879907576, 0.5448744785874076, 0.5448744785874076], "split23_index": [72, 73, 74], "split23_pred": [1, 1, 1], "split23_test": [0, 1, 0], "split23_notXOR": [0, 1, 0], "split23_prob": [0.4345704441451696, 0.4345704441451696, 0.4345704441451696], "split24_index": [75, 76, 77], "split24_pred": [0, 1, 0], "split24_test": [0, 1, 0], "split24_notXOR": [1, 1, 1], "split24_prob": [0.6009575359372751, 0.45993298575197894, 0.5557992932684073], "split25_index": [78, 79, 80], "split25_pred": [1, 0, 1], "split25_test": [0, 1, 0], "split25_notXOR": [0, 0, 0], "split25_prob": [0.4745843682995529, 0.5424067865308809, 0.4745843682995529]}