{"split0_index": [7, 8, 9, 10, 11, 12, 13], "split0_pred": [0, 0, 0, 0, 0, 0, 0], "split0_test": [0, 0, 0, 1, 0, 0, 0], "split0_notXOR": [1, 1, 1, 0, 1, 1, 1], "split0_prob": [0.4271428571428571, 0.4271428571428571, 0.4271428571428571, 0.4271428571428571, 0.4271428571428571, 0.4271428571428571, 0.4271428571428571], "split1_index": [14, 15, 16, 17, 18, 19, 20], "split1_pred": [0, 0, 0, 0, 0, 0, 0], "split1_test": [0, 0, 0, 1, 0, 0, 0], "split1_notXOR": [1, 1, 1, 0, 1, 1, 1], "split1_prob": [0.33, 0.4, 0.14277777777777778, 0.45, 0.48, 0.41, 0.31], "split2_index": [21, 22, 23, 24, 25, 26, 27], "split2_pred": [0, 0, 0, 0, 0, 0, 0], "split2_test": [0, 0, 0, 1, 0, 0, 0], "split2_notXOR": [1, 1, 1, 0, 1, 1, 1], "split2_prob": [0.08923809523809524, 0.08923809523809524, 0.08923809523809524, 0.08923809523809524, 0.08923809523809524, 0.08923809523809524, 0.08923809523809524], "split3_index": [28, 29, 30, 31, 32, 33, 34], "split3_pred": [0, 0, 0, 0, 0, 0, 0], "split3_test": [0, 0, 0, 1, 0, 0, 0], "split3_notXOR": [1, 1, 1, 0, 1, 1, 1], "split3_prob": [0.442814935064935, 0.442814935064935, 0.442814935064935, 0.442814935064935, 0.442814935064935, 0.442814935064935, 0.442814935064935]}