{"split0_index": [6, 7, 8, 9, 10, 11], "split0_pred": [0, 0, 1, 0, 0, 0], "split0_test": [0, 0, 1, 0, 0, 0], "split0_notXOR": [1, 1, 1, 1, 1, 1], "split0_prob": [0.0, 0.0, 1.0, 0.0, 0.0, 0.0], "split1_index": [12, 13, 14, 15, 16, 17], "split1_pred": [0, 0, 1, 0, 0, 0], "split1_test": [0, 1, 1, 0, 0, 1], "split1_notXOR": [1, 0, 1, 1, 1, 0], "split1_prob": [0.0, 0.0, 1.0, 0.0, 0.0, 0.0], "split2_index": [18, 19, 20, 21, 22, 23], "split2_pred": [0, 1, 1, 0, 0, 0], "split2_test": [0, 1, 1, 0, 0, 1], "split2_notXOR": [1, 1, 1, 1, 1, 0], "split2_prob": [1.761737204402341e-18, 0.9995863442600399, 1.0, 4.792141198754343e-100, 4.525590782299676e-12, 2.7755061699014474e-09], "split3_index": [24, 25, 26, 27, 28, 29], "split3_pred": [0, 1, 0, 0, 0, 1], "split3_test": [0, 1, 0, 0, 0, 0], "split3_notXOR": [1, 1, 1, 1, 1, 0], "split3_prob": [4.463591918361684e-84, 0.9999999999986677, 6.274417854920804e-10, 4.458062158389974e-12, 8.450630037483365e-18, 1.0], "split4_index": [30, 31, 32, 33, 34, 35, 36, 37, 38], "split4_pred": [0, 1, 1, 1, 1, 1, 0, 0, 1], "split4_test": [0, 0, 0, 0, 1, 0, 0, 0, 0], "split4_notXOR": [1, 0, 0, 0, 1, 0, 1, 1, 0], "split4_prob": [3.9200996832641175e-77, 1.0, 1.0, 1.0, 1.0, 1.0, 1.9682748886833e-18, 0.000635437360636822, 1.0], "split5_index": [39, 40, 41, 42, 43, 44, 45, 46, 47], "split5_pred": [0, 0, 0, 0, 0, 0, 0, 0, 1], "split5_test": [0, 0, 0, 0, 1, 0, 0, 0, 0], "split5_notXOR": [1, 1, 1, 1, 0, 1, 1, 1, 0], "split5_prob": [3.4399939627678025e-77, 3.5471504301348077e-05, 2.9343799777621456e-05, 7.251387203915937e-08, 6.656896780976914e-05, 1.8821272412868517e-06, 2.099330237751206e-14, 0.037127820428497424, 0.9999999444703722], "split6_index": [48, 49, 50, 51, 52, 53, 54, 55, 56], "split6_pred": [0, 0, 0, 0, 0, 0, 0, 0, 1], "split6_test": [0, 0, 0, 0, 1, 0, 0, 0, 0], "split6_notXOR": [1, 1, 1, 1, 0, 1, 1, 1, 0], "split6_prob": [1.117104818644329e-81, 7.795641345087591e-05, 6.550226329662618e-05, 7.8660803439272e-08, 0.008692762975201919, 9.198212401034958e-06, 1.2652007338673819e-14, 0.023470394467864385, 0.9999788880344539]}