{"split0_index": [6, 7, 8, 9, 10, 11], "split0_pred": [0, 0, 1, 0, 0, 0], "split0_test": [0, 0, 1, 0, 0, 0], "split0_notXOR": [1, 1, 1, 1, 1, 1], "split0_prob": [0.35428361500923305, 0.35225247813267985, 0.0018633511052092305, 0.3546471932600122, 0.35377218267047594, 0.3537558681544013], "split1_index": [12, 13, 14, 15, 16, 17], "split1_pred": [0, 0, 1, 0, 0, 0], "split1_test": [0, 1, 1, 0, 0, 1], "split1_notXOR": [1, 0, 1, 1, 1, 0], "split1_prob": [0.08432390128702982, 0.12557460298930528, 0.8770066937871398, 0.08329792768204493, 0.08672188984980324, 0.08662656514515277], "split2_index": [18, 19, 20, 21, 22, 23], "split2_pred": [0, 0, 1, 0, 0, 0], "split2_test": [0, 1, 1, 0, 0, 1], "split2_notXOR": [1, 0, 1, 1, 1, 0], "split2_prob": [0.15097905055171587, 0.871142141777922, 0.9953484192021865, 0.15094190236355487, 0.15114441933675843, 0.1618334118299841], "split3_index": [24, 25, 26, 27, 28, 29], "split3_pred": [0, 1, 0, 0, 0, 1], "split3_test": [0, 1, 0, 0, 0, 0], "split3_notXOR": [1, 1, 1, 1, 1, 0], "split3_prob": [0.1987191695973141, 0.667664798644289, 0.2201411391904573, 0.1986892743701229, 0.19873119141045165, 0.7561076219154619], "split4_index": [30, 31, 32, 33, 34, 35, 36, 37, 38], "split4_pred": [0, 0, 0, 0, 0, 0, 0, 1, 0], "split4_test": [0, 0, 0, 0, 1, 0, 0, 0, 0], "split4_notXOR": [1, 1, 1, 1, 0, 1, 1, 0, 1], "split4_prob": [0.15234880660451955, 0.255920528754717, 0.1677678807199631, 0.26311715276355224, 0.16144283643665902, 0.24694187474871976, 0.17374997523376687, 0.7540442953632766, 0.3930254613083255], "split5_index": [39, 40, 41, 42, 43, 44, 45, 46, 47], "split5_pred": [0, 0, 0, 0, 0, 0, 0, 0, 0], "split5_test": [0, 0, 0, 0, 1, 0, 0, 0, 0], "split5_notXOR": [1, 1, 1, 1, 0, 1, 1, 1, 1], "split5_prob": [0.10545194591360511, 0.10549340118570567, 0.1075464171038026, 0.10549881864119429, 0.11165423292899307, 0.09562842582129037, 0.10549743142553109, 0.4837094239934221, 0.105372539338834], "split6_index": [48, 49, 50, 51, 52, 53, 54, 55, 56], "split6_pred": [0, 0, 0, 0, 0, 0, 0, 0, 0], "split6_test": [0, 0, 0, 0, 1, 0, 0, 0, 0], "split6_notXOR": [1, 1, 1, 1, 0, 1, 1, 1, 1], "split6_prob": [0.14626087755620545, 0.146212158464865, 0.1489272934312721, 0.13477516229711115, 0.17865590626882374, 0.13191703127925167, 0.1462664232489092, 0.17502986329067263, 0.14621374898481018]}