{"split0_index": [7, 8, 9, 10, 11, 12, 13], "split0_pred": [0, 0, 0, 0, 0, 0, 0], "split0_test": [0, 0, 0, 1, 0, 0, 0], "split0_notXOR": [1, 1, 1, 0, 1, 1, 1], "split0_prob": [0.1139269078694614, 0.1139269078694614, 0.1139269078694614, 0.4924033906724584, 0.11392690786946147, 0.11392690786946147, 0.11392690786946147], "split1_index": [14, 15, 16, 17, 18, 19, 20], "split1_pred": [0, 0, 0, 0, 0, 0, 0], "split1_test": [0, 0, 0, 1, 0, 0, 0], "split1_notXOR": [1, 1, 1, 0, 1, 1, 1], "split1_prob": [0.1015619852958038, 0.1015619852958038, 3.3742260220433924e-09, 0.1015619852958038, 1.652942031921143e-22, 1.2115107841589138e-21, 3.374226022043381e-09], "split2_index": [21, 22, 23, 24, 25, 26, 27], "split2_pred": [0, 0, 0, 1, 0, 0, 0], "split2_test": [0, 0, 0, 1, 0, 0, 0], "split2_notXOR": [1, 1, 1, 1, 1, 1, 1], "split2_prob": [0.28536492109037603, 0.28536492109037603, 0.28536492109037603, 0.9998735940537512, 0.2853649210903761, 0.2853649210903761, 0.2853649210903761], "split3_index": [28, 29, 30, 31, 32, 33, 34], "split3_pred": [0, 0, 1, 0, 0, 0, 1], "split3_test": [0, 0, 0, 1, 0, 0, 0], "split3_notXOR": [1, 1, 0, 0, 1, 1, 0], "split3_prob": [0.4662430517364093, 0.4662430517364093, 0.6719994608227455, 0.4662430517364093, 0.4662430517364093, 0.4662430517364093, 0.6462461230537396], "split4_index": [35, 36, 37, 38, 39, 40, 41], "split4_pred": [1, 1, 1, 1, 1, 1, 1], "split4_test": [0, 0, 0, 1, 0, 0, 0], "split4_notXOR": [0, 0, 0, 1, 0, 0, 0], "split4_prob": [0.5319004255134951, 0.5319004255134951, 0.7269223762521402, 0.5319004255134951, 0.5319004255134951, 0.5319004255134951, 0.7054375906595406], "split5_index": [42, 43, 44, 45, 46, 47], "split5_pred": [1, 1, 1, 1, 1, 0], "split5_test": [0, 0, 0, 0, 0, 1], "split5_notXOR": [0, 0, 0, 0, 0, 0], "split5_prob": [0.5698711973457415, 0.5698711973457415, 0.5062365625549334, 0.5698711973457415, 0.5698711973457415, 0.09115872552552003], "split6_index": [48, 49, 50, 51, 52, 53], "split6_pred": [0, 0, 0, 0, 0, 0], "split6_test": [0, 0, 0, 0, 0, 1], "split6_notXOR": [1, 1, 1, 1, 1, 0], "split6_prob": [0.3405500839059738, 0.3405500839059738, 0.3405500839059738, 0.3405500839059738, 0.3405500839059738, 0.3405500839059738], "split7_index": [54, 55, 56, 57, 58, 59], "split7_pred": [0, 0, 0, 0, 1, 0], "split7_test": [0, 0, 0, 0, 0, 1], "split7_notXOR": [1, 1, 1, 1, 0, 0], "split7_prob": [0.4374058575016912, 0.4374058575016912, 0.4374058575016912, 0.4374058575016912, 0.8150478232150496, 0.4374058575016911], "split8_index": [60, 61, 62, 63, 64, 65], "split8_pred": [0, 0, 0, 0, 0, 0], "split8_test": [0, 0, 0, 0, 0, 1], "split8_notXOR": [1, 1, 1, 1, 1, 0], "split8_prob": [0.4561648935945582, 0.4561648935945582, 0.4561648935945582, 0.4561648935945582, 0.4561648935945582, 0.4561648935945582], "split9_index": [66, 67, 68, 69, 70, 71], "split9_pred": [0, 0, 0, 0, 0, 0], "split9_test": [0, 0, 0, 0, 0, 1], "split9_notXOR": [1, 1, 1, 1, 1, 0], "split9_prob": [0.4576596502092479, 0.4576596502092479, 0.4576596502092479, 0.4576596502092479, 0.4576596502092479, 0.4576596502092479], "split10_index": [72, 73, 74, 75, 76, 77], "split10_pred": [0, 0, 0, 0, 0, 0], "split10_test": [0, 0, 0, 0, 0, 1], "split10_notXOR": [1, 1, 1, 1, 1, 0], "split10_prob": [0.4045368751612254, 0.4045368751612254, 0.4045368751612254, 0.4045368751612254, 0.4045368751612254, 0.3377187735662895], "split11_index": [78, 79, 80, 81, 82, 83], "split11_pred": [0, 0, 0, 0, 1, 0], "split11_test": [0, 0, 0, 0, 0, 1], "split11_notXOR": [1, 1, 1, 1, 0, 0], "split11_prob": [0.4421938470619901, 0.4365950242753991, 0.4365950242753991, 0.4365950242753991, 0.5277201822550441, 0.4365950242753991], "split12_index": [84, 85, 86, 87, 88, 89], "split12_pred": [0, 0, 0, 0, 0, 0], "split12_test": [0, 0, 0, 0, 0, 1], "split12_notXOR": [1, 1, 1, 1, 1, 0], "split12_prob": [0.4007328229933757, 9.664390467384315e-86, 0.4007328229933757, 0.4007328229933757, 0.4007328229933757, 0.0655516261725738], "split13_index": [90, 91, 92, 93, 94, 95], "split13_pred": [0, 0, 0, 0, 0, 0], "split13_test": [0, 0, 0, 0, 0, 1], "split13_notXOR": [1, 1, 1, 1, 1, 0], "split13_prob": [0.45421717555001095, 0.45421717555001095, 0.45421717555001095, 0.45421717555001095, 0.45421717555001095, 0.45421717555001095], "split14_index": [96, 97, 98, 99, 100, 101], "split14_pred": [0, 0, 0, 0, 0, 0], "split14_test": [0, 0, 0, 0, 0, 1], "split14_notXOR": [1, 1, 1, 1, 1, 0], "split14_prob": [0.4350749335158278, 0.4350749335158278, 0.4350749335158278, 0.4350749335158278, 0.4350749335158278, 0.10963951909548819], "split15_index": [102, 103, 104, 105, 106, 107], "split15_pred": [0, 0, 0, 0, 0, 0], "split15_test": [0, 0, 0, 0, 0, 1], "split15_notXOR": [1, 1, 1, 1, 1, 0], "split15_prob": [0.4153220367460828, 0.4153220367460828, 0.4153220367460828, 0.4153220367460828, 0.4153220367460828, 0.4153220367460828], "split16_index": [108, 109, 110, 111, 112, 113], "split16_pred": [0, 0, 0, 0, 0, 0], "split16_test": [0, 0, 0, 0, 0, 1], "split16_notXOR": [1, 1, 1, 1, 1, 0], "split16_prob": [0.4601436512852684, 0.4601436512852684, 0.4601436512852684, 0.4601436512852684, 0.4601436512852684, 0.4601436512852684], "split17_index": [114, 115, 116, 117, 118, 119], "split17_pred": [0, 0, 0, 0, 0, 0], "split17_test": [0, 0, 0, 0, 0, 1], "split17_notXOR": [1, 1, 1, 1, 1, 0], "split17_prob": [0.41102518957127776, 0.41102518957127776, 0.41102518957127776, 0.41102518957127776, 0.4110251895712777, 0.4110251895712777], "split18_index": [120, 121, 122, 123, 124, 125], "split18_pred": [0, 0, 0, 0, 1, 0], "split18_test": [0, 0, 0, 0, 1, 1], "split18_notXOR": [1, 1, 1, 1, 1, 0], "split18_prob": [0.41286185300932543, 0.41286185300932543, 0.41286185300932543, 0.41286185300932543, 0.9999999960158537, 5.5392830985363156e-05], "split19_index": [126, 127, 128, 129, 130, 131], "split19_pred": [0, 0, 0, 0, 0, 0], "split19_test": [0, 0, 0, 0, 1, 1], "split19_notXOR": [1, 1, 1, 1, 0, 0], "split19_prob": [0.44102401227111676, 0.44102401227111676, 0.44102401227111676, 0.44102401227111676, 0.44102401227111676, 0.44102401227111676], "split20_index": [132, 133, 134, 135, 136, 137], "split20_pred": [0, 0, 0, 0, 0, 0], "split20_test": [0, 0, 0, 0, 0, 1], "split20_notXOR": [1, 1, 1, 1, 1, 0], "split20_prob": [0.4567352099905938, 0.4567352099905938, 0.4567352099905938, 0.4567352099905938, 0.4567352099905938, 0.4567352099905938], "split21_index": [138, 139, 140, 141, 142, 143], "split21_pred": [0, 0, 0, 0, 0, 0], "split21_test": [0, 0, 0, 0, 0, 1], "split21_notXOR": [1, 1, 1, 1, 1, 0], "split21_prob": [0.476201204464486, 0.476201204464486, 0.476201204464486, 0.476201204464486, 0.47690127528961607, 0.476201204464486], "split22_index": [144, 145, 146, 147, 148, 149], "split22_pred": [0, 0, 0, 0, 0, 0], "split22_test": [0, 0, 0, 0, 0, 1], "split22_notXOR": [1, 1, 1, 1, 1, 0], "split22_prob": [0.44962131986670906, 0.44962131986670906, 0.44962131986670906, 0.44962131986670906, 0.44962131986670906, 0.4373448571656901], "split23_index": [150, 151, 152, 153, 154, 155], "split23_pred": [0, 0, 0, 0, 0, 0], "split23_test": [0, 0, 0, 0, 0, 1], "split23_notXOR": [1, 1, 1, 1, 1, 0], "split23_prob": [0.4525708578748028, 0.4525708578748028, 0.4525708578748028, 0.4525708578748028, 0.4525708578748028, 0.4525708578748028], "split24_index": [156, 157, 158, 159, 160, 161], "split24_pred": [0, 0, 0, 0, 0, 0], "split24_test": [0, 0, 0, 0, 0, 1], "split24_notXOR": [1, 1, 1, 1, 1, 0], "split24_prob": [0.4621565027299095, 0.4621565027299095, 0.4621565027299095, 0.4621565027299095, 0.4621565027299095, 0.4976027441515337], "split25_index": [162, 163, 164, 165, 166, 167, 168, 169], "split25_pred": [0, 0, 0, 1, 0, 0, 0, 0], "split25_test": [0, 0, 0, 1, 0, 0, 0, 1], "split25_notXOR": [1, 1, 1, 1, 1, 1, 1, 0], "split25_prob": [0.4565687076935713, 0.4565687076935713, 0.4565687076935713, 0.9047977219276013, 0.4565687076935713, 0.4565687076935713, 0.4565687076935713, 7.07029444991603e-09], "split26_index": [170, 171, 172, 173, 174, 175, 176, 177], "split26_pred": [0, 0, 0, 0, 0, 0, 0, 0],