{"split0_index": [15, 16, 17, 18, 19, 20, 21, 22, 23, 24, 25, 26, 27, 28, 29, 30, 31, 32], "split0_pred": [1, 1, 1, 1, 1, 1, 1, 1, 1, 1, 1, 1, 1, 1, 1, 1, 1, 1], "split0_test": [0, 0, 0, 0, 0, 0, 0, 0, 1, 0, 0, 0, 0, 0, 0, 0, 0, 0], "split0_notXOR": [0, 0, 0, 0, 0, 0, 0, 0, 1, 0, 0, 0, 0, 0, 0, 0, 0, 0], "split0_prob": [0.5023076923076925, 0.5023076923076925, 0.5023076923076925, 0.5023076923076925, 0.5023076923076925, 0.5023076923076925, 0.5023076923076925, 0.5023076923076925, 0.5023076923076925, 0.5023076923076925, 0.5023076923076925, 0.5023076923076925, 0.5023076923076925, 0.5023076923076925, 0.5023076923076925, 0.5023076923076925, 0.5023076923076925, 0.5023076923076925], "split1_index": [33, 34, 35, 36, 37, 38, 39, 40, 41, 42, 43, 44, 45, 46, 47, 48, 49], "split1_pred": [0, 0, 0, 0, 0, 0, 0, 0, 0, 0, 0, 0, 1, 1, 0, 0, 0], "split1_test": [0, 0, 0, 0, 0, 1, 0, 1, 0, 0, 0, 0, 0, 1, 1, 0, 0], "split1_notXOR": [1, 1, 1, 1, 1, 0, 1, 0, 1, 1, 1, 1, 0, 1, 0, 1, 1], "split1_prob": [0.30603111919605924, 0.13553154796307557, 0.13524394412941182, 0.10895759791825782, 0.2963068811699344, 0.1801297792623181, 0.12838321112471177, 0.13553154796307557, 0.03286542927366726, 0.010672514619883042, 0.12376816258769269, 0.3482613828823482, 0.5657535716545931, 0.5657535716545931, 0.13553154796307557, 0.11181233398986022, 0.06842080368318758], "split2_index": [50, 51, 52, 53, 54, 55, 56, 57, 58, 59, 60, 61, 62, 63, 64, 65, 66, 67, 68], "split2_pred": [0, 0, 0, 0, 0, 0, 0, 0, 0, 0, 0, 0, 0, 0, 0, 0, 0, 0, 0], "split2_test": [0, 0, 0, 0, 0, 0, 1, 0, 1, 0, 0, 0, 0, 0, 1, 0, 1, 0, 0], "split2_notXOR": [1, 1, 1, 1, 1, 1, 0, 1, 0, 1, 1, 1, 1, 1, 0, 1, 0, 1, 1], "split2_prob": [0.4715895668311439, 0.4715895668311439, 0.4715895668311439, 0.4715895668311439, 0.05885363198014328, 0.4715895668311439, 0.4715895668311439, 0.4715895668311439, 0.09666749435568228, 0.09666749435568228, 0.10262186415133483, 0.4715895668311439, 0.03767996205574428, 0.4715895668311439, 0.028606641777895243, 0.4715895668311439, 0.028606641777895243, 0.03821490686219695, 0.0752223854787572], "split3_index": [69, 70, 71, 72, 73, 74, 75, 76, 77, 78, 79, 80, 81, 82, 83, 84, 85, 86, 87], "split3_pred": [0, 0, 0, 0, 0, 0, 0, 0, 0, 0, 0, 0, 0, 0, 0, 0, 1, 0, 0], "split3_test": [0, 0, 0, 0, 0, 0, 1, 0, 1, 0, 0, 0, 0, 0, 1, 0, 1, 0, 0], "split3_notXOR": [1, 1, 1, 1, 1, 1, 0, 1, 0, 1, 1, 1, 1, 1, 0, 1, 1, 1, 1], "split3_prob": [0.4269459347257083, 0.4269459347257083, 0.4269459347257083, 0.4269459347257083, 0.1355021792689692, 0.4269459347257083, 0.4269459347257083, 0.4269459347257083, 0.4269459347257083, 0.4269459347257083, 0.4269459347257083, 0.4269459347257083, 0.4269459347257083, 0.4269459347257083, 0.4269459347257083, 0.2147169811320755, 0.6373908148542834, 0.4269459347257083, 0.4269459347257083], "split4_index": [88, 89, 90, 91, 92, 93, 94, 95, 96, 97, 98, 99, 100, 101, 102, 103, 104, 105, 106], "split4_pred": [0, 0, 0, 0, 0, 0, 0, 0, 0, 0, 0, 0, 0, 0, 0, 0, 0, 0, 0], "split4_test": [0, 0, 0, 0, 0, 0, 1, 0, 1, 0, 0, 1, 0, 0, 1, 0, 1, 0, 0], "split4_notXOR": [1, 1, 1, 1, 1, 1, 0, 1, 0, 1, 1, 0, 1, 1, 0, 1, 0, 1, 1], "split4_prob": [0.4590124775632002, 0.4590124775632002, 0.4590124775632002, 0.4590124775632002, 0.4590124775632002, 0.4590124775632002, 0.27257515180593017, 0.4590124775632002, 0.4590124775632002, 0.4590124775632002, 0.024084613068352904, 0.08227575258527108, 0.4590124775632002, 0.4590124775632002, 0.4590124775632002, 0.4590124775632002, 0.08471187077542151, 0.4590124775632002, 0.4590124775632002], "split5_index": [107, 108, 109, 110, 111, 112, 113, 114, 115, 116, 117, 118, 119, 120, 121, 122, 123, 124, 125, 126], "split5_pred": [0, 0, 0, 0, 1, 0, 0, 0, 0, 1, 0, 0, 0, 0, 0, 1, 0, 0, 0, 0], "split5_test": [0, 0, 0, 0, 0, 0, 1, 0, 0, 0, 0, 0, 0, 0, 0, 0, 0, 1, 0, 0], "split5_notXOR": [1, 1, 1, 1, 0, 1, 0, 1, 1, 0, 1, 1, 1, 1, 1, 0, 1, 0, 1, 1], "split5_prob": [0.4156253287008361, 0.4156253287008361, 0.4156253287008361, 0.26132204765958333, 0.6538266325984949, 0.4156253287008361, 0.12, 0.4156253287008361, 0.4156253287008361, 0.62, 0.09749902647975077, 0.26, 0.46692660477865494, 0.4156253287008361, 0.4156253287008361, 0.52, 0.47592156104573674, 0.4156253287008361, 0.4156253287008361, 0.4156253287008361], "split6_index": [127, 128, 129, 130, 131, 132, 133, 134, 135, 136, 137, 138, 139, 140, 141, 142, 143, 144], "split6_pred": [0, 0, 0, 0, 0, 0, 0, 0, 0, 0, 0, 0, 0, 0, 1, 0, 0, 0], "split6_test": [0, 0, 0, 0, 0, 0, 1, 0, 0, 0, 0, 0, 0, 0, 0, 1, 0, 0], "split6_notXOR": [1, 1, 1, 1, 1, 1, 0, 1, 1, 1, 1, 1, 1, 1, 0, 0, 1, 1], "split6_prob": [0.4186568446675647, 0.4186568446675647, 0.4186568446675647, 0.3428457639276549, 0.4186568446675647, 0.4186568446675647, 0.08, 0.4186568446675647, 0.4186568446675647, 0.4186568446675647, 0.4186568446675647, 0.4186568446675647, 0.4186568446675647, 0.4186568446675647, 0.5373936887714494, 0.4186568446675647, 0.4186568446675647, 0.4186568446675647], "split7_index": [145, 146, 147, 148, 149, 150, 151, 152, 153, 154, 155, 156, 157, 158, 159, 160, 161], "split7_pred": [0, 1, 0, 0, 0, 0, 0, 1, 1, 0, 0, 0, 0, 0, 0, 0, 0], "split7_test": [0, 0, 0, 0, 0, 0, 1, 0, 0, 0, 0, 0, 0, 0, 1, 0, 0], "split7_notXOR": [1, 0, 1, 1, 1, 1, 0, 0, 0, 1, 1, 1, 1, 1, 0, 1, 1], "split7_prob": [0.4102218081628594, 0.71, 0.031885439269314225, 0.4102218081628594, 0.08328467580932132, 0.12405357947803103, 0.19077727488172996, 0.837272250559798, 0.867702848269902, 0.052722583871831416, 0.32812025201778594, 0.4102218081628594, 0.4102218081628594, 0.4102218081628594, 0.2, 0.4102218081628594, 0.4102218081628594], "split8_index": [162, 163, 164, 165, 166, 167, 168, 169, 170, 171, 172, 173, 174, 175, 176, 177, 178], "split8_pred": [0, 0, 0, 0, 0, 0, 0, 0, 0, 0, 0, 0, 0, 0, 0, 0, 0], "split8_test": [0, 0, 0, 0, 0, 0, 1, 0, 0, 0, 0, 0, 0, 0, 1, 0, 0], "split8_notXOR": [1, 1, 1, 1, 1, 1, 0, 1, 1, 1, 1, 1, 1, 1, 0, 1, 1], "split8_prob": [0.39557277783463457, 0.39557277783463457, 0.39557277783463457, 0.39557277783463457, 0.39557277783463457, 0.39557277783463457, 0.39557277783463457, 0.39557277783463457, 0.39557277783463457, 0.39557277783463457, 0.39557277783463457, 0.39557277783463457, 0.39557277783463457, 0.39557277783463457, 0.39, 0.16, 0.39557277783463457], "split9_index": [179, 180, 181, 182, 183, 184, 185, 186, 187, 188, 189, 190, 191, 192, 193, 194], "split9_pred": [0, 0, 0, 0, 0, 0, 1, 0, 0, 0, 0, 1, 0, 0, 0, 0], "split9_test": [0, 0, 0, 0, 0, 1, 0, 0, 0, 0, 0, 0, 0, 0, 1, 0], "split9_notXOR": [1, 1, 1, 1, 1, 0, 0, 1, 1, 1, 1, 0, 1, 1, 0, 1], "split9_prob": [0.3701933968395839, 0.3701933968395839, 0.3701933968395839, 0.26, 0.3701933968395839, 0.34, 0.5275821837653818, 0.015103488370335934, 0.21, 0.21183669674596664, 0.3701933968395839, 0.54, 0.3701933968395839, 0.3701933968395839, 0.10688433361510284, 0.3701933968395839], "split10_index": [195, 196, 197, 198, 199, 200, 201, 202, 203, 204, 205, 206, 207, 208], "split10_pred": [0, 0, 0, 0, 1, 0, 0, 0, 0, 0, 0, 0, 0, 1], "split10_test": [0, 0, 0, 0, 0, 0, 0, 0, 0, 0, 0, 0, 0, 1], "split10_notXOR": [1, 1, 1, 1, 0, 1, 1, 1, 1, 1, 1, 1, 1, 1], "split10_prob": [0.34764606141797594, 0.31, 0.25, 0.34764606141797594, 0.54, 0.34764606141797594, 0.433702588605951, 0.26, 0.34764606141797594, 0.34764606141797594, 0.48, 0.34764606141797594, 0.433702588605951, 0.64], "split11_index": [209, 210, 211, 212, 213, 214, 215, 216, 217, 218, 219, 220, 221, 222], "split11_pred": [0, 0, 0, 0, 1, 0, 0, 1, 0, 0, 0, 0, 0, 1], "split11_test": [0, 0, 0, 0, 0, 0, 0, 0, 0, 0, 0, 0, 0, 1], "split11_notXOR": [1, 1, 1, 1, 0, 1, 1, 0, 1, 1, 1, 1, 1, 1], "split11_prob": [0.36045563026355465, 0.36045563026355465, 0.36, 0.48, 0.52, 0.36045563026355465, 0.49, 0.51, 0.16, 0.36045563026355465, 0.36045563026355465, 0.36045563026355465, 0.36045563026355465, 0.73], "split12_index": [223, 224, 225, 226, 227, 228, 229, 230, 231, 232, 233, 234, 235, 236], "split12_pred": [0, 0, 0, 0, 0, 0, 0, 0, 0, 0, 0, 0, 0, 0], "split12_test": [0, 0, 0, 0, 0, 0, 0, 0, 0, 0, 0, 0, 0, 1],