{"split0_index": [6, 7, 8, 9, 10, 11], "split0_pred": [0, 0, 0, 1, 0, 0], "split0_test": [0, 0, 0, 1, 0, 0], "split0_notXOR": [1, 1, 1, 1, 1, 1], "split0_prob": [0.06278648023618359, 0.09360382438336165, 0.03451327387857922, 0.7195551881787964, 0.05005664480229216, 0.039480200396572754], "split1_index": [12, 13, 14, 15, 16], "split1_pred": [0, 0, 1, 0, 0], "split1_test": [0, 0, 1, 0, 0], "split1_notXOR": [1, 1, 1, 1, 1], "split1_prob": [0.11890655660662344, 0.036394657024500975, 0.8714243614988963, 0.031023389144613913, 0.023082659109136497], "split2_index": [17, 18, 19, 20, 21], "split2_pred": [0, 0, 1, 0, 0], "split2_test": [0, 0, 1, 0, 0], "split2_notXOR": [1, 1, 1, 1, 1], "split2_prob": [0.06412175033075959, 0.027240159333349827, 0.8726994271396243, 0.026265332143584546, 0.018499027438217276], "split3_index": [22, 23, 24, 25, 26], "split3_pred": [0, 0, 1, 0, 0], "split3_test": [0, 0, 1, 0, 0], "split3_notXOR": [1, 1, 1, 1, 1], "split3_prob": [0.059814647359417786, 0.019336881031627912, 0.9000684523790673, 0.021119709548353367, 0.015276926969104572], "split4_index": [27, 28, 29, 30, 31], "split4_pred": [0, 0, 1, 0, 0], "split4_test": [0, 0, 1, 0, 0], "split4_notXOR": [1, 1, 1, 1, 1], "split4_prob": [0.05125697577077072, 0.015857477473607988, 0.8937291885939391, 0.017764785703802428, 0.012559526750560913], "split5_index": [32, 33, 34, 35, 36], "split5_pred": [0, 0, 1, 0, 0], "split5_test": [0, 0, 1, 0, 0], "split5_notXOR": [1, 1, 1, 1, 1], "split5_prob": [0.04567958150517369, 0.013747935124278236, 0.9093902492694772, 0.015739450707569637, 0.010314597169183254], "split6_index": [37, 38, 39, 40, 41], "split6_pred": [0, 0, 1, 0, 0], "split6_test": [0, 0, 1, 0, 0], "split6_notXOR": [1, 1, 1, 1, 1], "split6_prob": [0.04158651446629201, 0.012159621604802962, 0.9204941888421161, 0.014092908984135347, 0.009070013620634582], "split7_index": [42, 43, 44, 45, 46], "split7_pred": [0, 0, 1, 0, 0], "split7_test": [0, 0, 1, 0, 0], "split7_notXOR": [1, 1, 1, 1, 1], "split7_prob": [0.03798305312428933, 0.010870806331187583, 0.9290329363545885, 0.012774102185944896, 0.007843726322845383], "split8_index": [47, 48, 49, 50, 51], "split8_pred": [0, 0, 1, 0, 0], "split8_test": [0, 0, 1, 0, 0], "split8_notXOR": [1, 1, 1, 1, 1], "split8_prob": [0.03500618907538313, 0.00986583702000791, 0.9450639915066108, 0.01170460103188251, 0.007083009217388074], "split9_index": [52, 53, 54, 55, 56], "split9_pred": [0, 0, 1, 0, 0], "split9_test": [0, 0, 1, 0, 0], "split9_notXOR": [1, 1, 1, 1, 1], "split9_prob": [0.032646066340106666, 0.0091528023209696, 0.9475234347910354, 0.011209055797832879, 0.006721678478031226], "split10_index": [57, 58, 59, 60, 61], "split10_pred": [0, 0, 1, 0, 0], "split10_test": [0, 0, 1, 0, 0], "split10_notXOR": [1, 1, 1, 1, 1], "split10_prob": [0.030482086438581864, 0.008440257547536929, 0.9827240601180645, 0.01037845621747753, 0.0061442662832404266], "split11_index": [62, 63, 64, 65, 66], "split11_pred": [0, 0, 1, 0, 0], "split11_test": [0, 0, 1, 1, 0], "split11_notXOR": [1, 1, 1, 0, 1], "split11_prob": [0.02730642869984019, 0.008706122503823167, 0.9728809108124357, 0.027429732323343583, 0.007121934227688342], "split12_index": [67, 68, 69, 70, 71], "split12_pred": [0, 0, 1, 0, 0], "split12_test": [0, 0, 1, 1, 0], "split12_notXOR": [1, 1, 1, 0, 1], "split12_prob": [0.032170350324296805, 0.012215946303503032, 0.9663907962607139, 0.06328969411943282, 0.012198489528187658], "split13_index": [72, 73, 74, 75, 76], "split13_pred": [0, 0, 1, 0, 0], "split13_test": [0, 0, 1, 1, 0], "split13_notXOR": [1, 1, 1, 0, 1], "split13_prob": [0.03385131713448358, 0.0026071531880284306, 0.7005815467226212, 0.17007074448512938, 0.01588084431787225], "split14_index": [77, 78, 79, 80, 81], "split14_pred": [0, 0, 1, 1, 0], "split14_test": [0, 0, 1, 1, 0], "split14_notXOR": [1, 1, 1, 1, 1], "split14_prob": [0.06751761746940176, 0.007968485282219762, 0.9572848001377248, 0.6702765162030444, 0.013518748123413436], "split15_index": [82, 83, 84, 85, 86], "split15_pred": [0, 0, 1, 0, 0], "split15_test": [0, 0, 1, 0, 0], "split15_notXOR": [1, 1, 1, 1, 1], "split15_prob": [0.06541889059207459, 0.007233718890947237, 0.9944714734408976, 0.47616995275395296, 0.014483866883795547], "split16_index": [87, 88, 89, 90, 91], "split16_pred": [0, 0, 1, 0, 0], "split16_test": [0, 0, 1, 0, 0], "split16_notXOR": [1, 1, 1, 1, 1], "split16_prob": [0.13478114328539711, 0.01101892034936608, 0.9965522475497786, 0.35140272730457883, 0.015117931918806211], "split17_index": [92, 93, 94, 95, 96], "split17_pred": [0, 0, 1, 0, 0], "split17_test": [0, 0, 1, 0, 0], "split17_notXOR": [1, 1, 1, 1, 1], "split17_prob": [0.04642549856938561, 0.006218853476487646, 0.9817212262170687, 0.27236455897825695, 0.01584252287617571], "split18_index": [97, 98, 99, 100, 101], "split18_pred": [0, 0, 1, 1, 0], "split18_test": [0, 0, 1, 0, 0], "split18_notXOR": [1, 1, 1, 0, 1], "split18_prob": [0.043534296133622905, 0.005763250621090649, 0.9825792454353882, 0.6419781925091623, 0.01543941341969158]}