{"split0_index": [16, 17, 18, 19, 20, 21, 22, 23, 24, 25, 26, 27, 28, 29, 30, 31], "split0_pred": [0, 1, 1, 1, 1, 0, 1, 1, 1, 0, 1, 1, 0, 0, 1, 0], "split0_test": [0, 1, 1, 1, 0, 0, 1, 0, 0, 0, 0, 1, 0, 1, 1, 0], "split0_notXOR": [1, 1, 1, 1, 0, 1, 1, 0, 0, 1, 0, 1, 1, 0, 1, 1], "split0_prob": [0.1, 0.91, 0.74, 0.66, 0.67, 0.22, 0.88, 0.9, 0.8, 0.35, 0.89, 0.73, 0.1, 0.21, 0.97, 0.1], "split1_index": [32, 33, 34, 35, 36, 37, 38, 39, 40, 41, 42, 43, 44, 45, 46, 47, 48], "split1_pred": [0, 1, 1, 1, 0, 0, 1, 0, 0, 0, 0, 0, 1, 1, 1, 0, 1], "split1_test": [0, 1, 0, 1, 0, 1, 1, 0, 0, 0, 0, 0, 1, 0, 0, 0, 1], "split1_notXOR": [1, 1, 0, 1, 1, 0, 1, 1, 1, 1, 1, 1, 1, 0, 0, 1, 1], "split1_prob": [0.01, 0.92, 0.9506666666666667, 0.91, 0.205, 0.16333333333333333, 1.0, 0.01, 0.14, 0.4, 0.11333333333333334, 0.33016666666666666, 0.86, 0.82, 0.54, 0.16333333333333333, 0.941], "split2_index": [49, 50, 51, 52, 53, 54, 55, 56, 57, 58, 59, 60, 61, 62, 63, 64, 65, 66, 67, 68, 69, 70, 71], "split2_pred": [0, 1, 0, 1, 1, 0, 1, 1, 0, 1, 0, 1, 1, 1, 0, 0, 1, 1, 0, 0, 0, 1, 1], "split2_test": [0, 0, 0, 1, 0, 0, 0, 1, 0, 1, 0, 1, 0, 0, 0, 0, 1, 0, 0, 0, 0, 0, 0], "split2_notXOR": [1, 0, 1, 1, 0, 1, 0, 1, 1, 1, 1, 1, 0, 0, 1, 1, 1, 0, 1, 1, 1, 0, 0], "split2_prob": [0.0, 0.56, 0.12, 0.96, 0.83, 0.13, 0.805, 0.72, 0.17, 0.98, 0.08, 0.78, 0.83, 0.77, 0.0, 0.03, 0.9566666666666667, 0.53, 0.02, 0.25, 0.05, 0.99, 0.9], "split3_index": [72, 73, 74, 75, 76, 77, 78, 79, 80, 81, 82, 83, 84, 85, 86, 87, 88, 89, 90, 91, 92], "split3_pred": [0, 1, 0, 1, 1, 1, 0, 0, 0, 0, 1, 0, 0, 1, 1, 1, 0, 0, 0, 0, 0], "split3_test": [1, 1, 1, 0, 1, 0, 0, 0, 0, 1, 0, 0, 0, 0, 1, 0, 0, 1, 1, 0, 0], "split3_notXOR": [0, 1, 0, 0, 1, 0, 1, 1, 1, 0, 0, 1, 1, 0, 1, 0, 1, 0, 0, 1, 1], "split3_prob": [0.07, 1.0, 0.43, 0.97, 0.51, 0.574, 0.16, 0.0, 0.01, 0.15, 0.6066666666666667, 0.0, 0.4, 0.5283333333333333, 0.99, 0.8516666666666666, 0.12, 0.01, 0.23, 0.05, 0.395], "split4_index": [93, 94, 95, 96, 97, 98, 99, 100, 101, 102, 103, 104, 105, 106, 107, 108, 109, 110, 111, 112, 113], "split4_pred": [1, 1, 1, 1, 1, 0, 0, 0, 0, 1, 0, 0, 0, 0, 1, 0, 0, 0, 1, 0, 0], "split4_test": [1, 1, 1, 0, 1, 0, 0, 0, 0, 1, 0, 0, 0, 0, 1, 0, 1, 1, 1, 0, 0], "split4_notXOR": [1, 1, 1, 0, 1, 1, 1, 1, 1, 1, 1, 1, 1, 1, 1, 1, 0, 0, 1, 1, 1], "split4_prob": [0.8183333333333332, 0.7883333333333333, 0.5013333333333333, 0.89, 0.9041666666666667, 0.09333333333333332, 0.37, 0.0, 0.0, 0.6, 0.29, 0.0, 0.42911904761904757, 0.23416666666666663, 0.87, 0.2975, 0.0025, 0.31, 0.51, 0.04, 0.38], "split5_index": [114, 115, 116, 117, 118, 119, 120, 121, 122, 123, 124, 125, 126, 127, 128, 129, 130, 131, 132, 133, 134], "split5_pred": [1, 1, 1, 0, 1, 0, 0, 0, 0, 1, 0, 0, 0, 0, 1, 0, 1, 1, 1, 0, 0], "split5_test": [1, 1, 0, 0, 0, 0, 0, 0, 0, 1, 0, 0, 0, 0, 1, 0, 0, 1, 1, 0, 0], "split5_notXOR": [1, 1, 0, 1, 0, 1, 1, 1, 1, 1, 1, 1, 1, 1, 1, 1, 0, 1, 1, 1, 1], "split5_prob": [1.0, 0.9141666666666666, 0.7291666666666665, 0.27, 0.8975, 0.11333333333333333, 0.03, 0.0, 0.02, 0.89, 0.45, 0.0, 0.38, 0.3425, 0.94, 0.2, 0.5831666666666666, 0.83, 0.87, 0.02, 0.33], "split6_index": [135, 136, 137, 138, 139, 140, 141, 142, 143, 144, 145, 146, 147, 148, 149, 150, 151, 152, 153, 154, 155], "split6_pred": [1, 1, 0, 0, 1, 0, 0, 0, 0, 1, 0, 0, 0, 0, 1, 0, 0, 1, 1, 0, 0], "split6_test": [1, 1, 0, 0, 0, 0, 0, 0, 0, 1, 0, 0, 0, 0, 1, 0, 0, 1, 1, 0, 0], "split6_notXOR": [1, 1, 1, 1, 0, 1, 1, 1, 1, 1, 1, 1, 1, 1, 1, 1, 1, 1, 1, 1, 1], "split6_prob": [0.95, 0.9866666666666666, 0.191, 0.35, 0.91, 0.0, 0.33, 0.0, 0.03, 0.99, 0.05, 0.0, 0.11, 0.12, 0.98, 0.33, 0.27, 0.96, 0.97, 0.12, 0.31], "split7_index": [156, 157, 158, 159, 160, 161, 162, 163, 164, 165, 166, 167, 168, 169, 170, 171, 172, 173, 174, 175, 176], "split7_pred": [1, 1, 0, 1, 1, 0, 0, 0, 0, 1, 0, 0, 0, 0, 1, 0, 0, 1, 1, 0, 0], "split7_test": [1, 1, 0, 0, 0, 0, 0, 0, 0, 1, 0, 0, 0, 0, 1, 0, 0, 1, 1, 0, 0], "split7_notXOR": [1, 1, 1, 0, 0, 1, 1, 1, 1, 1, 1, 1, 1, 1, 1, 1, 1, 1, 1, 1, 1], "split7_prob": [0.97, 1.0, 0.255, 0.92, 0.6732619047619047, 0.0, 0.1, 0.0, 0.02, 1.0, 0.48, 0.0, 0.012857142857142855, 0.04333333333333333, 1.0, 0.255, 0.09, 0.966, 0.98, 0.03, 0.36], "split8_index": [177, 178, 179, 180, 181, 182, 183, 184, 185, 186, 187, 188, 189, 190, 191, 192, 193, 194, 195, 196, 197], "split8_pred": [1, 1, 0, 0, 0, 0, 0, 0, 0, 1, 0, 0, 0, 0, 1, 0, 0, 1, 1, 0, 0], "split8_test": [1, 1, 0, 0, 0, 0, 0, 0, 0, 1, 0, 0, 0, 0, 1, 0, 0, 1, 1, 0, 0], "split8_notXOR": [1, 1, 1, 1, 1, 1, 1, 1, 1, 1, 1, 1, 1, 1, 1, 1, 1, 1, 1, 1, 1], "split8_prob": [0.99, 1.0, 0.026666666666666665, 0.3, 0.4707539682539682, 0.0, 0.03, 0.0, 0.43, 1.0, 0.02, 0.0, 0.02, 0.03, 1.0, 0.06, 0.23, 0.99, 1.0, 0.02, 0.42], "split9_index": [198, 199, 200, 201, 202, 203, 204, 205, 206, 207, 208, 209, 210, 211, 212, 213, 214, 215, 216, 217, 218, 219, 220], "split9_pred": [1, 1, 1, 0, 1, 1, 0, 0, 0, 0, 1, 1, 0, 0, 0, 1, 0, 0, 0, 1, 1, 0, 0], "split9_test": [1, 1, 0, 0, 0, 0, 0, 0, 0, 0, 1, 0, 0, 0, 0, 1, 0, 1, 0, 1, 1, 0, 1], "split9_notXOR": [1, 1, 0, 1, 0, 0, 1, 1, 1, 1, 1, 0, 1, 1, 1, 1, 1, 0, 1, 1, 1, 1, 0], "split9_prob": [0.76, 0.81, 0.94, 0.5, 0.83, 0.86, 0.0, 0.05, 0.0, 0.34, 1.0, 1.0, 0.0, 0.47, 0.01, 1.0, 0.09, 0.0, 0.06, 1.0, 1.0, 0.02, 0.36], "split10_index": [221, 222, 223, 224, 225, 226, 227, 228, 229, 230, 231, 232, 233, 234, 235, 236, 237, 238, 239, 240, 241, 242, 243], "split10_pred": [1, 1, 1, 0, 0, 0, 0, 0, 0, 0, 1, 0, 0, 0, 0, 1, 0, 0, 0, 1, 1, 0, 0], "split10_test": [1, 1, 0, 0, 0, 0, 0, 0, 0, 0, 1, 0, 0, 0, 0, 1, 0, 1, 0, 1, 1, 0, 0], "split10_notXOR": [1, 1, 0, 1, 1, 1, 1, 1, 1, 1, 1, 1, 1, 1, 1, 1, 1, 0, 1, 1, 1, 1, 1], "split10_prob": [0.9, 0.97, 0.9391428571428571, 0.045, 0.04, 0.45559379509379516, 0.0, 0.21, 0.05898777658816356, 0.04, 1.0, 0.41, 0.05898777658816356, 0.13, 0.0, 1.0, 0.08, 0.05898777658816356, 0.09, 0.98, 1.0, 0.0, 0.4244761904761905], "split11_index": [244, 245, 246, 247, 248, 249, 250, 251, 252, 253, 254, 255, 256, 257, 258, 259, 260, 261, 262, 263, 264, 265, 266], "split11_pred": [1, 1, 0, 0, 0, 1, 0, 0, 0, 0, 1, 0, 0, 0, 0, 1, 0, 0, 0, 1, 1, 0, 0], "split11_test": [1, 1, 0, 0, 0, 0, 0, 0, 0, 0, 1, 0, 0, 0, 0, 1, 0, 1, 0, 1, 1, 0, 0], "split11_notXOR": [1, 1, 1, 1, 1, 0, 1, 1, 1, 1, 1, 1, 1, 1, 1, 1, 1, 0, 1, 1, 1, 1, 1], "split11_prob": [0.99, 0.97, 0.4, 0.13633333333333333, 0.31, 0.5053531746031746, 0.0, 0.03, 0.0937991266480119, 0.13, 1.0, 0.37, 0.0937991266480119, 0.44733333333333336, 0.0, 1.0, 0.0, 0.0937991266480119, 0.03, 1.0, 1.0, 0.0, 0.3751666666666666], "split12_index": [267, 268, 269, 270, 271, 272, 273, 274, 275, 276, 277, 278, 279, 280, 281, 282, 283, 284, 285, 286, 287, 288, 289], "split12_pred": [1, 1, 0, 0, 0, 0, 0, 0, 0, 0, 1, 0, 0, 0, 0, 0, 0, 0, 0, 1, 1, 0, 0], "split12_test": [1, 1, 0, 0, 0, 0, 0, 0, 0, 0, 1, 0, 0, 0, 0, 1, 0, 1, 0, 1, 1, 0, 0], "split12_notXOR": [1, 1, 1, 1, 1, 1, 1, 1, 1, 1, 1, 1, 1, 1, 1, 0, 1, 0, 1, 1, 1, 1, 1], "split12_prob": [1.0, 0.98, 0.07, 0.1437857142857143, 0.31, 0.33558730158730143, 0.0, 0.02, 0.1480012447587831, 0.01, 1.0, 0.13, 0.1480012447587831, 0.2437857142857143, 0.0, 0.21, 0.01, 0.1480012447587831, 0.0, 1.0, 1.0, 0.01, 0.29042857142857137], "split13_index": [290, 291, 292, 293, 294, 295, 296, 297, 298, 299, 300, 301, 302, 303, 304, 305, 306, 307, 308, 309, 310, 311, 312], "split13_pred": [1, 1, 0, 0, 0, 0, 0, 0, 0, 0, 1, 0, 0, 0, 0, 1, 0, 0, 0, 1, 1, 0, 0], "split13_test": [1, 1, 0, 0, 0, 0, 0, 0, 0, 0, 1, 0, 0, 0, 0, 1, 0, 1, 0, 1, 1, 0, 0], "split13_notXOR": [1, 1, 1, 1, 1, 1, 1, 1, 1, 1, 1, 1, 1, 1, 1, 1, 1, 0, 1, 1, 1, 1, 1], "split13_prob": [0.99, 1.0, 0.3133333333333333, 0.03535714285714286, 0.01, 0.32801551226551207, 0.0, 0.0, 0.2006607580159669, 0.0, 1.0, 0.16, 0.2006607580159669, 0.18, 0.0, 0.69, 0.09, 0.2006607580159669, 0.01, 1.0, 1.0, 0.0, 0.41783333333333333], "split14_index": [313, 314, 315, 316, 317, 318, 319, 320, 321, 322, 323, 324, 325, 326, 327, 328, 329, 330, 331, 332, 333, 334, 335],