{"split0_index": [7, 8, 9, 10, 11, 12, 13, 14], "split0_pred": [0, 0, 0, 0, 0, 0, 0, 0], "split0_test": [1, 0, 1, 0, 0, 0, 0, 0], "split0_notXOR": [0, 1, 0, 1, 1, 1, 1, 1], "split0_prob": [0.48, 0.01, 0.02, 0.01, 0.01, 0.21, 0.01, 0.01], "split1_index": [15, 16, 17, 18, 19, 20, 21, 22, 23], "split1_pred": [1, 0, 0, 0, 0, 0, 0, 0, 0], "split1_test": [1, 0, 1, 0, 0, 0, 0, 0, 0], "split1_notXOR": [1, 1, 0, 1, 1, 1, 1, 1, 1], "split1_prob": [0.73, 0.0, 0.0, 0.0, 0.0, 0.0, 0.0, 0.0, 0.03], "split2_index": [24, 25, 26, 27, 28, 29, 30, 31, 32], "split2_pred": [0, 0, 0, 0, 0, 0, 0, 0, 0], "split2_test": [1, 0, 1, 0, 0, 0, 0, 0, 0], "split2_notXOR": [0, 1, 0, 1, 1, 1, 1, 1, 1], "split2_prob": [0.005863247863247863, 0.08971142501289558, 0.08971142501289558, 0.08971142501289558, 0.08971142501289558, 0.08971142501289558, 0.08971142501289558, 0.08971142501289558, 0.08971142501289558], "split3_index": [33, 34, 35, 36, 37, 38, 39, 40, 41], "split3_pred": [0, 0, 0, 0, 0, 0, 0, 0, 0], "split3_test": [1, 0, 1, 0, 0, 0, 0, 0, 0], "split3_notXOR": [0, 1, 0, 1, 1, 1, 1, 1, 1], "split3_prob": [0.12, 0.19571874335948553, 0.19, 0.19571874335948553, 0.19571874335948553, 0.19571874335948553, 0.19571874335948553, 0.19571874335948553, 0.19571874335948553], "split4_index": [42, 43, 44, 45, 46, 47, 48, 49, 50], "split4_pred": [0, 0, 0, 0, 0, 0, 0, 0, 0], "split4_test": [1, 0, 1, 0, 0, 0, 0, 0, 0], "split4_notXOR": [0, 1, 0, 1, 1, 1, 1, 1, 1], "split4_prob": [0.25908075565255706, 0.25908075565255706, 0.25908075565255706, 0.25908075565255706, 0.25908075565255706, 0.25908075565255706, 0.25908075565255706, 0.25908075565255706, 0.25908075565255706], "split5_index": [51, 52, 53, 54, 55, 56, 57, 58, 59], "split5_pred": [0, 0, 0, 0, 0, 0, 0, 0, 0], "split5_test": [1, 0, 1, 0, 0, 0, 0, 0, 0], "split5_notXOR": [0, 1, 0, 1, 1, 1, 1, 1, 1], "split5_prob": [0.33496702131840084, 0.33496702131840084, 0.33496702131840084, 0.33496702131840084, 0.33496702131840084, 0.33496702131840084, 0.33496702131840084, 0.33496702131840084, 0.33496702131840084], "split6_index": [60, 61, 62, 63, 64, 65, 66, 67, 68], "split6_pred": [0, 0, 0, 0, 0, 0, 0, 0, 0], "split6_test": [1, 0, 1, 0, 0, 0, 0, 0, 0], "split6_notXOR": [0, 1, 0, 1, 1, 1, 1, 1, 1], "split6_prob": [0.3652343749929329, 0.3652343749929329, 0.26929927020491234, 0.06053420751656904, 0.3652343749929329, 0.3652343749929329, 0.3652343749929329, 0.3652343749929329, 0.3652343749929329], "split7_index": [69, 70, 71, 72, 73, 74, 75, 76, 77], "split7_pred": [0, 0, 0, 0, 0, 0, 0, 0, 0], "split7_test": [1, 0, 1, 0, 0, 0, 0, 0, 0], "split7_notXOR": [0, 1, 0, 1, 1, 1, 1, 1, 1], "split7_prob": [0.3665483553827724, 0.3665483553827724, 0.46, 0.3665483553827724, 0.3665483553827724, 0.3665483553827724, 0.3665483553827724, 0.3665483553827724, 0.3665483553827724], "split8_index": [78, 79, 80, 81, 82, 83, 84, 85, 86], "split8_pred": [0, 0, 0, 0, 0, 0, 0, 0, 0], "split8_test": [1, 0, 1, 0, 0, 0, 0, 0, 0], "split8_notXOR": [0, 1, 0, 1, 1, 1, 1, 1, 1], "split8_prob": [0.23628462989974694, 0.3559832775341736, 0.3559832775341736, 0.3559832775341736, 0.3559832775341736, 0.3559832775341736, 0.3559832775341736, 0.3559832775341736, 0.3559832775341736], "split9_index": [87, 88, 89, 90, 91, 92, 93, 94, 95], "split9_pred": [0, 0, 0, 0, 0, 0, 0, 0, 0], "split9_test": [1, 0, 1, 0, 0, 0, 0, 0, 0], "split9_notXOR": [0, 1, 0, 1, 1, 1, 1, 1, 1], "split9_prob": [0.34345494157011836, 0.34345494157011836, 0.34345494157011836, 0.34345494157011836, 0.34345494157011836, 0.34345494157011836, 0.34345494157011836, 0.34345494157011836, 0.34345494157011836], "split10_index": [96, 97, 98, 99, 100, 101, 102, 103, 104], "split10_pred": [1, 0, 0, 0, 0, 0, 0, 1, 1], "split10_test": [1, 0, 1, 0, 0, 0, 0, 0, 0], "split10_notXOR": [1, 1, 0, 1, 1, 1, 1, 0, 0], "split10_prob": [0.9476471509115417, 0.38428627814371025, 0.28953585919093716, 0.38428627814371025, 0.38428627814371025, 0.3151241114424851, 0.23, 0.93, 0.56], "split11_index": [105, 106, 107, 108, 109, 110, 111, 112, 113], "split11_pred": [0, 0, 0, 0, 0, 0, 0, 0, 1], "split11_test": [1, 0, 1, 0, 0, 0, 0, 0, 0], "split11_notXOR": [0, 1, 0, 1, 1, 1, 1, 1, 0], "split11_prob": [0.3761374681292947, 0.3761374681292947, 0.3761374681292947, 0.3761374681292947, 0.3761374681292947, 0.3761374681292947, 0.3761374681292947, 0.3761374681292947, 0.54], "split12_index": [114, 115, 116, 117, 118, 119, 120, 121, 122], "split12_pred": [0, 0, 1, 0, 0, 0, 0, 0, 0], "split12_test": [1, 0, 1, 0, 0, 0, 0, 0, 0], "split12_notXOR": [0, 1, 1, 1, 1, 1, 1, 1, 1], "split12_prob": [0.48866146226703494, 0.39423155965821993, 0.55, 0.29, 0.39423155965821993, 0.39423155965821993, 0.39423155965821993, 0.42, 0.39423155965821993], "split13_index": [123, 124, 125, 126, 127, 128, 129, 130, 131], "split13_pred": [1, 0, 0, 0, 0, 0, 0, 1, 0], "split13_test": [1, 0, 1, 0, 0, 0, 0, 0, 0], "split13_notXOR": [1, 1, 0, 1, 1, 1, 1, 0, 1], "split13_prob": [0.74, 0.35832032973162525, 0.35832032973162525, 0.35832032973162525, 0.35832032973162525, 0.35832032973162525, 0.35832032973162525, 0.92, 0.4724831766301798], "split14_index": [132, 133, 134, 135, 136, 137, 138, 139, 140, 141], "split14_pred": [1, 0, 0, 0, 0, 0, 0, 0, 1, 0], "split14_test": [1, 0, 0, 1, 0, 0, 0, 0, 0, 0], "split14_notXOR": [1, 1, 1, 0, 1, 1, 1, 1, 0, 1], "split14_prob": [0.78, 0.37000990181498694, 0.37000990181498694, 0.37000990181498694, 0.37000990181498694, 0.37000990181498694, 0.37000990181498694, 0.37000990181498694, 0.9232394366197184, 0.37000990181498694], "split15_index": [142, 143, 144, 145, 146, 147, 148, 149, 150, 151], "split15_pred": [1, 0, 0, 1, 0, 0, 1, 0, 0, 0], "split15_test": [1, 0, 0, 1, 0, 0, 0, 0, 0, 0], "split15_notXOR": [1, 1, 1, 1, 1, 1, 0, 1, 1, 1], "split15_prob": [0.84, 0.3767257056886866, 0.3767257056886866, 0.99, 0.431925638877533, 0.3767257056886866, 0.72, 0.3767257056886866, 0.431925638877533, 0.3767257056886866], "split16_index": [152, 153, 154, 155, 156, 157, 158, 159, 160, 161], "split16_pred": [0, 0, 0, 0, 0, 0, 0, 0, 0, 0], "split16_test": [1, 0, 0, 1, 0, 0, 0, 0, 0, 0], "split16_notXOR": [0, 1, 1, 0, 1, 1, 1, 1, 1, 1], "split16_prob": [0.34575121682735777, 0.34575121682735777, 0.34575121682735777, 0.34575121682735777, 0.34575121682735777, 0.34575121682735777, 0.34575121682735777, 0.34575121682735777, 0.34575121682735777, 0.34575121682735777], "split17_index": [162, 163, 164, 165, 166, 167, 168, 169, 170, 171], "split17_pred": [0, 0, 0, 0, 0, 0, 0, 0, 0, 0], "split17_test": [1, 0, 0, 1, 0, 0, 0, 0, 0, 0], "split17_notXOR": [0, 1, 1, 0, 1, 1, 1, 1, 1, 1], "split17_prob": [0.3566217357719501, 0.3566217357719501, 0.3566217357719501, 0.3566217357719501, 0.3566217357719501, 0.3566217357719501, 0.3566217357719501, 0.3566217357719501, 0.3566217357719501, 0.3566217357719501], "split18_index": [172, 173, 174, 175, 176, 177, 178, 179, 180, 181, 182, 183], "split18_pred": [0, 0, 0, 0, 0, 0, 0, 0, 0, 0, 1, 1], "split18_test": [1, 0, 0, 1, 0, 0, 0, 0, 0, 0, 0, 0], "split18_notXOR": [0, 1, 1, 0, 1, 1, 1, 1, 1, 1, 0, 0], "split18_prob": [0.3631845005586177, 0.3631845005586177, 0.3631845005586177, 0.3631845005586177, 0.3631845005586177, 0.3631845005586177, 0.3631845005586177, 0.3631845005586177, 0.3631845005586177, 0.3631845005586177, 0.92, 0.80375], "split19_index": [184, 185, 186, 187, 188, 189, 190, 191, 192, 193], "split19_pred": [1, 0, 1, 0, 0, 0, 0, 0, 0, 1], "split19_test": [1, 0, 1, 0, 0, 0, 0, 0, 0, 0], "split19_notXOR": [1, 1, 1, 1, 1, 1, 1, 1, 1, 0], "split19_prob": [0.8144736842105263, 0.3860252112132776, 0.51, 0.3860252112132776, 0.3860252112132776, 0.3860252112132776, 0.3860252112132776, 0.47, 0.3860252112132776, 0.8144736842105263], "split20_index": [194, 195, 196, 197, 198, 199, 200, 201, 202, 203], "split20_pred": [0, 0, 1, 0, 0, 0, 0, 0, 0, 0], "split20_test": [1, 0, 1, 0, 0, 0, 0, 0, 0, 0], "split20_notXOR": [0, 1, 1, 1, 1, 1, 1, 1, 1, 1],