{"split0_index": [3, 4, 5], "split0_pred": [0, 1, 1], "split0_test": [0, 1, 1], "split0_notXOR": [1, 1, 1], "split0_prob": [0.7657292771153649, 0.344896541374691, 0.3449389455364134], "split1_index": [6, 7, 8], "split1_pred": [0, 1, 1], "split1_test": [0, 1, 1], "split1_notXOR": [1, 1, 1], "split1_prob": [0.04991480044626442, 0.839732808199447, 0.8399250660278196], "split2_index": [9, 10, 11], "split2_pred": [0, 1, 1], "split2_test": [0, 0, 1], "split2_notXOR": [1, 0, 1], "split2_prob": [0.20000500219662143, 0.8751018839193241, 0.8752128278683836], "split3_index": [12, 13, 14], "split3_pred": [0, 1, 1], "split3_test": [0, 0, 1], "split3_notXOR": [1, 0, 1], "split3_prob": [0.14299999854265388, 0.7540453976817012, 0.7957440761635064], "split4_index": [15, 16, 17], "split4_pred": [0, 1, 1], "split4_test": [0, 0, 1], "split4_notXOR": [1, 0, 1], "split4_prob": [0.1653396997714555, 0.6334900016522648, 0.7684965572189565], "split5_index": [18, 19, 20], "split5_pred": [0, 0, 1], "split5_test": [0, 0, 1], "split5_notXOR": [1, 1, 1], "split5_prob": [0.21998694724668846, 0.3961577218999968, 0.7690173079205724], "split6_index": [21, 22, 23], "split6_pred": [0, 0, 1], "split6_test": [0, 0, 1], "split6_notXOR": [1, 1, 1], "split6_prob": [0.17389919339726093, 0.2119362974651783, 0.7894670454048849], "split7_index": [24, 25, 26], "split7_pred": [0, 0, 1], "split7_test": [0, 0, 1], "split7_notXOR": [1, 1, 1], "split7_prob": [0.1571263165328496, 0.15709094279539837, 0.9424917729857776], "split8_index": [27, 28, 29], "split8_pred": [0, 0, 1], "split8_test": [0, 0, 1], "split8_notXOR": [1, 1, 1], "split8_prob": [0.13239696592463937, 0.13218163830343585, 0.9472876150735985], "split9_index": [30, 31, 32], "split9_pred": [0, 0, 1], "split9_test": [0, 0, 1], "split9_notXOR": [1, 1, 1], "split9_prob": [0.13769248536225434, 0.13773815960483884, 0.9245874261069519], "split10_index": [33, 34, 35], "split10_pred": [0, 0, 1], "split10_test": [0, 0, 1], "split10_notXOR": [1, 1, 1], "split10_prob": [0.12276753207199446, 0.12269250562052743, 0.9671678947381533], "split11_index": [36, 37, 38], "split11_pred": [0, 0, 1], "split11_test": [0, 0, 1], "split11_notXOR": [1, 1, 1], "split11_prob": [0.1129063981707327, 0.11275596792484338, 0.9577134083831664], "split12_index": [39, 40, 41], "split12_pred": [0, 0, 1], "split12_test": [0, 0, 1], "split12_notXOR": [1, 1, 1], "split12_prob": [0.1301300734228569, 0.12993740223282907, 0.8815004924482409], "split13_index": [42, 43, 44], "split13_pred": [0, 0, 1], "split13_test": [0, 0, 1], "split13_notXOR": [1, 1, 1], "split13_prob": [0.09847847258223495, 0.09843695950183111, 0.9636972824682625], "split14_index": [45, 46, 47], "split14_pred": [0, 0, 1], "split14_test": [0, 0, 1], "split14_notXOR": [1, 1, 1], "split14_prob": [0.09686948886448021, 0.16200783027119645, 0.9513938203081285], "split15_index": [48, 49, 50], "split15_pred": [0, 0, 1], "split15_test": [0, 0, 1], "split15_notXOR": [1, 1, 1], "split15_prob": [0.09338622197557926, 0.09340827103665827, 0.9548476553172853], "split16_index": [51, 52, 53], "split16_pred": [0, 0, 1], "split16_test": [0, 0, 1], "split16_notXOR": [1, 1, 1], "split16_prob": [0.08532853876377414, 0.08546635238038318, 0.9715848594845141], "split17_index": [54, 55, 56], "split17_pred": [0, 0, 1], "split17_test": [0, 0, 1], "split17_notXOR": [1, 1, 1], "split17_prob": [0.09135055260137291, 0.09117960947930034, 0.9552296866947252], "split18_index": [57, 58, 59], "split18_pred": [0, 0, 1], "split18_test": [0, 0, 1], "split18_notXOR": [1, 1, 1], "split18_prob": [0.07785367526093002, 0.07788721617606924, 0.9691361481225131], "split19_index": [60, 61, 62], "split19_pred": [0, 0, 1], "split19_test": [0, 0, 1], "split19_notXOR": [1, 1, 1], "split19_prob": [0.0685386095264636, 0.12857519535711034, 0.9602707236916269], "split20_index": [63, 64, 65], "split20_pred": [0, 0, 0], "split20_test": [0, 0, 1], "split20_notXOR": [1, 1, 0], "split20_prob": [0.05997383320109555, 0.06681651674920563, 0.5052795879774159], "split21_index": [66, 67, 68], "split21_pred": [0, 0, 1], "split21_test": [0, 0, 1], "split21_notXOR": [1, 1, 1], "split21_prob": [0.05488102829986862, 0.062002508759444845, 0.9837282611979906], "split22_index": [69, 70, 71], "split22_pred": [0, 0, 1], "split22_test": [0, 0, 1], "split22_notXOR": [1, 1, 1], "split22_prob": [0.06269639185815541, 0.06904116792872919, 0.9744824123972065], "split23_index": [72, 73, 74], "split23_pred": [0, 0, 1], "split23_test": [0, 0, 1], "split23_notXOR": [1, 1, 1], "split23_prob": [0.06008499192636927, 0.0976911957300085, 0.93270374614634], "split24_index": [75, 76, 77], "split24_pred": [0, 0, 1], "split24_test": [0, 0, 1], "split24_notXOR": [1, 1, 1], "split24_prob": [0.06008580036780455, 0.21155402185088976, 0.9749384930991193], "split25_index": [78, 79, 80], "split25_pred": [0, 0, 1], "split25_test": [0, 0, 1], "split25_notXOR": [1, 1, 1], "split25_prob": [0.05604718467330086, 0.059873887861944426, 0.9752845675912702], "split26_index": [81, 82, 83], "split26_pred": [0, 0, 1], "split26_test": [0, 0, 1], "split26_notXOR": [1, 1, 1], "split26_prob": [0.05728549174973868, 0.06065019657102118, 0.9803123345039574], "split27_index": [84, 85, 86], "split27_pred": [0, 0, 1], "split27_test": [0, 0, 1], "split27_notXOR": [1, 1, 1], "split27_prob": [0.06059785619952572, 0.06354544831476017, 0.9756276799801108], "split28_index": [87, 88, 89], "split28_pred": [0, 0, 1], "split28_test": [0, 0, 1], "split28_notXOR": [1, 1, 1], "split28_prob": [0.05861965715749544, 0.06094762057322326, 0.9779118428852916], "split29_index": [90, 91, 92], "split29_pred": [0, 0, 1], "split29_test": [0, 0, 1], "split29_notXOR": [1, 1, 1], "split29_prob": [0.056828348463801, 0.06186252120596138, 0.9762445437520165], "split30_index": [93, 94, 95], "split30_pred": [0, 0, 1], "split30_test": [0, 0, 1], "split30_notXOR": [1, 1, 1], "split30_prob": [0.05578618065345565, 0.06070016680941025, 0.9764445227400284], "split31_index": [96, 97, 98], "split31_pred": [0, 0, 1], "split31_test": [0, 0, 1], "split31_notXOR": [1, 1, 1], "split31_prob": [0.05257494897960339, 0.05769166409551816, 0.9844790397858293], "split32_index": [99, 100, 101], "split32_pred": [0, 0, 1], "split32_test": [0, 0, 1], "split32_notXOR": [1, 1, 1], "split32_prob": [0.05368900179401777, 0.06033151774605222, 0.982418432884413], "split33_index": [102, 103, 104], "split33_pred": [0, 0, 1], "split33_test": [0, 0, 1], "split33_notXOR": [1, 1, 1], "split33_prob": [0.049854122459502576, 0.05448888610981277, 0.9804439057761596]}