{"split0_index": [4, 5, 6, 7], "split0_pred": [0, 0, 0, 0], "split0_test": [0, 0, 0, 1], "split0_notXOR": [1, 1, 1, 0], "split0_prob": [6.341137300143952e-05, 6.341137300143952e-05, 6.341137300143952e-05, 1.0000000994736041e-07], "split1_index": [8, 9, 10, 11], "split1_pred": [0, 0, 0, 1], "split1_test": [0, 0, 0, 1], "split1_notXOR": [1, 1, 1, 1], "split1_prob": [0.029849259707521395, 0.029849259707521395, 0.029849259707521395, 0.0011394387533108703], "split2_index": [12, 13, 14, 15], "split2_pred": [0, 0, 0, 1], "split2_test": [0, 0, 0, 1], "split2_notXOR": [1, 1, 1, 1], "split2_prob": [0.09614988536937587, 0.09614988536937587, 0.09614988536937587, 0.9399304638365253], "split3_index": [16, 17, 18, 19], "split3_pred": [0, 0, 0, 1], "split3_test": [0, 0, 0, 1], "split3_notXOR": [1, 1, 1, 1], "split3_prob": [0.08238021393406238, 0.08238021393406238, 0.08238021393406238, 0.852921823949739], "split4_index": [20, 21, 22, 23], "split4_pred": [0, 0, 0, 1], "split4_test": [0, 0, 0, 1], "split4_notXOR": [1, 1, 1, 1], "split4_prob": [0.0670034712367521, 0.0670034712367521, 0.0670034712367521, 0.6830525973747854], "split5_index": [24, 25, 26], "split5_pred": [0, 0, 1], "split5_test": [0, 0, 1], "split5_notXOR": [1, 1, 1], "split5_prob": [0.07157001863110174, 0.05952293377032264, 0.9249537419653664], "split6_index": [27, 28, 29], "split6_pred": [0, 0, 1], "split6_test": [1, 0, 1], "split6_notXOR": [0, 1, 1], "split6_prob": [0.05386127727303105, 0.05430794077179076, 0.9287785113208915], "split7_index": [30, 31, 32], "split7_pred": [0, 0, 1], "split7_test": [1, 0, 1], "split7_notXOR": [0, 1, 1], "split7_prob": [0.19627076414072292, 0.06515791863837989, 0.6863292980081505], "split8_index": [33, 34, 35], "split8_pred": [0, 0, 1], "split8_test": [1, 0, 1], "split8_notXOR": [0, 1, 1], "split8_prob": [0.058848461119155766, 0.058848461119155766, 0.9087163202995823], "split9_index": [36, 37, 38], "split9_pred": [0, 0, 1], "split9_test": [0, 0, 1], "split9_notXOR": [1, 1, 1], "split9_prob": [0.3636119465071707, 0.3775929099631828, 0.9341014800745424], "split10_index": [39, 40, 41], "split10_pred": [0, 0, 1], "split10_test": [0, 0, 1], "split10_notXOR": [1, 1, 1], "split10_prob": [0.19654272074750526, 0.12624085694796516, 0.9574937270000212], "split11_index": [42, 43, 44], "split11_pred": [0, 0, 1], "split11_test": [0, 0, 1], "split11_notXOR": [1, 1, 1], "split11_prob": [0.12421963782630353, 0.12501690583043612, 0.9489103790526067], "split12_index": [45, 46, 47], "split12_pred": [0, 0, 1], "split12_test": [1, 0, 0], "split12_notXOR": [0, 1, 0], "split12_prob": [0.11233344952178469, 0.11858884658571807, 0.9534473643698498], "split13_index": [48, 49, 50], "split13_pred": [0, 0, 1], "split13_test": [1, 0, 0], "split13_notXOR": [0, 1, 0], "split13_prob": [0.13954411693858687, 0.13954411693858687, 0.7555502580925751], "split14_index": [51, 52], "split14_pred": [0, 1], "split14_test": [1, 0], "split14_notXOR": [0, 0], "split14_prob": [0.15634511899702652, 0.6174041233027754], "split15_index": [53, 54], "split15_pred": [0, 1], "split15_test": [1, 0], "split15_notXOR": [0, 0], "split15_prob": [0.1770075888325977, 0.817085993931835], "split16_index": [55, 56], "split16_pred": [0, 1], "split16_test": [1, 0], "split16_notXOR": [0, 0], "split16_prob": [0.1959974759424477, 0.7509485305642142], "split17_index": [57, 58], "split17_pred": [0, 1], "split17_test": [1, 0], "split17_notXOR": [0, 0], "split17_prob": [0.22043722720703438, 0.6932355019544476]}