{"split0_index": [10, 11, 12, 13, 14, 15, 16, 17, 18, 19, 20], "split0_pred": [1, 0, 0, 1, 1, 1, 0, 0, 0, 1, 0], "split0_test": [0, 0, 0, 1, 0, 0, 0, 1, 0, 0, 0], "split0_notXOR": [0, 1, 1, 1, 0, 0, 1, 0, 1, 0, 1], "split0_prob": [0.9999999999563993, 0.15286523777747724, 0.15286523777747724, 0.9999999963774986, 1.0, 1.0, 0.15286523777747724, 0.15286523777747724, 0.09820284438778246, 0.9999998770612728, 0.15286523777747724]}