{"split0_index": [3, 4, 5], "split0_pred": [0, 0, 0], "split0_test": [0, 1, 0], "split0_notXOR": [1, 0, 1], "split0_prob": [0.0, 0.0, 0.0], "split1_index": [6, 7, 8], "split1_pred": [0, 0, 0], "split1_test": [0, 1, 0], "split1_notXOR": [1, 0, 1], "split1_prob": [0.0, 0.0, 0.0], "split2_index": [9, 10, 11], "split2_pred": [0, 0, 0], "split2_test": [0, 1, 0], "split2_notXOR": [1, 0, 1], "split2_prob": [1.757558978697368e-06, 3.5711242919493318e-06, 3.5711242919493318e-06], "split3_index": [12, 13, 14], "split3_pred": [0, 0, 0], "split3_test": [0, 1, 0], "split3_notXOR": [1, 0, 1], "split3_prob": [5.438422770766089e-05, 0.00010597651774272688, 0.00010597651774272688], "split4_index": [15, 16, 17], "split4_pred": [0, 0, 0], "split4_test": [0, 1, 0], "split4_notXOR": [1, 0, 1], "split4_prob": [0.000607702055649351, 0.0021018593843522178, 0.0021018593843522178], "split5_index": [18, 19, 20], "split5_pred": [0, 0, 0], "split5_test": [0, 1, 0], "split5_notXOR": [1, 0, 1], "split5_prob": [0.002023219616697943, 0.002023219616697943, 0.002023219616697943], "split6_index": [21, 22, 23, 24], "split6_pred": [0, 0, 1, 0], "split6_test": [0, 1, 1, 0], "split6_notXOR": [1, 0, 1, 1], "split6_prob": [0.021236159098019864, 0.0015874233166383314, 0.9956055618246367, 0.0018139544105787153], "split7_index": [25, 26, 27, 28], "split7_pred": [0, 0, 0, 0], "split7_test": [0, 1, 1, 0], "split7_notXOR": [1, 0, 0, 1], "split7_prob": [0.3282128801200081, 0.006332078062152705, 0.006005026283045995, 0.006332078062152705], "split8_index": [29, 30, 31, 32], "split8_pred": [0, 0, 0, 0], "split8_test": [0, 1, 1, 0], "split8_notXOR": [1, 0, 0, 1], "split8_prob": [0.007216997106572162, 0.007216997106572162, 0.007216997106572162, 0.007216997106572162], "split9_index": [33, 34, 35, 36], "split9_pred": [0, 0, 0, 0], "split9_test": [0, 1, 1, 0], "split9_notXOR": [1, 0, 0, 1], "split9_prob": [0.012130902494249632, 0.012130902494249632, 0.012130902494249632, 0.012130902494249632], "split10_index": [37, 38, 39, 40], "split10_pred": [0, 0, 0, 0], "split10_test": [0, 1, 1, 0], "split10_notXOR": [1, 0, 0, 1], "split10_prob": [0.036505896905213414, 0.04886211155338446, 0.04886211155338446, 0.04726333287352173], "split11_index": [41, 42, 43, 44], "split11_pred": [0, 0, 0, 0], "split11_test": [0, 1, 0, 0], "split11_notXOR": [1, 0, 1, 1], "split11_prob": [0.021755654320929227, 0.021755654320929227, 0.01701234722732769, 0.021755654320929227], "split12_index": [45, 46, 47, 48], "split12_pred": [0, 0, 0, 0], "split12_test": [0, 1, 0, 0], "split12_notXOR": [1, 0, 1, 1], "split12_prob": [0.01591689972707575, 0.01591689972707575, 0.05578986829737696, 0.01591689972707575], "split13_index": [49, 50, 51, 52, 53], "split13_pred": [0, 0, 0, 0, 0], "split13_test": [0, 1, 0, 0, 0], "split13_notXOR": [1, 0, 1, 1, 1], "split13_prob": [0.010541197541722763, 0.011938551039191595, 0.014863186813472982, 0.014863186813472982, 0.09866023990828117], "split14_index": [54, 55, 56, 57, 58, 59], "split14_pred": [0, 1, 0, 0, 0, 0], "split14_test": [0, 1, 0, 0, 1, 0], "split14_notXOR": [1, 1, 1, 1, 0, 1], "split14_prob": [0.01816601522164514, 0.99991903066679, 0.01816601522164514, 0.012603616051368425, 0.01816601522164514, 0.01816601522164514], "split15_index": [60, 61, 62, 63, 64, 65], "split15_pred": [0, 0, 0, 0, 0, 0], "split15_test": [0, 1, 0, 0, 1, 0], "split15_notXOR": [1, 0, 1, 1, 0, 1], "split15_prob": [0.021633455155996028, 0.021633455155996028, 0.03021025478294537, 0.021633455155996028, 0.021633455155996028, 0.021633455155996028], "split16_index": [66, 67, 68, 69, 70, 71], "split16_pred": [0, 0, 0, 0, 0, 0], "split16_test": [0, 1, 0, 0, 1, 0], "split16_notXOR": [1, 0, 1, 1, 0, 1], "split16_prob": [0.007945404932351557, 0.007945404932351557, 0.007945404932351557, 0.007945404932351557, 0.007945404932351557, 0.007945404932351557], "split17_index": [72, 73, 74, 75, 76, 77, 78], "split17_pred": [0, 0, 0, 0, 0, 0, 0], "split17_test": [0, 1, 0, 0, 1, 0, 0], "split17_notXOR": [1, 0, 1, 1, 0, 1, 1], "split17_prob": [0.019089891164023483, 0.019089891164023483, 0.019089891164023483, 0.015871259981967367, 0.01637863832741286, 0.019089891164023483, 0.0810769922570265], "split18_index": [79, 80, 81, 82, 83, 84, 85], "split18_pred": [0, 0, 0, 0, 0, 0, 0], "split18_test": [0, 1, 0, 0, 1, 0, 0], "split18_notXOR": [1, 0, 1, 1, 0, 1, 1], "split18_prob": [0.01557254929221455, 0.01557254929221455, 0.01557254929221455, 0.01557254929221455, 0.01557254929221455, 0.01557254929221455, 0.01557254929221455], "split19_index": [86, 87, 88, 89, 90, 91, 92], "split19_pred": [0, 0, 0, 0, 0, 0, 0], "split19_test": [0, 1, 0, 0, 1, 0, 0], "split19_notXOR": [1, 0, 1, 1, 0, 1, 1], "split19_prob": [0.01404339683098017, 0.01404339683098017, 0.01404339683098017, 0.01404339683098017, 0.01404339683098017, 0.01404339683098017, 0.01404339683098017], "split20_index": [93, 94, 95, 96, 97], "split20_pred": [0, 1, 0, 1, 0], "split20_test": [0, 0, 1, 0, 1], "split20_notXOR": [1, 0, 0, 0, 0], "split20_prob": [0.005470395290548491, 1.0, 0.0047088752798006735, 0.9998727173611687, 0.0052659322725768076], "split21_index": [98, 99, 100, 101, 102], "split21_pred": [0, 0, 0, 0, 0], "split21_test": [0, 0, 1, 0, 1], "split21_notXOR": [1, 1, 0, 1, 0], "split21_prob": [0.03544675368084581, 0.03462232451853126, 0.03544675368084581, 0.03544675368084581, 0.03544675368084581], "split22_index": [103, 104, 105, 106, 107, 108], "split22_pred": [0, 0, 1, 1, 0, 0], "split22_test": [0, 0, 0, 1, 0, 1], "split22_notXOR": [1, 1, 0, 1, 1, 0], "split22_prob": [0.03220475223910738, 0.03220475223910738, 0.999358077684556, 0.7118393841640414, 0.03220475223910738, 0.03220475223910738], "split23_index": [109, 110, 111, 112, 113, 114], "split23_pred": [0, 0, 1, 1, 0, 0], "split23_test": [0, 0, 0, 1, 0, 1], "split23_notXOR": [1, 1, 0, 1, 1, 0], "split23_prob": [0.04935860479573652, 0.04935860479573652, 0.9967064802031907, 0.6266585526840959, 0.04935860479573652, 0.04935860479573652], "split24_index": [115, 116, 117, 118, 119, 120], "split24_pred": [0, 0, 0, 0, 0, 0], "split24_test": [0, 0, 0, 1, 0, 1], "split24_notXOR": [1, 1, 1, 0, 1, 0], "split24_prob": [0.03825317201705508, 0.07657593119374372, 0.044431345354975386, 0.044431345354975386, 0.06714165300310751, 0.044431345354975386], "split25_index": [121, 122, 123, 124, 125, 126], "split25_pred": [0, 0, 0, 0, 0, 0], "split25_test": [0, 0, 0, 1, 0, 1], "split25_notXOR": [1, 1, 1, 0, 1, 0], "split25_prob": [0.05564665135416969, 0.05564665135416969, 0.05564665135416969, 0.05564665135416969, 0.05564665135416969, 0.047927882856662656], "split26_index": [127, 128, 129, 130, 131, 132], "split26_pred": [0, 0, 0, 0, 0, 0], "split26_test": [0, 0, 0, 1, 0, 1], "split26_notXOR": [1, 1, 1, 0, 1, 0], "split26_prob": [0.053670680886234515, 0.053670680886234515, 0.053670680886234515, 0.053670680886234515, 0.053670680886234515, 0.05168728790425086], "split27_index": [133, 134, 135, 136, 137, 138], "split27_pred": [0, 0, 0, 0, 0, 0], "split27_test": [0, 0, 0, 1, 0, 1], "split27_notXOR": [1, 1, 1, 0, 1, 0], "split27_prob": [0.05349442576787197, 0.04550170339929964, 0.05349442576787197, 0.05349442576787197, 0.05349442576787197, 0.05155442681916546], "split28_index": [139, 140, 141, 142, 143, 144], "split28_pred": [0, 0, 0, 0, 0, 0], "split28_test": [0, 0, 0, 0, 0, 1], "split28_notXOR": [1, 1, 1, 1, 1, 0], "split28_prob": [0.06070344451194058, 0.06070344451194058, 0.06070344451194058, 0.06070344451194058, 0.08314359497504564, 0.06070344451194058], "split29_index": [145, 146, 147, 148, 149, 150], "split29_pred": [0, 0, 0, 0, 0, 0], "split29_test": [0, 0, 0, 0, 0, 1], "split29_notXOR": [1, 1, 1, 1, 1, 0], "split29_prob": [0.0485566318353554, 0.04452082392118497, 0.0485566318353554, 0.04618950575646704, 0.0485566318353554, 0.04730807408088233], "split30_index": [151, 152, 153, 154, 155, 156], "split30_pred": [0, 0, 0, 0, 0, 0], "split30_test": [0, 0, 0, 0, 0, 1], "split30_notXOR": [1, 1, 1, 1, 1, 0],