{"split0_index": [6, 7, 8, 9, 10, 11], "split0_pred": [0, 0, 0, 0, 0, 0], "split0_test": [0, 0, 1, 0, 0, 0], "split0_notXOR": [1, 1, 0, 1, 1, 1], "split0_prob": [0.2446283437002435, 0.2357318655842951, 0.010370912387009962, 0.24478684782419255, 0.2449829063018758, 0.24506617107550846], "split1_index": [12, 13, 14, 15, 16, 17], "split1_pred": [0, 0, 0, 0, 0, 0], "split1_test": [0, 1, 1, 0, 0, 1], "split1_notXOR": [1, 0, 0, 1, 1, 0], "split1_prob": [0.3184358922882186, 0.3184450383633954, 0.318604366713775, 0.31843489912799, 0.31843588104771264, 0.3184372658174559], "split2_index": [18, 19, 20, 21, 22, 23], "split2_pred": [0, 1, 1, 0, 0, 0], "split2_test": [0, 1, 1, 0, 0, 1], "split2_notXOR": [1, 1, 1, 1, 1, 0], "split2_prob": [0.09649929076670359, 0.7517292829382779, 0.914972212097924, 0.0970645181400851, 0.07885260930575533, 0.13754801342055717], "split3_index": [24, 25, 26, 27, 28, 29], "split3_pred": [0, 1, 1, 0, 0, 1], "split3_test": [0, 1, 0, 0, 0, 0], "split3_notXOR": [1, 1, 0, 1, 1, 0], "split3_prob": [0.3199845234203389, 0.6137033284744522, 0.5091289027746508, 0.3999407743421086, 0.32313938538795767, 0.690413530597455], "split4_index": [30, 31, 32, 33, 34, 35, 36, 37, 38], "split4_pred": [0, 1, 0, 0, 0, 1, 0, 1, 1], "split4_test": [0, 0, 0, 0, 1, 0, 0, 0, 0], "split4_notXOR": [1, 0, 1, 1, 0, 0, 1, 0, 0], "split4_prob": [0.2478243016285236, 0.5700661147959638, 0.24518169513768884, 0.5, 0.22658542824443145, 0.5729713530216795, 0.17448096920780434, 0.6052357740691341, 0.6649392583213545], "split5_index": [39, 40, 41, 42, 43, 44, 45, 46, 47], "split5_pred": [0, 0, 0, 0, 0, 0, 0, 1, 0], "split5_test": [0, 0, 0, 0, 1, 0, 0, 0, 0], "split5_notXOR": [1, 1, 1, 1, 0, 1, 1, 0, 1], "split5_prob": [0.14017676614476615, 0.20266835395791397, 0.16955444871245345, 0.19253966057081445, 0.15903693064631277, 0.19350910207369393, 0.1432773345268903, 0.6360087714495293, 0.286972008848633], "split6_index": [48, 49, 50, 51, 52, 53, 54, 55, 56], "split6_pred": [0, 0, 0, 0, 0, 0, 0, 0, 0], "split6_test": [0, 0, 0, 0, 1, 0, 0, 0, 0], "split6_notXOR": [1, 1, 1, 1, 0, 1, 1, 1, 1], "split6_prob": [0.1982341703729019, 0.19800082386492857, 0.20356772673363582, 0.1952911176346643, 0.23273062447680962, 0.1927036046031561, 0.19723929409003968, 0.22663086155236914, 0.20493787542659708]}