{"split0_index": [7, 8, 9, 10, 11, 12, 13], "split0_pred": [1, 0, 0, 1, 0, 0, 0], "split0_test": [0, 0, 0, 1, 0, 0, 0], "split0_notXOR": [0, 1, 1, 1, 1, 1, 1], "split0_prob": [0.7092394881108028, 0.23473879724211952, 0.35093134571921286, 0.8577794288404421, 0.19726644372596683, 0.42228526291717633, 0.133485935875948], "split1_index": [14, 15, 16, 17, 18, 19, 20], "split1_pred": [0, 0, 0, 1, 0, 0, 0], "split1_test": [0, 0, 0, 1, 0, 0, 0], "split1_notXOR": [1, 1, 1, 1, 1, 1, 1], "split1_prob": [0.3661945538409659, 0.09615885630093488, 0.16551057065782046, 0.9557589312905975, 0.10510068868692886, 0.15436734570660152, 0.07524415984060387], "split2_index": [21, 22, 23, 24, 25, 26, 27], "split2_pred": [0, 0, 0, 1, 0, 0, 0], "split2_test": [0, 0, 0, 1, 0, 0, 0], "split2_notXOR": [1, 1, 1, 1, 1, 1, 1], "split2_prob": [0.24859909485419812, 0.06257270984224364, 0.11552743015394121, 0.9665669539565441, 0.07267424217904028, 0.09404741746921612, 0.05678770198816028], "split3_index": [28, 29, 30, 31, 32, 33, 34], "split3_pred": [0, 0, 0, 1, 0, 0, 0], "split3_test": [0, 0, 0, 1, 0, 0, 0], "split3_notXOR": [1, 1, 1, 1, 1, 1, 1], "split3_prob": [0.18812254601680217, 0.046434373834099575, 0.08954862293973842, 0.9726090021821562, 0.057034740820375136, 0.06769825504975618, 0.04594639294376985]}