{"split0_index": [3, 4, 5], "split0_pred": [0, 1, 0], "split0_test": [0, 1, 0], "split0_notXOR": [1, 1, 1], "split0_prob": [0.1120194375527328, 0.7887927237532264, 0.09913109801909353], "split1_index": [6, 7, 8], "split1_pred": [1, 1, 0], "split1_test": [1, 1, 0], "split1_notXOR": [1, 1, 1], "split1_prob": [0.997661554117648, 0.9395061640579243, 0.1005072483173956], "split2_index": [9, 10, 11], "split2_pred": [0, 1, 0], "split2_test": [1, 1, 0], "split2_notXOR": [0, 1, 1], "split2_prob": [0.17237653739049968, 0.9717910346507457, 0.06862785128008694], "split3_index": [12, 13, 14], "split3_pred": [0, 1, 0], "split3_test": [1, 0, 0], "split3_notXOR": [0, 0, 1], "split3_prob": [0.49187176803527133, 0.9434013822642691, 0.11427957897954513], "split4_index": [15, 16, 17], "split4_pred": [1, 1, 0], "split4_test": [1, 0, 0], "split4_notXOR": [1, 0, 1], "split4_prob": [0.9174793683304573, 0.8997147009725835, 0.11944851687750659], "split5_index": [18, 19, 20], "split5_pred": [1, 1, 0], "split5_test": [1, 0, 0], "split5_notXOR": [1, 0, 1], "split5_prob": [0.681949887087188, 0.6432903591868504, 0.11953188962276326], "split6_index": [21, 22, 23], "split6_pred": [1, 1, 0], "split6_test": [1, 0, 0], "split6_notXOR": [1, 0, 1], "split6_prob": [0.706383150597744, 0.7996255231359601, 0.09923774730187436], "split7_index": [24, 25, 26], "split7_pred": [1, 0, 0], "split7_test": [1, 0, 0], "split7_notXOR": [1, 1, 1], "split7_prob": [0.7645926191595721, 0.36630683256202917, 0.10325223737069057], "split8_index": [27, 28, 29], "split8_pred": [1, 0, 0], "split8_test": [0, 1, 0], "split8_notXOR": [0, 0, 1], "split8_prob": [0.917348889406291, 0.18851764021068734, 0.11833677270572708], "split9_index": [30, 31, 32], "split9_pred": [1, 1, 0], "split9_test": [0, 1, 0], "split9_notXOR": [0, 1, 1], "split9_prob": [0.73601618446828, 0.5549888133240739, 0.09862046720233456], "split10_index": [33, 34, 35], "split10_pred": [1, 1, 0], "split10_test": [0, 1, 0], "split10_notXOR": [0, 1, 1], "split10_prob": [0.6291847246507556, 0.6808697889063187, 0.07872555173413578], "split11_index": [36, 37], "split11_pred": [1, 1], "split11_test": [1, 0], "split11_notXOR": [1, 0], "split11_prob": [0.5771032282890662, 0.8538441497539827]}