{"split0_index": [24, 25, 26, 27, 28, 29, 30, 31, 32, 33, 34, 35, 36, 37, 38, 39, 40, 41, 42, 43, 44, 45, 46, 47], "split0_pred": [0, 0, 1, 0, 0, 0, 0, 0, 0, 0, 0, 0, 0, 0, 0, 0, 0, 0, 0, 0, 0, 0, 0, 0], "split0_test": [0, 0, 1, 0, 0, 0, 0, 0, 0, 0, 0, 0, 0, 0, 0, 0, 0, 0, 0, 0, 0, 0, 0, 0], "split0_notXOR": [1, 1, 1, 1, 1, 1, 1, 1, 1, 1, 1, 1, 1, 1, 1, 1, 1, 1, 1, 1, 1, 1, 1, 1], "split0_prob": [0.007171844499196409, 0.001102866192599352, 0.9431260663354339, 0.0008126498115012537, 0.0009516247456839174, 0.0008381194454937597, 0.013553738921551126, 0.0035976133837075847, 0.0016367513856355488, 0.0008150853751985421, 0.0008396729160985426, 0.002884834397618208, 0.0014180415412526682, 0.0035976133837075847, 0.0012531420907204115, 0.0035976133837075847, 0.0008025486799105656, 0.0015449071216106951, 0.0006501411803545086, 0.0011919136111445475, 0.0008381194454937597, 0.0035976133837075847, 0.0035976133837075847, 0.0008025486799105656]}