{"split0_index": [5, 6, 7, 8, 9], "split0_pred": [1, 1, 1, 1, 1], "split0_test": [1, 0, 1, 0, 1], "split0_notXOR": [1, 0, 1, 0, 1], "split0_prob": [0.5325, 0.5325, 0.5325, 0.5325, 0.5325], "split1_index": [10, 11, 12, 13, 14], "split1_pred": [0, 0, 0, 0, 0], "split1_test": [1, 0, 1, 1, 1], "split1_notXOR": [0, 1, 0, 0, 0], "split1_prob": [0.49375, 0.49375, 0.49375, 0.49375, 0.49375], "split2_index": [15, 16, 17, 18, 19], "split2_pred": [1, 0, 0, 1, 1], "split2_test": [1, 0, 1, 1, 1], "split2_notXOR": [1, 1, 0, 1, 1], "split2_prob": [0.6640198412698414, 0.4376309523809524, 0.4376309523809524, 0.6181865079365079, 0.5108253968253968], "split3_index": [20, 21, 22, 23, 24, 25, 26], "split3_pred": [1, 0, 0, 0, 0, 0, 0], "split3_test": [1, 0, 1, 1, 0, 1, 1], "split3_notXOR": [1, 1, 0, 0, 1, 0, 0], "split3_prob": [0.7996240981240978, 0.3317774170274169, 0.47932828282828266, 0.3317774170274169, 0.3317774170274169, 0.35899963924963907, 0.3317774170274169], "split4_index": [27, 28, 29, 30, 31, 32, 33], "split4_pred": [0, 1, 0, 0, 0, 0, 1], "split4_test": [0, 1, 1, 1, 0, 1, 1], "split4_notXOR": [1, 1, 0, 0, 1, 0, 1], "split4_prob": [0.42315118215118197, 0.847091242091242, 0.42315118215118197, 0.42315118215118197, 0.42315118215118197, 0.42315118215118197, 0.955941058941059], "split5_index": [34, 35, 36, 37, 38, 39, 40], "split5_pred": [0, 0, 0, 0, 0, 1, 0], "split5_test": [0, 1, 1, 1, 0, 1, 1], "split5_notXOR": [1, 0, 0, 0, 1, 1, 0], "split5_prob": [0.42442586623043277, 0.42442586623043277, 0.42442586623043277, 0.42442586623043277, 0.42442586623043277, 0.8699962916340626, 0.42442586623043277], "split6_index": [41, 42, 43, 44, 45, 46, 47], "split6_pred": [0, 0, 0, 0, 0, 0, 0], "split6_test": [0, 1, 1, 1, 0, 1, 1], "split6_notXOR": [1, 0, 0, 0, 1, 0, 0], "split6_prob": [0.33611891587085074, 0.46987146986140776, 0.33611891587085074, 0.3200553193796227, 0.33611891587085074, 0.33611891587085074, 0.33611891587085074], "split7_index": [48, 49, 50, 51, 52, 53, 54], "split7_pred": [0, 0, 0, 0, 0, 0, 0], "split7_test": [0, 1, 1, 1, 0, 1, 1], "split7_notXOR": [1, 0, 0, 0, 1, 0, 0], "split7_prob": [0.3415685536644446, 0.3415685536644446, 0.3415685536644446, 0.3415685536644446, 0.3415685536644446, 0.2985980693470091, 0.3415685536644446], "split8_index": [55, 56, 57, 58, 59, 60, 61], "split8_pred": [0, 0, 0, 0, 0, 0, 0], "split8_test": [0, 1, 1, 1, 0, 1, 1], "split8_notXOR": [1, 0, 0, 0, 1, 0, 0], "split8_prob": [0.3187715565155765, 0.3187715565155765, 0.3187715565155765, 0.3187715565155765, 0.3187715565155765, 0.3187715565155765, 0.3187715565155765], "split9_index": [62, 63, 64, 65, 66, 67, 68], "split9_pred": [0, 0, 0, 0, 0, 1, 0], "split9_test": [0, 1, 1, 1, 0, 1, 1], "split9_notXOR": [1, 0, 0, 0, 1, 1, 0], "split9_prob": [0.2895135110059023, 0.37272928291515234, 0.2895135110059023, 0.2895135110059023, 0.2895135110059023, 0.991875, 0.2895135110059023], "split10_index": [69, 70, 71, 72, 73, 74, 75], "split10_pred": [0, 1, 1, 1, 0, 1, 1], "split10_test": [0, 0, 0, 0, 0, 1, 1], "split10_notXOR": [1, 0, 0, 0, 1, 1, 1], "split10_prob": [0.294506508659997, 0.9936666666666667, 0.7611181245880833, 0.9007075068095852, 0.294506508659997, 1.0, 0.9936666666666667], "split11_index": [76, 77, 78, 79, 80, 81, 82], "split11_pred": [1, 1, 0, 1, 0, 0, 0], "split11_test": [0, 0, 0, 0, 0, 1, 1], "split11_notXOR": [0, 0, 1, 0, 1, 0, 0], "split11_prob": [0.738299176124118, 0.7782762501101054, 0.35849265871238367, 0.9934210526315789, 0.35849265871238367, 0.35849265871238367, 0.35849265871238367], "split12_index": [83, 84, 85, 86, 87, 88, 89, 90, 91, 92, 93], "split12_pred": [0, 0, 0, 0, 0, 1, 0, 0, 0, 0, 1], "split12_test": [0, 0, 0, 0, 0, 1, 0, 0, 0, 0, 0], "split12_notXOR": [1, 1, 1, 1, 1, 1, 1, 1, 1, 1, 0], "split12_prob": [0.4161468487038298, 0.4161468487038298, 0.4161468487038298, 0.4161468487038298, 0.4161468487038298, 0.7860169896897585, 0.4161468487038298, 0.4161468487038298, 0.4161468487038298, 0.4161468487038298, 0.88], "split13_index": [94, 95, 96, 97, 98, 99, 100, 101, 102, 103, 104, 105], "split13_pred": [0, 0, 0, 0, 1, 1, 0, 1, 0, 0, 0, 1], "split13_test": [0, 0, 0, 0, 0, 0, 1, 0, 0, 0, 0, 0], "split13_notXOR": [1, 1, 1, 1, 0, 0, 0, 0, 1, 1, 1, 0], "split13_prob": [0.43247991683138237, 0.43247991683138237, 0.43247991683138237, 0.435, 0.799126984126984, 0.7040579383370789, 0.43247991683138237, 0.5478098321969109, 0.43, 0.43247991683138237, 0.43247991683138237, 0.7640579383370789], "split14_index": [106, 107, 108, 109, 110, 111, 112, 113, 114, 115, 116, 117, 118], "split14_pred": [0, 0, 0, 0, 0, 0, 0, 0, 0, 0, 0, 0, 0], "split14_test": [0, 0, 0, 0, 0, 0, 0, 1, 0, 0, 0, 0, 0], "split14_notXOR": [1, 1, 1, 1, 1, 1, 1, 0, 1, 1, 1, 1, 1], "split14_prob": [0.46368806067051854, 0.46368806067051854, 0.46368806067051854, 0.46368806067051854, 0.44333333333333336, 0.46368806067051854, 0.46368806067051854, 0.46368806067051854, 0.46368806067051854, 0.46368806067051854, 0.46368806067051854, 0.46368806067051854, 0.46368806067051854], "split15_index": [119, 120, 121, 122, 123, 124, 125, 126, 127, 128, 129, 130, 131], "split15_pred": [0, 0, 0, 1, 0, 0, 0, 0, 0, 0, 0, 1, 0], "split15_test": [0, 0, 0, 0, 0, 0, 0, 1, 0, 0, 0, 0, 1], "split15_notXOR": [1, 1, 1, 0, 1, 1, 1, 0, 1, 1, 1, 0, 0], "split15_prob": [0.45981214604631504, 0.45981214604631504, 0.45981214604631504, 0.85, 0.45981214604631504, 0.45981214604631504, 0.45981214604631504, 0.45981214604631504, 0.45981214604631504, 0.45981214604631504, 0.45981214604631504, 0.64, 0.21], "split16_index": [132, 133, 134, 135, 136, 137, 138, 139, 140, 141, 142, 143, 144, 145, 146], "split16_pred": [1, 0, 0, 0, 1, 0, 0, 0, 1, 0, 1, 0, 0, 0, 0], "split16_test": [0, 0, 0, 0, 0, 0, 0, 1, 0, 0, 0, 0, 0, 0, 1], "split16_notXOR": [0, 1, 1, 1, 0, 1, 1, 0, 0, 1, 0, 1, 1, 1, 0], "split16_prob": [0.605, 0.4642452987422518, 0.4642452987422518, 0.4642452987422518, 0.8219008033726125, 0.126, 0.4642452987422518, 0.4642452987422518, 0.79, 0.4642452987422518, 0.51, 0.3749071251546572, 0.4642452987422518, 0.4777659051288433, 0.4642452987422518], "split17_index": [147, 148, 149, 150, 151, 152, 153, 154, 155, 156, 157, 158, 159, 160, 161], "split17_pred": [0, 0, 0, 0, 0, 1, 0, 0, 0, 1, 0, 1, 0, 0, 0], "split17_test": [0, 0, 0, 0, 0, 0, 0, 0, 0, 0, 0, 0, 0, 0, 1], "split17_notXOR": [1, 1, 1, 1, 1, 0, 1, 1, 1, 0, 1, 0, 1, 1, 0], "split17_prob": [0.48539914214906593, 0.48539914214906593, 0.075, 0.48539914214906593, 0.48539914214906593, 0.61, 0.48539914214906593, 0.10801748524334558, 0.48539914214906593, 0.5555387113156153, 0.48539914214906593, 0.5616643923435309, 0.48539914214906593, 0.48539914214906593, 0.48539914214906593], "split18_index": [162, 163, 164, 165, 166, 167, 168, 169, 170, 171, 172, 173, 174, 175, 176, 177], "split18_pred": [0, 0, 0, 0, 0, 0, 0, 1, 0, 0, 0, 0, 0, 0, 0, 0], "split18_test": [0, 0, 0, 0, 0, 0, 0, 0, 0, 0, 0, 0, 0, 0, 0, 1], "split18_notXOR": [1, 1, 1, 1, 1, 1, 1, 0, 1, 1, 1, 1, 1, 1, 1, 0], "split18_prob": [0.499186856031699, 0.499186856031699, 0.499186856031699, 0.499186856031699, 0.499186856031699, 0.11, 0.499186856031699, 0.81, 0.499186856031699, 0.499186856031699, 0.499186856031699, 0.499186856031699, 0.499186856031699, 0.499186856031699, 0.499186856031699, 0.499186856031699], "split19_index": [178, 179, 180, 181, 182, 183, 184, 185, 186, 187, 188, 189, 190, 191, 192, 193], "split19_pred": [0, 0, 0, 0, 0, 0, 0, 1, 0, 0, 0, 0, 0, 0, 0, 0], "split19_test": [0, 0, 0, 0, 0, 0, 0, 0, 0, 0, 0, 0, 0, 0, 0, 1], "split19_notXOR": [1, 1, 1, 1, 1, 1, 1, 0, 1, 1, 1, 1, 1, 1, 1, 0], "split19_prob": [0.4672408061055493, 0.4672408061055493, 0.4672408061055493, 0.4672408061055493, 0.4672408061055493, 0.4672408061055493, 0.4672408061055493, 0.688059620596206, 0.4672408061055493, 0.4672408061055493, 0.4672408061055493, 0.4672408061055493, 0.4672408061055493, 0.4672408061055493, 0.4672408061055493, 0.4672408061055493], "split20_index": [194, 195, 196, 197, 198, 199, 200, 201, 202, 203, 204, 205, 206, 207, 208, 209, 210, 211, 212],