{"split0_index": [10, 11, 12, 13, 14, 15, 16, 17, 18, 19], "split0_pred": [0, 0, 0, 0, 0, 0, 0, 0, 0, 0], "split0_test": [0, 0, 0, 0, 0, 0, 0, 0, 0, 1], "split0_notXOR": [1, 1, 1, 1, 1, 1, 1, 1, 1, 0], "split0_prob": [0.10000136660051367, 0.10000136660051367, 0.10000136660051367, 0.10000136660051367, 0.10000136660051367, 0.10000136660051367, 0.10000136660051367, 0.10000136660051367, 0.10000136660051367, 0.10000136660051367], "split1_index": [20, 21, 22, 23, 24, 25, 26, 27, 28, 29], "split1_pred": [0, 0, 0, 0, 0, 0, 0, 0, 0, 0], "split1_test": [0, 1, 0, 0, 0, 0, 0, 0, 0, 1], "split1_notXOR": [1, 0, 1, 1, 1, 1, 1, 1, 1, 0], "split1_prob": [0.10099980655791764, 0.007676827842004321, 0.10099980655791764, 0.10099980655791764, 0.10099980655791764, 0.10099980655791764, 0.10099980655791764, 0.10099980655791764, 0.10099980655791764, 0.10099980655791764], "split2_index": [30, 31, 32, 33, 34, 35, 36, 37, 38, 39], "split2_pred": [0, 0, 1, 0, 0, 0, 0, 0, 0, 0], "split2_test": [0, 0, 0, 0, 0, 0, 0, 0, 0, 1], "split2_notXOR": [1, 1, 0, 1, 1, 1, 1, 1, 1, 0], "split2_prob": [0.10351333262093781, 0.11333105416446422, 0.8466894439183216, 0.10351333262093781, 0.0064766202648015875, 0.2503317825690275, 0.10351333262093781, 0.1584230862985434, 0.10351333262093781, 0.04463639697927954], "split3_index": [40, 41, 42, 43, 44, 45, 46, 47, 48, 49], "split3_pred": [0, 0, 0, 0, 0, 0, 0, 0, 0, 0], "split3_test": [0, 0, 0, 0, 0, 0, 0, 0, 0, 1], "split3_notXOR": [1, 1, 1, 1, 1, 1, 1, 1, 1, 0], "split3_prob": [0.10256480210444138, 0.10256480210444138, 0.10256480210444138, 0.10256480210444138, 0.10256480210444138, 0.10256480210444138, 0.10256480210444138, 0.10256480210444138, 0.10256480210444138, 0.10256480210444138], "split4_index": [50, 51, 52, 53, 54, 55, 56, 57, 58, 59], "split4_pred": [0, 0, 0, 0, 0, 0, 0, 0, 0, 1], "split4_test": [0, 0, 0, 0, 0, 0, 0, 0, 0, 1], "split4_notXOR": [1, 1, 1, 1, 1, 1, 1, 1, 1, 1], "split4_prob": [0.1020274829981169, 0.11836420966332681, 0.10424918086524979, 0.1020274829981169, 0.31574137968241894, 0.1020274829981169, 0.06372899153173678, 0.1020274829981169, 0.1020274829981169, 0.9923705141281255], "split5_index": [60, 61, 62, 63, 64, 65, 66, 67, 68, 69], "split5_pred": [0, 0, 0, 0, 0, 0, 0, 0, 0, 0], "split5_test": [0, 0, 0, 0, 0, 0, 0, 0, 0, 1], "split5_notXOR": [1, 1, 1, 1, 1, 1, 1, 1, 1, 0], "split5_prob": [0.08712104904300813, 0.08712104904300813, 0.12616669029285923, 0.08712104904300813, 0.08712104904300813, 0.08712104904300813, 0.05119504851383129, 0.08712104904300813, 0.08712104904300813, 0.08712104904300813]}