{"split0_index": [13, 14, 15, 16, 17, 18, 19, 20, 21, 22, 23, 24, 25], "split0_pred": [0, 0, 0, 0, 0, 0, 0, 0, 0, 0, 0, 0, 0], "split0_test": [0, 0, 1, 0, 0, 1, 0, 0, 0, 0, 0, 0, 1], "split0_notXOR": [1, 1, 0, 1, 1, 0, 1, 1, 1, 1, 1, 1, 0], "split0_prob": [0.060964217654569615, 0.16043890117679419, 0.38109107904533895, 0.0993685153738908, 0.05892828512775805, 0.16094942431475923, 0.10713822798312611, 0.06271758365846283, 0.06170793532462089, 0.05916822606907289, 0.06400302250082732, 0.07244883404134655, 0.4662017668037104], "split1_index": [26, 27, 28, 29, 30, 31, 32, 33, 34, 35, 36, 37, 38, 39, 40, 41], "split1_pred": [0, 0, 0, 1, 0, 0, 0, 1, 0, 0, 0, 0, 0, 0, 1, 0], "split1_test": [0, 1, 0, 0, 0, 0, 1, 0, 0, 0, 0, 0, 0, 0, 1, 0], "split1_notXOR": [1, 0, 1, 0, 1, 1, 0, 0, 1, 1, 1, 1, 1, 1, 1, 1], "split1_prob": [0.12038027011324573, 0.09010800028459795, 0.1568038934287892, 0.742206616169605, 0.1571173744627028, 0.06522929865244138, 0.3350430656354664, 0.8591973750601087, 0.06331851851837493, 0.13740480600440383, 0.19757593619027558, 0.07896613471166838, 0.05000147053351356, 0.37269367651328306, 0.8303401412385653, 0.1150792237980329], "split2_index": [42, 43, 44, 45, 46, 47, 48, 49, 50, 51, 52, 53, 54, 55, 56, 57, 58], "split2_pred": [0, 0, 0, 0, 0, 0, 0, 0, 0, 0, 0, 0, 0, 0, 0, 1, 0], "split2_test": [0, 0, 0, 0, 0, 0, 1, 0, 0, 0, 0, 0, 0, 0, 0, 1, 0], "split2_notXOR": [1, 1, 1, 1, 1, 1, 0, 1, 1, 1, 1, 1, 1, 1, 1, 1, 1], "split2_prob": [0.13741967674972877, 0.18920432149651592, 0.14148312899048576, 0.3094537318001945, 0.21895547235799895, 0.0613826301261307, 0.3738340396357589, 0.35956164503031707, 0.06552303472499162, 0.06445094148469108, 0.11663146361534002, 0.08145239242835017, 0.09731462376167511, 0.08207430640210224, 0.1757867428168425, 0.8163514604283473, 0.13741967674972877], "split3_index": [59, 60, 61, 62, 63, 64, 65, 66, 67, 68, 69, 70, 71, 72, 73, 74, 75], "split3_pred": [0, 0, 0, 0, 0, 0, 0, 0, 0, 0, 0, 0, 0, 0, 0, 1, 0], "split3_test": [0, 0, 0, 0, 0, 0, 1, 0, 0, 0, 0, 0, 0, 0, 0, 1, 0], "split3_notXOR": [1, 1, 1, 1, 1, 1, 0, 1, 1, 1, 1, 1, 1, 1, 1, 1, 1], "split3_prob": [0.10876480282379536, 0.1412839045287866, 0.13038883117118766, 0.42304784855819727, 0.10399743967436764, 0.04634481016240355, 0.44023899676084705, 0.0950940750498011, 0.07081416509775494, 0.067771372386423, 0.08829125165809078, 0.04408368251961391, 0.09027867088042489, 0.06848543891759305, 0.14335661230956653, 0.9439734576626472, 0.10876480282379532], "split4_index": [76, 77, 78, 79, 80, 81, 82, 83, 84, 85, 86, 87, 88, 89, 90], "split4_pred": [0, 0, 0, 0, 0, 0, 0, 0, 0, 0, 0, 0, 0, 0, 0], "split4_test": [0, 0, 0, 0, 0, 0, 1, 0, 0, 0, 0, 0, 0, 1, 0], "split4_notXOR": [1, 1, 1, 1, 1, 1, 0, 1, 1, 1, 1, 1, 1, 0, 1], "split4_prob": [0.10290439516680182, 0.1337511033601139, 0.02015646452081735, 0.08495158741327517, 0.02933381905633537, 0.39168787878961364, 0.03745673109573712, 0.07588105863423476, 0.13770530005792866, 0.06418116106918176, 0.04646647055311847, 0.06369824821356217, 0.050760082028238486, 0.02593002789465974, 0.10129900849157593], "split5_index": [91, 92, 93, 94, 95, 96, 97, 98, 99, 100, 101, 102, 103, 104, 105, 106], "split5_pred": [0, 0, 0, 0, 0, 0, 0, 0, 0, 0, 0, 0, 0, 0, 0, 1], "split5_test": [0, 0, 0, 0, 0, 0, 1, 0, 0, 0, 0, 0, 0, 0, 1, 0], "split5_notXOR": [1, 1, 1, 1, 1, 1, 0, 1, 1, 1, 1, 1, 1, 1, 0, 0], "split5_prob": [0.16767240446027143, 0.1780534758084583, 0.15342076276782643, 0.10848414397042269, 0.08088883949721581, 0.40348281051313634, 0.14888199977217254, 0.09119856476576514, 0.0841416563398261, 0.06113349574383886, 0.162690469710513, 0.17997109949966575, 0.09091016223117578, 0.08454785319774354, 0.29834911021330235, 0.7412639022098872], "split6_index": [107, 108, 109, 110, 111, 112, 113, 114, 115, 116, 117, 118, 119, 120, 121, 122], "split6_pred": [0, 0, 0, 0, 0, 0, 0, 0, 0, 0, 0, 0, 0, 0, 0, 0], "split6_test": [0, 0, 0, 0, 0, 0, 0, 0, 0, 0, 0, 0, 0, 0, 0, 1], "split6_notXOR": [1, 1, 1, 1, 1, 1, 1, 1, 1, 1, 1, 1, 1, 1, 1, 0], "split6_prob": [0.10641908066876252, 0.12108036535005304, 0.22788894833907586, 0.0626628560816329, 0.046714432447695534, 0.2820086108270174, 0.3847226877151289, 0.06677695197288028, 0.12270998225158342, 0.033089317402493205, 0.13038803074114935, 0.20165566598775284, 0.058253853956406594, 0.05996838385181004, 0.24608578457532188, 0.27222862058730835]}