{"split0_index": [13, 14, 15, 16, 17, 18, 19, 20, 21, 22, 23, 24, 25], "split0_pred": [0, 0, 1, 0, 1, 1, 0, 0, 0, 0, 1, 0, 1], "split0_test": [0, 0, 1, 0, 0, 1, 0, 0, 0, 0, 0, 0, 1], "split0_notXOR": [1, 1, 1, 1, 0, 1, 1, 1, 1, 1, 0, 1, 1], "split0_prob": [0.0023177284651350574, 0.0009555647603850093, 0.9999999999984794, 0.008629717469495656, 0.7631433140603378, 0.9860805997302153, 0.008016494907497233, 0.00045640752391414084, 0.008629717469495656, 0.003076347631809733, 0.7849779012129919, 0.00045640752391414084, 0.9998074598302904], "split1_index": [26, 27, 28, 29, 30, 31, 32, 33, 34, 35, 36, 37, 38, 39, 40, 41], "split1_pred": [1, 0, 0, 1, 0, 1, 1, 0, 0, 0, 0, 1, 0, 0, 1, 0], "split1_test": [0, 1, 0, 0, 0, 0, 1, 0, 0, 0, 0, 0, 0, 0, 1, 0], "split1_notXOR": [0, 0, 1, 0, 1, 0, 1, 1, 1, 1, 1, 0, 1, 1, 1, 1], "split1_prob": [0.7478266989388275, 0.0015068487146541573, 0.010766208064625133, 0.9999999999999609, 0.019048887079667665, 0.926603565855832, 0.9970106955564468, 2.805720316337968e-25, 1.247388708870952e-64, 0.019048887079667665, 0.042042718802564376, 0.8434869571042921, 1.247388708870952e-64, 8.112024919150735e-06, 0.9996099019082412, 0.0037010566371535165], "split2_index": [42, 43, 44, 45, 46, 47, 48, 49, 50, 51, 52, 53, 54, 55, 56, 57, 58], "split2_pred": [0, 0, 0, 1, 0, 1, 1, 0, 0, 0, 0, 0, 1, 0, 0, 1, 0], "split2_test": [0, 0, 0, 0, 0, 0, 1, 0, 0, 0, 0, 0, 0, 0, 0, 1, 0], "split2_notXOR": [1, 1, 1, 0, 1, 0, 1, 1, 1, 1, 1, 1, 0, 1, 1, 1, 1], "split2_prob": [0.00927597171763831, 0.03062110300746142, 0.0726303117723726, 0.960508470212906, 0.1605659212626818, 0.8508746776153435, 0.8707332382888864, 1.7982152629082778e-19, 0.004401801814488713, 3.3588956650234475e-53, 0.1605659212626818, 0.00630727467477984, 0.7774242126470013, 3.3588956650234475e-53, 2.4762101432265664e-05, 0.9669388516193079, 0.020514242588938407], "split3_index": [59, 60, 61, 62, 63, 64, 65, 66, 67, 68, 69, 70, 71, 72, 73, 74, 75], "split3_pred": [0, 0, 0, 1, 0, 1, 1, 0, 0, 0, 0, 0, 1, 0, 0, 1, 0], "split3_test": [0, 0, 0, 0, 0, 0, 1, 0, 0, 0, 0, 0, 0, 0, 0, 1, 0], "split3_notXOR": [1, 1, 1, 0, 1, 0, 1, 1, 1, 1, 1, 1, 0, 1, 1, 1, 1], "split3_prob": [0.0018323617827274478, 0.02045949278771402, 0.04803741052381782, 0.6286509735409636, 0.14630771543757773, 0.8593336678659103, 0.8514190620442372, 2.1042036051150766e-22, 0.0002470750897523555, 1.971762427210557e-62, 0.14630771543757773, 0.0011420665180254096, 0.7822818296087952, 1.971762427210557e-62, 1.3005955509508462e-05, 0.9951137705238673, 0.01087990075829368], "split4_index": [76, 77, 78, 79, 80, 81, 82, 83, 84, 85, 86, 87, 88, 89, 90], "split4_pred": [0, 0, 1, 0, 1, 1, 0, 0, 0, 0, 0, 1, 0, 0, 1], "split4_test": [0, 0, 0, 0, 0, 0, 1, 0, 0, 0, 0, 0, 0, 1, 0], "split4_notXOR": [1, 1, 0, 1, 0, 0, 0, 1, 1, 1, 1, 0, 1, 0, 0], "split4_prob": [0.014997414633558569, 0.03126806376901317, 0.9220959692468941, 0.11170907563384369, 0.7474776130313386, 0.7903304910094373, 0.19241791032450015, 0.0001907933826802221, 5.103221783825362e-65, 0.11170907563384369, 0.0005122172193339889, 0.593960493928063, 5.103221783825362e-65, 7.983149906420588e-06, 0.9997098963479637], "split5_index": [91, 92, 93, 94, 95, 96, 97, 98, 99, 100, 101, 102, 103, 104, 105, 106], "split5_pred": [0, 0, 1, 0, 1, 1, 0, 0, 0, 0, 0, 0, 1, 0, 0, 1], "split5_test": [0, 0, 0, 0, 0, 0, 1, 0, 0, 0, 0, 0, 0, 0, 1, 0], "split5_notXOR": [1, 1, 0, 1, 0, 0, 0, 1, 1, 1, 1, 1, 0, 1, 0, 0], "split5_prob": [0.025351561045437374, 0.01648294246034545, 0.8722689827433939, 0.0547776198798096, 0.6489748155592991, 0.6630906737798041, 0.4510214329128499, 0.002256844575798604, 3.309826866687872e-25, 0.0547776198798096, 0.005550256160083614, 0.0178423995314161, 0.6266228431184212, 3.309826866687872e-25, 0.1358738593950242, 0.9971298212635813], "split6_index": [107, 108, 109, 110, 111, 112, 113, 114, 115, 116, 117, 118, 119, 120, 121, 122], "split6_pred": [0, 0, 1, 0, 1, 1, 0, 0, 0, 0, 0, 0, 1, 0, 0, 1], "split6_test": [0, 0, 0, 0, 0, 0, 0, 0, 0, 0, 0, 0, 0, 0, 0, 1], "split6_notXOR": [1, 1, 0, 1, 0, 0, 1, 1, 1, 1, 1, 1, 0, 1, 1, 1], "split6_prob": [0.016953840999860328, 0.010363801787841641, 0.8236375520680879, 0.0404792664486845, 0.6263121992954582, 0.6079005461509532, 0.48328386924727496, 0.0020991864200112552, 1.4814385887167727e-19, 0.0404792664486845, 0.0051604897633242075, 0.014592904323197877, 0.6290555569175121, 1.4814385887167727e-19, 0.4716984914505596, 0.9874852896911214]}