{"split0_index": [4, 5, 6, 7], "split0_pred": [1, 1, 1, 1], "split0_test": [1, 1, 0, 0], "split0_notXOR": [1, 1, 0, 0], "split0_prob": [0.7729701280276907, 0.7729701280276907, 0.7647953215639536, 0.7688701493909461], "split1_index": [8, 9, 10, 11], "split1_pred": [0, 1, 1, 0], "split1_test": [1, 1, 0, 0], "split1_notXOR": [0, 1, 0, 1], "split1_prob": [0.3590335733725997, 0.7850669904861669, 0.6042158775813428, 0.3279294838514465], "split2_index": [12, 13, 14, 15], "split2_pred": [1, 1, 0, 0], "split2_test": [1, 1, 0, 0], "split2_notXOR": [1, 1, 1, 1], "split2_prob": [0.5401978310955096, 0.8054898986559705, 0.3585427099505468, 0.44764346979914077], "split3_index": [16, 17, 18, 19, 20, 21], "split3_pred": [0, 1, 1, 0, 1, 0], "split3_test": [0, 1, 1, 0, 0, 0], "split3_notXOR": [1, 1, 1, 1, 0, 1], "split3_prob": [0.3712638873154619, 0.5806173198513558, 0.7135066702449809, 0.34070773053889714, 0.6520375296477302, 0.29877885659881265], "split4_index": [22, 23, 24, 25], "split4_pred": [1, 1, 0, 1], "split4_test": [1, 1, 0, 0], "split4_notXOR": [1, 1, 1, 0], "split4_prob": [0.6375859359416338, 0.8639746758803748, 0.31993400730129795, 0.7347457593115806], "split5_index": [26, 27, 28, 29], "split5_pred": [1, 1, 0, 1], "split5_test": [1, 1, 0, 0], "split5_notXOR": [1, 1, 1, 0], "split5_prob": [0.6911533769663344, 0.859082061542489, 0.2969406755544154, 0.859082061542489], "split6_index": [30, 31, 32, 33], "split6_pred": [1, 1, 0, 1], "split6_test": [1, 1, 0, 0], "split6_notXOR": [1, 1, 1, 0], "split6_prob": [0.6397551734915853, 0.7792220165891133, 0.1299970498123372, 0.7792220165891133], "split7_index": [34, 35, 36, 37], "split7_pred": [1, 1, 0, 1], "split7_test": [1, 1, 0, 0], "split7_notXOR": [1, 1, 1, 0], "split7_prob": [0.5677783932363909, 0.6801917949030257, 0.2225082302278236, 0.6801917949030257], "split8_index": [38, 39, 40, 41], "split8_pred": [0, 1, 1, 1], "split8_test": [1, 1, 0, 0], "split8_notXOR": [0, 1, 0, 0], "split8_prob": [0.27109374061294844, 0.7073790804343656, 0.6188577637018212, 0.7073790804343656], "split9_index": [42, 43, 44, 45], "split9_pred": [0, 1, 0, 1], "split9_test": [1, 1, 0, 0], "split9_notXOR": [0, 1, 1, 0], "split9_prob": [0.2798923646588028, 0.6654951226536207, 0.23298771699073875, 0.6654951226536207], "split10_index": [46, 47, 48, 49], "split10_pred": [0, 1, 0, 1], "split10_test": [1, 1, 0, 0], "split10_notXOR": [0, 1, 1, 0], "split10_prob": [0.41911855767461037, 0.6292577344882446, 0.4635997247320295, 0.6292577344882446], "split11_index": [50, 51, 52, 53], "split11_pred": [0, 1, 0, 1], "split11_test": [1, 1, 0, 0], "split11_notXOR": [0, 1, 1, 0], "split11_prob": [0.24902788070895945, 0.5321587852594144, 0.3280135518323681, 0.5321587852594144], "split12_index": [54, 55, 56, 57], "split12_pred": [0, 0, 0, 1], "split12_test": [1, 1, 0, 0], "split12_notXOR": [0, 0, 1, 0], "split12_prob": [0.3283014609491338, 0.43485592165354553, 0.2252614425779972, 0.6177370259029876], "split13_index": [58, 59, 60, 61], "split13_pred": [1, 1, 0, 1], "split13_test": [1, 1, 0, 0], "split13_notXOR": [1, 1, 1, 0], "split13_prob": [0.669819773923086, 0.6303894429300805, 0.3571246250532298, 0.5402885865971575], "split14_index": [62, 63, 64, 65], "split14_pred": [0, 0, 0, 1], "split14_test": [1, 1, 0, 0], "split14_notXOR": [0, 0, 1, 0], "split14_prob": [0.2750616403860443, 0.46705846024767117, 0.3253893010484741, 0.6255621644051483], "split15_index": [66, 67, 68, 69], "split15_pred": [0, 0, 0, 1], "split15_test": [1, 1, 0, 0], "split15_notXOR": [0, 0, 1, 0], "split15_prob": [0.37031430009730476, 0.3585251878182677, 0.3855117926891938, 0.5983551092153488], "split16_index": [70, 71, 72, 73], "split16_pred": [1, 1, 1, 1], "split16_test": [1, 0, 0, 1], "split16_notXOR": [1, 0, 0, 1], "split16_prob": [0.5148788347434865, 0.6740483631133096, 0.5173243982765262, 0.5527986364040376], "split17_index": [74, 75, 76, 77], "split17_pred": [1, 0, 1, 1], "split17_test": [1, 0, 0, 1], "split17_notXOR": [1, 1, 0, 1], "split17_prob": [0.543775067406055, 0.3455364237446383, 0.6038062653102095, 0.6038062653102095], "split18_index": [78, 79, 80, 81], "split18_pred": [1, 1, 1, 0], "split18_test": [1, 0, 0, 0], "split18_notXOR": [1, 0, 0, 1], "split18_prob": [0.563091701933383, 0.6785071925547027, 0.603879884886668, 0.45431754023567683]}