{"split0_index": [4, 5, 6, 7, 8, 9], "split0_pred": [0, 0, 0, 0, 0, 0], "split0_test": [1, 1, 1, 1, 0, 0], "split0_notXOR": [0, 0, 0, 0, 1, 1], "split0_prob": [0.31666670051757206, 0.31666670051757206, 0.31666670051757206, 0.31666670051757206, 0.31666670051757206, 0.31666670051757206], "split1_index": [10, 11, 12, 13, 14, 15], "split1_pred": [0, 0, 0, 1, 0, 1], "split1_test": [1, 1, 1, 1, 0, 0], "split1_notXOR": [0, 0, 0, 1, 1, 0], "split1_prob": [0.30246349217472757, 0.30246349217472757, 0.30246349217472757, 0.6592057577877948, 0.30246349217472757, 0.6062006254735636], "split2_index": [16, 17, 18, 19, 20, 21], "split2_pred": [0, 0, 0, 0, 0, 0], "split2_test": [1, 1, 1, 0, 0, 0], "split2_notXOR": [0, 0, 0, 1, 1, 1], "split2_prob": [0.6334224081215611, 0.6334224081215611, 0.6334224081215611, 0.6290985612358991, 0.6334224081215611, 0.6334224081215611], "split3_index": [22, 23, 24, 25, 26, 27], "split3_pred": [0, 0, 0, 0, 0, 0], "split3_test": [1, 1, 1, 0, 0, 0], "split3_notXOR": [0, 0, 0, 1, 1, 1], "split3_prob": [0.5479761778434198, 0.5479761778434198, 0.5479761778434198, 0.5482030525410745, 0.5479761778434198, 0.5479761778434198], "split4_index": [28, 29, 30, 31, 32, 33], "split4_pred": [0, 0, 0, 0, 0, 0], "split4_test": [1, 1, 1, 0, 0, 0], "split4_notXOR": [0, 0, 0, 1, 1, 1], "split4_prob": [0.5505329614470409, 0.5505329614470409, 0.5505329614470409, 0.5505329614470409, 0.5505329614470409, 0.5505329614470409], "split5_index": [34, 35, 36, 37, 38, 39], "split5_pred": [0, 0, 0, 0, 0, 0], "split5_test": [1, 1, 1, 0, 0, 0], "split5_notXOR": [0, 0, 0, 1, 1, 1], "split5_prob": [0.5674148122384776, 0.5674148122384776, 0.5674148122384776, 0.5674148122384776, 0.5772555370207765, 0.5904200881259966], "split6_index": [40, 41, 42, 43, 44, 45, 46], "split6_pred": [0, 0, 0, 1, 0, 0, 0], "split6_test": [1, 1, 1, 1, 0, 0, 0], "split6_notXOR": [0, 0, 0, 1, 1, 1, 1], "split6_prob": [0.5553464761553908, 0.6326803418775263, 0.5553464761553908, 0.4450605156919298, 0.6326803418775263, 0.5903659961445126, 0.6292226428423088], "split7_index": [47, 48, 49, 50, 51], "split7_pred": [0, 1, 0, 1, 0], "split7_test": [0, 0, 0, 1, 1], "split7_notXOR": [1, 0, 1, 1, 0], "split7_prob": [0.40118697970933404, 0.583988687989252, 0.47192138337646694, 0.5554299302116842, 0.44607463299158256], "split8_index": [52, 53, 54, 55, 56], "split8_pred": [0, 0, 0, 0, 1], "split8_test": [0, 0, 0, 1, 1], "split8_notXOR": [1, 1, 1, 0, 1], "split8_prob": [0.5461192245100005, 0.5461192245100005, 0.5461192245100005, 0.5461192245100005, 0.5065349281093755], "split9_index": [57, 58, 59, 60, 61], "split9_pred": [0, 0, 0, 0, 0], "split9_test": [0, 0, 0, 1, 1], "split9_notXOR": [1, 1, 1, 0, 0], "split9_prob": [0.5057251841948929, 0.5057251841948929, 0.5057251841948929, 0.506029354404681, 0.5091092537935622], "split10_index": [62, 63, 64, 65, 66], "split10_pred": [0, 0, 0, 0, 0], "split10_test": [0, 0, 0, 1, 1], "split10_notXOR": [1, 1, 1, 0, 0], "split10_prob": [0.4612294132246903, 0.4612294132246903, 0.45363910207591296, 0.45834790103206263, 0.4612294132246903], "split11_index": [67, 68, 69, 70, 71], "split11_pred": [0, 0, 0, 0, 0], "split11_test": [0, 0, 0, 1, 1], "split11_notXOR": [1, 1, 1, 0, 0], "split11_prob": [0.4320851019731808, 0.4320851019731808, 0.4320851019731808, 0.4320851019731808, 0.45819597841655], "split12_index": [72, 73, 74, 75, 76], "split12_pred": [0, 0, 0, 0, 0], "split12_test": [0, 0, 0, 1, 1], "split12_notXOR": [1, 1, 1, 0, 0], "split12_prob": [0.5482847771741387, 0.5482847771741387, 0.5482847771741387, 0.5482847771741387, 0.5482847771741387], "split13_index": [77, 78, 79, 80, 81], "split13_pred": [0, 0, 0, 0, 0], "split13_test": [0, 0, 0, 1, 1], "split13_notXOR": [1, 1, 1, 0, 0], "split13_prob": [0.43997956974920843, 0.43997956974920843, 0.43997956974920843, 0.4496674216216849, 0.43997956974920843], "split14_index": [82, 83, 84, 85, 86], "split14_pred": [0, 0, 0, 0, 0], "split14_test": [0, 0, 0, 1, 1], "split14_notXOR": [1, 1, 1, 0, 0], "split14_prob": [0.427234656490834, 0.427234656490834, 0.427234656490834, 0.42651012873029387, 0.427234656490834], "split15_index": [87, 88, 89, 90, 91], "split15_pred": [0, 0, 0, 0, 0], "split15_test": [0, 0, 0, 1, 1], "split15_notXOR": [1, 1, 1, 0, 0], "split15_prob": [0.4338179342584614, 0.4338179342584614, 0.4338179342584614, 0.4338179342584614, 0.4338179342584614], "split16_index": [92, 93, 94, 95, 96], "split16_pred": [0, 0, 0, 0, 0], "split16_test": [0, 0, 0, 1, 1], "split16_notXOR": [1, 1, 1, 0, 0], "split16_prob": [0.4433552369232916, 0.4433552369232916, 0.4433552369232916, 0.4433552369232916, 0.45708842864660865], "split17_index": [97, 98, 99, 100, 101], "split17_pred": [0, 0, 0, 0, 0], "split17_test": [0, 0, 0, 1, 1], "split17_notXOR": [1, 1, 1, 0, 0], "split17_prob": [0.42724758721371936, 0.42724758721371936, 0.42724758721371936, 0.42724758721371936, 0.42724758721371936], "split18_index": [102, 103, 104, 105, 106], "split18_pred": [0, 0, 0, 0, 1], "split18_test": [0, 0, 0, 1, 1], "split18_notXOR": [1, 1, 1, 0, 1], "split18_prob": [0.4238830720244821, 0.4238830720244821, 0.4238830720244821, 0.4238830720244821, 0.7484699230367835], "split19_index": [107, 108, 109, 110, 111], "split19_pred": [0, 0, 0, 0, 1], "split19_test": [0, 0, 0, 1, 1], "split19_notXOR": [1, 1, 1, 0, 1], "split19_prob": [0.423192541779248, 0.423192541779248, 0.423192541779248, 0.423192541779248, 0.7273998520152097], "split20_index": [112, 113, 114, 115, 116], "split20_pred": [0, 0, 0, 0, 0], "split20_test": [0, 0, 0, 1, 0], "split20_notXOR": [1, 1, 1, 0, 1], "split20_prob": [0.4146376875077955, 0.4146376875077955, 0.4146376875077955, 0.4146376875077955, 0.4034238699032284], "split21_index": [117, 118, 119, 120, 121], "split21_pred": [1, 1, 0, 0, 1], "split21_test": [1, 1, 0, 1, 0], "split21_notXOR": [1, 1, 1, 0, 0], "split21_prob": [0.7798180537557327, 0.7790126343292234, 0.39520590709807163, 0.4848902574498455, 0.7395844918357176], "split22_index": [122, 123, 124, 125, 126], "split22_pred": [0, 0, 0, 0, 0], "split22_test": [0, 0, 0, 1, 0], "split22_notXOR": [1, 1, 1, 0, 1], "split22_prob": [0.4016901615751059, 0.4154151469063604, 0.4044591554700288, 0.4044591554700288, 0.4044591554700288], "split23_index": [127, 128, 129, 130, 131], "split23_pred": [0, 0, 0, 0, 0], "split23_test": [0, 0, 0, 1, 0], "split23_notXOR": [1, 1, 1, 0, 1], "split23_prob": [0.382031226620776, 0.3912023368977893, 0.3912062852398437, 0.3912062852398437, 0.3912062852398437], "split24_index": [132, 133, 134, 135, 136], "split24_pred": [0, 0, 0, 0, 0], "split24_test": [0, 0, 0, 1, 0], "split24_notXOR": [1, 1, 1, 0, 1], "split24_prob": [0.37886371342913766, 0.37886371342913766, 0.37886371342913766, 0.37886371342913766, 0.37886371342913766], "split25_index": [137, 138, 139, 140, 141], "split25_pred": [0, 0, 0, 0, 0], "split25_test": [0, 0, 0, 1, 0], "split25_notXOR": [1, 1, 1, 0, 1], "split25_prob": [0.3663567217971841, 0.3663567217971841, 0.3663567217971841, 0.3663567217971841, 0.3663567217971841], "split26_index": [142, 143, 144, 145, 146], "split26_pred": [0, 0, 0, 0, 0], "split26_test": [0, 0, 0, 1, 0], "split26_notXOR": [1, 1, 1, 0, 1], "split26_prob": [0.3714190159241051, 0.3714190159241051, 0.3714190159241051, 0.3714190159241051, 0.3714190159241051], "split27_index": [147, 148, 149, 150, 151], "split27_pred": [0, 0, 0, 0, 0], "split27_test": [0, 0, 0, 1, 0], "split27_notXOR": [1, 1, 1, 0, 1], "split27_prob": [0.3626003804293633, 0.3626003804293633, 0.3626003804293633, 0.3626003804293633, 0.3626003804293633], "split28_index": [152, 153, 154, 155, 156], "split28_pred": [0, 0, 0, 0, 0], "split28_test": [0, 0, 0, 1, 0], "split28_notXOR": [1, 1, 1, 0, 1], "split28_prob": [0.35404439322033454, 0.35404439322033454, 0.35404439322033454, 0.35404439322033454, 0.3541404442118624], "split29_index": [157, 158, 159, 160, 161], "split29_pred": [0, 0, 0, 1, 0], "split29_test": [0, 0, 0, 1, 0], "split29_notXOR": [1, 1, 1, 1, 1],