{"split0_index": [3, 4, 5, 6, 7, 8], "split0_pred": [1, 1, 0, 0, 1, 1], "split0_test": [1, 1, 0, 1, 0, 1], "split0_notXOR": [1, 1, 1, 0, 0, 1], "split0_prob": [0.06073628381276026, 0.06073628381276026, 0.7790622690016208, 0.9251910943738282, 0.06073628381276026, 0.06073628381276026], "split1_index": [9, 10, 11, 12, 13, 14], "split1_pred": [1, 1, 1, 0, 1, 1], "split1_test": [1, 0, 1, 0, 1, 0], "split1_notXOR": [1, 0, 1, 1, 1, 0], "split1_prob": [0.3461328917854511, 0.3461328917854511, 0.3461328917854511, 0.7253542758143204, 0.3461328917854511, 0.5123725965824765], "split2_index": [15, 16, 17, 18, 19, 20], "split2_pred": [1, 1, 1, 0, 1, 0], "split2_test": [1, 0, 1, 0, 1, 0], "split2_notXOR": [1, 0, 1, 1, 1, 1], "split2_prob": [0.7250386876924818, 0.7250386876924818, 0.7250386876924818, 0.1766956396925781, 0.7250386876924818, 0.17669564431422055], "split3_index": [21, 22, 23, 24, 25, 26], "split3_pred": [1, 1, 1, 0, 1, 0], "split3_test": [1, 0, 1, 0, 1, 0], "split3_notXOR": [1, 0, 1, 1, 1, 1], "split3_prob": [0.7212315344153671, 0.7212315344153671, 0.7212315344153671, 0.12189605134059926, 0.7212315344153671, 0.31776027614932156], "split4_index": [27, 28, 29, 30, 31, 32, 33], "split4_pred": [1, 1, 1, 0, 1, 1, 0], "split4_test": [1, 0, 1, 0, 1, 1, 0], "split4_notXOR": [1, 0, 1, 1, 1, 1, 1], "split4_prob": [0.7181508107273273, 0.7181508107273273, 0.7181508107273273, 0.12987271719373747, 0.7181508107273273, 0.7181508107273273, 0.12987270876036297], "split5_index": [34, 35, 36, 37, 38, 39, 40], "split5_pred": [1, 1, 1, 0, 1, 1, 0], "split5_test": [1, 0, 1, 0, 1, 1, 1], "split5_notXOR": [1, 0, 1, 1, 1, 1, 0], "split5_prob": [0.7120816790226749, 0.7120816790226749, 0.7120816790226749, 0.10997854277229273, 0.7120816790226749, 0.7120816790226749, 0.10997853697326244], "split6_index": [41, 42, 43, 44, 45, 46, 47, 48], "split6_pred": [1, 1, 1, 0, 0, 1, 1, 1], "split6_test": [1, 0, 1, 0, 0, 1, 1, 0], "split6_notXOR": [1, 0, 1, 1, 1, 1, 1, 0], "split6_prob": [0.7104621944080355, 0.7104621944080355, 0.7104621944080355, 0.09146296378870332, 0.11043849760188154, 0.7104621944080355, 0.7104621944080355, 0.6538456045592161]}