{"split0_index": [4, 5, 6, 7], "split0_pred": [0, 1, 1, 1], "split0_test": [1, 0, 0, 0], "split0_notXOR": [0, 0, 0, 0], "split0_prob": [0.5, 0.5, 0.5, 0.5], "split1_index": [8, 9, 10, 11, 12, 13, 14, 15], "split1_pred": [1, 0, 0, 1, 0, 0, 0, 0], "split1_test": [1, 0, 0, 0, 0, 0, 0, 0], "split1_notXOR": [1, 1, 1, 0, 1, 1, 1, 1], "split1_prob": [0.6944906712271737, 0.692563457663894, 0.42507586557134774, 0.6944906712271737, 0.42507586557134774, 0.42507586557134774, 0.42507586557134774, 0.6944906712271737]}