,naive_bayes,logistic,svc,decision_tree,random_forest
naive_bayes,,-0.07737985085852875,-0.006993105097522982,-0.37866995695924405,-0.40532708306292337
logistic,,,0.07240893016116581,-0.3160678301148669,-0.34395660599106187
svc,,,,-0.3826940097573942,-0.41015078994540377
decision_tree,,,,,-0.027521910463110113
random_forest,,,,,
