{"split0_index": [15, 16, 17, 18, 19, 20, 21, 22, 23, 24, 25, 26, 27, 28, 29, 30, 31, 32], "split0_pred": [0, 1, 0, 0, 0, 0, 1, 0, 1, 1, 0, 1, 0, 0, 1, 0, 0, 0], "split0_test": [0, 0, 0, 0, 0, 0, 0, 0, 1, 0, 0, 0, 0, 0, 0, 0, 0, 0], "split0_notXOR": [1, 0, 1, 1, 1, 1, 0, 1, 1, 0, 1, 0, 1, 1, 0, 1, 1, 1], "split0_prob": [0.5127434121728565, 0.5, 0.7289297044412624, 0.6784822919325487, 0.5101066343980455, 0.5126184509513718, 0.14241454757796332, 0.5287120402615368, 0.10488752702962659, 0.5, 0.5126138157411955, 0.40776936712290657, 0.9069422259353292, 0.640747669643849, 0.5, 0.6795304055679514, 0.8761415695557607, 0.5501036267958763], "split1_index": [33, 34, 35, 36, 37, 38, 39, 40, 41, 42, 43, 44, 45, 46, 47, 48, 49], "split1_pred": [0, 0, 0, 0, 0, 0, 0, 1, 0, 0, 0, 0, 0, 1, 1, 1, 0], "split1_test": [0, 0, 0, 0, 0, 1, 0, 1, 0, 0, 0, 0, 0, 1, 1, 0, 0], "split1_notXOR": [1, 1, 1, 1, 1, 0, 1, 1, 1, 1, 1, 1, 1, 1, 1, 0, 1], "split1_prob": [0.4403037075347984, 0.4345890390995264, 0.23515098564975576, 0.44064855146360776, 0.43997505242117424, 0.4406471296265747, 0.3319728028721105, 0.6438114498325309, 0.43326074653665775, 0.40776889229085744, 0.27519476161762574, 0.2801108905855937, 0.2584720555808728, 0.4857731653798106, 0.5917598819753672, 0.6570687823587974, 0.36960277280144044], "split2_index": [50, 51, 52, 53, 54, 55, 56, 57, 58, 59, 60, 61, 62, 63, 64, 65, 66, 67, 68], "split2_pred": [0, 1, 0, 0, 0, 0, 1, 0, 1, 0, 0, 0, 0, 0, 1, 1, 1, 1, 0], "split2_test": [0, 0, 0, 0, 0, 0, 1, 0, 1, 0, 0, 0, 0, 0, 1, 0, 1, 0, 0], "split2_notXOR": [1, 0, 1, 1, 1, 1, 1, 1, 1, 1, 1, 1, 1, 1, 1, 0, 1, 0, 1], "split2_prob": [0.28065305118598183, 0.6906411243989516, 0.12680075224100976, 0.1342884982197081, 0.26074348973073885, 0.11521221790457659, 0.9146865589617409, 0.27098698950584715, 0.9152131130933573, 0.1887422781338455, 0.12187689837356488, 0.14975753914908074, 0.12387701924242468, 0.12508099552850305, 0.9146105494474012, 0.7421505247165515, 0.9015819891899887, 0.9007426013297596, 0.5327687079217578], "split3_index": [69, 70, 71, 72, 73, 74, 75, 76, 77, 78, 79, 80, 81, 82, 83, 84, 85, 86, 87], "split3_pred": [0, 0, 0, 0, 0, 0, 1, 0, 1, 1, 0, 0, 0, 0, 1, 0, 1, 1, 1], "split3_test": [0, 0, 0, 0, 0, 0, 1, 0, 1, 0, 0, 0, 0, 0, 1, 0, 1, 0, 0], "split3_notXOR": [1, 1, 1, 1, 1, 1, 1, 1, 1, 0, 1, 1, 1, 1, 1, 1, 1, 0, 0], "split3_prob": [0.10110942300233088, 0.2203505962024618, 0.15204641881982273, 0.09935481887521676, 0.12404152068378578, 0.11233042430780152, 0.8562261133354636, 0.16516241321984074, 0.8550566563135659, 0.5201404543592135, 0.13376578463619937, 0.11228890018036498, 0.1431506820671791, 0.09412809535920029, 0.8563071817299069, 0.38564792010320476, 0.8566339526772078, 0.7609171547138716, 0.5322051110178772], "split4_index": [88, 89, 90, 91, 92, 93, 94, 95, 96, 97, 98, 99, 100, 101, 102, 103, 104, 105, 106], "split4_pred": [0, 0, 0, 0, 0, 0, 1, 0, 1, 0, 0, 0, 0, 0, 1, 0, 1, 1, 0], "split4_test": [0, 0, 0, 0, 0, 0, 1, 0, 1, 0, 0, 1, 0, 0, 1, 0, 1, 0, 0], "split4_notXOR": [1, 1, 1, 1, 1, 1, 1, 1, 1, 1, 1, 0, 1, 1, 1, 1, 1, 0, 1], "split4_prob": [0.3400831232460737, 0.19327116947011602, 0.08798479800425735, 0.07039695186341531, 0.08111491698502188, 0.1335217032524626, 0.8620497464308358, 0.1323229058312081, 0.8624823228698119, 0.13878588726700672, 0.3609400033925291, 0.06496730141956178, 0.06356216642565486, 0.0694671908231115, 0.8623654872892997, 0.15252038527460932, 0.8569270084862419, 0.7475050751572313, 0.24114109671036654], "split5_index": [107, 108, 109, 110, 111, 112, 113, 114, 115, 116, 117, 118, 119, 120, 121, 122, 123, 124, 125, 126], "split5_pred": [0, 0, 0, 0, 0, 0, 1, 0, 0, 1, 0, 0, 0, 0, 0, 1, 0, 1, 1, 1], "split5_test": [0, 0, 0, 0, 0, 0, 1, 0, 0, 0, 0, 0, 0, 0, 0, 0, 0, 1, 0, 0], "split5_notXOR": [1, 1, 1, 1, 1, 1, 1, 1, 1, 0, 1, 1, 1, 1, 1, 0, 1, 1, 0, 0], "split5_prob": [0.08829804424302964, 0.4000538953203491, 0.0638194665613187, 0.04807076881226248, 0.08004201155377637, 0.12574627096491992, 0.8765213065901827, 0.08826820855559316, 0.18107878213076425, 0.9190656239977328, 0.2166265671123352, 0.22888411381279183, 0.06843496528920798, 0.08603150396982356, 0.07906452280375502, 0.8234313273402907, 0.11180212405059509, 0.8824746895873585, 0.7977761517301819, 0.4679762612824165], "split6_index": [127, 128, 129, 130, 131, 132, 133, 134, 135, 136, 137, 138, 139, 140, 141, 142, 143, 144], "split6_pred": [0, 0, 0, 0, 0, 0, 1, 0, 1, 0, 0, 0, 0, 1, 0, 1, 1, 0], "split6_test": [0, 0, 0, 0, 0, 0, 1, 0, 0, 0, 0, 0, 0, 0, 0, 1, 0, 0], "split6_notXOR": [1, 1, 1, 1, 1, 1, 1, 1, 0, 1, 1, 1, 1, 0, 1, 1, 0, 1], "split6_prob": [0.07349538599881907, 0.20110646276370317, 0.04773045259654825, 0.06112901779084403, 0.05480753003201808, 0.1283467351591954, 0.48753632994737595, 0.07366836257262505, 0.933155288256005, 0.3481530320669401, 0.07757277077226246, 0.07345257330142933, 0.09123494010371275, 0.8481060669758059, 0.1384966950004213, 0.8893557816096682, 0.8531608466416889, 0.14024036328890235], "split7_index": [145, 146, 147, 148, 149, 150, 151, 152, 153, 154, 155, 156, 157, 158, 159, 160, 161], "split7_pred": [0, 0, 0, 0, 0, 0, 1, 1, 0, 0, 0, 0, 1, 0, 1, 1, 0], "split7_test": [0, 0, 0, 0, 0, 0, 1, 0, 0, 0, 0, 0, 0, 0, 1, 0, 0], "split7_notXOR": [1, 1, 1, 1, 1, 1, 1, 0, 1, 1, 1, 1, 0, 1, 1, 0, 1], "split7_prob": [0.08302880288541531, 0.0850302746644725, 0.0560761028857633, 0.04518542426925451, 0.03396560554519297, 0.08599778071816962, 0.8832847587442383, 0.9507624858275205, 0.24519020113362247, 0.06511931639389117, 0.18241665854831926, 0.08303980137616074, 0.8928684037235342, 0.09594767738733105, 0.9381232784884961, 0.8740274369703418, 0.18173897213649262], "split8_index": [162, 163, 164, 165, 166, 167, 168, 169, 170, 171, 172, 173, 174, 175, 176, 177, 178], "split8_pred": [0, 0, 0, 0, 0, 0, 1, 1, 0, 0, 0, 0, 0, 0, 1, 0, 0], "split8_test": [0, 0, 0, 0, 0, 0, 1, 0, 0, 0, 0, 0, 0, 0, 1, 0, 0], "split8_notXOR": [1, 1, 1, 1, 1, 1, 1, 0, 1, 1, 1, 1, 1, 1, 1, 1, 1], "split8_prob": [0.13637046893645827, 0.22786285237579207, 0.11055534201330956, 0.10056639189112873, 0.07329688469716521, 0.13628496714538596, 0.8064884641152338, 0.8684317504344079, 0.13127729990746131, 0.1084794013730131, 0.07779371363246566, 0.13628872533950784, 0.3510328045462214, 0.2213767257073647, 0.790530633444714, 0.3346052075562066, 0.2568103610370462], "split9_index": [179, 180, 181, 182, 183, 184, 185, 186, 187, 188, 189, 190, 191, 192, 193, 194], "split9_pred": [0, 0, 0, 0, 0, 1, 1, 0, 0, 0, 0, 0, 1, 0, 1, 1], "split9_test": [0, 0, 0, 0, 0, 1, 0, 0, 0, 0, 0, 0, 0, 0, 1, 0], "split9_notXOR": [1, 1, 1, 1, 1, 1, 0, 1, 1, 1, 1, 1, 0, 1, 1, 0], "split9_prob": [0.03982815921568771, 0.09402552486155184, 0.057894197810429635, 0.04760711993905511, 0.072946156697772, 0.8997408406115466, 0.871397408204502, 0.09094615435817223, 0.06513755931034064, 0.059026825894024505, 0.0620237619901803, 0.14718518308899825, 0.6316230987529495, 0.12737473627638798, 0.8766411614881682, 0.5637188464330178], "split10_index": [195, 196, 197, 198, 199, 200, 201, 202, 203, 204, 205, 206, 207, 208], "split10_pred": [0, 0, 0, 0, 1, 1, 0, 0, 0, 0, 0, 0, 1, 1], "split10_test": [0, 0, 0, 0, 0, 0, 0, 0, 0, 0, 0, 0, 0, 1], "split10_notXOR": [1, 1, 1, 1, 0, 0, 1, 1, 1, 1, 1, 1, 0, 1], "split10_prob": [0.10072642364080867, 0.4282816535234538, 0.3036844977365804, 0.1441084524939654, 0.8918947315501763, 0.8770779955287629, 0.2076280754196761, 0.1035300639338593, 0.10280054348645278, 0.09499205901033218, 0.09099687648334061, 0.06942829254078821, 0.6829776352773892, 0.8725897160331954], "split11_index": [209, 210, 211, 212, 213, 214, 215, 216, 217, 218, 219, 220, 221, 222], "split11_pred": [0, 1, 0, 0, 1, 1, 0, 0, 0, 0, 0, 0, 1, 1], "split11_test": [0, 0, 0, 0, 0, 0, 0, 0, 0, 0, 0, 0, 0, 1], "split11_notXOR": [1, 0, 1, 1, 0, 0, 1, 1, 1, 1, 1, 1, 0, 1],