{"split0_index": [5, 6, 7, 8, 9], "split0_pred": [1, 0, 1, 1, 1], "split0_test": [1, 0, 1, 0, 1], "split0_notXOR": [1, 1, 1, 0, 1], "split0_prob": [0.6456429829532255, 3.2563144586868344e-18, 0.9997821182690867, 0.600386153870897, 1.0], "split1_index": [10, 11, 12, 13, 14], "split1_pred": [1, 0, 1, 1, 1], "split1_test": [1, 0, 1, 1, 1], "split1_notXOR": [1, 1, 1, 1, 1], "split1_prob": [0.7710784128594653, 1.2651219760165506e-18, 0.9978066133414818, 0.6385123183011356, 1.0], "split2_index": [15, 16, 17, 18, 19], "split2_pred": [1, 0, 1, 1, 1], "split2_test": [1, 0, 1, 1, 1], "split2_notXOR": [1, 1, 1, 1, 1], "split2_prob": [0.9999999998637825, 1.836429632874469e-18, 0.9999722977263694, 0.9999999997560596, 1.0], "split3_index": [20, 21, 22, 23, 24, 25, 26], "split3_pred": [1, 0, 1, 1, 0, 1, 1], "split3_test": [1, 0, 1, 1, 0, 1, 1], "split3_notXOR": [1, 1, 1, 1, 1, 1, 1], "split3_prob": [0.9999999999991955, 1.7945405259105286e-17, 0.9999955187097488, 1.0, 1.7945405259105286e-17, 0.9999999999983689, 0.9999999999999951], "split4_index": [27, 28, 29, 30, 31, 32, 33], "split4_pred": [0, 1, 1, 1, 0, 1, 1], "split4_test": [0, 1, 1, 1, 0, 1, 1], "split4_notXOR": [1, 1, 1, 1, 1, 1, 1], "split4_prob": [5.751226087750963e-19, 1.0, 0.9999990341562534, 1.0, 5.751226087750963e-19, 0.9999999999999294, 0.9999999999811882], "split5_index": [34, 35, 36, 37, 38, 39, 40], "split5_pred": [0, 1, 1, 1, 0, 1, 1], "split5_test": [0, 1, 1, 1, 0, 1, 1], "split5_notXOR": [1, 1, 1, 1, 1, 1, 1], "split5_prob": [3.514646409005689e-21, 1.0, 0.999999997995549, 1.0, 3.514646409005689e-21, 1.0, 1.0], "split6_index": [41, 42, 43, 44, 45, 46, 47], "split6_pred": [0, 1, 1, 1, 0, 1, 1], "split6_test": [0, 1, 1, 1, 0, 1, 1], "split6_notXOR": [1, 1, 1, 1, 1, 1, 1], "split6_prob": [1.170411562882752e-22, 1.0, 0.9999999999591662, 1.0, 1.170411562882752e-22, 1.0, 1.0], "split7_index": [48, 49, 50, 51, 52, 53, 54], "split7_pred": [0, 1, 1, 1, 0, 1, 1], "split7_test": [0, 1, 1, 1, 0, 1, 1], "split7_notXOR": [1, 1, 1, 1, 1, 1, 1], "split7_prob": [4.768236104887982e-24, 1.0, 0.9999999999992424, 1.0, 4.768236104887982e-24, 1.0, 1.0], "split8_index": [55, 56, 57, 58, 59, 60, 61], "split8_pred": [0, 1, 1, 1, 0, 1, 1], "split8_test": [0, 1, 1, 1, 0, 1, 1], "split8_notXOR": [1, 1, 1, 1, 1, 1, 1], "split8_prob": [2.5636688043407375e-25, 1.0, 0.9999999999999869, 1.0, 2.5636688043407375e-25, 1.0, 1.0], "split9_index": [62, 63, 64, 65, 66, 67, 68], "split9_pred": [0, 1, 1, 1, 0, 1, 1], "split9_test": [0, 1, 1, 1, 0, 1, 1], "split9_notXOR": [1, 1, 1, 1, 1, 1, 1], "split9_prob": [1.8143879446189644e-26, 1.0, 0.9999999999999998, 1.0, 1.8143879446189644e-26, 1.0, 1.0], "split10_index": [69, 70, 71, 72, 73, 74, 75], "split10_pred": [0, 1, 1, 1, 0, 1, 1], "split10_test": [0, 0, 0, 0, 0, 1, 1], "split10_notXOR": [1, 0, 0, 0, 1, 1, 1], "split10_prob": [1.650629753713445e-27, 1.0, 1.0, 1.0, 1.650629753713445e-27, 1.0, 1.0], "split11_index": [76, 77, 78, 79, 80, 81, 82], "split11_pred": [0, 1, 1, 1, 0, 1, 1], "split11_test": [0, 0, 0, 0, 0, 1, 1], "split11_notXOR": [1, 0, 0, 0, 1, 1, 1], "split11_prob": [2.1542659482653366e-26, 0.9999980147007074, 0.9955916526994736, 0.9999999934152128, 2.1542659482653366e-26, 0.9999999972276779, 0.9999986143474462], "split12_index": [83, 84, 85, 86, 87, 88, 89, 90, 91, 92, 93], "split12_pred": [0, 1, 1, 0, 1, 1, 1, 1, 1, 0, 1], "split12_test": [0, 0, 0, 0, 0, 1, 0, 0, 0, 0, 0], "split12_notXOR": [1, 0, 0, 1, 0, 1, 0, 0, 0, 1, 0], "split12_prob": [1.7386702683332728e-26, 0.9972708292714896, 0.9999979430349749, 1.7386702683332728e-26, 0.9999979046077818, 0.9999654044692144, 0.9999273754406299, 0.9999183001893239, 0.9999952567433134, 1.7386702683332728e-26, 0.999985051619898], "split13_index": [94, 95, 96, 97, 98, 99, 100, 101, 102, 103, 104, 105], "split13_pred": [0, 0, 1, 0, 0, 1, 1, 1, 1, 1, 0, 1], "split13_test": [0, 0, 0, 0, 0, 0, 1, 0, 0, 0, 0, 0], "split13_notXOR": [1, 1, 0, 1, 1, 0, 1, 0, 0, 0, 1, 0], "split13_prob": [3.2603690693958135e-06, 3.2603690693958135e-06, 0.9714383913439015, 7.774573541500506e-09, 3.2603690693958135e-06, 0.9937723178093003, 0.988292015509681, 0.9886091208457437, 0.986637494606692, 0.9920344727228175, 3.2603690693958135e-06, 0.99186420742874], "split14_index": [106, 107, 108, 109, 110, 111, 112, 113, 114, 115, 116, 117, 118], "split14_pred": [0, 0, 1, 0, 0, 1, 0, 1, 1, 1, 1, 0, 1], "split14_test": [0, 0, 0, 0, 0, 0, 0, 1, 0, 0, 0, 0, 0], "split14_notXOR": [1, 1, 0, 1, 1, 0, 1, 1, 0, 0, 0, 1, 0], "split14_prob": [1.4649452308648734e-25, 1.4649452308648734e-25, 0.9761059115164497, 2.2999025058851357e-06, 1.4649452308648734e-25, 0.9899933776287788, 0.0004392282316594932, 0.9910211372388297, 0.9895013192023246, 0.9925724978425899, 0.9928393606500119, 1.4649452308648734e-25, 0.9930240195936156], "split15_index": [119, 120, 121, 122, 123, 124, 125, 126, 127, 128, 129, 130, 131], "split15_pred": [0, 0, 1, 0, 0, 1, 0, 1, 1, 1, 1, 1, 1], "split15_test": [0, 0, 0, 0, 0, 0, 0, 1, 0, 0, 0, 0, 1], "split15_notXOR": [1, 1, 0, 1, 1, 0, 1, 1, 0, 0, 0, 0, 1], "split15_prob": [4.2202714815069764e-26, 4.2202714815069764e-26, 0.9687174397400422, 1.7070694772021704e-13, 4.2202714815069764e-26, 0.9770386407373124, 3.275916941392497e-10, 0.9877213799262684, 0.9841737891952755, 0.9924398109232729, 0.9832824524461681, 0.9360614476638681, 0.9419537443414749], "split16_index": [132, 133, 134, 135, 136, 137, 138, 139, 140, 141, 142, 143, 144, 145, 146], "split16_pred": [0, 0, 0, 1, 0, 0, 0, 0, 0, 0, 0, 0, 1, 1, 1], "split16_test": [0, 0, 0, 0, 0, 0, 0, 1, 0, 0, 0, 0, 0, 0, 1], "split16_notXOR": [1, 1, 1, 0, 1, 1, 1, 0, 1, 1, 1, 1, 0, 0, 1], "split16_prob": [9.301466509593156e-26, 0.29668013581054425, 9.301466509593156e-26, 0.9542499489149597, 4.4591988972794364e-33, 9.301466509593156e-26, 9.301466509593156e-26, 0.00010891373224347678, 3.6044022483499588e-34, 2.1813146243400422e-05, 3.596692471821658e-17, 1.1863408300416945e-26, 0.7145794358144623, 0.8412982509146745, 0.7128687786735461], "split17_index": [147, 148, 149, 150, 151, 152, 153, 154, 155, 156, 157, 158, 159, 160, 161], "split17_pred": [0, 0, 0, 1, 0, 0, 0, 0, 0, 0, 0, 0, 1, 1, 1], "split17_test": [0, 0, 0, 0, 0, 0, 0, 0, 0, 0, 0, 0, 0, 0, 1], "split17_notXOR": [1, 1, 1, 0, 1, 1, 1, 1, 1, 1, 1, 1, 0, 0, 1], "split17_prob": [1.3102790666221206e-25, 0.004977025479823628, 1.3102790666221206e-25, 0.9758723495969606, 2.228267795782583e-64, 1.3102790666221206e-25, 1.3102790666221206e-25, 0.04679058064865184, 2.3646671098359293e-63, 9.597125060608412e-13, 4.603616706677052e-33, 2.0888584215894006e-50, 0.8895613492056519, 0.966900456825929, 0.9341088280299157], "split18_index": [162, 163, 164, 165, 166, 167, 168, 169, 170, 171, 172, 173, 174, 175, 176, 177], "split18_pred": [0, 0, 0, 1, 0, 0, 0, 0, 0, 0, 1, 0, 0, 1, 1, 1], "split18_test": [0, 0, 0, 0, 0, 0, 0, 0, 0, 0, 0, 0, 0, 0, 0, 1], "split18_notXOR": [1, 1, 1, 0, 1, 1, 1, 1, 1, 1, 0, 1, 1, 0, 0, 1], "split18_prob": [1.3098333037566414e-25, 0.0038335720171166227, 1.3098333037566414e-25, 0.9800431915036865, 7.173182407891006e-73, 1.3098333037566414e-25, 1.3098333037566414e-25, 0.01868502669607165, 1.046741104791386e-71, 3.446695140442205e-13, 0.8870845272699862, 8.738947576459386e-39, 9.603535895825925e-58, 0.8304664845860678, 0.973527436375779, 0.8982612668533013], "split19_index": [178, 179, 180, 181, 182, 183, 184, 185, 186, 187, 188, 189, 190, 191, 192, 193], "split19_pred": [0, 0, 0, 1, 0, 0, 0, 0, 0, 0, 1, 0, 0, 1, 1, 1], "split19_test": [0, 0, 0, 0, 0, 0, 0, 0, 0, 0, 0, 0, 0, 0, 0, 1], "split19_notXOR": [1, 1, 1, 0, 1, 1, 1, 1, 1, 1, 0, 1, 1, 0, 0, 1], "split19_prob": [1.1430918616552297e-25, 0.0033698644388936642, 1.1430918616552297e-25, 0.9813011147550806, 8.653759137331255e-74, 1.1430918616552297e-25, 1.1430918616552297e-25, 0.0006229314892588283, 1.6641031177013053e-72, 2.1729995433338793e-13, 0.8964838100432776, 3.032343209601684e-39, 2.1400845767284777e-58, 0.8470997679470007, 0.9758849634554579, 0.9126972198925053],