{"split0_index": [7, 8, 9, 10, 11, 12, 13, 14, 15, 16], "split0_pred": [0, 0, 0, 0, 0, 0, 1, 0, 0, 0], "split0_test": [0, 0, 0, 1, 0, 0, 0, 0, 0, 1], "split0_notXOR": [1, 1, 1, 0, 1, 1, 0, 1, 1, 0], "split0_prob": [0.5, 0.5, 0.5, 0.5, 0.5, 0.5, 0.5, 0.5, 0.5, 0.5], "split1_index": [17, 18, 19, 20, 21, 22, 23, 24, 25, 26], "split1_pred": [0, 0, 0, 0, 0, 0, 0, 0, 0, 0], "split1_test": [0, 0, 0, 1, 0, 0, 0, 0, 0, 0], "split1_notXOR": [1, 1, 1, 0, 1, 1, 1, 1, 1, 1], "split1_prob": [0.33560313184055257, 0.33560313184055257, 0.33560313184055257, 0.33560313184055257, 0.33560313184055257, 0.3700528714149377, 0.33560313184055257, 0.33560313184055257, 0.33560313184055257, 0.46749722746160394], "split2_index": [27, 28, 29, 30, 31, 32, 33, 34, 35, 36], "split2_pred": [0, 0, 0, 0, 0, 0, 0, 0, 0, 0], "split2_test": [0, 0, 0, 1, 0, 0, 0, 0, 0, 0], "split2_notXOR": [1, 1, 1, 0, 1, 1, 1, 1, 1, 1], "split2_prob": [0.4262824142680663, 0.4262824142680663, 0.4262824142680663, 0.4262824142680663, 0.4262824142680663, 0.4262824142680663, 0.4262824142680663, 0.4262824142680663, 0.4262824142680663, 0.4262824142680663], "split3_index": [37, 38, 39, 40, 41, 42, 43, 44, 45, 46], "split3_pred": [0, 0, 0, 0, 0, 0, 0, 1, 0, 1], "split3_test": [0, 0, 0, 1, 0, 0, 0, 0, 0, 0], "split3_notXOR": [1, 1, 1, 0, 1, 1, 1, 0, 1, 0], "split3_prob": [0.5105488247268436, 0.48952765506836865, 0.44661270954640736, 0.511320828261934, 0.45858221121815373, 0.4428260453759687, 0.46031236358483796, 0.5424062821439369, 0.43590941511215847, 0.581644261054359], "split4_index": [47, 48, 49, 50, 51, 52, 53, 54, 55, 56], "split4_pred": [0, 0, 0, 0, 0, 0, 0, 0, 0, 0], "split4_test": [0, 0, 0, 0, 1, 0, 0, 0, 0, 0], "split4_notXOR": [1, 1, 1, 1, 0, 1, 1, 1, 1, 1], "split4_prob": [0.4217343887423209, 0.4217343887423209, 0.44714816827039355, 0.44714816827039355, 0.4381764957537957, 0.44714816827039355, 0.44714816827039355, 0.44714816827039355, 0.44714816827039355, 0.4114232391574398], "split5_index": [57, 58, 59, 60, 61, 62, 63, 64, 65, 66, 67], "split5_pred": [0, 0, 0, 0, 0, 0, 0, 0, 0, 0, 0], "split5_test": [1, 0, 0, 0, 0, 0, 0, 0, 0, 0, 0], "split5_notXOR": [0, 1, 1, 1, 1, 1, 1, 1, 1, 1, 1], "split5_prob": [0.48306272229141173, 0.48446375789563656, 0.48446375789563656, 0.48446375789563656, 0.4888649653480458, 0.48446375789563656, 0.4848419306733319, 0.48446375789563656, 0.48446375789563656, 0.48446375789563656, 0.4843168654084874], "split6_index": [68, 69, 70, 71, 72, 73, 74, 75, 76, 77, 78], "split6_pred": [0, 0, 0, 0, 0, 0, 0, 0, 0, 0, 0], "split6_test": [1, 0, 0, 0, 0, 0, 0, 0, 0, 1, 0], "split6_notXOR": [0, 1, 1, 1, 1, 1, 1, 1, 1, 0, 1], "split6_prob": [0.5149201214867135, 0.20748728713888057, 0.5379278130189149, 0.20748728713888057, 0.47318775089861675, 0.27023173779866955, 0.4521900260092857, 0.20748728713888057, 0.20748728713888057, 0.3170936174367297, 0.20748728713888057], "split7_index": [79, 80, 81, 82, 83, 84, 85, 86, 87, 88, 89], "split7_pred": [0, 0, 0, 0, 0, 0, 0, 0, 0, 0, 0], "split7_test": [1, 0, 0, 0, 0, 0, 0, 0, 0, 0, 0], "split7_notXOR": [0, 1, 1, 1, 1, 1, 1, 1, 1, 1, 1], "split7_prob": [0.4820183755454021, 0.31119373591286237, 0.31119373591286237, 0.31119373591286237, 0.31119373591286237, 0.31119373591286237, 0.31119373591286237, 0.31119373591286237, 0.31119373591286237, 0.4820183755454021, 0.31119373591286237], "split8_index": [90, 91, 92, 93, 94, 95, 96, 97, 98, 99, 100, 101], "split8_pred": [0, 0, 0, 0, 1, 1, 0, 0, 0, 0, 1, 0], "split8_test": [1, 0, 0, 0, 0, 0, 0, 1, 0, 0, 0, 0], "split8_notXOR": [0, 1, 1, 1, 0, 0, 1, 0, 1, 1, 0, 1], "split8_prob": [0.3093552408101973, 0.3093552408101973, 0.3093552408101973, 0.3093552408101973, 0.7564908629138674, 0.757517487654514, 0.3093552408101973, 0.2355503527974336, 0.3093552408101973, 0.3093552408101973, 0.5986932601489846, 0.408589456363136], "split9_index": [102, 103, 104, 105, 106, 107, 108, 109, 110, 111, 112, 113, 114], "split9_pred": [1, 0, 1, 1, 0, 1, 0, 0, 1, 0, 0, 0, 0], "split9_test": [1, 0, 0, 0, 0, 0, 0, 0, 0, 0, 0, 0, 0], "split9_notXOR": [1, 1, 0, 0, 1, 0, 1, 1, 0, 1, 1, 1, 1], "split9_prob": [0.6356889714566684, 0.34158331340164033, 0.741606253261155, 0.7799442978812321, 0.34158331340164033, 0.6649804535501916, 0.34158331340164033, 0.34158331340164033, 0.6540422322059961, 0.34158331340164033, 0.34158331340164033, 0.34158331340164033, 0.34158331340164033], "split10_index": [115, 116, 117, 118, 119, 120, 121, 122, 123, 124, 125, 126, 127], "split10_pred": [1, 0, 0, 0, 0, 0, 0, 0, 0, 0, 0, 0, 1], "split10_test": [1, 0, 0, 0, 0, 0, 0, 0, 0, 0, 0, 0, 0], "split10_notXOR": [1, 1, 1, 1, 1, 1, 1, 1, 1, 1, 1, 1, 0], "split10_prob": [0.523327927431214, 0.304819441002162, 0.304819441002162, 0.304819441002162, 0.304819441002162, 0.304819441002162, 0.304819441002162, 0.304819441002162, 0.304819441002162, 0.304819441002162, 0.304819441002162, 0.304819441002162, 0.7489003312056094], "split11_index": [128, 129, 130, 131, 132, 133, 134, 135, 136, 137, 138, 139, 140], "split11_pred": [0, 1, 0, 0, 1, 0, 0, 0, 0, 0, 0, 0, 0], "split11_test": [1, 0, 0, 0, 0, 0, 0, 0, 0, 0, 0, 0, 0], "split11_notXOR": [0, 0, 1, 1, 0, 1, 1, 1, 1, 1, 1, 1, 1], "split11_prob": [0.3005619903195062, 0.5350705249301222, 0.3005619903195062, 0.3005619903195062, 0.7132895003491284, 0.3005619903195062, 0.3005619903195062, 0.3005619903195062, 0.3005619903195062, 0.3005619903195062, 0.3005619903195062, 0.3005619903195062, 0.3954296844373743], "split12_index": [141, 142, 143, 144, 145, 146, 147, 148, 149, 150, 151, 152, 153], "split12_pred": [0, 0, 0, 0, 0, 0, 0, 0, 0, 0, 1, 0, 0], "split12_test": [1, 0, 0, 0, 0, 0, 0, 0, 0, 0, 0, 0, 0], "split12_notXOR": [0, 1, 1, 1, 1, 1, 1, 1, 1, 1, 0, 1, 1], "split12_prob": [0.2781745763689475, 0.2781745763689475, 0.2781745763689475, 0.2781745763689475, 0.2781745763689475, 0.2781745763689475, 0.2781745763689475, 0.2781745763689475, 0.2781745763689475, 0.2781745763689475, 0.5592714955136263, 0.2781745763689475, 0.2781745763689475], "split13_index": [154, 155, 156, 157, 158, 159, 160, 161, 162, 163, 164, 165, 166], "split13_pred": [1, 0, 0, 0, 0, 0, 0, 0, 0, 0, 1, 0, 0], "split13_test": [1, 0, 0, 0, 0, 0, 0, 0, 0, 0, 0, 0, 0], "split13_notXOR": [1, 1, 1, 1, 1, 1, 1, 1, 1, 1, 0, 1, 1], "split13_prob": [0.7908300726001833, 0.3025481095379244, 0.3025481095379244, 0.3025481095379244, 0.3025481095379244, 0.3025481095379244, 0.3025481095379244, 0.3025481095379244, 0.3025481095379244, 0.3025481095379244, 0.5738799503801701, 0.3025481095379244, 0.3025481095379244], "split14_index": [167, 168, 169, 170, 171, 172, 173, 174, 175, 176, 177, 178], "split14_pred": [0, 0, 0, 0, 0, 0, 0, 1, 0, 0, 0, 0], "split14_test": [1, 0, 0, 0, 0, 0, 0, 0, 0, 0, 0, 0], "split14_notXOR": [0, 1, 1, 1, 1, 1, 1, 0, 1, 1, 1, 1], "split14_prob": [0.2792381909344181, 0.2792381909344181, 0.2792381909344181, 0.2792381909344181, 0.2792381909344181, 0.2792381909344181, 0.2792381909344181, 0.7827580493998536, 0.2792381909344181, 0.2792381909344181, 0.2792381909344181, 0.2792381909344181], "split15_index": [179, 180, 181, 182, 183, 184, 185, 186, 187, 188, 189, 190], "split15_pred": [0, 0, 0, 1, 0, 0, 0, 0, 0, 0, 0, 0], "split15_test": [1, 0, 0, 0, 0, 0, 0, 0, 0, 0, 0, 0], "split15_notXOR": [0, 1, 1, 0, 1, 1, 1, 1, 1, 1, 1, 1], "split15_prob": [0.30033079467078455, 0.30033079467078455, 0.30033079467078455, 0.7581072035922647, 0.30033079467078455, 0.30033079467078455, 0.30033079467078455, 0.30033079467078455, 0.30033079467078455, 0.30033079467078455, 0.30033079467078455, 0.30033079467078455], "split16_index": [191, 192, 193, 194, 195, 196, 197, 198, 199, 200, 201, 202], "split16_pred": [0, 0, 0, 1, 0, 1, 1, 1, 0, 0, 1, 0], "split16_test": [1, 0, 0, 0, 0, 0, 0, 0, 0, 0, 0, 0], "split16_notXOR": [0, 1, 1, 0, 1, 0, 0, 0, 1, 1, 0, 1], "split16_prob": [0.33215236155273553, 0.33215236155273553, 0.33215236155273553, 0.7029270465103039, 0.33215236155273553, 0.738998708798752, 0.6154620451871862, 0.776848364037948, 0.33215236155273553, 0.33215236155273553, 0.790067977994859, 0.33215236155273553],