{"split0_index": [11, 12, 13, 14, 15, 16, 17, 18, 19, 20, 21], "split0_pred": [0, 0, 0, 0, 0, 0, 0, 0, 0, 0, 0], "split0_test": [0, 0, 0, 0, 1, 1, 0, 0, 0, 0, 0], "split0_notXOR": [1, 1, 1, 1, 0, 0, 1, 1, 1, 1, 1], "split0_prob": [0.5, 0.5, 0.5, 0.5, 0.5, 0.5, 0.5, 0.5, 0.5, 0.5, 0.5], "split1_index": [22, 23, 24, 25, 26, 27, 28, 29, 30, 31, 32, 33], "split1_pred": [0, 0, 0, 0, 0, 0, 0, 0, 0, 0, 0, 0], "split1_test": [0, 0, 0, 0, 0, 1, 1, 0, 0, 0, 0, 0], "split1_notXOR": [1, 1, 1, 1, 1, 0, 0, 1, 1, 1, 1, 1], "split1_prob": [0.4914062634343541, 0.4914062634343541, 0.0006970659249723143, 0.0006980741005695411, 0.0006980741005695411, 0.4914062634343541, 0.4914062634343541, 0.4914062634343541, 0.0006740316697771497, 0.0006980741005695411, 0.000696562382936406, 0.4914062634343541], "split2_index": [34, 35, 36, 37, 38, 39, 40, 41, 42, 43, 44, 45], "split2_pred": [1, 1, 1, 1, 0, 1, 0, 1, 0, 0, 0, 1], "split2_test": [0, 0, 0, 0, 0, 1, 0, 0, 0, 0, 0, 0], "split2_notXOR": [0, 0, 0, 0, 1, 1, 1, 0, 1, 1, 1, 0], "split2_prob": [0.7444222535080368, 0.7444222535080368, 0.7444222535080368, 0.7444222535080368, 0.0002606734624192228, 0.7444222535080368, 0.00020783694304093108, 0.7444222535080368, 0.00025339634916120025, 0.0002555704736976486, 0.0002606734624192228, 0.7444222535080368], "split3_index": [46, 47, 48, 49, 50, 51, 52, 53, 54, 55, 56, 57], "split3_pred": [0, 1, 0, 1, 0, 0, 0, 0, 0, 0, 0, 0], "split3_test": [0, 0, 0, 0, 0, 1, 0, 0, 0, 0, 0, 0], "split3_notXOR": [1, 0, 1, 0, 1, 0, 1, 1, 1, 1, 1, 1], "split3_prob": [9.416784293332445e-05, 0.6397343325424445, 9.809862937418213e-05, 0.6397343325424445, 9.546028701108689e-05, 8.917068307212581e-05, 8.329544853785097e-05, 9.94450177309887e-05, 9.289289572847359e-05, 9.809862937418213e-05, 9.94450177309887e-05, 0.00010080988319452643], "split4_index": [58, 59, 60, 61, 62, 63, 64, 65, 66, 67, 68, 69], "split4_pred": [0, 1, 1, 1, 0, 0, 1, 0, 0, 0, 0, 1], "split4_test": [0, 0, 0, 0, 0, 1, 0, 0, 0, 0, 0, 0], "split4_notXOR": [1, 0, 0, 0, 1, 0, 0, 1, 1, 1, 1, 0], "split4_prob": [0.2815838440537445, 0.6168169876497349, 0.6168169876497349, 0.6168169876497349, 0.2432426592819008, 0.46427066407558276, 0.6168169876497349, 0.2717967279164934, 0.1850041453466584, 0.31277849325141366, 0.2717967279164934, 0.6168169876497349], "split5_index": [70, 71, 72, 73, 74, 75, 76, 77, 78, 79, 80, 81], "split5_pred": [0, 0, 0, 0, 0, 0, 0, 0, 0, 0, 0, 0], "split5_test": [0, 0, 0, 0, 0, 1, 0, 0, 0, 0, 0, 0], "split5_notXOR": [1, 1, 1, 1, 1, 0, 1, 1, 1, 1, 1, 1], "split5_prob": [0.4386494273434435, 0.4386494273434435, 0.4386494273434435, 0.4386494273434435, 0.4386494273434435, 0.4386494273434435, 0.4386494273434435, 0.4386494273434435, 0.36804895378513736, 0.4386494273434435, 0.4386494273434435, 0.4386494273434435], "split6_index": [82, 83, 84, 85, 86, 87, 88, 89, 90, 91, 92, 93], "split6_pred": [0, 0, 0, 0, 0, 0, 0, 0, 0, 0, 0, 0], "split6_test": [0, 0, 0, 0, 0, 1, 0, 0, 0, 0, 0, 0], "split6_notXOR": [1, 1, 1, 1, 1, 0, 1, 1, 1, 1, 1, 1], "split6_prob": [0.41797019550062736, 0.41797019550062736, 0.41797019550062736, 0.41797019550062736, 0.41797019550062736, 0.41797019550062736, 0.41797019550062736, 0.41797019550062736, 0.41797019550062736, 0.41797019550062736, 0.41797019550062736, 0.41797019550062736], "split7_index": [94, 95, 96, 97, 98, 99, 100, 101, 102, 103, 104, 105], "split7_pred": [0, 0, 0, 0, 0, 0, 0, 1, 0, 0, 0, 0], "split7_test": [0, 0, 0, 0, 0, 1, 0, 0, 0, 0, 0, 0], "split7_notXOR": [1, 1, 1, 1, 1, 0, 1, 0, 1, 1, 1, 1], "split7_prob": [0.4856746492568109, 0.4856746492568109, 0.4856746492568109, 0.4856746492568109, 0.4856746492568109, 0.4856746492568109, 0.4856746492568109, 0.5890090246803804, 0.4856746492568109, 0.011659618110685721, 0.23277825993799597, 0.4856746492568109], "split8_index": [106, 107, 108, 109, 110, 111, 112, 113, 114, 115, 116, 117], "split8_pred": [0, 0, 0, 0, 0, 0, 0, 0, 0, 0, 0, 0], "split8_test": [0, 0, 0, 0, 0, 1, 0, 0, 0, 0, 0, 0], "split8_notXOR": [1, 1, 1, 1, 1, 0, 1, 1, 1, 1, 1, 1], "split8_prob": [0.4975146869789265, 0.4975146869789265, 0.4975146869789265, 0.4975146869789265, 0.4975146869789265, 0.4975146869789265, 0.4975146869789265, 0.4975146869789265, 0.4975146869789265, 0.4975146869789265, 0.003985819038928666, 0.4975146869789265], "split9_index": [118, 119, 120, 121, 122, 123, 124, 125, 126, 127, 128, 129], "split9_pred": [0, 0, 0, 0, 0, 0, 0, 0, 0, 0, 0, 0], "split9_test": [0, 0, 0, 0, 0, 1, 0, 0, 0, 0, 0, 0], "split9_notXOR": [1, 1, 1, 1, 1, 0, 1, 1, 1, 1, 1, 1], "split9_prob": [0.45174069598920924, 0.45174069598920924, 0.45174069598920924, 0.45174069598920924, 0.45174069598920924, 0.45174069598920924, 0.45174069598920924, 0.45174069598920924, 0.008813042824641088, 0.45174069598920924, 0.1454632785227113, 0.45174069598920924], "split10_index": [130, 131, 132, 133, 134, 135, 136, 137, 138, 139, 140, 141, 142], "split10_pred": [1, 0, 0, 0, 1, 1, 1, 1, 0, 1, 0, 0, 1], "split10_test": [0, 0, 0, 1, 0, 1, 0, 0, 1, 0, 0, 0, 1], "split10_notXOR": [0, 1, 1, 0, 0, 1, 0, 0, 0, 0, 1, 1, 1], "split10_prob": [0.5051009619955437, 0.10962117722654405, 0.19336838098034473, 0.0009495805456256702, 0.5051009619955437, 0.5051009619955437, 0.5051009619955437, 0.5051009619955437, 3.603061664492514e-08, 0.5051009619955437, 0.3575096823128538, 1.7091027431964336e-05, 0.6002780458558483], "split11_index": [143, 144, 145, 146, 147, 148, 149, 150, 151, 152, 153, 154, 155], "split11_pred": [1, 0, 1, 0, 1, 1, 1, 1, 1, 1, 1, 1, 0], "split11_test": [0, 0, 0, 0, 0, 1, 0, 0, 1, 0, 0, 0, 0], "split11_notXOR": [0, 1, 0, 1, 0, 1, 0, 0, 1, 0, 0, 0, 1], "split11_prob": [0.5145683515732111, 0.2786325771829932, 0.5145683515732111, 0.09868527009688721, 0.5145683515732111, 0.5145683515732111, 0.5145683515732111, 0.5145683515732111, 0.5145683515732111, 0.5145683515732111, 0.5145683515732111, 0.5145683515732111, 0.09868527009688721], "split12_index": [156, 157, 158, 159, 160, 161, 162, 163, 164, 165, 166, 167, 168], "split12_pred": [0, 1, 1, 0, 1, 1, 1, 0, 0, 0, 1, 0, 0], "split12_test": [0, 0, 0, 0, 0, 1, 0, 0, 0, 0, 0, 0, 0], "split12_notXOR": [1, 0, 0, 1, 0, 1, 0, 1, 1, 1, 0, 1, 1], "split12_prob": [0.0639276136010009, 0.5199719102889964, 0.7807263543263269, 0.09090383199201589, 0.5199719102889964, 0.5199719102889964, 0.5199719102889964, 0.16013681449190684, 4.9129513168091534e-05, 0.0639276136010009, 0.5199719102889964, 0.02949739203879213, 0.09090383199201595], "split13_index": [169, 170, 171, 172, 173, 174, 175, 176, 177, 178, 179, 180], "split13_pred": [0, 0, 0, 1, 1, 0, 1, 0, 0, 0, 0, 1], "split13_test": [0, 1, 0, 0, 0, 0, 0, 0, 0, 0, 0, 0], "split13_notXOR": [1, 0, 1, 0, 0, 1, 0, 1, 1, 1, 1, 0], "split13_prob": [0.051007174151635845, 0.008313682297016201, 0.009391304654391006, 0.5369382061111135, 0.5369382061111135, 0.036338013892157156, 0.5369382061111135, 0.040165837577082635, 0.010742760652781612, 0.39833313413279, 0.10409868949378406, 0.5369382061111135]}