{"split0_index": [3, 4, 5], "split0_pred": [0, 0, 0], "split0_test": [1, 0, 0], "split0_notXOR": [0, 1, 1], "split0_prob": [0.5, 0.5, 0.5], "split1_index": [6, 7, 8], "split1_pred": [0, 1, 0], "split1_test": [1, 0, 0], "split1_notXOR": [0, 0, 1], "split1_prob": [0.3434388085997413, 0.7487772284792888, 0.3434388085997413], "split2_index": [9, 10, 11], "split2_pred": [1, 0, 1], "split2_test": [1, 0, 0], "split2_notXOR": [1, 1, 0], "split2_prob": [0.9644494615755675, 0.4662509473586665, 0.9518237055390371], "split3_index": [12, 13, 14], "split3_pred": [0, 0, 0], "split3_test": [1, 0, 0], "split3_notXOR": [0, 1, 1], "split3_prob": [0.3996044003246415, 0.3996044003246415, 0.3996044003246415], "split4_index": [15, 16, 17], "split4_pred": [1, 1, 1], "split4_test": [1, 0, 1], "split4_notXOR": [1, 0, 1], "split4_prob": [0.8362031086774739, 0.5757639942605326, 0.7299363637481937], "split5_index": [18, 19, 20], "split5_pred": [1, 1, 0], "split5_test": [1, 0, 1], "split5_notXOR": [1, 0, 0], "split5_prob": [0.6122704142876354, 0.6199421909429506, 0.3506796652775096], "split6_index": [21, 22, 23], "split6_pred": [1, 0, 0], "split6_test": [1, 0, 1], "split6_notXOR": [1, 1, 0], "split6_prob": [0.9305880493315642, 0.18964896062493117, 0.39263108144138], "split7_index": [24, 25, 26], "split7_pred": [1, 1, 0], "split7_test": [1, 0, 1], "split7_notXOR": [1, 0, 0], "split7_prob": [0.7079380506487499, 0.9412766839537258, 0.006032598854143607], "split8_index": [27, 28, 29], "split8_pred": [0, 0, 0], "split8_test": [1, 0, 1], "split8_notXOR": [0, 1, 0], "split8_prob": [0.40138426793067783, 0.40138426793067783, 0.40138426793067783], "split9_index": [30, 31, 32], "split9_pred": [0, 0, 0], "split9_test": [1, 0, 1], "split9_notXOR": [0, 1, 0], "split9_prob": [0.37560983591812847, 0.42515918268228614, 0.42515918268228614], "split10_index": [33, 34, 35], "split10_pred": [1, 1, 1], "split10_test": [1, 0, 1], "split10_notXOR": [1, 0, 1], "split10_prob": [0.5550599060503054, 0.5499475469310441, 0.5550599060503054], "split11_index": [36, 37, 38], "split11_pred": [0, 0, 0], "split11_test": [1, 0, 1], "split11_notXOR": [0, 1, 0], "split11_prob": [0.4579198028414808, 0.4579198028414808, 0.4579198028414808], "split12_index": [39, 40, 41], "split12_pred": [0, 1, 1], "split12_test": [1, 0, 1], "split12_notXOR": [0, 0, 1], "split12_prob": [0.37506904171990607, 0.9663049784993346, 0.5827685204303784], "split13_index": [42, 43, 44], "split13_pred": [1, 1, 1], "split13_test": [1, 0, 1], "split13_notXOR": [1, 0, 1], "split13_prob": [0.5016705238695048, 0.5016705238695048, 0.5016705238695048], "split14_index": [45, 46, 47], "split14_pred": [0, 0, 0], "split14_test": [1, 0, 1], "split14_notXOR": [0, 1, 0], "split14_prob": [0.492739544791516, 0.4094167023680717, 0.492739544791516], "split15_index": [48, 49, 50], "split15_pred": [1, 0, 1], "split15_test": [1, 0, 1], "split15_notXOR": [1, 1, 1], "split15_prob": [0.5188262770568655, 0.48839896953601086, 0.5188262770568655], "split16_index": [51, 52, 53], "split16_pred": [0, 1, 1], "split16_test": [1, 0, 1], "split16_notXOR": [0, 0, 1], "split16_prob": [0.3078278285948269, 0.5373630931554085, 0.5373630931554085], "split17_index": [54, 55, 56], "split17_pred": [1, 1, 1], "split17_test": [1, 0, 1], "split17_notXOR": [1, 0, 1], "split17_prob": [0.5143234203159068, 0.5143234203159068, 0.5143234203159068], "split18_index": [57, 58, 59], "split18_pred": [0, 1, 1], "split18_test": [1, 0, 1], "split18_notXOR": [0, 0, 1], "split18_prob": [0.4180264234322654, 0.5133744002481652, 0.5133744002481652], "split19_index": [60, 61, 62], "split19_pred": [0, 0, 0], "split19_test": [1, 0, 1], "split19_notXOR": [0, 1, 0], "split19_prob": [0.4966012059707709, 0.4966012059707709, 0.4966012059707709], "split20_index": [63, 64, 65], "split20_pred": [0, 1, 0], "split20_test": [1, 0, 1], "split20_notXOR": [0, 0, 0], "split20_prob": [0.36568887880375817, 0.5130670605635118, 0.4302939718666633], "split21_index": [66, 67, 68], "split21_pred": [0, 0, 0], "split21_test": [1, 0, 1], "split21_notXOR": [0, 1, 0], "split21_prob": [0.4844036861295019, 0.4844036861295019, 0.4844036861295019]}