{"split0_index": [9, 10, 11, 12, 13, 14, 15, 16, 17], "split0_pred": [1, 1, 0, 1, 0, 0, 1, 1, 0], "split0_test": [1, 0, 0, 1, 0, 1, 1, 1, 0], "split0_notXOR": [1, 0, 1, 1, 1, 0, 1, 1, 1], "split0_prob": [0.8749279844836011, 0.981505060695534, 0.1339279986227339, 0.9493739178195386, 0.038537674775084185, 0.3182367131588425, 0.6840894683807778, 0.8025236052778177, 0.1366145255773785], "split1_index": [18, 19, 20, 21, 22, 23, 24, 25, 26], "split1_pred": [1, 0, 0, 1, 0, 1, 1, 1, 0], "split1_test": [1, 0, 0, 1, 0, 0, 0, 1, 0], "split1_notXOR": [1, 1, 1, 1, 1, 0, 0, 1, 1], "split1_prob": [0.6658839402813235, 0.48626202570634225, 0.10384810942804937, 0.9876347111771174, 0.050185310384126415, 0.9260705183040058, 0.9547634260702331, 0.8899294023099117, 0.09704390744291519], "split2_index": [27, 28, 29, 30, 31, 32, 33, 34, 35], "split2_pred": [1, 0, 0, 1, 0, 1, 1, 1, 0], "split2_test": [1, 0, 0, 1, 0, 0, 0, 1, 0], "split2_notXOR": [1, 1, 1, 1, 1, 0, 0, 1, 1], "split2_prob": [0.7566317821920762, 0.2984537068932018, 0.08620340021305094, 0.9827973454313281, 0.030732234634942596, 0.6275476354567833, 0.6091664703511525, 0.9287585064804634, 0.0763626584176655], "split3_index": [36, 37, 38, 39, 40, 41, 42, 43, 44], "split3_pred": [1, 0, 0, 1, 0, 0, 0, 1, 0], "split3_test": [1, 0, 0, 1, 0, 0, 0, 1, 0], "split3_notXOR": [1, 1, 1, 1, 1, 1, 1, 1, 1], "split3_prob": [0.8517118430410688, 0.11882462613797401, 0.07783869038614057, 0.9953175239301172, 0.021695982738023967, 0.4597497265492409, 0.4283685682104891, 0.9566570293798701, 0.04691521471989057], "split4_index": [45, 46, 47, 48, 49, 50, 51, 52, 53], "split4_pred": [1, 0, 0, 1, 0, 0, 0, 1, 0], "split4_test": [1, 1, 0, 1, 0, 0, 0, 1, 0], "split4_notXOR": [1, 0, 1, 1, 1, 1, 1, 1, 1], "split4_prob": [0.8775902666489677, 0.15457177893129836, 0.052557488167917, 0.9944043345752072, 0.020550048699027795, 0.4431738026818291, 0.34958342923351354, 0.9446195661539084, 0.04501973979808899], "split5_index": [54, 55, 56, 57, 58, 59, 60, 61, 62], "split5_pred": [1, 1, 0, 1, 0, 0, 1, 1, 0], "split5_test": [1, 1, 0, 1, 0, 0, 0, 1, 0], "split5_notXOR": [1, 1, 1, 1, 1, 1, 0, 1, 1], "split5_prob": [0.9146195587829017, 0.5370276246463599, 0.04538511886830695, 0.9961717979925223, 0.018348165596825103, 0.353659377952951, 0.6901276680509308, 0.9484021772874668, 0.043691675070540115], "split6_index": [63, 64, 65, 66, 67, 68, 69, 70, 71], "split6_pred": [1, 1, 0, 1, 0, 0, 0, 1, 0], "split6_test": [1, 1, 0, 1, 0, 0, 0, 1, 0], "split6_notXOR": [1, 1, 1, 1, 1, 1, 1, 1, 1], "split6_prob": [0.9052399380138552, 0.9949475646928454, 0.04793077140572065, 0.9948732836257597, 0.017704785697652336, 0.2391540923460949, 0.3888294294576145, 0.9483102995207607, 0.03011757151960086], "split7_index": [72, 73, 74, 75, 76, 77, 78, 79, 80], "split7_pred": [1, 1, 0, 1, 0, 0, 0, 1, 0], "split7_test": [1, 1, 0, 1, 0, 0, 0, 1, 0], "split7_notXOR": [1, 1, 1, 1, 1, 1, 1, 1, 1], "split7_prob": [0.9001037484129358, 0.9920912823261243, 0.03826250636099194, 0.9945367849689823, 0.015544518700220228, 0.29632758989399294, 0.3754585847266145, 0.9483032222409599, 0.032776514449979297], "split8_index": [81, 82, 83, 84, 85, 86, 87, 88, 89], "split8_pred": [1, 1, 0, 1, 0, 0, 0, 1, 0], "split8_test": [1, 1, 0, 1, 0, 0, 0, 1, 0], "split8_notXOR": [1, 1, 1, 1, 1, 1, 1, 1, 1], "split8_prob": [0.9228856238622046, 0.9919132522408887, 0.031180560381770545, 0.9935548920215231, 0.0186440659350169, 0.2583428600308152, 0.2111876387279344, 0.9345698377015063, 0.031721501005941226], "split9_index": [90, 91, 92, 93, 94, 95, 96, 97, 98], "split9_pred": [1, 1, 0, 1, 0, 0, 0, 1, 0], "split9_test": [1, 1, 0, 1, 0, 0, 0, 1, 0], "split9_notXOR": [1, 1, 1, 1, 1, 1, 1, 1, 1], "split9_prob": [0.9285754741110551, 0.9948241874107785, 0.031365642121121154, 0.9937000396284826, 0.012957010731842137, 0.2696626984045524, 0.18130391546896188, 0.9349005484774303, 0.030469891875332625], "split10_index": [99, 100, 101, 102, 103, 104, 105, 106, 107], "split10_pred": [1, 1, 0, 1, 0, 0, 0, 1, 0], "split10_test": [1, 0, 0, 1, 0, 0, 0, 1, 0], "split10_notXOR": [1, 0, 1, 1, 1, 1, 1, 1, 1], "split10_prob": [0.9342919990239499, 0.9770482260172537, 0.027751381357264553, 0.9935735947291494, 0.015548641743510755, 0.2346222388668821, 0.1516986747685249, 0.9429972384692503, 0.029020884225162295], "split11_index": [108, 109, 110, 111, 112, 113, 114, 115, 116], "split11_pred": [1, 1, 0, 1, 0, 1, 1, 0, 0], "split11_test": [1, 1, 1, 1, 0, 1, 1, 0, 1], "split11_notXOR": [1, 1, 0, 1, 1, 1, 1, 1, 0], "split11_prob": [0.9550089745906396, 0.5244263399852421, 0.029656011102790387, 0.9804170492321826, 0.013623123206534063, 0.5398697430074598, 0.9322758902968703, 0.0005609537288687169, 0.01986544778767119], "split12_index": [117, 118, 119, 120, 121, 122, 123, 124, 125], "split12_pred": [1, 1, 0, 1, 0, 1, 1, 0, 1], "split12_test": [1, 1, 0, 1, 0, 1, 1, 0, 0], "split12_notXOR": [1, 1, 1, 1, 1, 1, 1, 1, 0], "split12_prob": [0.9671890845375604, 0.7788967283950021, 0.08780634254470693, 0.9581618313406227, 0.05017928492781694, 0.6391173505461448, 0.9369647831015655, 0.0006839745896591658, 0.58131221900052], "split13_index": [126, 127, 128, 129, 130, 131, 132, 133, 134], "split13_pred": [1, 1, 0, 1, 0, 1, 1, 0, 0], "split13_test": [1, 1, 0, 1, 0, 1, 1, 0, 0], "split13_notXOR": [1, 1, 1, 1, 1, 1, 1, 1, 1], "split13_prob": [0.9549118164156886, 0.775671883414973, 0.0782867878758565, 0.9702857879227159, 0.04283625011253387, 0.8940124094112345, 0.9448395586193047, 0.0008400371752185028, 0.3293075908867834], "split14_index": [135, 136, 137, 138, 139, 140, 141, 142, 143], "split14_pred": [1, 1, 0, 1, 0, 1, 1, 0, 0], "split14_test": [1, 1, 0, 1, 0, 1, 1, 0, 0], "split14_notXOR": [1, 1, 1, 1, 1, 1, 1, 1, 1], "split14_prob": [0.9517464231576264, 0.810805271289168, 0.06514531859040358, 0.9639707920540216, 0.04647225162213453, 0.8863387535455554, 0.9541668141389374, 0.0007747547515049829, 0.22706057892066508], "split15_index": [144, 145, 146, 147, 148, 149, 150, 151, 152], "split15_pred": [1, 1, 0, 1, 0, 1, 1, 0, 0], "split15_test": [1, 1, 0, 1, 0, 1, 1, 0, 0], "split15_notXOR": [1, 1, 1, 1, 1, 1, 1, 1, 1], "split15_prob": [0.9513681134659695, 0.8415465326543977, 0.06114393162609927, 0.9882483283953316, 0.04164896937892197, 0.8922513861949523, 0.9562114271577256, 0.0006501925447757408, 0.1788295899885979], "split16_index": [153, 154, 155, 156, 157, 158, 159, 160, 161], "split16_pred": [1, 1, 0, 1, 0, 1, 1, 0, 0], "split16_test": [1, 1, 0, 1, 0, 1, 1, 0, 0], "split16_notXOR": [1, 1, 1, 1, 1, 1, 1, 1, 1], "split16_prob": [0.9474068567987659, 0.8547355778934532, 0.06528127331776651, 0.9858324545059406, 0.03272168787850856, 0.9234596120061219, 0.9536047623950987, 0.0006060835460003292, 0.1350272341187559], "split17_index": [162, 163, 164, 165, 166, 167, 168, 169, 170], "split17_pred": [1, 1, 0, 1, 0, 1, 1, 0, 0], "split17_test": [1, 1, 0, 1, 0, 1, 1, 0, 0], "split17_notXOR": [1, 1, 1, 1, 1, 1, 1, 1, 1], "split17_prob": [0.9484657138194121, 0.8805291078599574, 0.05861263709877671, 0.9852837287426722, 0.0309582399156797, 0.9353126716317762, 0.9634711560606615, 0.0009908498516360878, 0.11559580671847468], "split18_index": [171, 172, 173, 174, 175, 176, 177, 178, 179], "split18_pred": [1, 1, 0, 1, 0, 1, 1, 0, 0], "split18_test": [1, 1, 0, 1, 0, 1, 1, 0, 0], "split18_notXOR": [1, 1, 1, 1, 1, 1, 1, 1, 1], "split18_prob": [0.9496022458404086, 0.8917826208508551, 0.055160507083874266, 0.9861832940003572, 0.028774002553771442, 0.9375485144575637, 0.9656024366912065, 0.0009835608335851996, 0.10160986215909361], "split19_index": [180, 181, 182, 183, 184, 185, 186, 187, 188], "split19_pred": [1, 1, 0, 1, 0, 1, 1, 0, 0], "split19_test": [1, 1, 0, 1, 0, 1, 1, 0, 0], "split19_notXOR": [1, 1, 1, 1, 1, 1, 1, 1, 1], "split19_prob": [0.950951623797891, 0.9005029775273936, 0.05065065899490219, 0.9865966765850271, 0.026825810200146658, 0.9417940746561589, 0.9675496023444339, 0.0009832848659057413, 0.09043977156129468], "split20_index": [189, 190, 191, 192, 193, 194, 195, 196, 197],