{"split0_index": [3, 4, 5], "split0_pred": [0, 0, 0], "split0_test": [0, 0, 1], "split0_notXOR": [1, 1, 0], "split0_prob": [0.24000000000000007, 0.47999999999999987, 0.47999999999999987], "split1_index": [6, 7, 8], "split1_pred": [0, 0, 0], "split1_test": [0, 0, 1], "split1_notXOR": [1, 1, 0], "split1_prob": [0.171, 0.48666666666666664, 0.1678333333333333], "split2_index": [9, 10, 11], "split2_pred": [0, 0, 0], "split2_test": [0, 0, 1], "split2_notXOR": [1, 1, 0], "split2_prob": [0.17664285714285716, 0.37316666666666687, 0.2799761904761905], "split3_index": [12, 13, 14], "split3_pred": [0, 0, 0], "split3_test": [0, 0, 1], "split3_notXOR": [1, 1, 0], "split3_prob": [0.4644642857142859, 0.4644642857142859, 0.4644642857142859], "split4_index": [15, 16, 17], "split4_pred": [1, 0, 0], "split4_test": [0, 0, 1], "split4_notXOR": [0, 1, 0], "split4_prob": [0.5146271506271506, 0.4264539904539904, 0.4264539904539904], "split5_index": [18, 19, 20], "split5_pred": [0, 0, 0], "split5_test": [0, 0, 1], "split5_notXOR": [1, 1, 0], "split5_prob": [0.43146897546897556, 0.43146897546897556, 0.43146897546897556], "split6_index": [21, 22, 23], "split6_pred": [0, 0, 0], "split6_test": [0, 0, 1], "split6_notXOR": [1, 1, 0], "split6_prob": [0.1391666666666667, 0.45503757353757374, 0.45503757353757374], "split7_index": [24, 25, 26], "split7_pred": [0, 0, 0], "split7_test": [0, 0, 1], "split7_notXOR": [1, 1, 0], "split7_prob": [0.17761105561105558, 0.41112925962925956, 0.41112925962925956], "split8_index": [27, 28, 29], "split8_pred": [0, 0, 0], "split8_test": [0, 0, 1], "split8_notXOR": [1, 1, 0], "split8_prob": [0.3048611111111111, 0.31436111111111115, 0.487840909090909], "split9_index": [30, 31, 32], "split9_pred": [0, 0, 0], "split9_test": [1, 0, 1], "split9_notXOR": [0, 1, 0], "split9_prob": [0.18955050505050505, 0.43041020091020094, 0.43041020091020094], "split10_index": [33, 34, 35], "split10_pred": [1, 1, 1], "split10_test": [1, 0, 1], "split10_notXOR": [1, 0, 1], "split10_prob": [0.5180833333333335, 0.5180833333333335, 0.5180833333333335], "split11_index": [36, 37, 38], "split11_pred": [1, 1, 1], "split11_test": [1, 0, 1], "split11_notXOR": [1, 0, 1], "split11_prob": [0.6998988095238093, 0.6998988095238093, 0.6998988095238093], "split12_index": [39, 40, 41], "split12_pred": [1, 1, 0], "split12_test": [1, 0, 1], "split12_notXOR": [1, 0, 0], "split12_prob": [0.5856428571428571, 0.5856428571428571, 0.2053333333333333], "split13_index": [42, 43, 44], "split13_pred": [0, 0, 0], "split13_test": [1, 0, 1], "split13_notXOR": [0, 1, 0], "split13_prob": [0.34638725163725165, 0.34638725163725165, 0.34638725163725165], "split14_index": [45, 46, 47], "split14_pred": [0, 0, 0], "split14_test": [1, 0, 1], "split14_notXOR": [0, 1, 0], "split14_prob": [0.44353477404947994, 0.44353477404947994, 0.44353477404947994], "split15_index": [48, 49, 50], "split15_pred": [0, 0, 0], "split15_test": [1, 0, 1], "split15_notXOR": [0, 1, 0], "split15_prob": [0.4908416067506626, 0.4908416067506626, 0.4908416067506626], "split16_index": [51, 52, 53], "split16_pred": [0, 1, 1], "split16_test": [1, 0, 1], "split16_notXOR": [0, 0, 1], "split16_prob": [0.29714285714285715, 0.655196769638905, 0.655196769638905], "split17_index": [54, 55, 56], "split17_pred": [0, 0, 0], "split17_test": [1, 0, 1], "split17_notXOR": [0, 1, 0], "split17_prob": [0.470378787878788, 0.470378787878788, 0.470378787878788], "split18_index": [57, 58, 59], "split18_pred": [1, 1, 1], "split18_test": [1, 0, 1], "split18_notXOR": [1, 0, 1], "split18_prob": [0.5501264388346433, 0.5501264388346433, 0.5501264388346433], "split19_index": [60, 61, 62], "split19_pred": [1, 1, 1], "split19_test": [1, 0, 1], "split19_notXOR": [1, 0, 1], "split19_prob": [0.6159271284271282, 0.6159271284271282, 0.6159271284271282], "split20_index": [63, 64, 65], "split20_pred": [1, 1, 1], "split20_test": [1, 0, 1], "split20_notXOR": [1, 0, 1], "split20_prob": [0.6058482938629998, 0.6058482938629998, 0.6058482938629998], "split21_index": [66, 67, 68], "split21_pred": [1, 1, 1], "split21_test": [1, 0, 1], "split21_notXOR": [1, 0, 1], "split21_prob": [0.5992984756471597, 0.5992984756471597, 0.5992984756471597], "split22_index": [69, 70, 71], "split22_pred": [1, 1, 1], "split22_test": [1, 0, 1], "split22_notXOR": [1, 0, 1], "split22_prob": [0.6801190476190473, 0.6801190476190473, 0.6801190476190473], "split23_index": [72, 73, 74], "split23_pred": [1, 1, 1], "split23_test": [1, 0, 1], "split23_notXOR": [1, 0, 1], "split23_prob": [0.5514313186813186, 0.6263934398934397, 0.6263934398934397], "split24_index": [75, 76, 77], "split24_pred": [1, 1, 1], "split24_test": [1, 0, 1], "split24_notXOR": [1, 0, 1], "split24_prob": [0.6058326632535942, 0.6058326632535942, 0.6058326632535942], "split25_index": [78, 79, 80], "split25_pred": [1, 1, 1], "split25_test": [1, 0, 1], "split25_notXOR": [1, 0, 1], "split25_prob": [0.5279503348594243, 0.5196542480492542, 0.5196542480492542], "split26_index": [81, 82, 83], "split26_pred": [1, 1, 1], "split26_test": [1, 0, 1], "split26_notXOR": [1, 0, 1], "split26_prob": [0.7100008218799442, 0.5998518560522076, 0.5998518560522076], "split27_index": [84, 85, 86, 87], "split27_pred": [1, 1, 1, 1], "split27_test": [0, 1, 0, 1], "split27_notXOR": [0, 1, 0, 1], "split27_prob": [0.6546396936396937, 0.6470409035409035, 0.6078345543345545, 0.6078345543345545], "split28_index": [88, 89, 90, 91], "split28_pred": [0, 1, 0, 1], "split28_test": [0, 1, 0, 1], "split28_notXOR": [1, 1, 1, 1], "split28_prob": [0.15833333333333333, 0.6816666666666668, 0.3844761904761906, 0.595], "split29_index": [92, 93, 94, 95], "split29_pred": [1, 0, 1, 0], "split29_test": [0, 1, 0, 1], "split29_notXOR": [0, 0, 0, 0], "split29_prob": [0.6662976190476187, 0.14800000000000002, 0.7798690476190476, 0.38299999999999995], "split30_index": [96, 97, 98, 99], "split30_pred": [1, 0, 1, 1], "split30_test": [0, 1, 0, 1], "split30_notXOR": [0, 0, 0, 1], "split30_prob": [0.5671706349206349, 0.4916666666666667, 0.5671706349206349, 0.5671706349206349], "split31_index": [100, 101, 102, 103], "split31_pred": [1, 1, 1, 1], "split31_test": [0, 1, 0, 1], "split31_notXOR": [0, 1, 0, 1], "split31_prob": [0.856251108207886, 0.5945475233790349, 0.5945475233790349, 0.5945475233790349], "split32_index": [104, 105, 106, 107], "split32_pred": [1, 1, 1, 1], "split32_test": [0, 1, 0, 1], "split32_notXOR": [0, 1, 0, 1], "split32_prob": [0.7022481962481961, 0.7022481962481961, 0.7022481962481961, 0.8088322510822512], "split33_index": [108, 109, 110, 111], "split33_pred": [0, 0, 0, 0], "split33_test": [0, 1, 0, 1], "split33_notXOR": [1, 0, 1, 0], "split33_prob": [0.38848701298701316, 0.38848701298701316, 0.38848701298701316, 0.4509393939393939], "split34_index": [112, 113, 114, 115], "split34_pred": [1, 1, 1, 1], "split34_test": [0, 1, 0, 1], "split34_notXOR": [0, 1, 0, 1], "split34_prob": [0.5301337232914634, 0.7548644315665989, 0.5301337232914634, 0.5301337232914634], "split35_index": [116, 117, 118, 119], "split35_pred": [1, 1, 1, 1], "split35_test": [0, 1, 0, 1], "split35_notXOR": [0, 1, 0, 1], "split35_prob": [0.6105865585095267, 0.7810185185185184, 0.6105865585095267, 0.6105865585095267], "split36_index": [120, 121, 122, 123], "split36_pred": [1, 0, 1, 1], "split36_test": [0, 1, 0, 1], "split36_notXOR": [0, 0, 0, 1], "split36_prob": [0.5088595682139584, 0.2855489679402723, 0.5088595682139584, 0.5088595682139584], "split37_index": [124, 125, 126, 127], "split37_pred": [1, 1, 1, 1], "split37_test": [0, 1, 0, 1], "split37_notXOR": [0, 1, 0, 1], "split37_prob": [0.5904862173339002, 0.7541736694435468, 0.5904862173339002, 0.5904862173339002], "split38_index": [128, 129, 130, 131], "split38_pred": [1, 1, 1, 1], "split38_test": [0, 1, 0, 1], "split38_notXOR": [0, 1, 0, 1], "split38_prob": [0.5629543513052104, 0.7683564968403677, 0.5629543513052104, 0.5629543513052104], "split39_index": [132, 133, 134, 135], "split39_pred": [1, 1, 1, 1], "split39_test": [0, 1, 0, 1], "split39_notXOR": [0, 1, 0, 1],