{"split0_index": [6, 7, 8, 9, 10, 11], "split0_pred": [0, 0, 1, 0, 0, 0], "split0_test": [0, 0, 1, 0, 0, 0], "split0_notXOR": [1, 1, 1, 1, 1, 1], "split0_prob": [0.06937857186037964, 0.010218453500800502, 0.9418830298294523, 0.08846677660417072, 0.05347389210963927, 0.068785887123098], "split1_index": [12, 13, 14, 15, 16, 17], "split1_pred": [0, 0, 1, 0, 0, 0], "split1_test": [0, 1, 1, 0, 0, 1], "split1_notXOR": [1, 0, 1, 1, 1, 0], "split1_prob": [0.042312645927218236, 0.005651570928243316, 0.9202851524358014, 0.052808435271413455, 0.038084294560956876, 0.04844459313752242], "split2_index": [18, 19, 20, 21, 22, 23], "split2_pred": [0, 1, 1, 0, 0, 1], "split2_test": [0, 1, 1, 0, 0, 1], "split2_notXOR": [1, 1, 1, 1, 1, 1], "split2_prob": [0.04313115486936057, 0.9982506871063432, 0.9597451698790607, 0.04049967805758631, 0.2100676044107672, 0.5569337964645366], "split3_index": [24, 25, 26, 27, 28, 29], "split3_pred": [0, 1, 1, 0, 0, 1], "split3_test": [0, 1, 0, 0, 0, 0], "split3_notXOR": [1, 1, 0, 1, 1, 0], "split3_prob": [0.03290323107210073, 0.9810735584029981, 0.6507682349103301, 0.2001455833349308, 0.032809438746531916, 0.9594694940121284], "split4_index": [30, 31, 32, 33, 34, 35, 36, 37, 38], "split4_pred": [0, 0, 0, 0, 0, 0, 0, 1, 1], "split4_test": [0, 0, 0, 0, 1, 0, 0, 0, 0], "split4_notXOR": [1, 1, 1, 1, 0, 1, 1, 0, 0], "split4_prob": [0.029338571618325843, 0.3770129558307151, 0.4607104976117659, 0.4816608517625545, 0.3051193471959131, 0.3945174878090689, 0.08939905818851657, 0.795554723807971, 0.5183488823857423], "split5_index": [39, 40, 41, 42, 43, 44, 45, 46, 47], "split5_pred": [0, 0, 1, 0, 0, 0, 0, 1, 0], "split5_test": [0, 0, 0, 0, 1, 0, 0, 0, 0], "split5_notXOR": [1, 1, 0, 1, 0, 1, 1, 0, 1], "split5_prob": [0.005644955821919841, 0.04462842252994226, 0.567460339695085, 0.14485778288657242, 0.45757147528448106, 0.1299270390490735, 0.005702559466534943, 0.6444014279313408, 0.03395047593656161], "split6_index": [48, 49, 50, 51, 52, 53, 54, 55, 56], "split6_pred": [0, 0, 1, 0, 0, 0, 0, 1, 0], "split6_test": [0, 0, 0, 0, 1, 0, 0, 0, 0], "split6_notXOR": [1, 1, 0, 1, 0, 1, 1, 0, 1], "split6_prob": [0.002468954408301606, 0.04309531332353887, 0.7050351909094993, 0.08447639234336493, 0.4903471422269849, 0.11274173741943283, 0.0021540559445098325, 0.6636513803826759, 0.04691039584525681]}