{"split0_index": [6, 7, 8, 9, 10, 11], "split0_pred": [0, 0, 0, 0, 0, 0], "split0_test": [0, 0, 0, 1, 0, 0], "split0_notXOR": [1, 1, 1, 0, 1, 1], "split0_prob": [0.5675822433082982, 0.567431047554831, 0.5684884028266515, 0.00046855970847826776, 0.48539679580791, 0.5684883923943033], "split1_index": [12, 13, 14, 15, 16, 17], "split1_pred": [0, 0, 0, 1, 0, 0], "split1_test": [0, 0, 0, 1, 0, 0], "split1_notXOR": [1, 1, 1, 1, 1, 1], "split1_prob": [0.0751770267447293, 0.07516979545380119, 0.07524638985345662, 0.9904713576218098, 0.08172173472911361, 0.07516811772237184], "split2_index": [18, 19, 20, 21, 22, 23], "split2_pred": [0, 0, 0, 1, 0, 0], "split2_test": [0, 0, 0, 1, 0, 0], "split2_notXOR": [1, 1, 1, 1, 1, 1], "split2_prob": [0.06157918281235808, 0.059492890454199795, 0.06159167530425933, 0.8147630432906243, 0.06156672980038835, 0.06157918256291488], "split3_index": [24, 25, 26, 27, 28, 29], "split3_pred": [0, 0, 0, 1, 0, 0], "split3_test": [0, 0, 0, 1, 0, 0], "split3_notXOR": [1, 1, 1, 1, 1, 1], "split3_prob": [0.046906232833472075, 0.047358131927635994, 0.046874976204658435, 0.8430458115709748, 0.046928801116649405, 0.04689978596796811], "split4_index": [30, 31, 32, 33, 34, 35], "split4_pred": [0, 0, 0, 1, 0, 0], "split4_test": [0, 0, 0, 1, 0, 0], "split4_notXOR": [1, 1, 1, 1, 1, 1], "split4_prob": [0.03828813174457009, 0.03828813094756164, 0.038289913997551654, 0.8572320644769479, 0.03831361280299046, 0.038348595820048084], "split5_index": [36, 37, 38, 39, 40, 41], "split5_pred": [0, 0, 0, 1, 0, 0], "split5_test": [0, 0, 0, 1, 0, 0], "split5_notXOR": [1, 1, 1, 1, 1, 1], "split5_prob": [0.03223268318915637, 0.032156102280223295, 0.03215633168884178, 0.8751306124741194, 0.03219413824630996, 0.03215610131251875], "split6_index": [42, 43, 44, 45, 46, 47], "split6_pred": [0, 0, 0, 1, 0, 0], "split6_test": [0, 0, 0, 1, 0, 0], "split6_notXOR": [1, 1, 1, 1, 1, 1], "split6_prob": [0.027784451245932807, 0.028169698061763334, 0.027717976248528706, 0.8890316075717647, 0.03301832336083094, 0.027716622899227914], "split7_index": [48, 49, 50, 51, 52, 53], "split7_pred": [0, 0, 0, 1, 0, 0], "split7_test": [0, 0, 0, 1, 0, 0], "split7_notXOR": [1, 1, 1, 1, 1, 1], "split7_prob": [0.024257125733492747, 0.02463573352829998, 0.024282287028746588, 0.9000823069205587, 0.024150415572357684, 0.024301285773709838]}