{"split0_index": [10, 11, 12, 13, 14, 15, 16, 17, 18, 19], "split0_pred": [0, 0, 0, 0, 0, 0, 0, 0, 0, 0], "split0_test": [0, 0, 0, 0, 0, 0, 0, 0, 0, 1], "split0_notXOR": [1, 1, 1, 1, 1, 1, 1, 1, 1, 0], "split0_prob": [0.17048144660757303, 0.16857031142395615, 0.17008579917698494, 0.16929607465341523, 0.16927528915041923, 0.16881712040661004, 0.06000797452158014, 0.16881713994969674, 0.1750278402364483, 0.0027522767931888216], "split1_index": [20, 21, 22, 23, 24, 25, 26, 27, 28, 29], "split1_pred": [0, 0, 0, 0, 0, 0, 0, 0, 0, 1], "split1_test": [0, 1, 0, 0, 0, 0, 0, 0, 0, 1], "split1_notXOR": [1, 0, 1, 1, 1, 1, 1, 1, 1, 1], "split1_prob": [0.12970705961623605, 0.060260042106854615, 0.12854216363032023, 0.12715459520743963, 0.12847717507708895, 0.12705862835278114, 0.12718180371149185, 0.12718180371149185, 0.13077546207455293, 0.0029923321844852824], "split2_index": [30, 31, 32, 33, 34, 35, 36, 37, 38, 39], "split2_pred": [0, 0, 1, 0, 0, 0, 0, 0, 0, 0], "split2_test": [0, 0, 0, 0, 0, 0, 0, 0, 0, 1], "split2_notXOR": [1, 1, 0, 1, 1, 1, 1, 1, 1, 0], "split2_prob": [0.03840761653110784, 0.15521274164353488, 0.828649615479528, 0.043727597427520165, 0.4477069230173468, 0.3007655153317074, 0.05358040647395034, 0.10375062696022379, 0.04675879853147785, 0.07491107515537301], "split3_index": [40, 41, 42, 43, 44, 45, 46, 47, 48, 49], "split3_pred": [0, 0, 0, 0, 0, 0, 0, 0, 0, 0], "split3_test": [0, 0, 0, 0, 0, 0, 0, 0, 0, 1], "split3_notXOR": [1, 1, 1, 1, 1, 1, 1, 1, 1, 0], "split3_prob": [0.04900956753157659, 0.05110327120094558, 0.04978781837912856, 0.052507445280774265, 0.05073883520541354, 0.058871467160008725, 0.05637425827535222, 0.05637425827535222, 0.052973193903709984, 0.05394106171359138], "split4_index": [50, 51, 52, 53, 54, 55, 56, 57, 58, 59], "split4_pred": [0, 0, 0, 0, 0, 0, 0, 0, 0, 0], "split4_test": [0, 0, 0, 0, 0, 0, 0, 0, 0, 1], "split4_notXOR": [1, 1, 1, 1, 1, 1, 1, 1, 1, 0], "split4_prob": [0.05567848537042153, 0.08461646464583458, 0.09157356212783793, 0.07222581742774023, 0.2868833253140009, 0.06088410954676634, 0.09642630869168686, 0.0610158337199764, 0.06084511962831288, 0.3580113878481926], "split5_index": [60, 61, 62, 63, 64, 65, 66, 67, 68, 69], "split5_pred": [0, 0, 0, 0, 0, 0, 0, 0, 0, 0], "split5_test": [0, 0, 0, 0, 0, 0, 0, 0, 0, 1], "split5_notXOR": [1, 1, 1, 1, 1, 1, 1, 1, 1, 0], "split5_prob": [0.15152468322179954, 0.05914673542721873, 0.05949147613559902, 0.05914673542721873, 0.05914673542721873, 0.05914673542721873, 0.04678307682012272, 0.05914673542721873, 0.05914673542721873, 0.041406322009353715]}