{"split0_index": [19, 20, 21, 22, 23, 24, 25, 26, 27, 28, 29, 30, 31, 32, 33, 34, 35, 36, 37, 38, 39], "split0_pred": [1, 1, 1, 0, 0, 1, 1, 1, 1, 1, 1, 1, 1, 1, 1, 1, 1, 1, 1, 1, 1], "split0_test": [1, 0, 0, 0, 0, 0, 0, 0, 0, 0, 0, 0, 0, 0, 0, 0, 1, 0, 0, 0, 0], "split0_notXOR": [1, 0, 0, 1, 1, 0, 0, 0, 0, 0, 0, 0, 0, 0, 0, 0, 1, 0, 0, 0, 0], "split0_prob": [1.0, 0.9999189896245224, 1.0, 0.0, 0.0, 1.0, 1.0, 1.0, 1.0, 0.9998903668920974, 1.0, 0.9998685780556135, 1.0, 0.9997472163201999, 0.9998936086668413, 0.9997472163201999, 0.9998539501669543, 0.9999209830125961, 0.9999184005732318, 1.0, 1.0], "split1_index": [40, 41, 42, 43, 44, 45, 46, 47, 48, 49, 50, 51, 52, 53, 54, 55, 56, 57, 58, 59, 60], "split1_pred": [0, 0, 0, 0, 0, 1, 1, 0, 1, 1, 0, 0, 1, 1, 1, 0, 1, 1, 0, 0, 0], "split1_test": [1, 0, 1, 0, 0, 0, 0, 0, 0, 0, 0, 0, 0, 0, 0, 0, 1, 0, 0, 0, 0], "split1_notXOR": [0, 1, 0, 1, 1, 0, 0, 1, 0, 0, 1, 1, 0, 0, 0, 1, 1, 0, 1, 1, 1], "split1_prob": [0.0, 0.0, 0.0, 0.0, 0.0, 1.0, 1.0, 0.0, 1.0, 1.0, 0.0, 0.0, 1.0, 1.0, 1.0, 0.0, 1.0, 1.0, 0.0, 0.0, 0.0], "split2_index": [61, 62, 63, 64, 65, 66, 67, 68, 69, 70, 71, 72, 73, 74, 75, 76, 77, 78, 79, 80, 81], "split2_pred": [0, 0, 0, 0, 0, 0, 0, 0, 0, 0, 0, 0, 0, 0, 0, 0, 0, 0, 0, 0, 0], "split2_test": [1, 0, 1, 0, 0, 0, 0, 0, 0, 0, 0, 0, 0, 0, 0, 0, 1, 0, 0, 0, 0], "split2_notXOR": [0, 1, 0, 1, 1, 1, 1, 1, 1, 1, 1, 1, 1, 1, 1, 1, 0, 1, 1, 1, 1], "split2_prob": [0.0224658055069325, 1.5674749065296318e-06, 0.07425606812268447, 0.06358834702286717, 0.013884667615147513, 0.029657304603608655, 5.812666488376827e-05, 0.0277325298614533, 0.03102400968185601, 0.052993154795906355, 0.11099118837873703, 0.006780133447451359, 0.08506267945038115, 5.812666488376827e-05, 0.07528058934288885, 5.812666488376827e-05, 0.12107397877856967, 0.0310370752303086, 0.03283607423389283, 2.382035121916315e-05, 0.031360583120790646], "split3_index": [82, 83, 84, 85, 86, 87, 88, 89, 90, 91, 92, 93, 94, 95, 96, 97, 98, 99, 100, 101, 102], "split3_pred": [0, 0, 1, 0, 0, 0, 0, 0, 0, 0, 0, 0, 0, 0, 0, 0, 0, 0, 0, 0, 1], "split3_test": [1, 0, 1, 0, 0, 0, 0, 0, 0, 0, 0, 0, 0, 0, 0, 0, 1, 0, 0, 0, 0], "split3_notXOR": [0, 1, 1, 1, 1, 1, 1, 1, 1, 1, 1, 1, 1, 1, 1, 1, 0, 1, 1, 1, 0], "split3_prob": [0.00045673170055998696, 1.8983774489241116e-65, 0.9993024029256605, 0.0009169936040941641, 0.00014668489181058787, 0.0003283263097530853, 6.459767832133675e-08, 0.0008422910808109095, 0.00035075962392148877, 0.0006737524991489602, 0.0016538162120480655, 0.0012437868829794166, 5.9949630029575275e-05, 6.459767832133675e-08, 0.0010695435899282736, 6.459767832133675e-08, 0.001806249723300323, 0.0003591337557607179, 0.0003800046480457921, 6.459767832133675e-08, 0.9991996921920638], "split4_index": [103, 104, 105, 106, 107, 108, 109, 110, 111, 112, 113, 114, 115, 116, 117, 118, 119, 120, 121, 122, 123], "split4_pred": [0, 0, 1, 0, 0, 0, 0, 0, 0, 0, 0, 0, 0, 0, 0, 0, 0, 0, 0, 0, 1], "split4_test": [1, 0, 1, 0, 0, 0, 0, 0, 0, 0, 0, 0, 0, 0, 0, 0, 1, 0, 0, 0, 0], "split4_notXOR": [0, 1, 1, 1, 1, 1, 1, 1, 1, 1, 1, 1, 1, 1, 1, 1, 0, 1, 1, 1, 0], "split4_prob": [0.020766643760892635, 0.030969862233918188, 0.99396104246568, 0.017158165374522544, 5.0112712641029695e-20, 0.02770293142974262, 8.417823709328422e-09, 0.0771565125775401, 0.02955416604047386, 0.011161580976462266, 0.0327866666998464, 0.11176521697607844, 0.00428180339437273, 6.969610262806381e-07, 0.09656291524249509, 2.2700673947652237e-08, 0.15202435816158286, 0.03052495811185096, 0.03257042341429229, 6.969610262806381e-07, 0.9999317467688689], "split5_index": [124, 125, 126, 127, 128, 129, 130, 131, 132, 133, 134, 135, 136, 137, 138, 139, 140, 141, 142, 143, 144], "split5_pred": [1, 1, 1, 1, 0, 1, 0, 0, 1, 1, 0, 1, 1, 0, 1, 0, 1, 1, 1, 0, 1], "split5_test": [1, 0, 1, 0, 0, 0, 0, 0, 0, 0, 0, 0, 0, 0, 0, 0, 1, 0, 0, 0, 0], "split5_notXOR": [1, 0, 1, 0, 1, 0, 1, 1, 0, 0, 1, 0, 0, 1, 0, 1, 1, 0, 0, 1, 0], "split5_prob": [0.9937380646172059, 0.9987143749496753, 0.9999998826649408, 0.9943124409330915, 3.589768651403551e-14, 0.9953865883865216, 0.0007734488013349261, 7.549271288498625e-35, 0.9956531260453007, 0.9988886302978783, 7.352353930485765e-12, 0.9990739132994358, 0.9651674035730466, 0.0007734488013349261, 0.9987624094292115, 0.00010901807682874196, 0.9896291117651292, 0.9992074885002011, 0.9961418108168874, 0.0007734488013349261, 0.9999999767583498], "split6_index": [145, 146, 147, 148, 149, 150, 151, 152, 153, 154, 155, 156, 157, 158, 159, 160, 161, 162, 163, 164, 165], "split6_pred": [1, 1, 1, 1, 0, 1, 0, 1, 1, 1, 0, 1, 1, 0, 1, 0, 1, 1, 1, 0, 1], "split6_test": [1, 0, 1, 0, 0, 0, 0, 0, 0, 0, 0, 0, 0, 0, 0, 0, 1, 0, 0, 0, 0], "split6_notXOR": [1, 0, 1, 0, 1, 0, 1, 0, 0, 0, 1, 0, 0, 1, 0, 1, 1, 0, 0, 1, 0], "split6_prob": [0.9981482971679144, 0.9877755716337907, 0.9999999508419192, 0.9986561890960896, 1.8699877906612405e-12, 0.9986635512597128, 0.0004923495140139294, 0.9996780448320862, 0.998738892832513, 0.99942136192094, 3.0263026202832595e-56, 0.9997380068960141, 0.9881418015179899, 0.0004923495140139294, 0.999690243359603, 0.0004923495140139294, 0.9997980177052636, 0.998791239205709, 0.9988960250305428, 0.0004923495140139294, 0.9999999877899306], "split7_index": [166, 167, 168, 169, 170, 171, 172, 173, 174, 175, 176, 177, 178, 179, 180, 181, 182, 183, 184, 185, 186], "split7_pred": [1, 1, 0, 1, 0, 1, 0, 0, 1, 1, 0, 1, 1, 0, 1, 0, 1, 1, 1, 0, 0], "split7_test": [1, 0, 1, 0, 0, 0, 0, 1, 0, 0, 0, 0, 0, 0, 0, 0, 1, 0, 0, 0, 1], "split7_notXOR": [1, 0, 0, 0, 1, 0, 1, 0, 0, 0, 1, 0, 0, 1, 0, 1, 1, 0, 0, 1, 0], "split7_prob": [0.9987504617350553, 0.999024263779733, 1.8821525837093253e-09, 0.999155036522128, 0.32831864581220954, 0.9990258447573618, 0.00014384304830071832, 0.0, 0.9990771101918325, 0.9995792186673427, 2.2446071635750057e-98, 0.9998139043181153, 0.9902210446461224, 0.00014384304830071832, 0.9997807291372465, 0.00014384304830071832, 0.9998474820585781, 0.9991177202449043, 0.9992023756278179, 7.053424195461753e-05, 0.0], "split8_index": [187, 188, 189, 190, 191, 192, 193, 194, 195, 196, 197, 198, 199, 200, 201, 202, 203, 204, 205, 206, 207], "split8_pred": [0, 0, 1, 0, 0, 0, 0, 1, 0, 0, 0, 0, 0, 0, 0, 0, 0, 0, 0, 0, 1], "split8_test": [1, 0, 1, 0, 0, 0, 0, 1, 0, 0, 0, 0, 0, 0, 0, 0, 1, 0, 0, 0, 1], "split8_notXOR": [0, 1, 1, 1, 1, 1, 1, 1, 1, 1, 1, 1, 1, 1, 1, 1, 0, 1, 1, 1, 1], "split8_prob": [4.444004580981123e-05, 5.276023500345418e-05, 0.9197271814655447, 0.00028709774185958, 4.786058454140872e-05, 5.303812690951897e-05, 4.438940947793602e-13, 0.9990519517381927, 5.349880546229255e-05, 0.0001282459693093879, 0.0004378228200081549, 0.0003418972614694284, 3.0823910681041932e-06, 4.438940947793602e-13, 0.0002818683495551346, 4.438940947793602e-13, 0.0004631361788512226, 5.469546076107077e-05, 6.341005868302937e-05, 4.438940947793602e-13, 0.9980671053247334], "split9_index": [208, 209, 210, 211, 212, 213, 214, 215, 216, 217, 218, 219, 220, 221, 222, 223, 224, 225, 226, 227, 228], "split9_pred": [0, 0, 1, 0, 0, 0, 0, 0, 0, 0, 0, 0, 0, 0, 0, 0, 0, 0, 0, 0, 0], "split9_test": [1, 0, 1, 0, 0, 0, 0, 1, 0, 0, 0, 0, 0, 0, 0, 0, 1, 0, 0, 0, 1], "split9_notXOR": [0, 1, 1, 1, 1, 1, 1, 0, 1, 1, 1, 1, 1, 1, 1, 1, 0, 1, 1, 1, 0], "split9_prob": [0.00032134705897155294, 4.7336847975010226e-05, 0.9803105143108957, 0.0003126782185116611, 5.693830599975555e-05, 4.762683894860202e-05, 3.04040167284721e-14, 2.6846401170098795e-13, 4.640913893260661e-05, 1.4521328452808807e-18, 6.58150483982881e-05, 0.0003629372633976481, 1.7978303003555855e-06, 3.04040167284721e-14, 2.0151929988942696e-07, 3.04040167284721e-14, 2.738480254552769e-29, 4.6746887747187254e-05, 5.6208207242447895e-05, 1.5715693827090725e-13, 1.305829738634831e-11], "split10_index": [229, 230, 231, 232, 233, 234, 235, 236, 237, 238, 239, 240, 241, 242, 243, 244, 245, 246, 247, 248, 249, 250], "split10_pred": [0, 0, 0, 1, 0, 0, 1, 0, 0, 0, 0, 0, 1, 0, 0, 0, 0, 0, 0, 0, 0, 0],