{"split0_index": [6, 7, 8, 9, 10, 11], "split0_pred": [0, 0, 0, 0, 0, 0], "split0_test": [0, 0, 1, 0, 0, 0], "split0_notXOR": [1, 1, 0, 1, 1, 1], "split0_prob": [0.5, 0.5, 0.5, 0.5, 0.5, 0.5], "split1_index": [12, 13, 14, 15, 16, 17], "split1_pred": [1, 0, 0, 1, 0, 0], "split1_test": [0, 1, 1, 0, 0, 1], "split1_notXOR": [0, 0, 0, 0, 1, 0], "split1_prob": [0.5205558273652994, 0.004022804103137704, 0.2573844159581258, 0.5257641175903837, 0.14924925527933053, 0.21761611603726358], "split2_index": [18, 19, 20, 21, 22, 23], "split2_pred": [0, 0, 0, 0, 0, 0], "split2_test": [0, 1, 1, 0, 0, 1], "split2_notXOR": [1, 0, 0, 1, 1, 0], "split2_prob": [0.24201996925501587, 0.027290885430531247, 0.24201996925501587, 0.24201996925501587, 0.24201996925501587, 0.24201996925501587], "split3_index": [24, 25, 26, 27, 28, 29], "split3_pred": [0, 0, 0, 0, 0, 1], "split3_test": [0, 1, 0, 0, 0, 0], "split3_notXOR": [1, 0, 1, 1, 1, 0], "split3_prob": [0.3474453452419254, 0.3474453452419254, 0.3474453452419254, 0.3474453452419254, 0.3474453452419254, 0.5580346941925506], "split4_index": [30, 31, 32, 33, 34, 35, 36, 37, 38], "split4_pred": [0, 0, 1, 0, 1, 0, 0, 0, 0], "split4_test": [0, 0, 0, 0, 1, 0, 0, 0, 0], "split4_notXOR": [1, 1, 0, 1, 1, 1, 1, 1, 1], "split4_prob": [0.3969101672699568, 1.7791795873377994e-10, 0.960139577105202, 0.3969101672699568, 0.969313017125738, 0.3969101672699568, 0.3969101672699568, 0.3969101672699568, 0.3969101672699568], "split5_index": [39, 40, 41, 42, 43, 44, 45, 46, 47], "split5_pred": [0, 0, 0, 0, 0, 0, 0, 0, 0], "split5_test": [0, 0, 0, 0, 1, 0, 0, 0, 0], "split5_notXOR": [1, 1, 1, 1, 0, 1, 1, 1, 1], "split5_prob": [0.38169028913046793, 0.38169028913046793, 0.38169028913046793, 0.38169028913046793, 0.38169028913046793, 0.38169028913046793, 0.38169028913046793, 0.38169028913046793, 0.38169028913046793], "split6_index": [48, 49, 50, 51, 52, 53, 54, 55, 56], "split6_pred": [0, 0, 0, 0, 0, 0, 0, 1, 0], "split6_test": [0, 0, 0, 0, 1, 0, 0, 0, 0], "split6_notXOR": [1, 1, 1, 1, 0, 1, 1, 0, 1], "split6_prob": [0.39700534039309443, 0.39700534039309443, 0.39700534039309443, 0.39700534039309443, 0.07103311481525725, 0.3737748531598906, 0.39700534039309443, 0.9851367559825944, 0.39700534039309443]}