{"split0_index": [6, 7, 8, 9, 10, 11], "split0_pred": [1, 1, 1, 1, 1, 1], "split0_test": [0, 0, 1, 0, 0, 0], "split0_notXOR": [0, 0, 1, 0, 0, 0], "split0_prob": [0.5, 0.5, 0.5, 0.5, 0.5, 0.5], "split1_index": [12, 13, 14, 15, 16, 17], "split1_pred": [1, 0, 1, 1, 1, 1], "split1_test": [0, 1, 1, 0, 0, 1], "split1_notXOR": [0, 0, 1, 0, 0, 1], "split1_prob": [0.47054892335140974, 0.5844139918593226, 0.5675219111087759, 0.4479682080654886, 0.5826906983030311, 0.5726625423919801], "split2_index": [18, 19, 20, 21, 22, 23], "split2_pred": [0, 0, 0, 0, 0, 0], "split2_test": [0, 1, 1, 0, 0, 1], "split2_notXOR": [1, 0, 0, 1, 1, 0], "split2_prob": [0.35306322072624313, 0.6218509436139731, 0.35306322072624313, 0.35306322072624313, 0.35306322072624313, 0.35306322072624313], "split3_index": [24, 25, 26, 27, 28, 29], "split3_pred": [0, 0, 0, 0, 0, 0], "split3_test": [0, 1, 0, 0, 0, 0], "split3_notXOR": [1, 0, 1, 1, 1, 1], "split3_prob": [0.558405002753546, 0.558405002753546, 0.558405002753546, 0.558405002753546, 0.558405002753546, 0.558405002753546], "split4_index": [30, 31, 32, 33, 34, 35, 36, 37, 38], "split4_pred": [0, 1, 1, 0, 1, 0, 0, 0, 0], "split4_test": [0, 0, 0, 0, 1, 0, 0, 0, 0], "split4_notXOR": [1, 0, 0, 1, 1, 1, 1, 1, 1], "split4_prob": [0.42599367078810835, 0.8133537654581947, 0.8956423023534935, 0.42599367078810835, 0.897868905280158, 0.42599367078810835, 0.42599367078810835, 0.42599367078810835, 0.42599367078810835], "split5_index": [39, 40, 41, 42, 43, 44, 45, 46, 47], "split5_pred": [0, 0, 0, 0, 0, 0, 0, 0, 0], "split5_test": [0, 0, 0, 0, 1, 0, 0, 0, 0], "split5_notXOR": [1, 1, 1, 1, 0, 1, 1, 1, 1], "split5_prob": [0.392266525128812, 0.392266525128812, 0.392266525128812, 0.392266525128812, 0.392266525128812, 0.392266525128812, 0.392266525128812, 0.392266525128812, 0.392266525128812], "split6_index": [48, 49, 50, 51, 52, 53, 54, 55, 56], "split6_pred": [0, 0, 0, 0, 1, 1, 0, 1, 0], "split6_test": [0, 0, 0, 0, 1, 0, 0, 0, 0], "split6_notXOR": [1, 1, 1, 1, 1, 0, 1, 0, 1], "split6_prob": [0.4128294957898608, 0.4128294957898608, 0.4128294957898608, 0.4128294957898608, 0.656629051032645, 0.6416166221767174, 0.4128294957898608, 0.6384830201225057, 0.4128294957898608]}