{"split0_index": [7, 8, 9, 10, 11, 12, 13, 14], "split0_pred": [1, 0, 1, 0, 0, 1, 0, 0], "split0_test": [1, 0, 1, 0, 0, 0, 0, 0], "split0_notXOR": [1, 1, 1, 1, 1, 0, 1, 1], "split0_prob": [0.7663283751716335, 0.21207078072113603, 0.550937752153647, 0.21189668876334922, 0.25375964759669983, 0.7363250423093531, 0.22607461593357175, 0.21207078072113603], "split1_index": [15, 16, 17, 18, 19, 20, 21, 22, 23], "split1_pred": [1, 0, 1, 0, 0, 1, 0, 0, 0], "split1_test": [1, 0, 1, 0, 0, 0, 0, 0, 0], "split1_notXOR": [1, 1, 1, 1, 1, 0, 1, 1, 1], "split1_prob": [0.8216685866938519, 0.060966808893414, 0.8263742637111037, 0.049615437327384396, 0.1296223365115799, 0.7349184656174956, 0.06089946850106902, 0.3571702674475767, 0.060966808893414], "split2_index": [24, 25, 26, 27, 28, 29, 30, 31, 32], "split2_pred": [1, 0, 1, 0, 0, 1, 0, 0, 0], "split2_test": [1, 0, 1, 0, 0, 0, 0, 0, 0], "split2_notXOR": [1, 1, 1, 1, 1, 0, 1, 1, 1], "split2_prob": [0.8326724032684111, 0.04971268520789861, 0.83267236422031, 0.019366054211487904, 0.04978046587560941, 0.7626842658302576, 0.019366054211487904, 0.04978046587560941, 0.04971268520789861], "split3_index": [33, 34, 35, 36, 37, 38, 39, 40, 41], "split3_pred": [1, 0, 1, 0, 0, 1, 0, 0, 0], "split3_test": [1, 0, 1, 0, 0, 0, 0, 0, 0], "split3_notXOR": [1, 1, 1, 1, 1, 0, 1, 1, 1], "split3_prob": [0.8481016181463181, 0.0294730576968444, 0.8480837694179203, 0.010205364664361824, 0.02942663187862235, 0.7411461790649079, 0.010205364664361824, 0.02942663187862235, 0.0294730576968444], "split4_index": [42, 43, 44, 45, 46, 47, 48, 49, 50], "split4_pred": [1, 0, 1, 0, 0, 1, 0, 0, 0], "split4_test": [1, 0, 1, 0, 0, 0, 0, 0, 0], "split4_notXOR": [1, 1, 1, 1, 1, 0, 1, 1, 1], "split4_prob": [0.8607050681855208, 0.01960011637776343, 0.8607051263581773, 0.006173288809646443, 0.019597618840388777, 0.7063021395011566, 0.006173288809646443, 0.019597618840388777, 0.01960011637776343], "split5_index": [51, 52, 53, 54, 55, 56, 57, 58, 59], "split5_pred": [1, 0, 1, 0, 0, 1, 0, 0, 0], "split5_test": [1, 0, 1, 0, 0, 0, 0, 0, 0], "split5_notXOR": [1, 1, 1, 1, 1, 0, 1, 1, 1], "split5_prob": [0.8717359178276091, 0.01143399623153993, 0.8716012057377907, 0.003175389430246091, 0.011409671306092203, 0.6587810577618372, 0.003175389430246091, 0.011409671306092203, 0.01143399623153993], "split6_index": [60, 61, 62, 63, 64, 65, 66, 67, 68], "split6_pred": [1, 0, 1, 0, 0, 1, 0, 0, 0], "split6_test": [1, 0, 1, 0, 0, 0, 0, 0, 0], "split6_notXOR": [1, 1, 1, 1, 1, 0, 1, 1, 1], "split6_prob": [0.8835255214966997, 0.004510097623397802, 0.8836337458106038, 0.001024297994875788, 0.004518283323523298, 0.5770980380122268, 0.001024297994875788, 0.004518283323523298, 0.004510097623397802], "split7_index": [69, 70, 71, 72, 73, 74, 75, 76, 77], "split7_pred": [1, 0, 1, 0, 0, 1, 0, 0, 0], "split7_test": [1, 0, 1, 0, 0, 0, 0, 0, 0], "split7_notXOR": [1, 1, 1, 1, 1, 0, 1, 1, 1], "split7_prob": [0.9704888531006242, 0.0005618454178073543, 0.9498748375188392, 8.739257281776908e-05, 0.0005636439080069761, 0.15847984740566695, 0.0003868764484113386, 0.000630764764357139, 0.0005618454178073543], "split8_index": [78, 79, 80, 81, 82, 83, 84, 85, 86], "split8_pred": [1, 0, 1, 0, 0, 0, 0, 0, 0], "split8_test": [1, 0, 1, 0, 0, 0, 0, 0, 0], "split8_notXOR": [1, 1, 1, 1, 1, 1, 1, 1, 1], "split8_prob": [0.9541181887561226, 0.0015610447211952601, 0.9541753763411859, 0.000219989974770962, 0.0015610471359293009, 0.0736729340975579, 0.0008549114888390016, 0.001725175585089949, 0.0015610447211952601], "split9_index": [87, 88, 89, 90, 91, 92, 93, 94, 95], "split9_pred": [1, 0, 1, 0, 0, 0, 0, 0, 0], "split9_test": [1, 0, 1, 0, 0, 0, 0, 0, 0], "split9_notXOR": [1, 1, 1, 1, 1, 1, 1, 1, 1], "split9_prob": [0.9665290281900749, 0.003407785984494466, 0.9665603637994395, 0.0005508210777485765, 0.00340452277408167, 0.057433858043718256, 0.002232750551374215, 0.0034077848524210986, 0.003407785984494466], "split10_index": [96, 97, 98, 99, 100, 101, 102, 103, 104], "split10_pred": [1, 0, 1, 0, 0, 0, 1, 0, 0], "split10_test": [1, 0, 1, 0, 0, 0, 0, 0, 0], "split10_notXOR": [1, 1, 1, 1, 1, 1, 0, 1, 1], "split10_prob": [0.9999987639442405, 0.006424851592677171, 0.986031844587178, 0.001335341994436789, 0.011475048569886816, 0.3534279752521062, 0.9839608529752997, 0.0064322791665699505, 0.006424851592677171], "split11_index": [105, 106, 107, 108, 109, 110, 111, 112, 113], "split11_pred": [1, 0, 1, 0, 0, 0, 1, 0, 0], "split11_test": [1, 0, 1, 0, 0, 0, 0, 0, 0], "split11_notXOR": [1, 1, 1, 1, 1, 1, 0, 1, 1], "split11_prob": [0.9999868517395051, 0.004675482473351577, 0.9732472058123716, 0.000547743099048897, 0.003870070444989806, 0.17330853433422683, 0.9088580553091796, 0.004669614867420493, 0.004675482473351577], "split12_index": [114, 115, 116, 117, 118, 119, 120, 121, 122], "split12_pred": [1, 0, 1, 0, 0, 0, 1, 0, 0], "split12_test": [1, 0, 1, 0, 0, 0, 0, 0, 0], "split12_notXOR": [1, 1, 1, 1, 1, 1, 0, 1, 1], "split12_prob": [0.9949804034308573, 0.010902870406477246, 0.9616595674512582, 0.0018220582727557564, 0.008949248848784902, 0.1946770435062191, 0.7780495891544695, 0.13154702175665006, 0.010902870406477246], "split13_index": [123, 124, 125, 126, 127, 128, 129, 130, 131], "split13_pred": [1, 0, 1, 0, 0, 1, 0, 0, 0], "split13_test": [1, 0, 1, 0, 0, 0, 0, 0, 0], "split13_notXOR": [1, 1, 1, 1, 1, 0, 1, 1, 1], "split13_prob": [0.953269332544927, 1.534636697913856e-06, 0.9532885880970017, 1.0000000994736041e-07, 1.540393224107207e-06, 0.05943266499028466, 0.00048041434131991523, 1.5377549800233869e-06, 1.534636697913856e-06], "split14_index": [132, 133, 134, 135, 136, 137, 138, 139, 140, 141], "split14_pred": [1, 0, 1, 1, 0, 0, 1, 0, 0, 0], "split14_test": [1, 0, 0, 1, 0, 0, 0, 0, 0, 0], "split14_notXOR": [1, 1, 0, 1, 1, 1, 0, 1, 1, 1], "split14_prob": [0.9536344121071927, 7.613375947305701e-07, 0.022616140607983864, 0.9537372324785744, 1.0000000994736041e-07, 7.636912644708268e-07, 0.047327511979854756, 0.00016301888018256002, 7.636922117145583e-07, 7.613375947305701e-07], "split15_index": [142, 143, 144, 145, 146, 147, 148, 149, 150, 151], "split15_pred": [1, 0, 0, 1, 0, 0, 1, 1, 0, 0], "split15_test": [1, 0, 0, 1, 0, 0, 0, 0, 0, 0], "split15_notXOR": [1, 1, 1, 1, 1, 1, 0, 0, 1, 1], "split15_prob": [0.9613895471611309, 0.004916684393048916, 0.06948140599145851, 0.9514823051246593, 0.008766939199594655, 0.003703732745340525, 0.9242083684200566, 0.8730593314529678, 0.004916684502546571, 0.004916684393048916], "split16_index": [152, 153, 154, 155, 156, 157, 158, 159, 160, 161], "split16_pred": [1, 0, 0, 1, 0, 0, 1, 1, 0, 0], "split16_test": [1, 0, 0, 1, 0, 0, 0, 0, 0, 0], "split16_notXOR": [1, 1, 1, 1, 1, 1, 0, 0, 1, 1], "split16_prob": [0.919245890211846, 0.007034923866778837, 0.055396198149597384, 0.9192314637393395, 0.008300989682005726, 0.004172418951805488, 0.8691614761350616, 0.7821244994376917, 0.007034021752566729, 0.007034923866778837], "split17_index": [162, 163, 164, 165, 166, 167, 168, 169, 170, 171], "split17_pred": [1, 0, 0, 1, 0, 0, 1, 1, 0, 0], "split17_test": [1, 0, 0, 1, 0, 0, 0, 0, 0, 0], "split17_notXOR": [1, 1, 1, 1, 1, 1, 0, 0, 1, 1], "split17_prob": [0.9406970426618663, 0.0029450660307608653, 0.017862600610356782, 0.940812120726621, 0.002946485543678948, 0.0011772632893154921, 0.847962988839324, 0.7811357779562531, 0.0029484468453448713, 0.0029450660307608653], "split18_index": [172, 173, 174, 175, 176, 177, 178, 179, 180, 181, 182, 183], "split18_pred": [1, 0, 0, 1, 0, 0, 0, 0, 1, 1, 1, 0], "split18_test": [1, 0, 0, 1, 0, 0, 0, 0, 0, 0, 0, 0], "split18_notXOR": [1, 1, 1, 1, 1, 1, 1, 1, 0, 0, 0, 1], "split18_prob": [0.9393682899677357, 0.003384333002634401, 0.011910038976014576, 0.9394222542022349, 3.0949874715170465e-05, 0.0033891351174669673, 0.0038591798551087042, 0.0012012480087913939, 0.7886856170707328, 0.751808147987188, 0.8129339859420841, 0.003384333002634401], "split19_index": [184, 185, 186, 187, 188, 189, 190, 191, 192, 193], "split19_pred": [1, 0, 1, 0, 0, 0, 1, 0, 1, 0],