{"split0_index": [6, 7, 8, 9, 10, 11], "split0_pred": [1, 0, 0, 1, 0, 0], "split0_test": [1, 0, 0, 1, 0, 0], "split0_notXOR": [1, 1, 1, 1, 1, 1], "split0_prob": [0.979197523747576, 0.09332614599402554, 0.09356794899391549, 0.9827479324103495, 0.09356794679307522, 0.09332584084681934], "split1_index": [12, 13, 14, 15, 16, 17], "split1_pred": [1, 0, 0, 1, 0, 0], "split1_test": [1, 0, 0, 1, 0, 0], "split1_notXOR": [1, 1, 1, 1, 1, 1], "split1_prob": [0.9369401523100779, 0.08320197846678244, 0.08324335364253355, 0.9369401523746805, 0.08320775918640098, 0.08318264063622936], "split2_index": [18, 19, 20, 21, 22, 23], "split2_pred": [1, 0, 0, 1, 0, 0], "split2_test": [1, 0, 0, 1, 0, 0], "split2_notXOR": [1, 1, 1, 1, 1, 1], "split2_prob": [0.8887549007517082, 0.07167140200336537, 0.07162549797474427, 0.8888728212908822, 0.0716616333427679, 0.07163336476827473], "split3_index": [24, 25, 26, 27, 28, 29], "split3_pred": [1, 0, 0, 1, 0, 0], "split3_test": [1, 0, 0, 1, 0, 0], "split3_notXOR": [1, 1, 1, 1, 1, 1], "split3_prob": [0.8998608474779359, 0.05794180675228073, 0.05794315059554331, 0.8763262063651821, 0.05799933631937183, 0.057948960891624365], "split4_index": [30, 31, 32, 33, 34, 35], "split4_pred": [1, 0, 0, 1, 0, 0], "split4_test": [1, 0, 0, 1, 0, 0], "split4_notXOR": [1, 1, 1, 1, 1, 1], "split4_prob": [0.9185933437133089, 0.047176429576907826, 0.04717642991401494, 0.9186271359450054, 0.0472301049046646, 0.04718633654932181], "split5_index": [36, 37, 38, 39, 40, 41], "split5_pred": [1, 0, 0, 1, 0, 0], "split5_test": [1, 0, 0, 1, 0, 0], "split5_notXOR": [1, 1, 1, 1, 1, 1], "split5_prob": [0.9284917210031352, 0.03968663462955446, 0.039686632742883005, 0.9285194377761173, 0.03973410246378407, 0.03969549262773247], "split6_index": [42, 43, 44, 45, 46, 47], "split6_pred": [1, 0, 0, 1, 0, 0], "split6_test": [1, 0, 0, 0, 1, 0], "split6_notXOR": [1, 1, 1, 0, 0, 1], "split6_prob": [0.9374266446290594, 0.062080610798186775, 0.03427879510271796, 0.9392469861512059, 0.037371645964799506, 0.03428685515576908], "split7_index": [48, 49, 50, 51, 52, 53], "split7_pred": [1, 0, 0, 1, 0, 0], "split7_test": [1, 0, 0, 0, 1, 0], "split7_notXOR": [1, 1, 1, 0, 0, 1], "split7_prob": [0.9054675701835805, 0.060991827218705524, 0.05838870477396419, 0.8908358494539466, 0.064528610285512, 0.061039876477096494], "split8_index": [54, 55, 56, 57, 58, 59], "split8_pred": [1, 0, 0, 1, 0, 0], "split8_test": [1, 0, 0, 0, 1, 0], "split8_notXOR": [1, 1, 1, 0, 0, 1], "split8_prob": [0.8667642696101032, 0.0763926714015886, 0.07626135998832398, 0.8500502184415667, 0.08742044601355398, 0.07678026750529988], "split9_index": [60, 61, 62, 63, 64, 65], "split9_pred": [1, 0, 0, 1, 0, 0], "split9_test": [1, 0, 0, 0, 1, 0], "split9_notXOR": [1, 1, 1, 0, 0, 1], "split9_prob": [0.8361254792265584, 0.09061177983563685, 0.08829125084066251, 0.8174390305978567, 0.1065909310877182, 0.09108242186353267], "split10_index": [66, 67, 68, 69, 70, 71], "split10_pred": [1, 0, 0, 1, 0, 0], "split10_test": [1, 0, 0, 0, 1, 0], "split10_notXOR": [1, 1, 1, 0, 0, 1], "split10_prob": [0.8115017186810038, 0.09400588603671053, 0.08537297192996904, 0.7074064692804458, 0.11425671650774645, 0.0941055620227143], "split11_index": [72, 73, 74, 75, 76, 77], "split11_pred": [1, 0, 0, 1, 0, 0], "split11_test": [1, 0, 0, 0, 1, 0], "split11_notXOR": [1, 1, 1, 0, 0, 1], "split11_prob": [0.8504407986991395, 0.14472379367388177, 0.10981730763393215, 0.7202577368191764, 0.18590882155841024, 0.1445965832034206], "split12_index": [78, 79, 80, 81, 82, 83], "split12_pred": [1, 0, 0, 1, 0, 0], "split12_test": [1, 0, 0, 0, 1, 0], "split12_notXOR": [1, 1, 1, 0, 0, 1], "split12_prob": [0.832587837747675, 0.14365187507963126, 0.10742526416737581, 0.5639350283681221, 0.19097269765235944, 0.1435784587819892], "split13_index": [84, 85, 86, 87, 88, 89], "split13_pred": [1, 0, 0, 0, 0, 0], "split13_test": [1, 0, 0, 0, 1, 0], "split13_notXOR": [1, 1, 1, 1, 0, 1], "split13_prob": [0.8580536675868886, 0.16110097653486805, 0.13588795308893936, 0.17191358178083382, 0.2550991146075965, 0.16118229980431625], "split14_index": [90, 91, 92, 93, 94, 95], "split14_pred": [1, 0, 0, 0, 1, 0], "split14_test": [1, 0, 0, 0, 0, 0], "split14_notXOR": [1, 1, 1, 1, 0, 1], "split14_prob": [0.9524128842701349, 0.09788181480450663, 0.09786483160740564, 0.09773086659567311, 0.6446956890764294, 0.09773351822402858], "split15_index": [96, 97, 98, 99, 100, 101], "split15_pred": [1, 0, 0, 0, 0, 0], "split15_test": [1, 0, 0, 0, 0, 0], "split15_notXOR": [1, 1, 1, 1, 1, 1], "split15_prob": [0.928379249926881, 0.22544414569687585, 0.11683485467735931, 0.19261887658667173, 0.2688456444908687, 0.14472768734493743], "split16_index": [102, 103, 104, 105, 106, 107, 108], "split16_pred": [0, 0, 0, 0, 0, 0, 0], "split16_test": [0, 1, 0, 0, 0, 0, 0], "split16_notXOR": [1, 0, 1, 1, 1, 1, 1], "split16_prob": [0.5997355360227735, 0.6276475019854636, 0.4416275773900317, 0.06776616585830005, 0.7574408115326385, 0.6276794300650095, 0.17253442913740938], "split17_index": [109, 110, 111, 112, 113, 114, 115], "split17_pred": [0, 1, 0, 0, 0, 0, 0], "split17_test": [0, 1, 0, 0, 0, 0, 0], "split17_notXOR": [1, 1, 1, 1, 1, 1, 1], "split17_prob": [0.11717372377936779, 0.9559358598680917, 0.1173498426572172, 0.11746305436228832, 0.11736531954297058, 0.11717537180158512, 0.11724324847932445], "split18_index": [116, 117, 118, 119, 120, 121, 122], "split18_pred": [0, 1, 0, 0, 0, 0, 0], "split18_test": [0, 1, 0, 0, 0, 0, 0], "split18_notXOR": [1, 1, 1, 1, 1, 1, 1], "split18_prob": [0.1322241314409991, 0.9597387796326752, 0.13248668099193373, 0.13237236878343528, 0.13237098536659833, 0.13228552899377133, 0.1323400285738191], "split19_index": [123, 124, 125, 126, 127, 128, 129], "split19_pred": [0, 1, 0, 0, 0, 0, 0], "split19_test": [0, 1, 0, 0, 0, 0, 0], "split19_notXOR": [1, 1, 1, 1, 1, 1, 1], "split19_prob": [0.11355758517066462, 0.9000433606671421, 0.11355759297269016, 0.11355666989137807, 0.11344087543912029, 0.11357528805203047, 0.11357505776102737]}