{"split0_index": [4, 5, 6, 7], "split0_pred": [0, 0, 0, 1], "split0_test": [0, 0, 0, 1], "split0_notXOR": [1, 1, 1, 1], "split0_prob": [0.663839525012283, 0.6003164403958334, 0.6477100475714356, 0.33944803545981056], "split1_index": [8, 9, 10, 11], "split1_pred": [0, 0, 0, 1], "split1_test": [0, 0, 0, 1], "split1_notXOR": [1, 1, 1, 1], "split1_prob": [0.12465232263521987, 0.12470618067822582, 0.11614820025028563, 0.8278422096554449], "split2_index": [12, 13, 14, 15], "split2_pred": [0, 0, 0, 1], "split2_test": [0, 0, 0, 1], "split2_notXOR": [1, 1, 1, 1], "split2_prob": [0.20414132053613057, 0.17588740178028328, 0.17588740195035382, 0.7867149453989892], "split3_index": [16, 17, 18, 19], "split3_pred": [0, 0, 0, 1], "split3_test": [0, 0, 0, 1], "split3_notXOR": [1, 1, 1, 1], "split3_prob": [0.15823796594020234, 0.15834415018011874, 0.15819969240885867, 0.8333890140716291], "split4_index": [20, 21, 22, 23], "split4_pred": [0, 0, 0, 1], "split4_test": [0, 0, 0, 1], "split4_notXOR": [1, 1, 1, 1], "split4_prob": [0.13689441323805243, 0.1367443138627383, 0.13687385785087505, 0.8571178757642842], "split5_index": [24, 25, 26], "split5_pred": [0, 0, 1], "split5_test": [0, 0, 1], "split5_notXOR": [1, 1, 1], "split5_prob": [0.13063848014628415, 0.1246175915800774, 0.8751214681871503], "split6_index": [27, 28, 29], "split6_pred": [0, 0, 1], "split6_test": [1, 0, 1], "split6_notXOR": [0, 1, 1], "split6_prob": [0.11270157294277156, 0.10734339958627774, 0.888668990325669], "split7_index": [30, 31, 32], "split7_pred": [0, 0, 1], "split7_test": [1, 0, 1], "split7_notXOR": [0, 1, 1], "split7_prob": [0.1721389421058621, 0.16469042723171073, 0.7653041151342566], "split8_index": [33, 34, 35], "split8_pred": [0, 0, 1], "split8_test": [1, 0, 1], "split8_notXOR": [0, 1, 1], "split8_prob": [0.23298319540520382, 0.1369503818626923, 0.9214753755514455], "split9_index": [36, 37, 38], "split9_pred": [1, 0, 1], "split9_test": [0, 0, 1], "split9_notXOR": [0, 1, 1], "split9_prob": [0.7381390442187543, 0.11496962051345398, 0.9107581854446076], "split10_index": [39, 40, 41], "split10_pred": [0, 0, 1], "split10_test": [0, 0, 1], "split10_notXOR": [1, 1, 1], "split10_prob": [0.2360640472024912, 0.15031739010225598, 0.9075280200072083], "split11_index": [42, 43, 44], "split11_pred": [0, 0, 1], "split11_test": [0, 0, 1], "split11_notXOR": [1, 1, 1], "split11_prob": [0.2706488152428334, 0.12847311005234088, 0.9488912498915357], "split12_index": [45, 46, 47], "split12_pred": [0, 0, 1], "split12_test": [1, 0, 0], "split12_notXOR": [0, 1, 0], "split12_prob": [0.1982437905805099, 0.1287333186168062, 0.8514402416846268], "split13_index": [48, 49, 50], "split13_pred": [0, 0, 1], "split13_test": [1, 0, 0], "split13_notXOR": [0, 1, 0], "split13_prob": [0.2392051886902543, 0.16098143946427337, 0.8558392025297947], "split14_index": [51, 52], "split14_pred": [1, 1], "split14_test": [1, 0], "split14_notXOR": [1, 0], "split14_prob": [0.6951663550813821, 0.6387894012351044], "split15_index": [53, 54], "split15_pred": [1, 1], "split15_test": [1, 0], "split15_notXOR": [1, 0], "split15_prob": [0.5996856735143589, 0.5975719638578705], "split16_index": [55, 56], "split16_pred": [1, 0], "split16_test": [1, 0], "split16_notXOR": [1, 1], "split16_prob": [0.7602341975901309, 0.23343559433059619], "split17_index": [57, 58], "split17_pred": [1, 0], "split17_test": [1, 0], "split17_notXOR": [1, 1], "split17_prob": [0.8189799179958509, 0.007742681004225509]}