{"split0_index": [13, 14, 15, 16, 17], "split0_pred": [0, 0, 0, 0, 0], "split0_test": [0, 0, 0, 1, 0], "split0_notXOR": [1, 1, 1, 0, 1], "split0_prob": [0.09054545454545453, 0.09054545454545453, 0.09054545454545453, 0.09054545454545453, 0.09054545454545453], "split1_index": [18, 19, 20, 21, 22], "split1_pred": [0, 0, 0, 0, 0], "split1_test": [0, 0, 0, 1, 0], "split1_notXOR": [1, 1, 1, 0, 1], "split1_prob": [0.1290122369460604, 0.1290122369460604, 0.1290122369460604, 0.1290122369460604, 0.1290122369460604], "split2_index": [23, 24, 25, 26, 27], "split2_pred": [0, 0, 0, 0, 0], "split2_test": [0, 0, 0, 1, 0], "split2_notXOR": [1, 1, 1, 0, 1], "split2_prob": [0.15023362579897767, 0.15023362579897767, 0.15023362579897767, 0.15023362579897767, 0.15023362579897767], "split3_index": [28, 29, 30, 31, 32], "split3_pred": [0, 0, 0, 0, 0], "split3_test": [0, 0, 0, 1, 0], "split3_notXOR": [1, 1, 1, 0, 1], "split3_prob": [0.1566366532018705, 0.1566366532018705, 0.1566366532018705, 0.15011190572712305, 0.1566366532018705]}