{"split0_index": [6, 7, 8, 9, 10, 11, 12], "split0_pred": [0, 0, 0, 0, 0, 0, 0], "split0_test": [0, 1, 0, 0, 0, 0, 0], "split0_notXOR": [1, 0, 1, 1, 1, 1, 1], "split0_prob": [0.17166666666666663, 0.17166666666666663, 0.17166666666666663, 0.17166666666666663, 0.17166666666666663, 0.17166666666666663, 0.17166666666666663], "split1_index": [13, 14, 15, 16, 17, 18, 19], "split1_pred": [0, 0, 0, 0, 0, 0, 0], "split1_test": [0, 1, 0, 0, 0, 0, 0], "split1_notXOR": [1, 0, 1, 1, 1, 1, 1], "split1_prob": [0.14262481962481963, 0.04552777777777777, 0.14262481962481963, 0.14262481962481963, 0.14262481962481963, 0.09498520923520923, 0.14262481962481963], "split2_index": [20, 21, 22, 23, 24, 25, 26], "split2_pred": [0, 0, 0, 0, 0, 0, 0], "split2_test": [0, 1, 0, 0, 0, 0, 0], "split2_notXOR": [1, 0, 1, 1, 1, 1, 1], "split2_prob": [0.0, 0.23, 0.0, 0.27, 0.31, 0.0, 0.0], "split3_index": [27, 28, 29, 30, 31, 32, 33], "split3_pred": [0, 0, 0, 0, 1, 0, 0], "split3_test": [0, 1, 0, 0, 1, 0, 0], "split3_notXOR": [1, 0, 1, 1, 1, 1, 1], "split3_prob": [0.0, 0.0, 0.0, 0.0, 0.77, 0.0, 0.08], "split4_index": [34, 35, 36, 37, 38, 39, 40], "split4_pred": [0, 1, 0, 0, 0, 0, 0], "split4_test": [0, 1, 0, 0, 0, 0, 0], "split4_notXOR": [1, 1, 1, 1, 1, 1, 1], "split4_prob": [0.10189740903829266, 0.85, 0.10189740903829266, 0.10189740903829266, 0.010312524704771304, 0.010312524704771304, 0.010312524704771304], "split5_index": [41, 42, 43, 44, 45, 46, 47], "split5_pred": [0, 0, 0, 0, 0, 0, 0], "split5_test": [0, 1, 0, 0, 0, 0, 0], "split5_notXOR": [1, 0, 1, 1, 1, 1, 1], "split5_prob": [0.08656110607398405, 0.08656110607398405, 0.08656110607398405, 0.08656110607398405, 0.0, 0.0, 0.08656110607398405], "split6_index": [48, 49, 50, 51, 52, 53, 54], "split6_pred": [0, 0, 0, 0, 0, 0, 0], "split6_test": [0, 1, 0, 0, 0, 0, 0], "split6_notXOR": [1, 0, 1, 1, 1, 1, 1], "split6_prob": [0.1771280663780663, 0.1771280663780663, 0.1771280663780663, 0.1771280663780663, 0.1771280663780663, 0.19073809523809523, 0.1771280663780663], "split7_index": [55, 56, 57, 58, 59, 60, 61], "split7_pred": [0, 1, 0, 0, 1, 1, 0], "split7_test": [0, 1, 0, 0, 0, 0, 0], "split7_notXOR": [1, 1, 1, 1, 0, 0, 1], "split7_prob": [0.1, 0.83, 0.0, 0.1, 0.68, 0.68, 0.11650314331723267], "split8_index": [62, 63, 64, 65, 66, 67, 68], "split8_pred": [0, 0, 0, 0, 0, 0, 0], "split8_test": [0, 1, 0, 0, 0, 0, 0], "split8_notXOR": [1, 0, 1, 1, 1, 1, 1], "split8_prob": [0.1276507420269953, 0.0, 0.1276507420269953, 0.1276507420269953, 0.1276507420269953, 0.1276507420269953, 0.1276507420269953], "split9_index": [69, 70, 71, 72, 73, 74, 75, 76], "split9_pred": [0, 0, 0, 0, 0, 0, 0, 0], "split9_test": [0, 0, 1, 0, 0, 0, 0, 0], "split9_notXOR": [1, 1, 0, 1, 1, 1, 1, 1], "split9_prob": [0.17, 0.1080879010364466, 0.24, 0.06, 0.1080879010364466, 0.1080879010364466, 0.1080879010364466, 0.05265969802555169], "split10_index": [77, 78, 79, 80, 81, 82, 83, 84], "split10_pred": [0, 0, 0, 0, 0, 0, 0, 0], "split10_test": [0, 0, 1, 0, 0, 0, 0, 0], "split10_notXOR": [1, 1, 0, 1, 1, 1, 1, 1], "split10_prob": [0.09709537077591517, 0.09709537077591517, 0.09709537077591517, 0.09709537077591517, 0.010612244897959184, 0.24061224489795918, 0.09709537077591517, 0.09709537077591517], "split11_index": [85, 86, 87, 88, 89, 90, 91, 92], "split11_pred": [0, 0, 0, 0, 0, 0, 0, 0], "split11_test": [0, 0, 1, 0, 0, 0, 0, 0], "split11_notXOR": [1, 1, 0, 1, 1, 1, 1, 1], "split11_prob": [0.09451214308567249, 0.09451214308567249, 0.09451214308567249, 0.09451214308567249, 0.09451214308567249, 0.043969988344988345, 0.043969988344988345, 0.09451214308567249], "split12_index": [93, 94, 95, 96, 97, 98, 99, 100], "split12_pred": [0, 0, 0, 0, 0, 0, 0, 0], "split12_test": [0, 0, 1, 0, 0, 0, 0, 0], "split12_notXOR": [1, 1, 0, 1, 1, 1, 1, 1], "split12_prob": [0.028357864357864356, 0.028357864357864356, 0.028357864357864356, 0.028357864357864356, 0.028357864357864356, 0.05, 0.05, 0.028357864357864356], "split13_index": [101, 102, 103, 104, 105, 106, 107, 108, 109, 110], "split13_pred": [0, 0, 0, 1, 0, 0, 0, 1, 1, 0], "split13_test": [0, 0, 0, 1, 0, 0, 1, 1, 1, 0], "split13_notXOR": [1, 1, 1, 1, 1, 1, 0, 1, 1, 1], "split13_prob": [0.1599052336552336, 0.413, 0.1599052336552336, 0.83, 0.027999999999999997, 0.423, 0.050678571428571434, 0.88, 0.84, 0.027999999999999997], "split14_index": [111, 112, 113, 114, 115, 116, 117, 118, 119, 120], "split14_pred": [0, 0, 0, 1, 0, 0, 0, 0, 0, 0], "split14_test": [0, 0, 0, 1, 0, 0, 1, 1, 1, 0], "split14_notXOR": [1, 1, 1, 1, 1, 1, 0, 0, 0, 1], "split14_prob": [0.11646689068685817, 0.07, 0.11646689068685817, 0.69, 0.03, 0.11646689068685817, 0.11646689068685817, 0.28, 0.25, 0.11646689068685817], "split15_index": [121, 122, 123, 124, 125, 126, 127, 128, 129, 130], "split15_pred": [0, 0, 0, 0, 0, 0, 0, 0, 0, 0], "split15_test": [0, 0, 0, 1, 0, 0, 1, 1, 1, 1], "split15_notXOR": [1, 1, 1, 0, 1, 1, 0, 0, 0, 0], "split15_prob": [0.10977178442323142, 0.10977178442323142, 0.10977178442323142, 0.10977178442323142, 0.10977178442323142, 0.01, 0.10977178442323142, 0.10977178442323142, 0.10977178442323142, 0.01], "split16_index": [131, 132, 133, 134, 135, 136, 137, 138, 139, 140], "split16_pred": [0, 0, 0, 0, 0, 0, 0, 0, 0, 0], "split16_test": [0, 0, 0, 1, 0, 0, 1, 1, 1, 1], "split16_notXOR": [1, 1, 1, 0, 1, 1, 0, 0, 0, 0], "split16_prob": [0.20746581196581185, 0.20746581196581185, 0.20746581196581185, 0.07976190476190476, 0.20746581196581185, 0.20746581196581185, 0.20746581196581185, 0.20746581196581185, 0.20746581196581185, 0.16110317460317464], "split17_index": [141, 142, 143, 144, 145, 146, 147, 148, 149, 150], "split17_pred": [0, 0, 0, 1, 0, 1, 0, 0, 0, 0], "split17_test": [0, 0, 0, 1, 0, 0, 1, 1, 1, 1], "split17_notXOR": [1, 1, 1, 1, 1, 0, 0, 0, 0, 0], "split17_prob": [0.30932229161447417, 0.30932229161447417, 0.30932229161447417, 0.6678531746031746, 0.30932229161447417, 0.6678531746031746, 0.30932229161447417, 0.30932229161447417, 0.30932229161447417, 0.30932229161447417], "split18_index": [151, 152, 153, 154, 155, 156, 157, 158, 159, 160], "split18_pred": [0, 1, 0, 0, 0, 0, 0, 0, 0, 0], "split18_test": [0, 0, 0, 1, 0, 0, 1, 1, 1, 1], "split18_notXOR": [1, 0, 1, 0, 1, 1, 0, 0, 0, 0], "split18_prob": [0.19, 0.65, 0.14625160950160943, 0.14, 0.14625160950160943, 0.27, 0.14625160950160943, 0.14625160950160943, 0.14625160950160943, 0.14625160950160943], "split19_index": [161, 162, 163, 164, 165, 166, 167, 168, 169, 170], "split19_pred": [0, 0, 0, 0, 0, 0, 0, 1, 1, 0], "split19_test": [0, 0, 0, 0, 0, 0, 1, 1, 1, 1], "split19_notXOR": [1, 1, 1, 1, 1, 1, 0, 1, 1, 0], "split19_prob": [0.38248950831615025, 0.38248950831615025, 0.38248950831615025, 0.44949999999999996, 0.38248950831615025, 0.38248950831615025, 0.38248950831615025, 0.6492555555555555, 0.6492555555555555, 0.38248950831615025]}