{"split0_index": [11, 12, 13, 14, 15, 16, 17, 18, 19, 20, 21], "split0_pred": [1, 1, 1, 1, 1, 1, 1, 1, 1, 1, 1], "split0_test": [0, 1, 1, 1, 0, 1, 0, 0, 1, 0, 0], "split0_notXOR": [0, 1, 1, 1, 0, 1, 0, 0, 1, 0, 0], "split0_prob": [0.7758428817763926, 0.7754644841373978, 0.7798392325696448, 0.7749182023141434, 0.7777060102550829, 0.7901093415670145, 0.8279991039864923, 0.791826508475775, 0.786910391334547, 0.7751684469175545, 0.8357564890493051], "split1_index": [22, 23, 24, 25, 26, 27, 28, 29, 30, 31, 32], "split1_pred": [1, 1, 1, 1, 1, 1, 0, 0, 1, 1, 0], "split1_test": [0, 1, 1, 1, 1, 1, 0, 0, 1, 1, 0], "split1_notXOR": [0, 1, 1, 1, 1, 1, 1, 1, 1, 1, 1], "split1_prob": [0.676999215425015, 0.7018040688407576, 0.650538220232988, 0.7009651351322977, 0.6939040401239316, 0.7058558848077787, 0.5, 0.5578152821959829, 0.6906709986556225, 0.6947258894553178, 0.48114963571243746], "split2_index": [33, 34, 35, 36, 37, 38, 39, 40, 41, 42, 43], "split2_pred": [1, 1, 1, 1, 1, 1, 0, 0, 1, 1, 0], "split2_test": [0, 1, 1, 1, 1, 1, 0, 0, 1, 1, 0], "split2_notXOR": [0, 1, 1, 1, 1, 1, 1, 1, 1, 1, 1], "split2_prob": [0.5692239859327911, 0.8632930722605241, 0.8207489556547196, 0.8580153486470057, 0.8615570606188846, 0.8694045636293275, 0.20344786739511145, 0.3189638697535689, 0.873135931821426, 0.8587089319217606, 0.20356588971465114], "split3_index": [44, 45, 46, 47, 48, 49, 50, 51, 52, 53, 54], "split3_pred": [0, 1, 1, 1, 1, 1, 0, 0, 1, 1, 0], "split3_test": [0, 1, 1, 1, 1, 1, 0, 0, 1, 0, 0], "split3_notXOR": [1, 1, 1, 1, 1, 1, 1, 1, 1, 0, 1], "split3_prob": [0.285044415163113, 0.9060518688147663, 0.8979430365385919, 0.9032113956774404, 0.9053772218326828, 0.9151069924986915, 0.1516722473081714, 0.21654209392637266, 0.9173910553790666, 0.9010050288014989, 0.15181937139145657], "split4_index": [55, 56, 57, 58, 59, 60, 61, 62, 63, 64, 65], "split4_pred": [0, 1, 1, 1, 1, 1, 0, 0, 1, 1, 0], "split4_test": [0, 1, 1, 1, 0, 1, 0, 0, 1, 0, 0], "split4_notXOR": [1, 1, 1, 1, 0, 1, 1, 1, 1, 0, 1], "split4_prob": [0.12322714628432084, 0.9072225728988699, 0.9041899542400115, 0.905670251988905, 0.9132282352442863, 0.9220450422958315, 0.12323719672278294, 0.30821653010616856, 0.8417693280774877, 0.9020779464061611, 0.12301538955099439], "split5_index": [66, 67, 68, 69, 70, 71, 72, 73, 74, 75, 76], "split5_pred": [1, 1, 1, 1, 1, 1, 0, 0, 1, 1, 0], "split5_test": [1, 0, 0, 0, 0, 0, 0, 0, 0, 1, 0], "split5_notXOR": [1, 0, 0, 0, 0, 0, 1, 1, 0, 1, 1], "split5_prob": [0.7010460728905372, 0.7017565319283869, 0.885233007514581, 0.887346030519835, 0.8689387161691261, 0.9267335357818176, 0.09589857990755472, 0.11104977816888385, 0.7970265699294141, 0.8819143939977948, 0.09563974806097995], "split6_index": [77, 78, 79, 80, 81, 82, 83, 84, 85, 86, 87], "split6_pred": [1, 1, 1, 1, 1, 1, 0, 0, 1, 1, 0], "split6_test": [1, 0, 0, 0, 0, 0, 0, 0, 0, 1, 0], "split6_notXOR": [1, 0, 0, 0, 0, 0, 1, 1, 0, 1, 1], "split6_prob": [0.719011551539101, 0.8077657699680613, 0.6447162478383054, 0.7957685704102102, 0.7710140690472441, 0.7927387867664242, 0.15895488958508974, 0.1614763928794283, 0.6460408933918884, 0.8056624748476079, 0.1589487804720694]}