{"split0_index": [3, 4, 5], "split0_pred": [1, 0, 1], "split0_test": [0, 1, 1], "split0_notXOR": [0, 0, 1], "split0_prob": [0.96, 0.27, 0.96], "split1_index": [6, 7, 8], "split1_pred": [1, 1, 1], "split1_test": [0, 1, 1], "split1_notXOR": [0, 1, 1], "split1_prob": [0.9458333333333333, 0.9458333333333333, 0.9458333333333333], "split2_index": [9, 10, 11], "split2_pred": [1, 0, 1], "split2_test": [0, 0, 1], "split2_notXOR": [0, 1, 1], "split2_prob": [0.509357142857143, 0.21121428571428566, 0.509357142857143], "split3_index": [12, 13, 14], "split3_pred": [1, 1, 1], "split3_test": [0, 0, 1], "split3_notXOR": [0, 0, 1], "split3_prob": [0.6121666666666666, 0.6121666666666666, 0.7989166666666665], "split4_index": [15, 16, 17], "split4_pred": [0, 0, 1], "split4_test": [0, 0, 1], "split4_notXOR": [1, 1, 1], "split4_prob": [0.1165988455988456, 0.1165988455988456, 0.8312099567099562], "split5_index": [18, 19, 20], "split5_pred": [0, 1, 1], "split5_test": [0, 0, 1], "split5_notXOR": [1, 0, 1], "split5_prob": [0.01, 0.9406111111111111, 0.9406111111111111], "split6_index": [21, 22, 23], "split6_pred": [1, 0, 0], "split6_test": [0, 0, 1], "split6_notXOR": [0, 1, 0], "split6_prob": [0.6665793650793649, 0.2, 0.3876428571428571], "split7_index": [24, 25, 26], "split7_pred": [1, 1, 1], "split7_test": [0, 0, 1], "split7_notXOR": [0, 0, 1], "split7_prob": [0.8499563492063491, 0.8499563492063491, 0.8499563492063491], "split8_index": [27, 28, 29], "split8_pred": [0, 0, 0], "split8_test": [0, 0, 1], "split8_notXOR": [1, 1, 0], "split8_prob": [0.47857661782661787, 0.47857661782661787, 0.47857661782661787], "split9_index": [30, 31, 32], "split9_pred": [0, 0, 0], "split9_test": [0, 0, 1], "split9_notXOR": [1, 1, 0], "split9_prob": [0.44945329670329665, 0.44945329670329665, 0.44945329670329665], "split10_index": [33, 34, 35], "split10_pred": [0, 0, 0], "split10_test": [0, 0, 1], "split10_notXOR": [1, 1, 0], "split10_prob": [0.4136204351204352, 0.4136204351204352, 0.4136204351204352], "split11_index": [36, 37, 38], "split11_pred": [0, 0, 0], "split11_test": [0, 0, 1], "split11_notXOR": [1, 1, 0], "split11_prob": [0.390931778189131, 0.390931778189131, 0.390931778189131], "split12_index": [39, 40, 41], "split12_pred": [1, 1, 1], "split12_test": [0, 0, 1], "split12_notXOR": [0, 0, 1], "split12_prob": [0.5929965034965033, 0.5929965034965033, 0.5929965034965033], "split13_index": [42, 43, 44], "split13_pred": [0, 0, 0], "split13_test": [0, 0, 1], "split13_notXOR": [1, 1, 0], "split13_prob": [0.369214466089466, 0.369214466089466, 0.369214466089466], "split14_index": [45, 46, 47], "split14_pred": [0, 1, 1], "split14_test": [0, 0, 1], "split14_notXOR": [1, 0, 1], "split14_prob": [0.46383333333333326, 0.6468333333333334, 0.6968333333333334], "split15_index": [48, 49, 50], "split15_pred": [0, 0, 0], "split15_test": [0, 0, 1], "split15_notXOR": [1, 1, 0], "split15_prob": [0.3658095238095238, 0.3658095238095238, 0.3658095238095238], "split16_index": [51, 52, 53], "split16_pred": [0, 0, 0], "split16_test": [0, 0, 1], "split16_notXOR": [1, 1, 0], "split16_prob": [0.3534325396825396, 0.3534325396825396, 0.3534325396825396], "split17_index": [54, 55, 56], "split17_pred": [0, 0, 0], "split17_test": [0, 0, 1], "split17_notXOR": [1, 1, 0], "split17_prob": [0.32131247672027025, 0.32131247672027025, 0.32131247672027025], "split18_index": [57, 58, 59], "split18_pred": [0, 0, 0], "split18_test": [0, 0, 1], "split18_notXOR": [1, 1, 0], "split18_prob": [0.027222222222222217, 0.4060709817787991, 0.4060709817787991], "split19_index": [60, 61, 62], "split19_pred": [0, 0, 1], "split19_test": [0, 0, 1], "split19_notXOR": [1, 1, 1], "split19_prob": [0.0, 0.26, 0.87], "split20_index": [63, 64, 65], "split20_pred": [0, 0, 0], "split20_test": [0, 0, 1], "split20_notXOR": [1, 1, 0], "split20_prob": [0.20741666666666664, 0.3053928571428571, 0.07933333333333334], "split21_index": [66, 67, 68], "split21_pred": [0, 0, 1], "split21_test": [0, 0, 1], "split21_notXOR": [1, 1, 1], "split21_prob": [0.2544047619047618, 0.2544047619047618, 0.67], "split22_index": [69, 70, 71], "split22_pred": [0, 0, 0], "split22_test": [0, 0, 1], "split22_notXOR": [1, 1, 0], "split22_prob": [0.37551453392668543, 0.37551453392668543, 0.37551453392668543], "split23_index": [72, 73, 74], "split23_pred": [0, 1, 0], "split23_test": [0, 0, 1], "split23_notXOR": [1, 0, 0], "split23_prob": [0.15165440115440113, 0.93, 0.005178571428571428], "split24_index": [75, 76, 77], "split24_pred": [0, 0, 0], "split24_test": [0, 0, 1], "split24_notXOR": [1, 1, 0], "split24_prob": [0.1269819249378073, 0.4522222222222222, 0.04755555555555555], "split25_index": [78, 79, 80], "split25_pred": [0, 0, 0], "split25_test": [0, 0, 1], "split25_notXOR": [1, 1, 0], "split25_prob": [0.13454059829059825, 0.11472222222222221, 0.02505674880674881], "split26_index": [81, 82, 83], "split26_pred": [0, 0, 0], "split26_test": [0, 0, 1], "split26_notXOR": [1, 1, 0], "split26_prob": [0.371985465420746, 0.3640425183261871, 0.371985465420746], "split27_index": [84, 85, 86], "split27_pred": [0, 0, 0], "split27_test": [0, 0, 1], "split27_notXOR": [1, 1, 0], "split27_prob": [0.29330724830724814, 0.29330724830724814, 0.29330724830724814], "split28_index": [87, 88, 89], "split28_pred": [0, 0, 0], "split28_test": [0, 0, 1], "split28_notXOR": [1, 1, 0], "split28_prob": [0.37118135342955294, 0.37118135342955294, 0.37118135342955294], "split29_index": [90, 91, 92], "split29_pred": [0, 0, 0], "split29_test": [0, 0, 1], "split29_notXOR": [1, 1, 0], "split29_prob": [0.39086627521722905, 0.39086627521722905, 0.39086627521722905], "split30_index": [93, 94, 95], "split30_pred": [0, 0, 0], "split30_test": [0, 0, 1], "split30_notXOR": [1, 1, 0], "split30_prob": [0.36263719023717583, 0.36263719023717583, 0.36263719023717583], "split31_index": [96, 97, 98], "split31_pred": [0, 0, 0], "split31_test": [0, 0, 1], "split31_notXOR": [1, 1, 0], "split31_prob": [0.06533333333333334, 0.12179842379842372, 0.12179842379842372], "split32_index": [99, 100, 101], "split32_pred": [0, 0, 0], "split32_test": [0, 0, 1], "split32_notXOR": [1, 1, 0], "split32_prob": [0.005920634920634921, 0.24666666666666665, 0.18631606177620108], "split33_index": [102, 103, 104], "split33_pred": [0, 0, 0], "split33_test": [0, 0, 1], "split33_notXOR": [1, 1, 0], "split33_prob": [0.35509566712752955, 0.16307790549169862, 0.35509566712752955]}