{"split0_index": [3, 4, 5], "split0_pred": [1, 1, 1], "split0_test": [0, 1, 1], "split0_notXOR": [0, 1, 1], "split0_prob": [0.33649289752438427, 0.9999999999999699, 0.33649289752438427], "split1_index": [6, 7, 8], "split1_pred": [1, 1, 1], "split1_test": [0, 1, 1], "split1_notXOR": [0, 1, 1], "split1_prob": [0.5968521475645939, 0.5968521475645939, 0.5968521475645939], "split2_index": [9, 10, 11], "split2_pred": [1, 0, 1], "split2_test": [0, 0, 1], "split2_notXOR": [0, 1, 1], "split2_prob": [0.649999987593689, 0.9999999999999699, 0.649999987593689], "split3_index": [12, 13, 14], "split3_pred": [0, 1, 1], "split3_test": [0, 0, 1], "split3_notXOR": [1, 0, 1], "split3_prob": [0.6188959777358097, 0.5796532468600557, 0.5230418323588361], "split4_index": [15, 16, 17], "split4_pred": [0, 0, 1], "split4_test": [0, 0, 1], "split4_notXOR": [1, 1, 1], "split4_prob": [0.26835346447221126, 0.26835346447221126, 0.6371390070300066], "split5_index": [18, 19, 20], "split5_pred": [0, 1, 1], "split5_test": [0, 0, 1], "split5_notXOR": [1, 0, 1], "split5_prob": [0.25934420572728073, 0.6756344027814771, 0.6756344027814771], "split6_index": [21, 22, 23], "split6_pred": [1, 0, 0], "split6_test": [0, 0, 1], "split6_notXOR": [0, 1, 0], "split6_prob": [0.640900054254921, 0.2538702188277599, 0.1761381237882987], "split7_index": [24, 25, 26], "split7_pred": [1, 1, 1], "split7_test": [0, 0, 1], "split7_notXOR": [0, 0, 1], "split7_prob": [0.6006110401020817, 0.6006110401020817, 0.6006110401020817], "split8_index": [27, 28, 29], "split8_pred": [1, 1, 1], "split8_test": [0, 0, 1], "split8_notXOR": [0, 0, 1], "split8_prob": [0.4256726085388772, 0.4256726085388772, 0.4256726085388772], "split9_index": [30, 31, 32], "split9_pred": [1, 1, 1], "split9_test": [0, 0, 1], "split9_notXOR": [0, 0, 1], "split9_prob": [0.3820331493154464, 0.3820331493154464, 0.3820331493154464], "split10_index": [33, 34, 35], "split10_pred": [0, 0, 0], "split10_test": [0, 0, 1], "split10_notXOR": [1, 1, 0], "split10_prob": [0.47221776626944456, 0.47221776626944456, 0.47221776626944456], "split11_index": [36, 37, 38], "split11_pred": [0, 0, 0], "split11_test": [0, 0, 1], "split11_notXOR": [1, 1, 0], "split11_prob": [0.36007130807220666, 0.36007130807220666, 0.36007130807220666], "split12_index": [39, 40, 41], "split12_pred": [1, 1, 1], "split12_test": [0, 0, 1], "split12_notXOR": [0, 0, 1], "split12_prob": [0.3374690266760898, 0.3374690266760898, 0.3374690266760898], "split13_index": [42, 43, 44], "split13_pred": [0, 0, 0], "split13_test": [0, 0, 1], "split13_notXOR": [1, 1, 0], "split13_prob": [0.4353120000290082, 0.4353120000290082, 0.4353120000290082], "split14_index": [45, 46, 47], "split14_pred": [1, 0, 0], "split14_test": [0, 0, 1], "split14_notXOR": [0, 1, 0], "split14_prob": [0.3097777563254847, 0.40840204550847115, 0.3968185754695833], "split15_index": [48, 49, 50], "split15_pred": [0, 0, 0], "split15_test": [0, 0, 1], "split15_notXOR": [1, 1, 0], "split15_prob": [0.39501220979359813, 0.39501220979359813, 0.39501220979359813], "split16_index": [51, 52, 53], "split16_pred": [0, 0, 0], "split16_test": [0, 0, 1], "split16_notXOR": [1, 1, 0], "split16_prob": [0.39198424987116565, 0.39198424987116565, 0.39198424987116565], "split17_index": [54, 55, 56], "split17_pred": [0, 0, 0], "split17_test": [0, 0, 1], "split17_notXOR": [1, 1, 0], "split17_prob": [0.4064474008163204, 0.4064474008163204, 0.4064474008163204], "split18_index": [57, 58, 59], "split18_pred": [0, 0, 0], "split18_test": [0, 0, 1], "split18_notXOR": [1, 1, 0], "split18_prob": [0.38470141996820106, 0.38469003898504417, 0.38469003898504417], "split19_index": [60, 61, 62], "split19_pred": [0, 0, 0], "split19_test": [0, 0, 1], "split19_notXOR": [1, 1, 0], "split19_prob": [0.4286895467093383, 0.40238066343761764, 0.4674956261626757], "split20_index": [63, 64, 65], "split20_pred": [0, 0, 0], "split20_test": [0, 0, 1], "split20_notXOR": [1, 1, 0], "split20_prob": [0.366795523960297, 0.3838928230646965, 0.3819980699104838], "split21_index": [66, 67, 68], "split21_pred": [0, 0, 0], "split21_test": [0, 0, 1], "split21_notXOR": [1, 1, 0], "split21_prob": [0.4348774962755892, 0.4348774962755892, 0.06023989776084943], "split22_index": [69, 70, 71], "split22_pred": [0, 0, 0], "split22_test": [0, 0, 1], "split22_notXOR": [1, 1, 0], "split22_prob": [0.3927637567824902, 0.3927637567824902, 0.3927637567824902], "split23_index": [72, 73, 74], "split23_pred": [0, 1, 0], "split23_test": [0, 0, 1], "split23_notXOR": [1, 0, 0], "split23_prob": [0.36434658968006234, 0.5709559881429069, 0.39633502958494005], "split24_index": [75, 76, 77], "split24_pred": [0, 0, 0], "split24_test": [0, 0, 1], "split24_notXOR": [1, 1, 0], "split24_prob": [0.3802267166175955, 0.35922153810762125, 0.3559548648120318], "split25_index": [78, 79, 80], "split25_pred": [0, 0, 0], "split25_test": [0, 0, 1], "split25_notXOR": [1, 1, 0], "split25_prob": [0.37538688913603374, 0.3643827672504396, 0.3720622672593232], "split26_index": [81, 82, 83], "split26_pred": [0, 0, 0], "split26_test": [0, 0, 1], "split26_notXOR": [1, 1, 0], "split26_prob": [0.38332188577059356, 0.3340167660087789, 0.38332188577059356], "split27_index": [84, 85, 86], "split27_pred": [0, 0, 0], "split27_test": [0, 0, 1], "split27_notXOR": [1, 1, 0], "split27_prob": [0.3712401056104867, 0.3712401056104867, 0.3712401056104867], "split28_index": [87, 88, 89], "split28_pred": [0, 0, 0], "split28_test": [0, 0, 1], "split28_notXOR": [1, 1, 0], "split28_prob": [0.3798235424030558, 0.3798235424030558, 0.3798235424030558], "split29_index": [90, 91, 92], "split29_pred": [0, 0, 0], "split29_test": [0, 0, 1], "split29_notXOR": [1, 1, 0], "split29_prob": [0.37724791796497387, 0.37724791796497387, 0.37724791796497387], "split30_index": [93, 94, 95], "split30_pred": [0, 0, 0], "split30_test": [0, 0, 1], "split30_notXOR": [1, 1, 0], "split30_prob": [0.3720592206075607, 0.3720592206075607, 0.3720592206075607], "split31_index": [96, 97, 98], "split31_pred": [0, 0, 0], "split31_test": [0, 0, 1], "split31_notXOR": [1, 1, 0], "split31_prob": [0.3767324326934541, 0.3767324301689105, 0.3767324301689105], "split32_index": [99, 100, 101], "split32_pred": [0, 0, 0], "split32_test": [0, 0, 1], "split32_notXOR": [1, 1, 0], "split32_prob": [0.38737816548116333, 0.38756819925792363, 0.38737662071422957], "split33_index": [102, 103, 104], "split33_pred": [0, 0, 0], "split33_test": [0, 0, 1], "split33_notXOR": [1, 1, 0], "split33_prob": [0.333886645841873, 0.333957670595264, 0.333886645841873]}