{"split0_index": [8, 9, 10, 11, 12, 13, 14, 15], "split0_pred": [0, 0, 0, 0, 0, 0, 0, 0], "split0_test": [0, 0, 1, 0, 0, 0, 0, 0], "split0_notXOR": [1, 1, 0, 1, 1, 1, 1, 1], "split0_prob": [0.1325, 0.1325, 0.1325, 0.1325, 0.1325, 0.1325, 0.1325, 0.1325], "split1_index": [16, 17, 18, 19, 20, 21, 22, 23], "split1_pred": [0, 0, 0, 0, 0, 0, 0, 0], "split1_test": [0, 0, 1, 0, 0, 0, 0, 0], "split1_notXOR": [1, 1, 0, 1, 1, 1, 1, 1], "split1_prob": [0.1286305916305916, 0.1286305916305916, 0.1286305916305916, 0.1286305916305916, 0.1286305916305916, 0.05749783549783549, 0.1286305916305916, 0.1286305916305916], "split2_index": [24, 25, 26, 27, 28, 29, 30, 31], "split2_pred": [0, 0, 0, 0, 0, 0, 0, 0], "split2_test": [0, 0, 1, 0, 0, 0, 0, 0], "split2_notXOR": [1, 1, 0, 1, 1, 1, 1, 1], "split2_prob": [0.01076190476190476, 0.16642604617604614, 0.01076190476190476, 0.16642604617604614, 0.041322871572871574, 0.051084776334776344, 0.01076190476190476, 0.041322871572871574], "split3_index": [32, 33, 34, 35, 36, 37, 38, 39], "split3_pred": [0, 0, 0, 0, 0, 0, 0, 0], "split3_test": [0, 0, 1, 0, 0, 0, 0, 0], "split3_notXOR": [1, 1, 0, 1, 1, 1, 1, 1], "split3_prob": [0.10447940947940948, 0.10447940947940948, 0.10447940947940948, 0.10447940947940948, 0.10447940947940948, 0.10447940947940948, 0.10447940947940948, 0.10447940947940948], "split4_index": [40, 41, 42, 43, 44, 45, 46, 47], "split4_pred": [0, 0, 0, 0, 0, 0, 0, 0], "split4_test": [0, 0, 1, 0, 0, 0, 0, 0], "split4_notXOR": [1, 1, 0, 1, 1, 1, 1, 1], "split4_prob": [0.024, 0.14055555555555554, 0.03822222222222223, 0.26733333333333337, 0.044000000000000004, 0.14055555555555554, 0.14055555555555554, 0.39399999999999996], "split5_index": [48, 49, 50, 51, 52, 53, 54, 55], "split5_pred": [0, 0, 0, 0, 0, 0, 0, 0], "split5_test": [0, 0, 1, 0, 0, 0, 0, 0], "split5_notXOR": [1, 1, 0, 1, 1, 1, 1, 1], "split5_prob": [0.0, 0.0, 0.0, 0.0, 0.0, 0.0, 0.0, 0.0], "split6_index": [56, 57, 58, 59, 60, 61, 62, 63], "split6_pred": [0, 0, 0, 0, 0, 0, 0, 0], "split6_test": [0, 0, 1, 0, 0, 0, 0, 0], "split6_notXOR": [1, 1, 0, 1, 1, 1, 1, 1], "split6_prob": [0.49, 0.13116630591630588, 0.33, 0.13116630591630588, 0.13116630591630588, 0.13116630591630588, 0.13116630591630588, 0.13116630591630588], "split7_index": [64, 65, 66, 67, 68, 69, 70, 71], "split7_pred": [0, 0, 0, 0, 0, 0, 0, 0], "split7_test": [0, 0, 1, 0, 0, 0, 0, 0], "split7_notXOR": [1, 1, 0, 1, 1, 1, 1, 1], "split7_prob": [0.38, 0.18153968253968256, 0.18153968253968256, 0.18153968253968256, 0.18153968253968256, 0.18153968253968256, 0.18153968253968256, 0.18153968253968256]}