{"split0_index": [3, 4, 5], "split0_pred": [0, 0, 0], "split0_test": [0, 1, 0], "split0_notXOR": [1, 0, 1], "split0_prob": [0.5415500476764409, 0.3870188323459157, 0.6518325738005605], "split1_index": [6, 7, 8], "split1_pred": [0, 1, 0], "split1_test": [0, 1, 0], "split1_notXOR": [1, 1, 1], "split1_prob": [0.0918517973464873, 0.9837481052994814, 0.09168338171484738], "split2_index": [9, 10, 11], "split2_pred": [0, 1, 0], "split2_test": [0, 1, 0], "split2_notXOR": [1, 1, 1], "split2_prob": [0.08659751100462153, 0.8423544803156476, 0.0893609077452493], "split3_index": [12, 13, 14], "split3_pred": [0, 1, 0], "split3_test": [0, 1, 0], "split3_notXOR": [1, 1, 1], "split3_prob": [0.06193062475498968, 0.8501307211911854, 0.06186503240809135], "split4_index": [15, 16, 17], "split4_pred": [0, 1, 0], "split4_test": [0, 1, 0], "split4_notXOR": [1, 1, 1], "split4_prob": [0.15785911743031153, 0.8936109743830595, 0.09913989684484727], "split5_index": [18, 19, 20], "split5_pred": [0, 1, 0], "split5_test": [0, 1, 0], "split5_notXOR": [1, 1, 1], "split5_prob": [0.06618039119869726, 0.8796088009027357, 0.0761114251890949], "split6_index": [21, 22, 23], "split6_pred": [0, 1, 0], "split6_test": [0, 1, 0], "split6_notXOR": [1, 1, 1], "split6_prob": [0.06089794029295076, 0.8925910774529421, 0.060953291990210226], "split7_index": [24, 25, 26], "split7_pred": [0, 1, 0], "split7_test": [0, 1, 0], "split7_notXOR": [1, 1, 1], "split7_prob": [0.05908691395764848, 0.9033287041334106, 0.05921331829141105], "split8_index": [27, 28, 29], "split8_pred": [0, 1, 0], "split8_test": [0, 1, 0], "split8_notXOR": [1, 1, 1], "split8_prob": [0.05297589273936743, 0.9122255713052349, 0.05286266097948371], "split9_index": [30, 31, 32], "split9_pred": [0, 1, 0], "split9_test": [0, 1, 0], "split9_notXOR": [1, 1, 1], "split9_prob": [0.04796080966723056, 0.9190786218302939, 0.04783546595597391], "split10_index": [33, 34, 35], "split10_pred": [0, 1, 0], "split10_test": [0, 1, 0], "split10_notXOR": [1, 1, 1], "split10_prob": [0.04367930061323074, 0.9253087181196357, 0.04280044122360402], "split11_index": [36, 37, 38], "split11_pred": [0, 1, 0], "split11_test": [0, 1, 0], "split11_notXOR": [1, 1, 1], "split11_prob": [0.04021261839174962, 0.9303463899152292, 0.0393810598356536], "split12_index": [39, 40, 41], "split12_pred": [0, 1, 0], "split12_test": [0, 1, 0], "split12_notXOR": [1, 1, 1], "split12_prob": [0.037200189793368386, 0.9350217512885124, 0.03646653912629934], "split13_index": [42, 43, 44], "split13_pred": [0, 1, 0], "split13_test": [0, 1, 0], "split13_notXOR": [1, 1, 1], "split13_prob": [0.03471011135587614, 0.9389749433048984, 0.03399837619310745], "split14_index": [45, 46, 47], "split14_pred": [0, 1, 0], "split14_test": [0, 1, 0], "split14_notXOR": [1, 1, 1], "split14_prob": [0.032461745029258325, 0.9425485863193699, 0.03174882732863933], "split15_index": [48, 49, 50], "split15_pred": [0, 1, 0], "split15_test": [0, 1, 0], "split15_notXOR": [1, 1, 1], "split15_prob": [0.02830420954549336, 0.9495308356049551, 0.029805244045181648], "split16_index": [51, 52, 53], "split16_pred": [0, 1, 0], "split16_test": [0, 1, 0], "split16_notXOR": [1, 1, 1], "split16_prob": [0.02901774072908395, 0.9341118241986045, 0.028047102112703812], "split17_index": [54, 55, 56], "split17_pred": [0, 1, 0], "split17_test": [0, 1, 0], "split17_notXOR": [1, 1, 1], "split17_prob": [0.032737681107918214, 0.9506638887546187, 0.02637116898649403], "split18_index": [57, 58, 59], "split18_pred": [0, 1, 0], "split18_test": [0, 1, 0], "split18_notXOR": [1, 1, 1], "split18_prob": [0.02576502967330174, 0.953063047138497, 0.031304060335184465], "split19_index": [60, 61, 62], "split19_pred": [0, 1, 0], "split19_test": [0, 1, 0], "split19_notXOR": [1, 1, 1], "split19_prob": [0.02460264367500442, 0.9553412109293861, 0.029369731273978707], "split20_index": [63, 64, 65], "split20_pred": [0, 1, 0], "split20_test": [0, 1, 0], "split20_notXOR": [1, 1, 1], "split20_prob": [0.023917249930301133, 0.9567704066959418, 0.024087852398395063], "split21_index": [66, 67, 68], "split21_pred": [0, 1, 0], "split21_test": [0, 1, 0], "split21_notXOR": [1, 1, 1], "split21_prob": [0.023295828762252942, 0.9563869254043901, 0.023494420228856908], "split22_index": [69, 70, 71], "split22_pred": [0, 1, 0], "split22_test": [0, 1, 0], "split22_notXOR": [1, 1, 1], "split22_prob": [0.061884226178234386, 0.9599630129360901, 0.022930960689706837], "split23_index": [72, 73, 74], "split23_pred": [0, 1, 0], "split23_test": [0, 1, 0], "split23_notXOR": [1, 1, 1], "split23_prob": [0.02185882893167424, 0.9614194443644158, 0.02183441415351547], "split24_index": [75, 76, 77], "split24_pred": [0, 1, 0], "split24_test": [0, 1, 0], "split24_notXOR": [1, 1, 1], "split24_prob": [0.0210375560290537, 0.9628342761010883, 0.021012810421856053], "split25_index": [78, 79, 80], "split25_pred": [0, 1, 0], "split25_test": [0, 1, 0], "split25_notXOR": [1, 1, 1], "split25_prob": [0.02017449629848875, 0.9641306039232834, 0.020198258401733636]}