{"split0_index": [5, 6, 7, 8, 9], "split0_pred": [0, 0, 0, 0, 0], "split0_test": [0, 0, 1, 1, 0], "split0_notXOR": [1, 1, 0, 0, 1], "split0_prob": [NaN, NaN, NaN, NaN, NaN], "split1_index": [10, 11, 12, 13, 14], "split1_pred": [0, 1, 1, 1, 1], "split1_test": [0, 0, 1, 1, 0], "split1_notXOR": [1, 0, 1, 1, 0], "split1_prob": [1.1539202274534384e-22, 1.0, 1.0, 1.0, 1.0], "split2_index": [15, 16, 17, 18, 19], "split2_pred": [0, 0, 0, 0, 0], "split2_test": [0, 0, 1, 1, 0], "split2_notXOR": [1, 1, 0, 0, 1], "split2_prob": [2.9735871085007596e-09, 2.9735871085007596e-09, 2.9735871085007596e-09, 2.9735871085007596e-09, 2.9735871085007596e-09], "split3_index": [20, 21, 22, 23, 24], "split3_pred": [0, 0, 0, 0, 1], "split3_test": [0, 0, 1, 1, 0], "split3_notXOR": [1, 1, 0, 0, 0], "split3_prob": [1.8741796522016649e-06, 1.8741796522016649e-06, 1.8741796522016649e-06, 1.8741796522016649e-06, 1.0], "split4_index": [25, 26, 27, 28, 29], "split4_pred": [0, 0, 1, 0, 0], "split4_test": [1, 0, 1, 0, 0], "split4_notXOR": [0, 1, 1, 1, 1], "split4_prob": [0.00010058338215320014, 0.00010058338215320014, 0.9999999999999973, 0.00010058338215320014, 0.00010058338215320014], "split5_index": [30, 31, 32, 33, 34], "split5_pred": [0, 1, 1, 0, 0], "split5_test": [0, 0, 1, 1, 1], "split5_notXOR": [1, 0, 1, 0, 0], "split5_prob": [4.800955500619107e-41, 1.0, 1.0, 1.0525517112369057e-36, 4.800955500619107e-41], "split6_index": [35, 36, 37, 38, 39], "split6_pred": [0, 0, 0, 0, 0], "split6_test": [0, 0, 1, 1, 1], "split6_notXOR": [1, 1, 0, 0, 0], "split6_prob": [0.01831482248802482, 0.01831482248802482, 0.01831482248802482, 3.505789669372746e-16, 0.01831482248802482], "split7_index": [40, 41, 42, 43, 44], "split7_pred": [0, 0, 1, 0, 0], "split7_test": [0, 0, 1, 0, 1], "split7_notXOR": [1, 1, 1, 1, 0], "split7_prob": [0.0009872843075128335, 0.0006811606893634059, 1.0, 0.035461975896349925, 0.0006811606893634059], "split8_index": [45, 46, 47, 48, 49], "split8_pred": [1, 1, 1, 1, 0], "split8_test": [0, 0, 0, 0, 1], "split8_notXOR": [0, 0, 0, 0, 0], "split8_prob": [1.0, 1.0, 1.0, 0.9999999999999964, 2.4718546214494238e-05], "split9_index": [50, 51, 52, 53, 54], "split9_pred": [1, 1, 1, 1, 1], "split9_test": [1, 0, 0, 0, 0], "split9_notXOR": [1, 0, 0, 0, 0], "split9_prob": [1.0, 1.0, 1.0, 1.0, 1.0], "split10_index": [55, 56, 57, 58, 59, 60], "split10_pred": [1, 0, 1, 1, 0, 0], "split10_test": [0, 1, 0, 0, 0, 0], "split10_notXOR": [0, 0, 0, 0, 1, 1], "split10_prob": [0.9999999999992095, 0.005111950899850018, 1.0, 1.0, 0.005111950899850018, 0.006228003101245714], "split11_index": [61, 62, 63, 64, 65, 66], "split11_pred": [0, 0, 0, 0, 0, 0], "split11_test": [0, 1, 0, 0, 0, 0], "split11_notXOR": [1, 0, 1, 1, 1, 1], "split11_prob": [0.1534890254308018, 0.06449724233449297, 0.023826754988214245, 0.06449724233449297, 0.0664166906548564, 0.0664166906548564], "split12_index": [67, 68, 69, 70, 71, 72, 73, 74], "split12_pred": [0, 0, 0, 0, 0, 0, 0, 0], "split12_test": [0, 0, 0, 1, 0, 0, 0, 0], "split12_notXOR": [1, 1, 1, 0, 1, 1, 1, 1], "split12_prob": [0.43601371404329975, 0.03901725111738351, 0.009862484021098218, 0.13423522340686472, 2.0643777800973956e-06, 0.05241602509398361, 0.03467531326432974, 0.0010150343650843121], "split13_index": [75, 76, 77, 78, 79, 80, 81, 82, 83], "split13_pred": [0, 0, 0, 0, 0, 0, 0, 0, 0], "split13_test": [0, 0, 0, 0, 1, 0, 0, 0, 0], "split13_notXOR": [1, 1, 1, 1, 0, 1, 1, 1, 1], "split13_prob": [3.248363446649814e-05, 0.005301453377247083, 0.15044544937613707, 0.004133635154188791, 0.003954986366321055, 0.15044544937613707, 0.14255899684697926, 0.09585711575622413, 0.1054814476548855]}