{"split0_index": [11, 12, 13, 14, 15, 16, 17, 18, 19, 20, 21], "split0_pred": [1, 1, 1, 1, 1, 1, 0, 1, 1, 1, 0], "split0_test": [0, 1, 1, 1, 0, 1, 0, 0, 1, 0, 0], "split0_notXOR": [0, 1, 1, 1, 0, 1, 1, 0, 1, 0, 1], "split0_prob": [1.0, 1.0, 1.0, 1.0, 1.0, 1.0, 1.2549060574987772e-37, 1.0, 1.0, 1.0, 0.0], "split1_index": [22, 23, 24, 25, 26, 27, 28, 29, 30, 31, 32], "split1_pred": [0, 1, 1, 1, 0, 1, 0, 0, 1, 0, 0], "split1_test": [0, 1, 1, 1, 1, 1, 0, 0, 1, 1, 0], "split1_notXOR": [1, 1, 1, 1, 0, 1, 1, 1, 1, 0, 1], "split1_prob": [0.007675807972317701, 1.0, 1.0, 1.0, 8.647013800141933e-07, 1.0, 6.796538913212077e-20, 2.644858940405771e-09, 1.0, 0.18503804741264165, 6.886810815626348e-10], "split2_index": [33, 34, 35, 36, 37, 38, 39, 40, 41, 42, 43], "split2_pred": [0, 1, 1, 1, 1, 1, 0, 0, 1, 1, 0], "split2_test": [0, 1, 1, 1, 1, 1, 0, 0, 1, 1, 0], "split2_notXOR": [1, 1, 1, 1, 1, 1, 1, 1, 1, 1, 1], "split2_prob": [0.09618322111709532, 0.9998058701053887, 0.9999999999999947, 0.9999997588233682, 0.9999958767219672, 1.0, 1.9856848882473926e-16, 1.3182289054256788e-05, 1.0, 0.9999999596114194, 3.522049150841627e-06], "split3_index": [44, 45, 46, 47, 48, 49, 50, 51, 52, 53, 54], "split3_pred": [0, 1, 1, 1, 1, 1, 0, 0, 1, 1, 0], "split3_test": [0, 1, 1, 1, 1, 1, 0, 0, 1, 0, 0], "split3_notXOR": [1, 1, 1, 1, 1, 1, 1, 1, 1, 0, 1], "split3_prob": [0.06435706091949898, 0.9999826620530377, 1.0, 0.9999999691820256, 0.9999999998909281, 1.0, 3.48546874241245e-18, 2.5691104478560953e-06, 1.0, 0.999999998703438, 7.137013018830168e-07], "split4_index": [55, 56, 57, 58, 59, 60, 61, 62, 63, 64, 65], "split4_pred": [0, 0, 1, 1, 1, 1, 0, 0, 1, 0, 0], "split4_test": [0, 1, 1, 1, 0, 1, 0, 0, 1, 0, 0], "split4_notXOR": [1, 0, 1, 1, 0, 1, 1, 1, 1, 1, 1], "split4_prob": [1.3048219351837352e-08, 0.469985609588508, 1.0, 1.0, 0.9999999982619432, 1.0, 1.8306752552505235e-14, 5.394270199117973e-10, 1.0, 0.4902035868907383, 4.9402142935093e-11], "split5_index": [66, 67, 68, 69, 70, 71, 72, 73, 74, 75, 76], "split5_pred": [1, 1, 1, 1, 1, 1, 0, 0, 1, 0, 0], "split5_test": [1, 0, 0, 0, 0, 0, 0, 0, 0, 1, 0], "split5_notXOR": [1, 0, 0, 0, 0, 0, 1, 1, 0, 0, 1], "split5_prob": [1.0, 1.0, 1.0, 1.0, 0.9853553100130427, 1.0, 4.28210908203987e-15, 1.2108309923730889e-10, 1.0, 0.06542138946918964, 5.610805420882594e-12], "split6_index": [77, 78, 79, 80, 81, 82, 83, 84, 85, 86, 87], "split6_pred": [1, 1, 0, 1, 1, 1, 0, 0, 1, 1, 0], "split6_test": [1, 0, 0, 0, 0, 0, 0, 0, 0, 1, 0], "split6_notXOR": [1, 0, 1, 0, 0, 0, 1, 1, 0, 1, 1], "split6_prob": [0.9999999356448214, 0.9992114288553273, 2.2094491920579236e-06, 0.8075393783199244, 0.9958865566369075, 0.9999999999999778, 2.2818421854447453e-10, 2.672993639336714e-05, 0.9999999804567035, 1.0, 2.0161835691259786e-06]}