{"split0_index": [15, 16, 17, 18, 19, 20, 21, 22, 23, 24, 25, 26, 27, 28, 29], "split0_pred": [0, 1, 0, 0, 0, 0, 0, 0, 0, 0, 0, 0, 0, 0, 0], "split0_test": [0, 1, 0, 0, 0, 0, 0, 0, 0, 0, 0, 0, 0, 0, 0], "split0_notXOR": [1, 1, 1, 1, 1, 1, 1, 1, 1, 1, 1, 1, 1, 1, 1], "split0_prob": [0.00034974062003189103, 0.9094856995666836, 9.796932730426116e-05, 0.0013504782136397114, 0.005703269233815327, 0.005351103481935423, 0.033464159977288334, 0.03125204727389608, 0.0458510265063994, 0.004330479063111116, 0.0007896876884084783, 0.033464159977288334, 0.04585102650639956, 2.5978255155084686e-07, 0.03346415997728839]}