{"split0_index": [6, 7, 8, 9, 10, 11], "split0_pred": [0, 0, 0, 1, 0, 0], "split0_test": [0, 0, 0, 1, 0, 0], "split0_notXOR": [1, 1, 1, 1, 1, 1], "split0_prob": [0.10128291727124847, 0.1718116330341702, 0.04281099312765538, 0.9160493911777055, 0.05816310922508128, 0.04568699872332474], "split1_index": [12, 13, 14, 15, 16], "split1_pred": [0, 0, 1, 0, 0], "split1_test": [0, 0, 1, 0, 0], "split1_notXOR": [1, 1, 1, 1, 1], "split1_prob": [0.23891053511641808, 0.06857003103204501, 0.9638517772258397, 0.03466438846405271, 0.023009178149480284], "split2_index": [17, 18, 19, 20, 21], "split2_pred": [0, 0, 1, 0, 0], "split2_test": [0, 0, 1, 0, 0], "split2_notXOR": [1, 1, 1, 1, 1], "split2_prob": [0.12404584605064312, 0.040087008821128284, 0.9627965121735582, 0.025623220799958872, 0.016355669212819512], "split3_index": [22, 23, 24, 25, 26], "split3_pred": [0, 0, 1, 0, 0], "split3_test": [0, 0, 1, 0, 0], "split3_notXOR": [1, 1, 1, 1, 1], "split3_prob": [0.10050073217790909, 0.03055398363346605, 0.9683181922981665, 0.019454702485385358, 0.011916975446435059], "split4_index": [27, 28, 29, 30, 31], "split4_pred": [0, 0, 1, 0, 0], "split4_test": [0, 0, 1, 0, 0], "split4_notXOR": [1, 1, 1, 1, 1], "split4_prob": [0.08506902246447672, 0.02474324820909375, 0.9645182907773066, 0.01566222128771513, 0.009304431363434569], "split5_index": [32, 33, 34, 35, 36], "split5_pred": [0, 0, 1, 0, 0], "split5_test": [0, 0, 1, 0, 0], "split5_notXOR": [1, 1, 1, 1, 1], "split5_prob": [0.0757972296008316, 0.0213521568279476, 0.9697448881229181, 0.01336420740248462, 0.007702986916842043], "split6_index": [37, 38, 39, 40, 41], "split6_pred": [0, 0, 1, 0, 0], "split6_test": [0, 0, 1, 0, 0], "split6_notXOR": [1, 1, 1, 1, 1], "split6_prob": [0.06892813584310171, 0.01884442795317894, 0.9736808456315125, 0.011675560481209869, 0.006559958673487691], "split7_index": [42, 43, 44, 45, 46], "split7_pred": [0, 0, 1, 0, 0], "split7_test": [0, 0, 1, 0, 0], "split7_notXOR": [1, 1, 1, 1, 1], "split7_prob": [0.062421374733883574, 0.016831484846571165, 0.976343390309899, 0.010337241904971884, 0.00568702878706425], "split8_index": [47, 48, 49, 50, 51], "split8_pred": [0, 0, 1, 0, 0], "split8_test": [0, 0, 1, 0, 0], "split8_notXOR": [1, 1, 1, 1, 1], "split8_prob": [0.04544180792717241, 0.02001281563469904, 0.9844008419216272, 0.012169683233961648, 0.0065538368147517985], "split9_index": [52, 53, 54, 55, 56], "split9_pred": [0, 0, 1, 0, 0], "split9_test": [0, 0, 1, 0, 0], "split9_notXOR": [1, 1, 1, 1, 1], "split9_prob": [0.04201734280504662, 0.01882969585481483, 0.9848178219458791, 0.011713437661181483, 0.006266447645539803], "split10_index": [57, 58, 59, 60, 61], "split10_pred": [0, 0, 1, 0, 0], "split10_test": [0, 0, 1, 0, 0], "split10_notXOR": [1, 1, 1, 1, 1], "split10_prob": [0.03905298064624325, 0.01736014843215856, 0.9906800342462283, 0.01072688597757106, 0.005668302401951485], "split11_index": [62, 63, 64, 65, 66], "split11_pred": [0, 0, 1, 0, 0], "split11_test": [0, 0, 1, 1, 0], "split11_notXOR": [1, 1, 1, 0, 1], "split11_prob": [0.03731859757635731, 0.01728344709976327, 0.989748590171878, 0.02493773538438489, 0.005805922537628498], "split12_index": [67, 68, 69, 70, 71], "split12_pred": [0, 0, 1, 0, 0], "split12_test": [0, 0, 1, 1, 0], "split12_notXOR": [1, 1, 1, 0, 1], "split12_prob": [0.061882439386326836, 0.02698284750676598, 0.9911142268837871, 0.19536513682627282, 0.014205862588605898], "split13_index": [72, 73, 74, 75, 76], "split13_pred": [0, 0, 1, 0, 0], "split13_test": [0, 0, 1, 1, 0], "split13_notXOR": [1, 1, 1, 0, 1], "split13_prob": [0.06937092018360956, 0.020042597064893752, 0.9862273971881098, 0.3497317634462489, 0.019358992179613777], "split14_index": [77, 78, 79, 80, 81], "split14_pred": [0, 0, 1, 1, 0], "split14_test": [0, 0, 1, 1, 0], "split14_notXOR": [1, 1, 1, 1, 1], "split14_prob": [0.0759177104308597, 0.02100191700653532, 0.9864839981836074, 0.5851961332318548, 0.02019007263609607], "split15_index": [82, 83, 84, 85, 86], "split15_pred": [0, 0, 1, 1, 0], "split15_test": [0, 0, 1, 0, 0], "split15_notXOR": [1, 1, 1, 0, 1], "split15_prob": [0.07473521087508243, 0.021092838006754582, 0.9950407909637832, 0.7877584925299765, 0.021400034857827623], "split16_index": [87, 88, 89, 90, 91], "split16_pred": [0, 0, 1, 1, 0], "split16_test": [0, 0, 1, 0, 0], "split16_notXOR": [1, 1, 1, 0, 1], "split16_prob": [0.039808176193844934, 0.00901279064108538, 0.9979888398799224, 0.647289766766246, 0.022721911164999102], "split17_index": [92, 93, 94, 95, 96], "split17_pred": [0, 0, 1, 1, 0], "split17_test": [0, 0, 1, 0, 0], "split17_notXOR": [1, 1, 1, 0, 1], "split17_prob": [0.05568858986277582, 0.011898103728246873, 0.9948011531143687, 0.586673072865276, 0.01923601773015623], "split18_index": [97, 98, 99, 100, 101], "split18_pred": [0, 0, 1, 1, 0], "split18_test": [0, 0, 1, 0, 0], "split18_notXOR": [1, 1, 1, 0, 1], "split18_prob": [0.04895269262741037, 0.01231356833947341, 0.9951877391638883, 0.8923348884706805, 0.01968428361441467]}