{"split0_index": [3, 4, 5], "split0_pred": [0, 1, 0], "split0_test": [0, 1, 0], "split0_notXOR": [1, 1, 1], "split0_prob": [0.0012516676140845607, 0.9984371097295544, 0.0003120750487773279], "split1_index": [6, 7, 8], "split1_pred": [0, 1, 0], "split1_test": [1, 1, 0], "split1_notXOR": [0, 1, 1], "split1_prob": [0.0375348191282871, 0.9992451336337618, 0.00015947170564801683], "split2_index": [9, 10, 11], "split2_pred": [1, 1, 0], "split2_test": [1, 1, 0], "split2_notXOR": [1, 1, 1], "split2_prob": [0.9912233639755219, 0.9999999995967033, 0.0015736879155332467], "split3_index": [12, 13, 14], "split3_pred": [1, 1, 0], "split3_test": [1, 0, 0], "split3_notXOR": [1, 0, 1], "split3_prob": [0.9953256211124291, 0.9999999998527997, 0.0012837893694322459], "split4_index": [15, 16, 17], "split4_pred": [1, 1, 0], "split4_test": [1, 0, 0], "split4_notXOR": [1, 0, 1], "split4_prob": [0.9984016942293303, 0.6920412431624787, 0.009782593317153344], "split5_index": [18, 19, 20], "split5_pred": [1, 0, 0], "split5_test": [1, 0, 0], "split5_notXOR": [1, 1, 1], "split5_prob": [0.9981521229846152, 0.48267800574137143, 0.009005652231458263], "split6_index": [21, 22, 23], "split6_pred": [1, 1, 0], "split6_test": [1, 0, 0], "split6_notXOR": [1, 0, 1], "split6_prob": [0.9984793071427218, 0.5738757605643003, 0.008109451493919466], "split7_index": [24, 25, 26], "split7_pred": [1, 0, 0], "split7_test": [1, 0, 0], "split7_notXOR": [1, 1, 1], "split7_prob": [0.9992778384729054, 0.2996381405693052, 0.010742310908015211], "split8_index": [27, 28, 29], "split8_pred": [1, 0, 0], "split8_test": [0, 1, 0], "split8_notXOR": [0, 0, 1], "split8_prob": [0.9998694514076016, 0.011361901655358391, 0.01094914134958369], "split9_index": [30, 31, 32], "split9_pred": [1, 1, 0], "split9_test": [0, 1, 0], "split9_notXOR": [0, 1, 1], "split9_prob": [0.59137454216215, 0.8135430622493759, 0.01837615972259493], "split10_index": [33, 34, 35], "split10_pred": [0, 1, 0], "split10_test": [0, 1, 0], "split10_notXOR": [1, 1, 1], "split10_prob": [0.37050773448246943, 0.9071668283262835, 0.020557168411915825], "split11_index": [36, 37], "split11_pred": [1, 1], "split11_test": [1, 0], "split11_notXOR": [1, 0], "split11_prob": [0.9533018378009053, 0.8932865396720553]}