{"split0_index": [6, 7, 8, 9, 10, 11], "split0_pred": [0, 0, 1, 0, 0, 0], "split0_test": [0, 0, 1, 0, 0, 0], "split0_notXOR": [1, 1, 1, 1, 1, 1], "split0_prob": [0.0, 0.0, 1.0, 0.0, 0.0, 0.0], "split1_index": [12, 13, 14, 15, 16, 17], "split1_pred": [0, 0, 0, 0, 0, 0], "split1_test": [0, 1, 1, 0, 0, 1], "split1_notXOR": [1, 0, 0, 1, 1, 0], "split1_prob": [0.0, 0.0, 0.0, 0.0, 0.0, 0.0], "split2_index": [18, 19, 20, 21, 22, 23], "split2_pred": [0, 1, 1, 0, 0, 0], "split2_test": [0, 1, 1, 0, 0, 1], "split2_notXOR": [1, 1, 1, 1, 1, 0], "split2_prob": [6.090236384687453e-16, 0.9999990710773454, 1.0, 2.341816229070207e-97, 1.5292431882736452e-09, 7.616143421395978e-07], "split3_index": [24, 25, 26, 27, 28, 29], "split3_pred": [0, 1, 0, 0, 0, 1], "split3_test": [0, 1, 0, 0, 0, 0], "split3_notXOR": [1, 1, 1, 1, 1, 0], "split3_prob": [5.786758491844976e-84, 1.0, 6.507495164012528e-10, 4.629171658182728e-12, 1.0532638991270089e-17, 1.0], "split4_index": [30, 31, 32, 33, 34, 35, 36, 37, 38], "split4_pred": [0, 0, 0, 0, 0, 0, 0, 1, 1], "split4_test": [0, 0, 0, 0, 1, 0, 0, 0, 0], "split4_notXOR": [1, 1, 1, 1, 0, 1, 1, 0, 0], "split4_prob": [8.765019108847439e-73, 3.884062467976845e-05, 1.773116452629514e-05, 8.578331992015974e-08, 3.7843819715430065e-05, 1.9367259335203285e-06, 4.263343053191605e-14, 0.9317795714389402, 0.9999999999744773], "split5_index": [39, 40, 41, 42, 43, 44, 45, 46, 47], "split5_pred": [0, 0, 0, 0, 0, 0, 0, 0, 1], "split5_test": [0, 0, 0, 0, 1, 0, 0, 0, 0], "split5_notXOR": [1, 1, 1, 1, 0, 1, 1, 1, 0], "split5_prob": [4.80561867173907e-77, 5.695000463068549e-05, 3.460936047689195e-05, 8.41849182386508e-08, 0.00010193763066764026, 2.124370939917896e-06, 2.414148180281649e-14, 0.0420598653902623, 0.9999984619192366], "split6_index": [48, 49, 50, 51, 52, 53, 54, 55, 56], "split6_pred": [0, 0, 0, 0, 0, 0, 0, 0, 1], "split6_test": [0, 0, 0, 0, 1, 0, 0, 0, 0], "split6_notXOR": [1, 1, 1, 1, 0, 1, 1, 1, 0], "split6_prob": [1.3310731804169531e-81, 9.705876103664392e-05, 7.907700980609703e-05, 9.012833167964098e-08, 0.010476156355071976, 1.1104798134062204e-05, 1.453877746292562e-14, 0.02686771525446975, 0.9999993557869914]}