{"split0_index": [3, 4, 5], "split0_pred": [0, 0, 0], "split0_test": [1, 0, 0], "split0_notXOR": [0, 1, 1], "split0_prob": [NaN, NaN, NaN], "split1_index": [6, 7, 8], "split1_pred": [0, 1, 0], "split1_test": [1, 0, 0], "split1_notXOR": [0, 0, 1], "split1_prob": [2.1003919467692263e-29, 1.0, 2.1003919467692263e-29], "split2_index": [9, 10, 11], "split2_pred": [1, 0, 1], "split2_test": [1, 0, 0], "split2_notXOR": [1, 1, 0], "split2_prob": [1.0, 5.447513670391674e-29, 1.0], "split3_index": [12, 13, 14], "split3_pred": [0, 0, 0], "split3_test": [1, 0, 0], "split3_notXOR": [0, 1, 1], "split3_prob": [1.1773686415028531e-18, 1.1773686415028531e-18, 1.1773686415028531e-18], "split4_index": [15, 16, 17], "split4_pred": [1, 0, 1], "split4_test": [1, 0, 1], "split4_notXOR": [1, 1, 1], "split4_prob": [1.0, 1.2563569603912588e-18, 1.0], "split5_index": [18, 19, 20], "split5_pred": [1, 1, 0], "split5_test": [1, 0, 1], "split5_notXOR": [1, 0, 0], "split5_prob": [1.0, 1.0, 4.81850635373666e-31], "split6_index": [21, 22, 23], "split6_pred": [1, 0, 0], "split6_test": [1, 0, 1], "split6_notXOR": [1, 1, 0], "split6_prob": [1.0, 0.0, 2.7010543801188264e-06], "split7_index": [24, 25, 26], "split7_pred": [0, 1, 1], "split7_test": [1, 0, 1], "split7_notXOR": [0, 0, 1], "split7_prob": [2.912667823431833e-12, 1.0, 1.0], "split8_index": [27, 28, 29], "split8_pred": [0, 0, 0], "split8_test": [1, 0, 1], "split8_notXOR": [0, 1, 0], "split8_prob": [3.781345623992332e-20, 3.781345623992332e-20, 3.781345623992332e-20], "split9_index": [30, 31, 32], "split9_pred": [0, 0, 0], "split9_test": [1, 0, 1], "split9_notXOR": [0, 1, 0], "split9_prob": [1.1293786848025302e-15, 8.890848920220205e-16, 8.890848920220205e-16], "split10_index": [33, 34, 35], "split10_pred": [0, 0, 0], "split10_test": [1, 0, 1], "split10_notXOR": [0, 1, 0], "split10_prob": [4.605141171749768e-20, 4.605141171749768e-20, 4.605141171749768e-20], "split11_index": [36, 37, 38], "split11_pred": [0, 0, 0], "split11_test": [1, 0, 1], "split11_notXOR": [0, 1, 0], "split11_prob": [4.6498353806192895e-20, 4.6498353806192895e-20, 4.6498353806192895e-20], "split12_index": [39, 40, 41], "split12_pred": [0, 0, 0], "split12_test": [1, 0, 1], "split12_notXOR": [0, 1, 0], "split12_prob": [1.292598514699454e-15, 8.888868597662997e-30, 1.064036323678981e-15], "split13_index": [42, 43, 44], "split13_pred": [0, 0, 0], "split13_test": [1, 0, 1], "split13_notXOR": [0, 1, 0], "split13_prob": [5.079453312557976e-15, 5.079453312557976e-15, 5.079453312557976e-15], "split14_index": [45, 46, 47], "split14_pred": [0, 0, 0], "split14_test": [1, 0, 1], "split14_notXOR": [0, 1, 0], "split14_prob": [1.488750310342796e-09, 6.093584222097777e-10, 1.488750310342796e-09], "split15_index": [48, 49, 50], "split15_pred": [0, 0, 0], "split15_test": [1, 0, 1], "split15_notXOR": [0, 1, 0], "split15_prob": [7.53971897941443e-19, 8.469046983470916e-26, 7.53971897941443e-19], "split16_index": [51, 52, 53], "split16_pred": [0, 0, 0], "split16_test": [1, 0, 1], "split16_notXOR": [0, 1, 0], "split16_prob": [1.2707649553179959e-23, 1.0403360300582085e-18, 1.0403360300582085e-18], "split17_index": [54, 55, 56], "split17_pred": [0, 0, 0], "split17_test": [1, 0, 1], "split17_notXOR": [0, 1, 0], "split17_prob": [2.643056496781571e-14, 2.643056496781571e-14, 2.643056496781571e-14], "split18_index": [57, 58, 59], "split18_pred": [0, 0, 0], "split18_test": [1, 0, 1], "split18_notXOR": [0, 1, 0], "split18_prob": [2.5761618840565545e-14, 2.646194878424328e-14, 2.646194878424328e-14], "split19_index": [60, 61, 62], "split19_pred": [0, 0, 0], "split19_test": [1, 0, 1], "split19_notXOR": [0, 1, 0], "split19_prob": [2.6481020046264276e-14, 2.6481020046264276e-14, 2.6481020046264276e-14], "split20_index": [63, 64, 65], "split20_pred": [1, 0, 0], "split20_test": [1, 0, 1], "split20_notXOR": [1, 1, 0], "split20_prob": [1.0, 1.0135738746726634e-09, 2.551817743279508e-10], "split21_index": [66, 67, 68], "split21_pred": [0, 0, 0], "split21_test": [1, 0, 1], "split21_notXOR": [0, 1, 0], "split21_prob": [2.9497580201016707e-19, 2.9497580201016707e-19, 2.9497580201016707e-19]}