{"split0_index": [3, 4, 5], "split0_pred": [0, 0, 0], "split0_test": [1, 0, 0], "split0_notXOR": [0, 1, 1], "split0_prob": [0.475, 0.475, 0.475], "split1_index": [6, 7, 8], "split1_pred": [0, 0, 0], "split1_test": [1, 0, 0], "split1_notXOR": [0, 1, 1], "split1_prob": [0.3383333333333334, 0.39, 0.3383333333333334], "split2_index": [9, 10, 11], "split2_pred": [0, 0, 0], "split2_test": [1, 0, 0], "split2_notXOR": [0, 1, 1], "split2_prob": [0.40083333333333343, 0.40083333333333343, 0.40083333333333343], "split3_index": [12, 13, 14], "split3_pred": [0, 0, 0], "split3_test": [1, 0, 0], "split3_notXOR": [0, 1, 1], "split3_prob": [0.41016666666666673, 0.41016666666666673, 0.41016666666666673], "split4_index": [15, 16, 17], "split4_pred": [1, 0, 0], "split4_test": [1, 0, 1], "split4_notXOR": [1, 1, 0], "split4_prob": [0.6482222222222223, 0.4211904761904762, 0.47404761904761905], "split5_index": [18, 19, 20], "split5_pred": [1, 1, 0], "split5_test": [1, 0, 1], "split5_notXOR": [1, 0, 0], "split5_prob": [0.9477272727272728, 0.817560606060606, 0.30295274170274156], "split6_index": [21, 22, 23], "split6_pred": [1, 1, 0], "split6_test": [1, 0, 1], "split6_notXOR": [1, 0, 0], "split6_prob": [0.8558653846153845, 0.6593746531246529, 0.4270924630924629], "split7_index": [24, 25, 26], "split7_pred": [1, 0, 0], "split7_test": [1, 0, 1], "split7_notXOR": [1, 1, 0], "split7_prob": [0.7384069264069264, 0.4538030303030303, 0.093746336996337], "split8_index": [27, 28, 29], "split8_pred": [0, 0, 0], "split8_test": [1, 0, 1], "split8_notXOR": [0, 1, 0], "split8_prob": [0.39053262015762014, 0.39053262015762014, 0.39053262015762014], "split9_index": [30, 31, 32], "split9_pred": [0, 0, 0], "split9_test": [1, 0, 1], "split9_notXOR": [0, 1, 0], "split9_prob": [0.3144147746818026, 0.4446618757396116, 0.4446618757396116], "split10_index": [33, 34, 35], "split10_pred": [0, 0, 0], "split10_test": [1, 0, 1], "split10_notXOR": [0, 1, 0], "split10_prob": [0.45021835141832783, 0.45021835141832783, 0.45021835141832783], "split11_index": [36, 37, 38], "split11_pred": [0, 0, 0], "split11_test": [1, 0, 1], "split11_notXOR": [0, 1, 0], "split11_prob": [0.4574276952019277, 0.4574276952019277, 0.4574276952019277], "split12_index": [39, 40, 41], "split12_pred": [0, 0, 0], "split12_test": [1, 0, 1], "split12_notXOR": [0, 1, 0], "split12_prob": [0.4381322531183985, 0.3751851851851852, 0.4612763651858179], "split13_index": [42, 43, 44], "split13_pred": [0, 0, 0], "split13_test": [1, 0, 1], "split13_notXOR": [0, 1, 0], "split13_prob": [0.45480611911451035, 0.45480611911451035, 0.45480611911451035], "split14_index": [45, 46, 47], "split14_pred": [0, 0, 0], "split14_test": [1, 0, 1], "split14_notXOR": [0, 1, 0], "split14_prob": [0.4778729584833979, 0.185649503370193, 0.4778729584833979], "split15_index": [48, 49, 50], "split15_pred": [1, 0, 1], "split15_test": [1, 0, 1], "split15_notXOR": [1, 1, 1], "split15_prob": [0.5063568723731298, 0.28, 0.5063568723731298], "split16_index": [51, 52, 53], "split16_pred": [0, 1, 1], "split16_test": [1, 0, 1], "split16_notXOR": [0, 0, 1], "split16_prob": [0.41906180554896827, 0.5211848035998912, 0.5211848035998912], "split17_index": [54, 55, 56], "split17_pred": [1, 1, 1], "split17_test": [1, 0, 1], "split17_notXOR": [1, 0, 1], "split17_prob": [0.5054904350480439, 0.5054904350480439, 0.5054904350480439], "split18_index": [57, 58, 59], "split18_pred": [0, 1, 1], "split18_test": [1, 0, 1], "split18_notXOR": [0, 0, 1], "split18_prob": [0.48758400376002387, 0.5082780404650531, 0.5082780404650531], "split19_index": [60, 61, 62], "split19_pred": [0, 0, 0], "split19_test": [1, 0, 1], "split19_notXOR": [0, 1, 0], "split19_prob": [0.49889477342195243, 0.49889477342195243, 0.49889477342195243], "split20_index": [63, 64, 65], "split20_pred": [1, 0, 1], "split20_test": [1, 0, 1], "split20_notXOR": [1, 1, 1], "split20_prob": [0.6700174345033425, 0.4989000358511239, 0.7279110076606208], "split21_index": [66, 67, 68], "split21_pred": [0, 0, 0], "split21_test": [1, 0, 1], "split21_notXOR": [0, 1, 0], "split21_prob": [0.48649897655122537, 0.48649897655122537, 0.48649897655122537]}