{"split0_index": [24, 25, 26, 27, 28, 29, 30, 31, 32, 33, 34, 35, 36, 37, 38, 39, 40, 41, 42, 43, 44, 45, 46, 47], "split0_pred": [0, 0, 1, 0, 0, 0, 0, 0, 0, 0, 0, 0, 0, 0, 0, 0, 0, 0, 0, 0, 0, 0, 0, 0], "split0_test": [0, 0, 1, 0, 0, 0, 0, 0, 0, 0, 0, 0, 0, 0, 0, 0, 0, 0, 0, 0, 0, 0, 0, 0], "split0_notXOR": [1, 1, 1, 1, 1, 1, 1, 1, 1, 1, 1, 1, 1, 1, 1, 1, 1, 1, 1, 1, 1, 1, 1, 1], "split0_prob": [0.0676786799906233, 0.0713549454438507, 0.0068254586678798985, 0.06956225476812672, 0.07022873168631712, 0.06991678957650789, 0.0676680528592476, 0.06764391560014475, 0.06949383518650716, 0.069548917194015, 0.06811221369879066, 0.06772692594784677, 0.06861909778635218, 0.06764391560014475, 0.06763348851698724, 0.06764391560014475, 0.06953560098087748, 0.06766805271093944, 0.06770879112493416, 0.07207100921597578, 0.06991678957650789, 0.06764391560014475, 0.06764391560014475, 0.06953560098087748]}