{"split0_index": [12, 13, 14, 15, 16, 17, 18, 19, 20, 21, 22, 23], "split0_pred": [1, 0, 1, 1, 1, 0, 1, 1, 1, 1, 1, 1], "split0_test": [1, 0, 1, 1, 0, 0, 1, 1, 1, 1, 1, 1], "split0_notXOR": [1, 1, 1, 1, 0, 1, 1, 1, 1, 1, 1, 1], "split0_prob": [0.9999999999999822, 0.0, 0.9999999688734182, 1.0, 0.9999999999993889, 4.981712212566481e-06, 1.0, 1.0, 0.9999737664698428, 1.0, 0.99999990667325, 1.0], "split1_index": [24, 25, 26, 27, 28, 29, 30, 31, 32, 33, 34, 35], "split1_pred": [1, 0, 0, 1, 0, 0, 1, 1, 0, 1, 0, 1], "split1_test": [1, 0, 1, 0, 0, 0, 1, 1, 1, 1, 1, 1], "split1_notXOR": [1, 1, 0, 0, 1, 1, 1, 1, 0, 1, 0, 1], "split1_prob": [0.9999966158556887, 0.0, 0.01480100302553284, 1.0, 0.07337999894817927, 7.500288756578827e-07, 0.9964322039635063, 0.9969660994380933, 0.009710785233261934, 1.0, 0.006372733946251211, 0.9978043777517974], "split2_index": [36, 37, 38, 39, 40, 41, 42, 43, 44, 45, 46, 47], "split2_pred": [1, 0, 0, 0, 1, 0, 1, 1, 0, 1, 0, 1], "split2_test": [1, 0, 0, 0, 0, 0, 1, 1, 1, 1, 1, 1], "split2_notXOR": [1, 1, 1, 1, 0, 1, 1, 1, 0, 1, 0, 1], "split2_prob": [0.9999052825485478, 5.0189651855817795e-12, 0.027073828046848807, 7.94736080385433e-09, 0.9435404074460485, 5.322245353911806e-08, 0.9999378165438407, 0.9999819550836454, 0.0048513235023392295, 1.0, 0.2966709581257876, 0.9998521341100608], "split3_index": [48, 49, 50, 51, 52, 53, 54, 55, 56, 57, 58, 59, 60], "split3_pred": [1, 0, 0, 0, 0, 0, 0, 1, 1, 0, 1, 0, 1], "split3_test": [1, 0, 0, 0, 0, 0, 0, 1, 1, 1, 1, 1, 1], "split3_notXOR": [1, 1, 1, 1, 1, 1, 1, 1, 1, 0, 1, 0, 1], "split3_prob": [0.9987950724949397, 6.691340876129678e-10, 2.6708276035970048e-05, 2.4298907229010618e-67, 0.0008133930818008929, 0.07146105324069389, 9.019086506052334e-12, 1.0, 1.0, 1.9406083510982177e-05, 1.0, 0.0006627520545652248, 0.9375359843593599], "split4_index": [61, 62, 63, 64, 65, 66, 67, 68, 69, 70, 71, 72, 73], "split4_pred": [1, 0, 1, 0, 0, 1, 0, 1, 1, 1, 1, 1, 1], "split4_test": [1, 0, 0, 0, 0, 0, 0, 1, 1, 1, 1, 1, 1], "split4_notXOR": [1, 1, 0, 1, 1, 0, 1, 1, 1, 1, 1, 1, 1], "split4_prob": [0.9999691358327526, 0.0, 0.9419698000155395, 1.374907874723413e-103, 0.0, 0.9998068492523281, 0.0001754165228600188, 0.9999987030278374, 0.9997106644786062, 0.8337231618486105, 1.0, 0.9959574982137136, 0.9999981965048219], "split5_index": [74, 75, 76, 77, 78, 79, 80, 81, 82, 83, 84, 85, 86], "split5_pred": [1, 0, 0, 0, 0, 1, 0, 1, 1, 0, 1, 0, 1], "split5_test": [1, 0, 0, 0, 0, 0, 1, 1, 1, 1, 1, 1, 1], "split5_notXOR": [1, 1, 1, 1, 1, 0, 0, 1, 1, 0, 1, 0, 1], "split5_prob": [0.9999876565694378, 0.0, 0.0, 6.111522042273653e-123, 0.0, 0.9999769288462397, 0.0, 0.9999993848061886, 0.9949596800613462, 0.0, 1.0, 0.0, 0.9999986640760425], "split6_index": [87, 88, 89, 90, 91, 92, 93, 94, 95, 96, 97, 98, 99], "split6_pred": [1, 0, 0, 0, 0, 1, 0, 1, 1, 0, 1, 0, 1], "split6_test": [1, 0, 0, 0, 0, 0, 1, 1, 1, 1, 1, 1, 1], "split6_notXOR": [1, 1, 1, 1, 1, 0, 0, 1, 1, 0, 1, 0, 1], "split6_prob": [0.9962577396715759, 7.878105280339012e-05, 0.002677397167127562, 4.2329280812516813e-131, 3.7812095153346556e-33, 0.9945072213556884, 2.777513943362544e-22, 0.9998614944840798, 0.6887345156804368, 0.0023865919083983613, 1.0, 0.03195874612416543, 0.9996613055838691], "split7_index": [100, 101, 102, 103, 104, 105, 106, 107, 108, 109, 110, 111, 112], "split7_pred": [1, 0, 0, 0, 0, 1, 0, 1, 0, 0, 1, 0, 1], "split7_test": [1, 0, 0, 0, 0, 0, 1, 1, 1, 1, 1, 1, 1], "split7_notXOR": [1, 1, 1, 1, 1, 0, 0, 1, 0, 0, 1, 0, 1], "split7_prob": [0.9518640771087844, 0.0006045904944813827, 0.014117785564906647, 3.7902483280326206e-107, 5.091165521780924e-10, 0.9871906719925595, 1.114116490537521e-07, 0.999283052832054, 0.4544094031102029, 0.008264967081891048, 1.0, 0.18909102065360062, 0.998385155081509], "split8_index": [113, 114, 115, 116, 117, 118, 119, 120, 121, 122, 123, 124, 125, 126], "split8_pred": [0, 0, 0, 0, 0, 0, 0, 0, 1, 1, 0, 1, 0, 0], "split8_test": [1, 0, 0, 0, 1, 0, 0, 1, 1, 1, 1, 1, 1, 1], "split8_notXOR": [0, 1, 1, 1, 0, 1, 1, 0, 1, 1, 0, 1, 0, 0], "split8_prob": [0.0034524329973539694, 3.1816668647713865e-08, 1.598280035359237e-11, 9.686562673819221e-09, 3.9695645609e-313, 4.5746786312812045e-06, 0.011257264716531629, 7.07188654458693e-06, 1.0, 1.0, 6.055599424760529e-06, 1.0, 0.00013597140098415086, 0.0007153959083769328], "split9_index": [127, 128, 129, 130, 131, 132, 133, 134, 135, 136, 137, 138, 139, 140], "split9_pred": [0, 0, 0, 0, 1, 0, 0, 0, 1, 0, 0, 1, 0, 0], "split9_test": [1, 0, 0, 0, 1, 0, 0, 1, 1, 1, 1, 1, 1, 1], "split9_notXOR": [0, 1, 1, 1, 1, 1, 1, 0, 1, 0, 0, 1, 0, 0], "split9_prob": [0.02357845655060717, 9.131090387889412e-07, 1.190031754832181e-06, 5.208204400992889e-06, 0.9999999924277745, 1.3899427840298917e-07, 0.09980943286685835, 0.03172075020733335, 0.6761508637357411, 0.06615249057084972, 0.00011101617410774486, 1.0, 0.0005229321491091021, 0.017567500269541108], "split10_index": [141, 142, 143, 144, 145, 146, 147, 148, 149, 150, 151, 152, 153, 154], "split10_pred": [0, 0, 0, 0, 1, 0, 1, 1, 1, 1, 0, 1, 0, 0], "split10_test": [1, 0, 0, 0, 1, 0, 0, 1, 1, 1, 1, 1, 1, 1], "split10_notXOR": [0, 1, 1, 1, 1, 1, 0, 1, 1, 1, 0, 1, 0, 0], "split10_prob": [0.4143551372476344, 0.00011916119860492526, 0.0011982197616729683, 0.00045872354616914595, 1.0, 3.4021025418919416e-05, 0.7048505914626167, 0.9964793296666088, 0.9806806787576305, 0.9948651436520831, 0.005970926506412668, 1.0, 0.01743531150617537, 0.412178106822953], "split11_index": [155, 156, 157, 158, 159, 160, 161, 162, 163, 164, 165, 166, 167, 168], "split11_pred": [0, 0, 0, 0, 1, 0, 0, 1, 1, 1, 0, 1, 0, 0], "split11_test": [1, 0, 0, 0, 1, 0, 0, 1, 1, 1, 1, 1, 1, 1], "split11_notXOR": [0, 1, 1, 1, 1, 1, 1, 1, 1, 1, 0, 1, 0, 0], "split11_prob": [9.429458679733306e-05, 9.267959993072258e-08, 6.920602699879903e-07, 1.225086627069149e-07, 1.0, 1.2991498689583492e-06, 0.00048648541555186667, 0.935293169497725, 1.0, 1.0, 1.294360390983284e-06, 1.0, 3.7768723052285308e-06, 0.00016081058791124234], "split12_index": [169, 170, 171, 172, 173, 174, 175, 176, 177, 178, 179, 180, 181, 182], "split12_pred": [0, 0, 0, 0, 1, 0, 0, 1, 1, 1, 0, 1, 0, 0], "split12_test": [1, 0, 0, 0, 1, 0, 0, 1, 1, 1, 1, 1, 1, 1], "split12_notXOR": [0, 1, 1, 1, 1, 1, 1, 1, 1, 1, 0, 1, 0, 0], "split12_prob": [0.014381430091987142, 1.5116812362454712e-05, 0.0002913327612014775, 1.934831924336887e-05, 1.0, 0.00016471706390189456, 0.12044066995051136, 0.9999705997914318, 0.8082505649736544, 0.9949532692016073, 0.0001850550411725253, 1.0, 0.0006087351311710854, 0.04011203335099679], "split13_index": [183, 184, 185, 186, 187, 188, 189, 190, 191, 192, 193, 194, 195, 196], "split13_pred": [0, 0, 0, 0, 1, 0, 0, 1, 1, 1, 0, 1, 0, 0], "split13_test": [1, 0, 0, 0, 1, 0, 0, 1, 1, 1, 1, 1, 1, 1], "split13_notXOR": [0, 1, 1, 1, 1, 1, 1, 1, 1, 1, 0, 1, 0, 0], "split13_prob": [6.645410842367935e-06, 1.6076872449747917e-08, 6.570087640276528e-07, 1.891018793063185e-08, 1.0, 1.4696977856889855e-07, 1.676961936476501e-05, 0.9921471283905995, 1.0, 1.0, 1.3873018139567635e-07, 1.0, 3.00237441249744e-07, 1.366860257115748e-05], "split14_index": [197, 198, 199, 200, 201, 202, 203, 204, 205, 206, 207, 208, 209, 210], "split14_pred": [0, 0, 0, 0, 1, 0, 0, 1, 0, 1, 0, 1, 0, 0], "split14_test": [1, 0, 0, 0, 1, 0, 0, 1, 1, 1, 1, 1, 1, 1], "split14_notXOR": [0, 1, 1, 1, 1, 1, 1, 1, 0, 1, 0, 1, 0, 0], "split14_prob": [0.0009443238683415363, 3.417868065501049e-06, 0.0002871623316007459, 3.901119218995859e-06, 1.0, 2.381043127864955e-05, 0.00248586210311772, 0.9999894002889054, 0.10463244138198086, 0.997392108237823, 2.3170345791714588e-05, 1.0, 4.9955879120040415e-05, 0.0023266999716339853], "split15_index": [211, 212, 213, 214, 215, 216, 217, 218, 219, 220, 221, 222, 223, 224], "split15_pred": [0, 0, 0, 0, 1, 0, 0, 1, 1, 1, 0, 1, 0, 0], "split15_test": [1, 0, 0, 0, 1, 0, 0, 1, 1, 1, 1, 1, 1, 1], "split15_notXOR": [0, 1, 1, 1, 1, 1, 1, 1, 1, 1, 0, 1, 0, 0],