{"split0_index": [5, 6, 7, 8, 9, 10, 11, 12, 13], "split0_pred": [0, 0, 0, 0, 0, 0, 0, 0, 0], "split0_test": [0, 0, 0, 0, 0, 0, 1, 0, 0], "split0_notXOR": [1, 1, 1, 1, 1, 1, 0, 1, 1], "split0_prob": [0.11015160303147986, 0.11333150542209075, 0.17527238407741666, 0.30474477338243455, 0.3366336740706919, 0.30550213898300105, 0.11848759565492445, 0.27349633226238085, 0.273755174685142], "split1_index": [14, 15, 16, 17, 18, 19, 20, 21, 22, 23], "split1_pred": [0, 0, 0, 0, 0, 0, 0, 1, 0, 0], "split1_test": [0, 0, 0, 0, 0, 0, 0, 1, 0, 0], "split1_notXOR": [1, 1, 1, 1, 1, 1, 1, 1, 1, 1], "split1_prob": [0.03165665770035662, 0.08286249776135378, 0.07513135320842296, 0.05508358689251546, 0.061112363659764066, 0.05509424339193684, 0.05502351709205496, 0.9068100664769556, 0.055042847067967506, 0.06528037535615251]}