{"split0_index": [11, 12, 13, 14, 15, 16, 17, 18, 19, 20, 21, 22, 23], "split0_pred": [0, 0, 0, 0, 0, 0, 0, 0, 0, 0, 0, 0, 0], "split0_test": [0, 0, 0, 0, 0, 0, 0, 1, 0, 0, 0, 0, 0], "split0_notXOR": [1, 1, 1, 1, 1, 1, 1, 0, 1, 1, 1, 1, 1], "split0_prob": [0.19548197684493765, 0.2467330875189848, 0.20819489372298006, 0.19240696665442203, 0.20342017681618232, 0.2119602610364836, 0.20819489372298006, 0.28057621982700076, 0.20819489372298006, 0.20982801920830482, 0.20819489380701472, 0.2075846451279285, 0.20819489372298006]}