{"split0_index": [8, 9, 10, 11, 12, 13, 14, 15], "split0_pred": [1, 1, 1, 1, 1, 1, 1, 0], "split0_test": [0, 1, 1, 0, 0, 0, 1, 0], "split0_notXOR": [0, 1, 1, 0, 0, 0, 1, 1], "split0_prob": [0.5156349955107573, 0.505260354140115, 0.5259961784313151, 0.5042224932204868, 0.508373629139754, 0.5259961784313151, 0.5114862548027501, 0.4938433584842784], "split1_index": [16, 17, 18, 19, 20, 21, 22, 23], "split1_pred": [1, 0, 1, 0, 1, 1, 1, 0], "split1_test": [0, 1, 1, 0, 0, 0, 1, 0], "split1_notXOR": [0, 0, 1, 1, 0, 0, 1, 1], "split1_prob": [0.5133286739570185, 0.49483210219364293, 0.5317888113032182, 0.49298238757080926, 0.500381892380088, 0.5317888113032182, 0.5059315884692684, 0.4745041446522602]}