{"split0_index": [3, 4, 5, 6, 7, 8], "split0_pred": [0, 0, 0, 0, 0, 0], "split0_test": [1, 1, 0, 1, 0, 1], "split0_notXOR": [0, 0, 1, 0, 1, 0], "split0_prob": [0.495, 0.495, 0.495, 0.495, 0.495, 0.495], "split1_index": [9, 10, 11, 12, 13, 14], "split1_pred": [0, 0, 0, 0, 0, 0], "split1_test": [1, 0, 1, 0, 1, 0], "split1_notXOR": [0, 1, 0, 1, 0, 1], "split1_prob": [0.4875, 0.4875, 0.4875, 0.4875, 0.4875, 0.4875], "split2_index": [15, 16, 17, 18, 19, 20], "split2_pred": [0, 1, 0, 0, 0, 1], "split2_test": [1, 0, 1, 0, 1, 0], "split2_notXOR": [0, 0, 0, 1, 0, 0], "split2_prob": [0.38686380286380273, 0.5838122155622156, 0.38686380286380273, 0.38686380286380273, 0.38686380286380273, 0.5838122155622156], "split3_index": [21, 22, 23, 24, 25, 26], "split3_pred": [0, 0, 0, 0, 0, 1], "split3_test": [1, 0, 1, 0, 1, 0], "split3_notXOR": [0, 1, 0, 1, 0, 0], "split3_prob": [0.18588888888888888, 0.4788955456308399, 0.4788955456308399, 0.4788955456308399, 0.4788955456308399, 0.5054545454545455], "split4_index": [27, 28, 29, 30, 31, 32, 33], "split4_pred": [1, 1, 1, 1, 1, 1, 1], "split4_test": [1, 0, 1, 0, 1, 1, 0], "split4_notXOR": [1, 0, 1, 0, 1, 1, 0], "split4_prob": [0.5037697777335213, 0.5037697777335213, 0.5037697777335213, 0.5037697777335213, 0.5037697777335213, 0.5037697777335213, 0.54], "split5_index": [34, 35, 36, 37, 38, 39, 40], "split5_pred": [1, 1, 1, 1, 1, 1, 0], "split5_test": [1, 0, 1, 0, 1, 1, 1], "split5_notXOR": [1, 0, 1, 0, 1, 1, 0], "split5_prob": [0.5228871886709484, 0.5228871886709484, 0.5228871886709484, 0.7143478260869566, 0.5228871886709484, 0.5228871886709484, 0.27], "split6_index": [41, 42, 43, 44, 45, 46, 47, 48], "split6_pred": [1, 1, 0, 1, 1, 0, 0, 1], "split6_test": [1, 0, 1, 0, 0, 1, 1, 0], "split6_notXOR": [1, 0, 0, 0, 0, 0, 0, 0], "split6_prob": [0.51, 0.5524736596791762, 0.49004521380650423, 0.5596129464904942, 0.5332953952133943, 0.49004521380650423, 0.49004521380650423, 0.566344240944241]}