{"split0_index": [3, 4, 5], "split0_pred": [0, 0, 0], "split0_test": [0, 1, 0], "split0_notXOR": [1, 0, 1], "split0_prob": [NaN, NaN, NaN], "split1_index": [6, 7, 8], "split1_pred": [0, 0, 0], "split1_test": [0, 1, 0], "split1_notXOR": [1, 0, 1], "split1_prob": [4.117941728663908e-14, 4.117941728663908e-14, 4.117941728663908e-14], "split2_index": [9, 10, 11], "split2_pred": [1, 0, 0], "split2_test": [0, 1, 0], "split2_notXOR": [0, 0, 1], "split2_prob": [1.0, 2.885741395128515e-13, 2.885741395128515e-13], "split3_index": [12, 13, 14], "split3_pred": [0, 1, 1], "split3_test": [0, 1, 0], "split3_notXOR": [1, 1, 0], "split3_prob": [0.0, 0.9999999983386871, 0.9999999983386871], "split4_index": [15, 16, 17], "split4_pred": [0, 1, 1], "split4_test": [0, 1, 0], "split4_notXOR": [1, 1, 0], "split4_prob": [0.0, 0.9999999999999254, 0.9999999999999254], "split5_index": [18, 19, 20], "split5_pred": [1, 1, 1], "split5_test": [0, 1, 0], "split5_notXOR": [0, 1, 0], "split5_prob": [0.9999999999986464, 0.9999999999986464, 0.9999999999986464], "split6_index": [21, 22, 23, 24], "split6_pred": [0, 1, 1, 1], "split6_test": [0, 1, 1, 0], "split6_notXOR": [1, 1, 1, 0], "split6_prob": [0.0, 1.0, 0.9999999999999396, 0.9999999999999396], "split7_index": [25, 26, 27, 28], "split7_pred": [0, 1, 0, 1], "split7_test": [0, 1, 1, 0], "split7_notXOR": [1, 1, 0, 0], "split7_prob": [0.0, 0.9999999999999503, 0.0, 0.9999999999999503], "split8_index": [29, 30, 31, 32], "split8_pred": [1, 1, 1, 1], "split8_test": [0, 1, 1, 0], "split8_notXOR": [0, 1, 1, 0], "split8_prob": [0.9740926524000137, 0.9740926524000137, 0.9740926524000137, 0.9740926524000137], "split9_index": [33, 34, 35, 36], "split9_pred": [1, 1, 1, 1], "split9_test": [0, 1, 1, 0], "split9_notXOR": [0, 1, 1, 0], "split9_prob": [0.9999942467742096, 0.9999942467742096, 0.9999942467742096, 0.9999942467742096], "split10_index": [37, 38, 39, 40], "split10_pred": [1, 1, 1, 0], "split10_test": [0, 1, 1, 0], "split10_notXOR": [0, 1, 1, 1], "split10_prob": [0.9913801200952858, 0.974318164537656, 0.974318164537656, 9.97228207338883e-93], "split11_index": [41, 42, 43, 44], "split11_pred": [1, 1, 1, 1], "split11_test": [0, 1, 0, 0], "split11_notXOR": [0, 1, 0, 0], "split11_prob": [0.9024531041812853, 0.9024531041812853, 0.7547614112453208, 0.9024531041812853], "split12_index": [45, 46, 47, 48], "split12_pred": [1, 1, 0, 1], "split12_test": [0, 1, 0, 0], "split12_notXOR": [0, 1, 1, 0], "split12_prob": [0.8556933270991022, 0.8556933270991022, 1.1417628220495904e-19, 0.8556933270991022], "split13_index": [49, 50, 51, 52, 53], "split13_pred": [1, 1, 1, 1, 1], "split13_test": [0, 1, 0, 0, 0], "split13_notXOR": [0, 1, 0, 0, 0], "split13_prob": [0.5764864710097249, 0.999991779882058, 0.8581244389045094, 0.8581244389045094, 0.8581244389045094], "split14_index": [54, 55, 56, 57, 58, 59], "split14_pred": [1, 1, 1, 1, 1, 1], "split14_test": [0, 1, 0, 0, 1, 0], "split14_notXOR": [0, 1, 0, 0, 1, 0], "split14_prob": [0.6356577997048483, 0.6356577997048483, 0.6356577997048483, 0.9242829137743293, 0.6356577997048483, 0.6356577997048483], "split15_index": [60, 61, 62, 63, 64, 65], "split15_pred": [1, 1, 0, 1, 1, 1], "split15_test": [0, 1, 0, 0, 1, 0], "split15_notXOR": [0, 1, 1, 0, 1, 0], "split15_prob": [0.7617651447674284, 0.7617651447674284, 3.3343441768847886e-103, 0.7617651447674284, 0.7617651447674284, 0.7617651447674284], "split16_index": [66, 67, 68, 69, 70, 71], "split16_pred": [1, 1, 1, 1, 1, 1], "split16_test": [0, 1, 0, 0, 1, 0], "split16_notXOR": [0, 1, 0, 0, 1, 0], "split16_prob": [0.7853386098001535, 0.7853386098001535, 0.7853386098001535, 0.7853386098001535, 0.7853386098001535, 0.7853386098001535], "split17_index": [72, 73, 74, 75, 76, 77, 78], "split17_pred": [1, 1, 1, 0, 1, 1, 1], "split17_test": [0, 1, 0, 0, 1, 0, 0], "split17_notXOR": [0, 1, 0, 1, 1, 0, 0], "split17_prob": [0.8111502134981786, 0.8111502134981786, 0.8111502134981786, 0.37165424234572225, 1.0, 0.8111502134981786, 0.8111502134981786], "split18_index": [79, 80, 81, 82, 83, 84, 85], "split18_pred": [1, 1, 1, 1, 1, 1, 1], "split18_test": [0, 1, 0, 0, 1, 0, 0], "split18_notXOR": [0, 1, 0, 0, 1, 0, 0], "split18_prob": [0.6685501506763984, 0.6685501506763984, 0.6685501506763984, 0.6685501506763984, 0.6685501506763984, 0.6685501506763984, 0.6685501506763984], "split19_index": [86, 87, 88, 89, 90, 91, 92], "split19_pred": [1, 1, 1, 1, 1, 1, 1], "split19_test": [0, 1, 0, 0, 1, 0, 0], "split19_notXOR": [0, 1, 0, 0, 1, 0, 0], "split19_prob": [0.7248705270301249, 0.7248705270301249, 0.7248705270301249, 0.7248705270301249, 0.7248705270301249, 0.7248705270301249, 0.7248705270301249], "split20_index": [93, 94, 95, 96, 97], "split20_pred": [1, 1, 1, 0, 1], "split20_test": [0, 0, 1, 0, 1], "split20_notXOR": [0, 0, 1, 1, 1], "split20_prob": [0.9398971485438788, 0.9398971485438788, 0.8973915414203123, 1.0874727818400985e-48, 0.9398971485438788], "split21_index": [98, 99, 100, 101, 102], "split21_pred": [1, 1, 1, 1, 1], "split21_test": [0, 0, 1, 0, 1], "split21_notXOR": [0, 0, 1, 0, 1], "split21_prob": [0.9841659284499289, 0.9184593113828029, 0.9841659284499289, 0.9841659284499289, 0.9841659284499289], "split22_index": [103, 104, 105, 106, 107, 108], "split22_pred": [1, 1, 1, 0, 1, 1], "split22_test": [0, 0, 0, 1, 0, 1], "split22_notXOR": [0, 0, 0, 0, 0, 1], "split22_prob": [0.8914414592909174, 0.8914414592909174, 0.8914414592909174, 4.8846174128063236e-207, 0.8914414592909174, 0.8914414592909174], "split23_index": [109, 110, 111, 112, 113, 114], "split23_pred": [0, 0, 0, 0, 0, 0], "split23_test": [0, 0, 0, 1, 0, 1], "split23_notXOR": [1, 1, 1, 0, 1, 0], "split23_prob": [0.08033088829012519, 0.08033088829012519, 0.08033088829012519, 0.08033088829012519, 0.08033088829012519, 0.08033088829012519], "split24_index": [115, 116, 117, 118, 119, 120], "split24_pred": [0, 1, 0, 0, 0, 0], "split24_test": [0, 0, 0, 1, 0, 1], "split24_notXOR": [1, 0, 1, 0, 1, 0], "split24_prob": [0.07249731543161711, 1.0, 0.07249731543161711, 0.07249731543161711, 1.899283611300187e-09, 0.07249731543161711], "split25_index": [121, 122, 123, 124, 125, 126], "split25_pred": [0, 0, 0, 0, 0, 1], "split25_test": [0, 0, 0, 1, 0, 1], "split25_notXOR": [1, 1, 1, 0, 1, 1], "split25_prob": [0.49986267902865394, 0.49986267902865394, 0.49986267902865394, 0.49986267902865394, 0.49986267902865394, 1.0], "split26_index": [127, 128, 129, 130, 131, 132], "split26_pred": [0, 0, 0, 0, 0, 0], "split26_test": [0, 0, 0, 1, 0, 1], "split26_notXOR": [1, 1, 1, 0, 1, 0], "split26_prob": [0.3428148363391641, 0.3428148363391641, 0.3428148363391641, 0.3428148363391641, 0.3428148363391641, 0.3428148363391641], "split27_index": [133, 134, 135, 136, 137, 138], "split27_pred": [0, 0, 0, 0, 0, 0], "split27_test": [0, 0, 0, 1, 0, 1], "split27_notXOR": [1, 1, 1, 0, 1, 0], "split27_prob": [0.3364886813339673, 0.00121336393398967, 0.3364886813339673, 0.3364886813339673, 0.3364886813339673, 0.3364886813339673], "split28_index": [139, 140, 141, 142, 143, 144], "split28_pred": [0, 0, 0, 0, 0, 0], "split28_test": [0, 0, 0, 0, 0, 1], "split28_notXOR": [1, 1, 1, 1, 1, 0], "split28_prob": [0.4243249361299884, 0.4243249361299884, 0.4243249361299884, 0.4243249361299884, 7.56626550496409e-15, 0.4243249361299884], "split29_index": [145, 146, 147, 148, 149, 150], "split29_pred": [0, 0, 0, 0, 0, 0], "split29_test": [0, 0, 0, 0, 0, 1], "split29_notXOR": [1, 1, 1, 1, 1, 0], "split29_prob": [0.17145833867281587, 0.16926370779020436, 0.17145833867281587, 0.00626519523019978, 0.17145833867281587, 0.17145833867281587], "split30_index": [151, 152, 153, 154, 155, 156], "split30_pred": [0, 0, 0, 0, 0, 0], "split30_test": [0, 0, 0, 0, 0, 1], "split30_notXOR": [1, 1, 1, 1, 1, 0], "split30_prob": [0.1555488858387956, 0.1555488858387956, 0.1555488858387956, 0.1555488858387956, 0.1555488858387956, 0.1555488858387956], "split31_index": [157, 158, 159, 160, 161, 162], "split31_pred": [0, 0, 0, 0, 0, 0], "split31_test": [0, 0, 0, 0, 0, 1], "split31_notXOR": [1, 1, 1, 1, 1, 0],