{"split0_index": [3, 4, 5], "split0_pred": [0, 0, 0], "split0_test": [0, 1, 1], "split0_notXOR": [1, 0, 0], "split0_prob": [0.5, 0.5, 0.5], "split1_index": [6, 7, 8], "split1_pred": [0, 0, 0], "split1_test": [0, 1, 1], "split1_notXOR": [1, 0, 0], "split1_prob": [0.5, 0.5, 0.5], "split2_index": [9, 10, 11], "split2_pred": [0, 0, 0], "split2_test": [0, 0, 1], "split2_notXOR": [1, 1, 0], "split2_prob": [0.5, 0.5, 0.5], "split3_index": [12, 13, 14], "split3_pred": [0, 1, 0], "split3_test": [0, 0, 1], "split3_notXOR": [1, 0, 0], "split3_prob": [0.4684479820453989, 0.7392062504013079, 0.4684479820453989], "split4_index": [15, 16, 17], "split4_pred": [1, 1, 1], "split4_test": [0, 0, 1], "split4_notXOR": [0, 0, 1], "split4_prob": [0.5069646454225589, 0.5069646454225589, 0.5069646454225589], "split5_index": [18, 19, 20], "split5_pred": [1, 1, 1], "split5_test": [0, 0, 1], "split5_notXOR": [0, 0, 1], "split5_prob": [0.5062169103817684, 0.5062169103817684, 0.5062169103817684], "split6_index": [21, 22, 23], "split6_pred": [0, 1, 1], "split6_test": [0, 0, 1], "split6_notXOR": [1, 0, 1], "split6_prob": [0.48588578253758863, 0.999999725563478, 0.759390629836614], "split7_index": [24, 25, 26], "split7_pred": [0, 0, 0], "split7_test": [0, 0, 1], "split7_notXOR": [1, 1, 0], "split7_prob": [0.49334640093433185, 0.49334640093433185, 0.49334640093433185], "split8_index": [27, 28, 29], "split8_pred": [0, 0, 0], "split8_test": [0, 0, 1], "split8_notXOR": [1, 1, 0], "split8_prob": [0.46657954515698646, 0.46657954515698646, 0.46657954515698646], "split9_index": [30, 31, 32], "split9_pred": [0, 0, 0], "split9_test": [0, 0, 1], "split9_notXOR": [1, 1, 0], "split9_prob": [0.4693128506513604, 0.4693128506513604, 0.4693128506513604], "split10_index": [33, 34, 35], "split10_pred": [0, 0, 0], "split10_test": [0, 0, 1], "split10_notXOR": [1, 1, 0], "split10_prob": [0.47164729357464075, 0.47164729357464075, 0.47164729357464075], "split11_index": [36, 37, 38], "split11_pred": [0, 0, 0], "split11_test": [0, 0, 1], "split11_notXOR": [1, 1, 0], "split11_prob": [0.473663946817444, 0.473663946817444, 0.473663946817444], "split12_index": [39, 40, 41], "split12_pred": [0, 0, 0], "split12_test": [0, 0, 1], "split12_notXOR": [1, 1, 0], "split12_prob": [0.4940370504471009, 0.4940370504471009, 0.4940370504471009], "split13_index": [42, 43, 44], "split13_pred": [0, 0, 0], "split13_test": [0, 0, 1], "split13_notXOR": [1, 1, 0], "split13_prob": [0.494180700643418, 0.494180700643418, 0.494180700643418], "split14_index": [45, 46, 47], "split14_pred": [0, 0, 1], "split14_test": [0, 0, 1], "split14_notXOR": [1, 1, 1], "split14_prob": [0.49432131755840897, 0.3676894295715169, 0.7289978540242259], "split15_index": [48, 49, 50], "split15_pred": [0, 0, 0], "split15_test": [0, 0, 1], "split15_notXOR": [1, 1, 0], "split15_prob": [0.48298446441190995, 0.48298446441190995, 0.48298446441190995], "split16_index": [51, 52, 53], "split16_pred": [0, 0, 0], "split16_test": [0, 0, 1], "split16_notXOR": [1, 1, 0], "split16_prob": [0.4837129704702327, 0.4837129704702327, 0.4837129704702327], "split17_index": [54, 55, 56], "split17_pred": [0, 0, 0], "split17_test": [0, 0, 1], "split17_notXOR": [1, 1, 0], "split17_prob": [0.48437490991740095, 0.48437490991740095, 0.48437490991740095], "split18_index": [57, 58, 59], "split18_pred": [0, 0, 0], "split18_test": [0, 0, 1], "split18_notXOR": [1, 1, 0], "split18_prob": [0.48498398977344853, 0.48498398977344853, 0.48498398977344853], "split19_index": [60, 61, 62], "split19_pred": [0, 0, 1], "split19_test": [0, 0, 1], "split19_notXOR": [1, 1, 1], "split19_prob": [0.16964880881090813, 0.23915125672108764, 0.9727932536474507], "split20_index": [63, 64, 65], "split20_pred": [0, 0, 0], "split20_test": [0, 0, 1], "split20_notXOR": [1, 1, 0], "split20_prob": [0.49435176857802, 0.49435176857802, 8.719871001453497e-05], "split21_index": [66, 67, 68], "split21_pred": [0, 0, 0], "split21_test": [0, 0, 1], "split21_notXOR": [1, 1, 0], "split21_prob": [0.47700186384523485, 0.47700186384523485, 0.47700186384523485], "split22_index": [69, 70, 71], "split22_pred": [0, 0, 0], "split22_test": [0, 0, 1], "split22_notXOR": [1, 1, 0], "split22_prob": [0.4854916935239938, 0.4854916935239938, 0.4854916935239938], "split23_index": [72, 73, 74], "split23_pred": [0, 0, 0], "split23_test": [0, 0, 1], "split23_notXOR": [1, 1, 0], "split23_prob": [0.48611273468821226, 0.19694412669654082, 0.3835862011716933], "split24_index": [75, 76, 77], "split24_pred": [0, 0, 0], "split24_test": [0, 0, 1], "split24_notXOR": [1, 1, 0], "split24_prob": [0.4706205197913911, 0.00019161871480476197, 0.3612164083681089], "split25_index": [78, 79, 80], "split25_pred": [0, 0, 0], "split25_test": [0, 0, 1], "split25_notXOR": [1, 1, 0], "split25_prob": [0.47854959012618936, 0.47854959012618936, 0.47854959012618936], "split26_index": [81, 82, 83], "split26_pred": [0, 0, 0], "split26_test": [0, 0, 1], "split26_notXOR": [1, 1, 0], "split26_prob": [0.4880523144626727, 0.4834777888640286, 0.4880523144626727], "split27_index": [84, 85, 86], "split27_pred": [0, 0, 0], "split27_test": [0, 0, 1], "split27_notXOR": [1, 1, 0], "split27_prob": [0.486664621488281, 0.486664621488281, 0.486664621488281], "split28_index": [87, 88, 89], "split28_pred": [0, 0, 0], "split28_test": [0, 0, 1], "split28_notXOR": [1, 1, 0], "split28_prob": [0.4876098986567962, 0.4876098986567962, 0.4876098986567962], "split29_index": [90, 91, 92], "split29_pred": [0, 0, 0], "split29_test": [0, 0, 1], "split29_notXOR": [1, 1, 0], "split29_prob": [0.48777967259054444, 0.48777967259054444, 0.48777967259054444], "split30_index": [93, 94, 95], "split30_pred": [0, 0, 0], "split30_test": [0, 0, 1], "split30_notXOR": [1, 1, 0], "split30_prob": [0.4737020383800339, 0.4737020383800339, 0.4737020383800339], "split31_index": [96, 97, 98], "split31_pred": [0, 0, 0], "split31_test": [0, 0, 1], "split31_notXOR": [1, 1, 0], "split31_prob": [0.48240348373526803, 0.48240348373526803, 0.48240348373526803], "split32_index": [99, 100, 101], "split32_pred": [0, 0, 0], "split32_test": [0, 0, 1], "split32_notXOR": [1, 1, 0], "split32_prob": [0.4897591640903057, 0.41770492020297456, 0.4897591640903057], "split33_index": [102, 103, 104], "split33_pred": [0, 0, 0], "split33_test": [0, 0, 1], "split33_notXOR": [1, 1, 0], "split33_prob": [0.4893503401909378, 0.4893503401909378, 0.4893503401909378]}