{"split0_index": [3, 4, 5, 6, 7, 8, 9, 10], "split0_pred": [0, 0, 0, 0, 0, 0, 0, 0], "split0_test": [1, 0, 0, 0, 0, 0, 1, 0], "split0_notXOR": [0, 1, 1, 1, 1, 1, 0, 1], "split0_prob": [0.3333315542556048, 0.3333315542556048, 0.3333315542556048, 0.3333315542556048, 0.3333315542556048, 0.3333315542556048, 0.3333315542556048, 0.3333315542556048], "split1_index": [11, 12, 13, 14, 15, 16, 17, 18], "split1_pred": [0, 0, 0, 0, 0, 0, 0, 0], "split1_test": [1, 0, 0, 0, 0, 0, 1, 0], "split1_notXOR": [0, 1, 1, 1, 1, 1, 0, 1], "split1_prob": [0.2885651722454574, 0.2885651722454574, 0.2885651722454574, 0.2885651722454574, 0.2885651722454574, 0.2885651722454574, 0.28706584061722984, 0.2885651722454574], "split2_index": [19, 20, 21, 22, 23, 24, 25], "split2_pred": [0, 0, 0, 0, 0, 1, 1], "split2_test": [1, 0, 0, 0, 0, 1, 0], "split2_notXOR": [0, 1, 1, 1, 1, 1, 0], "split2_prob": [0.13828202077648746, 0.13828202077648746, 0.39627819083135857, 0.48463538425924196, 0.48463538425924185, 0.7311875542875718, 0.5731304771324576], "split3_index": [26, 27, 28, 29, 30, 31, 32], "split3_pred": [0, 0, 0, 0, 0, 0, 0], "split3_test": [1, 0, 0, 0, 0, 1, 0], "split3_notXOR": [0, 1, 1, 1, 1, 0, 1], "split3_prob": [0.2521462978686281, 0.2521462978686281, 0.2521462978686281, 0.2521462978686281, 0.2521462978686281, 0.2521462978686281, 0.2521462978686281], "split4_index": [33, 34, 35, 36, 37, 38, 39], "split4_pred": [0, 0, 0, 0, 0, 0, 0], "split4_test": [1, 0, 0, 0, 0, 0, 0], "split4_notXOR": [0, 1, 1, 1, 1, 1, 1], "split4_prob": [0.2622927018913157, 0.2622927018913157, 0.2622927018913157, 0.2622927018913157, 0.2622927018913157, 0.317251688364039, 0.2988264103221182], "split5_index": [40, 41, 42, 43, 44, 45, 46], "split5_pred": [0, 0, 0, 0, 0, 0, 0], "split5_test": [1, 0, 0, 0, 0, 0, 0], "split5_notXOR": [0, 1, 1, 1, 1, 1, 1], "split5_prob": [0.24648357625961673, 0.214603804745495, 0.2640295947407649, 0.24648357625961673, 0.24648357625961673, 0.24648357625961673, 0.24648357625961673]}