{"split0_index": [19, 20, 21, 22, 23, 24, 25, 26, 27, 28, 29, 30, 31, 32, 33, 34, 35, 36, 37], "split0_pred": [0, 1, 1, 0, 0, 0, 1, 0, 0, 0, 1, 1, 0, 0, 1, 1, 0, 0, 0], "split0_test": [0, 1, 1, 0, 0, 0, 1, 0, 0, 0, 1, 1, 0, 0, 1, 1, 0, 0, 0], "split0_notXOR": [1, 1, 1, 1, 1, 1, 1, 1, 1, 1, 1, 1, 1, 1, 1, 1, 1, 1, 1], "split0_prob": [0.034497356238534026, 0.8965577014295278, 0.99492181906703, 0.020980214684711413, 0.056718341443281334, 0.04437969513411497, 0.9140392720074825, 0.028529721624417432, 0.24973362177792408, 0.12255362832086644, 0.6640723362017457, 0.9875243692746969, 0.010927840817691213, 0.19841016385761476, 0.92106070095079, 0.5541633102517715, 0.2484289129024453, 0.007459331533352772, 0.06347322489636524], "split1_index": [38, 39, 40, 41, 42, 43, 44, 45, 46, 47, 48, 49, 50, 51, 52, 53, 54, 55, 56], "split1_pred": [0, 1, 1, 0, 0, 0, 1, 0, 0, 0, 1, 1, 0, 0, 1, 1, 0, 0, 0], "split1_test": [0, 1, 1, 0, 0, 0, 1, 0, 0, 0, 1, 1, 0, 0, 1, 1, 0, 0, 0], "split1_notXOR": [1, 1, 1, 1, 1, 1, 1, 1, 1, 1, 1, 1, 1, 1, 1, 1, 1, 1, 1], "split1_prob": [0.019660791651997776, 0.9329848597537429, 0.9996722703211022, 0.010171072567781271, 0.03186718229726791, 0.027284898976097687, 0.9479669779214718, 0.014448252454071091, 0.17701824847960365, 0.09357679454912227, 0.757575049862815, 0.9952603459364292, 0.004146521261664562, 0.14283338040531568, 0.9506793779572076, 0.6347743719637371, 0.2231042087328774, 0.0026281085144334764, 0.04115625097427465], "split2_index": [57, 58, 59, 60, 61, 62, 63, 64, 65, 66, 67, 68, 69, 70, 71, 72, 73, 74, 75], "split2_pred": [0, 1, 1, 0, 0, 0, 1, 0, 0, 0, 1, 1, 0, 0, 1, 1, 0, 0, 0], "split2_test": [0, 1, 1, 0, 0, 0, 1, 0, 0, 0, 1, 1, 0, 0, 1, 1, 0, 0, 0], "split2_notXOR": [1, 1, 1, 1, 1, 1, 1, 1, 1, 1, 1, 1, 1, 1, 1, 1, 1, 1, 1], "split2_prob": [0.013447807305666241, 0.9445293741524678, 0.9996949601992644, 0.006331430307639516, 0.021904125302847254, 0.019566896235381107, 0.9572125120861711, 0.009344686994810253, 0.1383588646836215, 0.0778326207209571, 0.8085464909735138, 0.9973333259997406, 0.0021810191989796277, 0.11428418294677119, 0.9629979094133416, 0.6848665495075849, 0.2061462114687069, 0.0012735515254842008, 0.03140561614961676], "split3_index": [76, 77, 78, 79, 80, 81, 82, 83, 84, 85, 86, 87, 88, 89, 90, 91, 92, 93, 94], "split3_pred": [0, 1, 1, 0, 0, 0, 1, 0, 0, 0, 1, 1, 0, 0, 1, 1, 0, 0, 0], "split3_test": [0, 1, 1, 0, 0, 0, 1, 0, 0, 0, 1, 1, 0, 0, 1, 1, 0, 0, 0], "split3_notXOR": [1, 1, 1, 1, 1, 1, 1, 1, 1, 1, 1, 1, 1, 1, 1, 1, 1, 1, 1], "split3_prob": [0.009754952865035395, 0.95604927387107, 0.9998107062967162, 0.00432942920356668, 0.016084212603049063, 0.01472602428409591, 0.9640429427866746, 0.0066595172858850285, 0.11461420954567039, 0.06669841174581771, 0.8405859972992084, 0.9984448920202953, 0.0013076754276099523, 0.0966992177024048, 0.9701825405339211, 0.7197072130787568, 0.1919527251000985, 0.0006998156767911788, 0.02555182011168028], "split4_index": [95, 96, 97, 98, 99, 100, 101, 102, 103, 104, 105, 106, 107, 108, 109, 110, 111, 112, 113, 114], "split4_pred": [0, 1, 1, 0, 0, 0, 1, 0, 0, 0, 1, 1, 0, 0, 1, 1, 0, 0, 0, 0], "split4_test": [0, 1, 1, 0, 0, 0, 1, 0, 0, 0, 1, 1, 0, 0, 1, 1, 0, 0, 0, 0], "split4_notXOR": [1, 1, 1, 1, 1, 1, 1, 1, 1, 1, 1, 1, 1, 1, 1, 1, 1, 1, 1, 1], "split4_prob": [0.00744093769774038, 0.9637072525934591, 0.9998758158004817, 0.00315824923651445, 0.012458815096937251, 0.011575185878310868, 0.9688525102109012, 0.005047064900832687, 0.09820461477309338, 0.05848833609977666, 0.8626431308404712, 0.9989921836504425, 0.0008590072355374323, 0.08446362518476273, 0.9866156756876091, 0.745822040620102, 0.17999033800330225, 0.00042397848128578215, 0.021641978126985567, 0.01830727778689748], "split5_index": [115, 116, 117, 118, 119, 120, 121, 122, 123, 124, 125, 126, 127, 128, 129, 130, 131, 132, 133, 134], "split5_pred": [0, 1, 1, 0, 0, 0, 1, 0, 0, 0, 1, 1, 0, 0, 1, 1, 0, 0, 0, 0], "split5_test": [0, 1, 1, 0, 0, 0, 1, 0, 0, 0, 1, 1, 0, 0, 1, 1, 0, 0, 0, 0], "split5_notXOR": [1, 1, 1, 1, 1, 1, 1, 1, 1, 1, 1, 1, 1, 1, 1, 1, 1, 1, 1, 1], "split5_prob": [0.005747279151314025, 0.9695294926012067, 0.9999168972211646, 0.002350471126704837, 0.009857620155039142, 0.0091761505609363, 0.9725319129808153, 0.003898834982102394, 0.08683918855714139, 0.05157392775332868, 0.8781709821149888, 0.9993037841214379, 0.0005859892643396424, 0.07523283848957675, 0.9876315596633596, 0.7664042860054373, 0.16833665100545328, 0.00026379444652770856, 0.018637773129756105, 0.01445997565476431], "split6_index": [135, 136, 137, 138, 139, 140, 141, 142, 143, 144, 145, 146, 147, 148, 149, 150, 151, 152, 153, 154], "split6_pred": [0, 1, 1, 0, 0, 0, 1, 0, 0, 0, 1, 1, 0, 0, 1, 1, 0, 0, 0, 0], "split6_test": [0, 1, 1, 0, 0, 0, 1, 0, 0, 0, 1, 1, 0, 0, 1, 1, 0, 0, 0, 0], "split6_notXOR": [1, 1, 1, 1, 1, 1, 1, 1, 1, 1, 1, 1, 1, 1, 1, 1, 1, 1, 1, 1], "split6_prob": [0.004590858586720454, 0.9738332114910574, 0.9999416127517832, 0.0018196962367820141, 0.00804670203480829, 0.007494334697519767, 0.9753464093123723, 0.0031200726530381034, 0.07817045741588567, 0.046235581782865895, 0.89021972465309, 0.9994929804506741, 0.0004209931444738793, 0.06806824551366733, 0.9884720415636664, 0.7832592260981855, 0.1585998708229966, 0.00017440893264415489, 0.01641022075882876, 0.011815129614293743], "split7_index": [155, 156, 157, 158, 159, 160, 161, 162, 163, 164, 165, 166, 167, 168, 169, 170, 171, 172, 173, 174], "split7_pred": [0, 1, 1, 0, 0, 0, 1, 0, 0, 0, 1, 1, 0, 0, 1, 1, 0, 0, 0, 0], "split7_test": [0, 1, 1, 0, 0, 0, 1, 0, 0, 0, 1, 1, 0, 0, 1, 1, 0, 0, 0, 0], "split7_notXOR": [1, 1, 1, 1, 1, 1, 1, 1, 1, 1, 1, 1, 1, 1, 1, 1, 1, 1, 1, 1], "split7_prob": [0.003760966783021899, 0.9771341768367917, 0.9999573880983786, 0.0014508559555319028, 0.0067250676997702204, 0.006259952299128495, 0.9775696787043785, 0.0025626233537672655, 0.07127932728549446, 0.04196167970509992, 0.8998811302714368, 0.9996161341792142, 0.00031436491188466617, 0.06230772253989234, 0.9891823764248022, 0.7973646178743993, 0.15026212218440343, 0.00012077232159686746, 0.014686319328327577, 0.009895487921342809], "split8_index": [175, 176, 177, 178, 179, 180, 181, 182, 183, 184, 185, 186, 187, 188, 189, 190, 191, 192, 193, 194, 195], "split8_pred": [0, 1, 1, 0, 0, 0, 1, 0, 0, 0, 1, 1, 0, 0, 1, 1, 0, 0, 0, 0, 0], "split8_test": [0, 1, 1, 0, 0, 0, 1, 0, 0, 0, 1, 1, 0, 0, 1, 1, 0, 0, 0, 0, 0], "split8_notXOR": [1, 1, 1, 1, 1, 1, 1, 1, 1, 1, 1, 1, 1, 1, 1, 1, 1, 1, 1, 1, 1], "split8_prob": [0.008036289309498403, 0.9797444482367803, 0.9999679461263365, 0.0011834729346983312, 0.005723840400091297, 0.005321102116044204, 0.9793801988659044, 0.002147749650009859, 0.06564111039835101, 0.03844621594637509, 0.933854548019293, 0.9999789107045949, 0.00024187440210513605, 0.057567752402203874, 0.9944224684612512, 0.8093837939463421, 0.1429939131718136, 8.667310585090343e-05, 0.013308720245956076, 0.02843313734702946, 0.008447598553206112], "split9_index": [196, 197, 198, 199, 200, 201, 202, 203, 204, 205, 206, 207, 208, 209, 210, 211, 212, 213, 214, 215, 216], "split9_pred": [0, 1, 1, 1, 0, 0, 0, 1, 0, 0, 0, 0, 0, 0, 0, 1, 0, 0, 0, 0, 0], "split9_test": [0, 0, 0, 1, 0, 0, 0, 1, 0, 0, 1, 0, 0, 0, 0, 1, 0, 0, 0, 0, 0], "split9_notXOR": [1, 0, 0, 1, 1, 1, 1, 1, 1, 1, 0, 1, 1, 1, 1, 1, 1, 1, 1, 1, 1], "split9_prob": [0.011348634233182164, 0.9808760231324062, 0.9988968157616518, 0.9892718814854018, 6.094433038319255e-05, 0.025524104702989395, 0.015016784446214676, 0.9819666524168676, 0.0040276481389610735, 0.0018245818235323097, 0.39853060414941505, 0.012100358666542285, 0.43025004048627163, 0.00018663804414098737, 0.10985113613667565, 0.999919605015104, 0.0009702039316353402, 0.05997285324307449, 0.03487155078641019, 0.1358639413638311, 0.007207172244562584], "split10_index": [217, 218, 219, 220, 221, 222, 223, 224, 225, 226, 227, 228, 229, 230, 231, 232, 233, 234], "split10_pred": [0, 0, 1, 1, 0, 0, 1, 0, 0, 0, 0, 0, 0, 0, 0, 0, 0, 0], "split10_test": [0, 0, 1, 1, 0, 0, 0, 0, 0, 0, 1, 1, 0, 0, 0, 0, 0, 0],