{"split0_index": [19, 20, 21, 22, 23, 24, 25, 26, 27, 28, 29, 30, 31, 32, 33, 34, 35, 36, 37], "split0_pred": [0, 1, 1, 0, 0, 0, 1, 0, 0, 0, 0, 1, 0, 0, 1, 0, 0, 0, 0], "split0_test": [0, 1, 1, 0, 0, 0, 1, 0, 0, 0, 1, 1, 0, 0, 1, 1, 0, 0, 0], "split0_notXOR": [1, 1, 1, 1, 1, 1, 1, 1, 1, 1, 0, 1, 1, 1, 1, 0, 1, 1, 1], "split0_prob": [1.2863795050478094e-09, 1.0, 1.0, 2.2292734503040496e-09, 5.250925788466185e-07, 1.2562238087102937e-09, 1.0, 8.2788390857912e-14, 0.02352812456341409, 4.5448879718487555e-08, 0.13448455352746236, 1.0, 4.5147729510738263e-11, 0.001455258857176757, 1.0, 0.0005306657954951922, 5.696381755558812e-05, 5.530499106365482e-13, 2.816888745691482e-07], "split1_index": [38, 39, 40, 41, 42, 43, 44, 45, 46, 47, 48, 49, 50, 51, 52, 53, 54, 55, 56], "split1_pred": [0, 1, 1, 0, 0, 0, 1, 0, 0, 0, 0, 1, 0, 0, 1, 0, 0, 0, 0], "split1_test": [0, 1, 1, 0, 0, 0, 1, 0, 0, 0, 1, 1, 0, 0, 1, 1, 0, 0, 0], "split1_notXOR": [1, 1, 1, 1, 1, 1, 1, 1, 1, 1, 0, 1, 1, 1, 1, 0, 1, 1, 1], "split1_prob": [2.4067785241254534e-10, 1.0, 1.0, 6.157959422331089e-09, 1.5933354230221786e-07, 2.2717750248466536e-10, 1.0, 1.1435343833027078e-09, 0.004495147225094256, 8.76085568683514e-09, 0.02885499424273656, 1.0, 1.4645733694837794e-10, 0.015818362876749526, 1.0, 0.00013945701908538304, 4.040022497807491e-05, 2.0010000333864047e-13, 7.794492839721335e-08], "split2_index": [57, 58, 59, 60, 61, 62, 63, 64, 65, 66, 67, 68, 69, 70, 71, 72, 73, 74, 75], "split2_pred": [0, 1, 1, 0, 0, 0, 1, 0, 0, 0, 0, 1, 0, 0, 1, 0, 0, 0, 0], "split2_test": [0, 1, 1, 0, 0, 0, 1, 0, 0, 0, 1, 1, 0, 0, 1, 1, 0, 0, 0], "split2_notXOR": [1, 1, 1, 1, 1, 1, 1, 1, 1, 1, 0, 1, 1, 1, 1, 0, 1, 1, 1], "split2_prob": [4.937421205806487e-14, 1.0, 1.0, 8.212172598172125e-14, 7.460887202592705e-13, 4.5840316151699e-14, 1.0, 2.8849563599425192e-18, 7.677545481807925e-07, 1.5265837352792518e-12, 5.0608234793443266e-06, 1.0, 1.790099471532669e-15, 3.7783611190402976e-08, 1.0, 1.695100210417778e-08, 1.735146012806449e-09, 4.5852575659446296e-17, 2.624358202987385e-12], "split3_index": [76, 77, 78, 79, 80, 81, 82, 83, 84, 85, 86, 87, 88, 89, 90, 91, 92, 93, 94], "split3_pred": [0, 1, 1, 0, 0, 0, 1, 0, 0, 0, 0, 1, 0, 0, 1, 0, 0, 0, 0], "split3_test": [0, 1, 1, 0, 0, 0, 1, 0, 0, 0, 1, 1, 0, 0, 1, 1, 0, 0, 0], "split3_notXOR": [1, 1, 1, 1, 1, 1, 1, 1, 1, 1, 0, 1, 1, 1, 1, 0, 1, 1, 1], "split3_prob": [1.1222564984700097e-14, 1.0, 1.0, 2.82974279432886e-13, 2.609912561434136e-13, 1.031468445775538e-14, 1.0, 5.191577052413164e-14, 1.9775840967164643e-07, 3.9187573432434665e-13, 1.3145358246813313e-06, 1.0, 6.967375782980761e-15, 5.673234314214404e-07, 1.0, 6.015233975783174e-09, 1.698255623163684e-09, 1.3194925528594268e-17, 9.235457826783214e-13], "split4_index": [95, 96, 97, 98, 99, 100, 101, 102, 103, 104, 105, 106, 107, 108, 109, 110, 111, 112, 113, 114], "split4_pred": [0, 1, 1, 0, 0, 0, 1, 0, 0, 0, 0, 1, 0, 0, 1, 0, 0, 0, 0, 0], "split4_test": [0, 1, 1, 0, 0, 0, 1, 0, 0, 0, 1, 1, 0, 0, 1, 1, 0, 0, 0, 0], "split4_notXOR": [1, 1, 1, 1, 1, 1, 1, 1, 1, 1, 0, 1, 1, 1, 1, 0, 1, 1, 1, 1], "split4_prob": [1.1075863226323588e-14, 1.0, 1.0, 2.803560604153318e-13, 2.5488836945325165e-13, 1.0121243416059793e-14, 1.0, 5.156877879014337e-14, 1.9655800739173927e-07, 3.8808317964869255e-13, 1.3134234441042188e-06, 1.0, 6.908176092664515e-15, 5.629495551742753e-07, 1.0, 5.932818523079277e-09, 1.6663159025295353e-09, 1.3930526652881156e-17, 9.057249464689145e-13, 5.544788579590335e-09], "split5_index": [115, 116, 117, 118, 119, 120, 121, 122, 123, 124, 125, 126, 127, 128, 129, 130, 131, 132, 133, 134], "split5_pred": [0, 1, 1, 0, 0, 0, 1, 0, 0, 0, 0, 1, 0, 0, 1, 0, 0, 0, 0, 0], "split5_test": [0, 1, 1, 0, 0, 0, 1, 0, 0, 0, 1, 1, 0, 0, 1, 1, 0, 0, 0, 0], "split5_notXOR": [1, 1, 1, 1, 1, 1, 1, 1, 1, 1, 0, 1, 1, 1, 1, 0, 1, 1, 1, 1], "split5_prob": [1.2875446422036278e-14, 1.0, 1.0, 3.0601089842580253e-13, 2.5678011319209517e-13, 1.1435828069639167e-14, 1.0, 5.343294965261168e-14, 9.392435626904316e-08, 3.6684178288108743e-13, 1.277764989911064e-06, 1.0, 8.010795283646371e-15, 4.735477228537918e-07, 1.0, 5.182228854668699e-09, 1.2944136682783552e-09, 1.956934544569512e-17, 8.691956279850118e-13, 1.882466158685333e-09], "split6_index": [135, 136, 137, 138, 139, 140, 141, 142, 143, 144, 145, 146, 147, 148, 149, 150, 151, 152, 153, 154], "split6_pred": [0, 1, 1, 0, 0, 0, 1, 0, 0, 0, 0, 1, 0, 0, 1, 0, 0, 0, 0, 0], "split6_test": [0, 1, 1, 0, 0, 0, 1, 0, 0, 0, 1, 1, 0, 0, 1, 1, 0, 0, 0, 0], "split6_notXOR": [1, 1, 1, 1, 1, 1, 1, 1, 1, 1, 0, 1, 1, 1, 1, 0, 1, 1, 1, 1], "split6_prob": [1.4215795077630613e-14, 1.0, 1.0, 3.234608518646018e-13, 2.5764377107428185e-13, 1.2375699823348045e-14, 1.0, 5.4466907115923326e-14, 6.074118898309838e-08, 3.52452898602994e-13, 1.25073572367038e-06, 1.0, 8.838236485319009e-15, 4.251825772700391e-07, 1.0, 4.731421736269438e-09, 1.1009581015403343e-09, 2.4757878526024116e-17, 8.429594193834256e-13, 9.881953459439986e-10], "split7_index": [155, 156, 157, 158, 159, 160, 161, 162, 163, 164, 165, 166, 167, 168, 169, 170, 171, 172, 173, 174], "split7_pred": [0, 1, 1, 0, 0, 0, 1, 0, 0, 0, 0, 1, 0, 0, 1, 0, 0, 0, 0, 0], "split7_test": [0, 1, 1, 0, 0, 0, 1, 0, 0, 0, 1, 1, 0, 0, 1, 1, 0, 0, 0, 0], "split7_notXOR": [1, 1, 1, 1, 1, 1, 1, 1, 1, 1, 0, 1, 1, 1, 1, 0, 1, 1, 1, 1], "split7_prob": [2.8368212657694555e-10, 1.0, 1.0, 6.251851609544246e-09, 1.6168363432759929e-07, 2.433097534451171e-10, 1.0, 1.024853473185728e-09, 0.0008452809057640458, 6.3616391821044646e-09, 0.022369433734056452, 1.0, 1.7635279752382603e-10, 0.008935894658863304, 1.0, 8.239092175670145e-05, 1.8284253209535285e-05, 5.4737306172333e-13, 6.069335576747788e-08, 1.1954631317109773e-05], "split8_index": [175, 176, 177, 178, 179, 180, 181, 182, 183, 184, 185, 186, 187, 188, 189, 190, 191, 192, 193, 194, 195], "split8_pred": [0, 1, 1, 0, 0, 0, 1, 0, 0, 0, 0, 1, 0, 0, 1, 0, 0, 0, 0, 0, 0], "split8_test": [0, 1, 1, 0, 0, 0, 1, 0, 0, 0, 1, 1, 0, 0, 1, 1, 0, 0, 0, 0, 0], "split8_notXOR": [1, 1, 1, 1, 1, 1, 1, 1, 1, 1, 0, 1, 1, 1, 1, 0, 1, 1, 1, 1, 1], "split8_prob": [9.89983941743861e-15, 1.0, 1.0, 3.457169882374693e-13, 2.582030962212035e-13, 1.3629532488158475e-14, 1.0, 5.551206401881091e-14, 3.6992409162739434e-08, 3.3409418712324724e-13, 2.9085207497424214e-06, 1.0, 9.994661027519473e-15, 3.744083619454066e-07, 1.0, 4.213871727037907e-09, 9.038279308249875e-10, 3.3597026834221055e-17, 8.080014085068802e-13, 1.7508109814367847e-13, 4.721994662945811e-10], "split9_index": [196, 197, 198, 199, 200, 201, 202, 203, 204, 205, 206, 207, 208, 209, 210, 211, 212, 213, 214, 215, 216], "split9_pred": [0, 1, 1, 1, 0, 0, 0, 1, 0, 0, 0, 0, 0, 0, 0, 1, 0, 0, 0, 0, 0], "split9_test": [0, 0, 0, 1, 0, 0, 0, 1, 0, 0, 1, 0, 0, 0, 0, 1, 0, 0, 0, 0, 0], "split9_notXOR": [1, 0, 0, 1, 1, 1, 1, 1, 1, 1, 0, 1, 1, 1, 1, 1, 1, 1, 1, 1, 1], "split9_prob": [4.819625241133551e-14, 1.0, 1.0, 1.0, 3.6114578156788825e-17, 1.4110135176100323e-13, 2.7218510117542682e-14, 1.0, 2.1151698273782997e-14, 4.8637940650053363e-14, 3.0715555074126806e-05, 6.866764929678342e-13, 8.660736374544287e-10, 1.0010412208380891e-14, 9.194419758257364e-12, 1.0, 3.4417172420315736e-13, 2.696011276163993e-08, 2.834311574952316e-13, 7.678719165272257e-10, 3.206210570413243e-10], "split10_index": [217, 218, 219, 220, 221, 222, 223, 224, 225, 226, 227, 228, 229, 230, 231, 232, 233, 234], "split10_pred": [0, 1, 1, 1, 0, 0, 1, 0, 0, 1, 1, 0, 0, 0, 0, 0, 0, 0], "split10_test": [0, 0, 1, 1, 0, 0, 0, 0, 0, 0, 1, 1, 0, 0, 0, 0, 0, 0], "split10_notXOR": [1, 0, 1, 1, 1, 1, 0, 1, 1, 0, 1, 0, 1, 1, 1, 1, 1, 1], "split10_prob": [5.653663407436447e-08, 1.0, 1.0, 1.0, 1.2398659598530199e-10, 4.395590829271436e-10, 1.0, 2.8970881149213206e-09, 1.4949017356499795e-06, 1.0, 1.0, 0.02510350885790492, 7.893050065980453e-07, 2.8527003084583515e-07, 6.914523877481519e-09, 1.8693883469565976e-09, 1.6623762617203856e-06, 9.220250791960766e-11],