{"split0_index": [3, 4, 5], "split0_pred": [0, 1, 0], "split0_test": [0, 1, 0], "split0_notXOR": [1, 1, 1], "split0_prob": [5.182653202597755e-07, 0.9272643892667985, 0.07272920650560197], "split1_index": [6, 7, 8], "split1_pred": [0, 1, 0], "split1_test": [0, 1, 0], "split1_notXOR": [1, 1, 1], "split1_prob": [2.4984236815563734e-08, 0.9559893031994477, 0.04397789924249408], "split2_index": [9, 10, 11], "split2_pred": [0, 1, 0], "split2_test": [0, 1, 0], "split2_notXOR": [1, 1, 1], "split2_prob": [1.2534310171198944e-08, 0.9691706091202459, 0.046247472106204196], "split3_index": [12, 13, 14], "split3_pred": [0, 1, 0], "split3_test": [0, 1, 0], "split3_notXOR": [1, 1, 1], "split3_prob": [1.4947149460297531e-09, 0.9749150833028072, 0.03344752753747315], "split4_index": [15, 16, 17], "split4_pred": [0, 1, 0], "split4_test": [0, 1, 0], "split4_notXOR": [1, 1, 1], "split4_prob": [1.0001678674098596e-09, 0.9794261395680294, 0.03429028971020119], "split5_index": [18, 19, 20], "split5_pred": [0, 1, 0], "split5_test": [0, 1, 0], "split5_notXOR": [1, 1, 1], "split5_prob": [2.319097949324539e-09, 0.983285397782652, 0.050115670175208335], "split6_index": [21, 22, 23, 24], "split6_pred": [0, 1, 0, 0], "split6_test": [0, 1, 1, 0], "split6_notXOR": [1, 1, 0, 1], "split6_prob": [9.275747482047872e-10, 0.9847596437265355, 2.1049167175930178e-05, 0.03556534574967695], "split7_index": [25, 26, 27, 28], "split7_pred": [0, 1, 1, 0], "split7_test": [0, 1, 1, 0], "split7_notXOR": [1, 1, 1, 1], "split7_prob": [1.3405730114410657e-09, 0.9766970568068394, 0.9669685673108178, 0.055813853220694105], "split8_index": [29, 30, 31, 32], "split8_pred": [0, 1, 1, 0], "split8_test": [0, 1, 1, 0], "split8_notXOR": [1, 1, 1, 1], "split8_prob": [3.6396593655268803e-10, 0.977911239387119, 0.9773733109842332, 0.04198277907648864], "split9_index": [33, 34, 35, 36], "split9_pred": [0, 1, 1, 0], "split9_test": [0, 1, 1, 0], "split9_notXOR": [1, 1, 1, 1], "split9_prob": [1.9130506317530538e-10, 0.9794683637285359, 0.9823115664029802, 0.03769420706587387], "split10_index": [37, 38, 39, 40], "split10_pred": [0, 1, 1, 0], "split10_test": [0, 1, 1, 0], "split10_notXOR": [1, 1, 1, 1], "split10_prob": [0.05217390333774953, 0.9813633192980177, 0.9854554196110739, 0.0005124348804305142], "split11_index": [41, 42, 43, 44], "split11_pred": [0, 1, 1, 0], "split11_test": [0, 1, 0, 0], "split11_notXOR": [1, 1, 0, 1], "split11_prob": [0.03577106824861429, 0.983275890071069, 0.9937559174460882, 0.00027834541041914945], "split12_index": [45, 46, 47, 48], "split12_pred": [0, 1, 1, 0], "split12_test": [0, 1, 0, 0], "split12_notXOR": [1, 1, 0, 1], "split12_prob": [0.013755636507455801, 0.9861545383490051, 0.5906792961746993, 0.0005277322767499554], "split13_index": [49, 50, 51, 52, 53], "split13_pred": [0, 1, 1, 0, 0], "split13_test": [0, 1, 0, 0, 0], "split13_notXOR": [1, 1, 0, 1, 1], "split13_prob": [0.010223350607821332, 0.9871336758488545, 0.5128201282218694, 0.0004428783536319762, 1.0795069197282513e-05], "split14_index": [54, 55, 56, 57, 58, 59], "split14_pred": [0, 0, 0, 0, 1, 1], "split14_test": [0, 1, 0, 0, 1, 0], "split14_notXOR": [1, 0, 1, 1, 1, 0], "split14_prob": [0.00019427240619817798, 1.3828613411005204e-14, 4.2363308034089564e-06, 0.039760549125800265, 0.9873255554230456, 0.9009506424356452], "split15_index": [60, 61, 62, 63, 64, 65], "split15_pred": [0, 0, 0, 0, 1, 0], "split15_test": [0, 1, 0, 0, 1, 0], "split15_notXOR": [1, 0, 1, 1, 1, 1], "split15_prob": [0.0269995731827014, 0.3046814024666255, 0.00642681571361829, 0.09490276547575245, 0.9688871791273271, 0.3545641770635167], "split16_index": [66, 67, 68, 69, 70, 71], "split16_pred": [0, 1, 0, 0, 1, 0], "split16_test": [0, 1, 0, 0, 1, 0], "split16_notXOR": [1, 1, 1, 1, 1, 1], "split16_prob": [0.020422386692216368, 0.5293251388258775, 0.006916099665107681, 0.08888366116643208, 0.974186980823702, 0.36086299642863967], "split17_index": [72, 73, 74, 75, 76, 77, 78], "split17_pred": [0, 1, 0, 0, 1, 0, 0], "split17_test": [0, 1, 0, 0, 1, 0, 0], "split17_notXOR": [1, 1, 1, 1, 1, 1, 1], "split17_prob": [0.015766459584752465, 0.6433543872576418, 0.006483313937166376, 0.07390110635754489, 0.9724842578705658, 0.32210699133210163, 0.0004561426499230969], "split18_index": [79, 80, 81, 82, 83, 84, 85], "split18_pred": [0, 1, 0, 0, 1, 0, 0], "split18_test": [0, 1, 0, 0, 1, 0, 0], "split18_notXOR": [1, 1, 1, 1, 1, 1, 1], "split18_prob": [0.012908248117480182, 0.7091242742137923, 0.005728470221153136, 0.06636761827965097, 0.9749952306989973, 0.3120103925201019, 0.00034887448795766597], "split19_index": [86, 87, 88, 89, 90, 91, 92], "split19_pred": [0, 1, 0, 0, 1, 0, 0], "split19_test": [0, 1, 0, 0, 1, 0, 0], "split19_notXOR": [1, 1, 1, 1, 1, 1, 1], "split19_prob": [0.011359637861655116, 0.7518641064407595, 0.005386273595650522, 0.062358300954327574, 0.976614241001247, 0.30708883945809, 0.00029472870708076776], "split20_index": [93, 94, 95, 96, 97], "split20_pred": [0, 0, 1, 0, 1], "split20_test": [0, 0, 1, 0, 1], "split20_notXOR": [1, 1, 1, 1, 1], "split20_prob": [0.009590579479780445, 0.0007226548457813685, 0.8878512794458628, 0.05306425777929526, 0.9757191810100899], "split21_index": [98, 99, 100, 101, 102], "split21_pred": [0, 0, 1, 0, 1], "split21_test": [0, 0, 1, 0, 1], "split21_notXOR": [1, 1, 1, 1, 1], "split21_prob": [0.008882143681780866, 0.0006996910890548813, 0.8986247444380421, 0.04951895157598545, 0.9757724025044915], "split22_index": [103, 104, 105, 106, 107, 108], "split22_pred": [0, 0, 1, 1, 0, 1], "split22_test": [0, 0, 0, 1, 0, 1], "split22_notXOR": [1, 1, 0, 1, 1, 1], "split22_prob": [0.007725756561741426, 0.0006043088027086268, 0.7305996690886016, 0.9657870638933784, 0.04419474736600977, 0.9765558531939249], "split23_index": [109, 110, 111, 112, 113, 114], "split23_pred": [0, 0, 1, 1, 0, 1], "split23_test": [0, 0, 0, 1, 0, 1], "split23_notXOR": [1, 1, 0, 1, 1, 1], "split23_prob": [0.007524492892651073, 0.000568168515223834, 0.7364409346447104, 0.9672854119009432, 0.043228241726340655, 0.9777007054153463], "split24_index": [115, 116, 117, 118, 119, 120], "split24_pred": [0, 1, 1, 1, 0, 1], "split24_test": [0, 0, 0, 1, 0, 1], "split24_notXOR": [1, 0, 0, 1, 1, 1], "split24_prob": [0.0437892122306494, 0.6617141358272336, 0.6108681439917905, 0.9510096312569234, 5.9184420317187835e-05, 0.9798802679648354], "split25_index": [121, 122, 123, 124, 125, 126], "split25_pred": [0, 1, 1, 1, 0, 1], "split25_test": [0, 0, 0, 1, 0, 1], "split25_notXOR": [1, 0, 0, 1, 1, 1], "split25_prob": [0.046566684552543154, 0.6758228192757949, 0.6112018838843246, 0.9518842345215125, 5.907859020430064e-05, 0.9811941038902127], "split26_index": [127, 128, 129, 130, 131, 132], "split26_pred": [0, 1, 1, 1, 0, 1], "split26_test": [0, 0, 0, 1, 0, 1], "split26_notXOR": [1, 0, 0, 1, 1, 1], "split26_prob": [0.0429410289561956, 0.6691012860188036, 0.6223152097110887, 0.954853916845874, 5.310805525246147e-05, 0.9811871350864876], "split27_index": [133, 134, 135, 136, 137, 138], "split27_pred": [0, 1, 1, 1, 0, 1], "split27_test": [0, 0, 0, 1, 0, 1], "split27_notXOR": [1, 0, 0, 1, 1, 1], "split27_prob": [0.04052912442288121, 0.5501419581028533, 0.6335536142391526, 0.943152641348739, 0.0001249289447816127, 0.9723468145079106], "split28_index": [139, 140, 141, 142, 143, 144], "split28_pred": [0, 1, 0, 1, 0, 1], "split28_test": [0, 0, 0, 0, 0, 1], "split28_notXOR": [1, 0, 1, 0, 1, 1], "split28_prob": [0.03807579553440494, 0.5945693081945589, 0.47917831547685, 0.9248355842255113, 3.8401298087114265e-05, 0.9772975691911752], "split29_index": [145, 146, 147, 148, 149, 150], "split29_pred": [0, 1, 0, 1, 0, 1], "split29_test": [0, 0, 0, 0, 0, 1], "split29_notXOR": [1, 0, 1, 0, 1, 1], "split29_prob": [0.0456388572564242, 0.5859546811758704, 0.3383925498564451, 0.9287017831085108, 4.249362075963802e-05, 0.9766314450915585], "split30_index": [151, 152, 153, 154, 155, 156], "split30_pred": [0, 1, 0, 1, 0, 1], "split30_test": [0, 0, 0, 0, 0, 1], "split30_notXOR": [1, 0, 1, 0, 1, 1],