{"split0_index": [13, 14, 15, 16, 17, 18, 19, 20, 21, 22, 23, 24, 25], "split0_pred": [0, 0, 1, 0, 0, 0, 0, 0, 0, 0, 0, 0, 1], "split0_test": [0, 0, 1, 0, 0, 1, 0, 0, 0, 0, 0, 0, 1], "split0_notXOR": [1, 1, 1, 1, 1, 0, 1, 1, 1, 1, 1, 1, 1], "split0_prob": [0.20010199545458013, 0.20146304948842989, 0.9008281288632505, 0.18464054554243567, 0.20748627831877586, 0.5238197083990314, 0.2029106071339052, 0.20161546376322637, 0.18464054554243567, 0.2581531604291212, 0.20605325827510484, 0.20161546376322637, 0.878100779232426], "split1_index": [26, 27, 28, 29, 30, 31, 32, 33, 34, 35, 36, 37, 38, 39, 40, 41], "split1_pred": [0, 0, 0, 1, 0, 0, 0, 0, 0, 0, 0, 0, 0, 0, 1, 0], "split1_test": [0, 1, 0, 0, 0, 0, 1, 0, 0, 0, 0, 0, 0, 0, 1, 0], "split1_notXOR": [1, 0, 1, 0, 1, 1, 0, 1, 1, 1, 1, 1, 1, 1, 1, 1], "split1_prob": [0.2975914839352399, 0.06998559719319074, 0.07079451213281575, 0.978571209900132, 0.07907155465283708, 0.08252637783001501, 0.5545883547287072, 0.3438253166909395, 0.07288543117121746, 0.07907155465283708, 0.41866818720462967, 0.08052537901499597, 0.07288543117121746, 0.19819476630275745, 0.9761582410705876, 0.07195429916787423], "split2_index": [42, 43, 44, 45, 46, 47, 48, 49, 50, 51, 52, 53, 54, 55, 56, 57, 58], "split2_pred": [0, 0, 0, 1, 0, 0, 1, 0, 0, 0, 0, 0, 0, 0, 0, 1, 0], "split2_test": [0, 0, 0, 0, 0, 0, 1, 0, 0, 0, 0, 0, 0, 0, 0, 1, 0], "split2_notXOR": [1, 1, 1, 0, 1, 1, 1, 1, 1, 1, 1, 1, 1, 1, 1, 1, 1], "split2_prob": [0.11459542523531249, 0.08872035794029233, 0.09206636019139844, 0.8079476789451935, 0.11788646313350999, 0.12243176635423916, 0.5960893061822515, 0.11457316683577395, 0.08878634847812926, 0.11449247134205078, 0.11788646313350999, 0.2254911980322783, 0.11467209236763877, 0.11449247134205078, 0.08538069616142067, 0.8729913528088936, 0.08708452334489507], "split3_index": [59, 60, 61, 62, 63, 64, 65, 66, 67, 68, 69, 70, 71, 72, 73, 74, 75], "split3_pred": [0, 0, 0, 0, 0, 0, 1, 0, 0, 0, 0, 0, 0, 0, 0, 1, 0], "split3_test": [0, 0, 0, 0, 0, 0, 1, 0, 0, 0, 0, 0, 0, 0, 0, 1, 0], "split3_notXOR": [1, 1, 1, 1, 1, 1, 1, 1, 1, 1, 1, 1, 1, 1, 1, 1, 1], "split3_prob": [0.09286774194773083, 0.05747347745644176, 0.061907195482658176, 0.34292385859910557, 0.0929980383775145, 0.0928392658620718, 0.6762388237709732, 0.09296739507502214, 0.06245059826661115, 0.09288036144562524, 0.0929980383775145, 0.0787648091962074, 0.08398067710206857, 0.09288036144562524, 0.06552722472090022, 0.7310874248529468, 0.0573133717109862], "split4_index": [76, 77, 78, 79, 80, 81, 82, 83, 84, 85, 86, 87, 88, 89, 90], "split4_pred": [0, 0, 0, 0, 0, 0, 0, 0, 0, 0, 0, 0, 0, 0, 1], "split4_test": [0, 0, 0, 0, 0, 0, 1, 0, 0, 0, 0, 0, 0, 1, 0], "split4_notXOR": [1, 1, 1, 1, 1, 1, 0, 1, 1, 1, 1, 1, 1, 0, 0], "split4_prob": [0.09357904802762144, 0.11641806153671586, 0.14578317424297513, 0.12537608668925532, 0.10128106131186562, 0.2549347822386804, 0.048614612163598955, 0.12564803659896423, 0.1254840104453781, 0.12537608668925532, 0.12564803659896423, 0.09557166224501958, 0.1254840104453781, 0.12299206027068879, 0.9788884592817152], "split5_index": [91, 92, 93, 94, 95, 96, 97, 98, 99, 100, 101, 102, 103, 104, 105, 106], "split5_pred": [0, 0, 0, 0, 0, 0, 0, 0, 0, 0, 0, 0, 0, 0, 0, 1], "split5_test": [0, 0, 0, 0, 0, 0, 1, 0, 0, 0, 0, 0, 0, 0, 1, 0], "split5_notXOR": [1, 1, 1, 1, 1, 1, 0, 1, 1, 1, 1, 1, 1, 1, 0, 0], "split5_prob": [0.1262271312243995, 0.1250824912892793, 0.12645891714615007, 0.12668542785585654, 0.12562035686524822, 0.1282194581148245, 0.12137633690632507, 0.12357576741971961, 0.1262239482875117, 0.12668542785585654, 0.12357576741971961, 0.12613456029487347, 0.12337923894637354, 0.1262239482875117, 0.12528468797245595, 0.6239935236945634], "split6_index": [107, 108, 109, 110, 111, 112, 113, 114, 115, 116, 117, 118, 119, 120, 121, 122], "split6_pred": [0, 0, 0, 0, 0, 0, 0, 0, 0, 0, 0, 0, 0, 0, 0, 0], "split6_test": [0, 0, 0, 0, 0, 0, 0, 0, 0, 0, 0, 0, 0, 0, 0, 1], "split6_notXOR": [1, 1, 1, 1, 1, 1, 1, 1, 1, 1, 1, 1, 1, 1, 1, 0], "split6_prob": [0.12487953337857668, 0.12467861193923523, 0.1252541301805377, 0.1250319274497525, 0.12502600090138416, 0.12567808801625366, 0.12343977076291149, 0.12442977228269801, 0.125149877226042, 0.1250319274497525, 0.12442977228269801, 0.1250707712431956, 0.12442510582619459, 0.125149877226042, 0.3558884115763644, 0.33138742025562207]}