{"split0_index": [4, 5, 6, 7, 8, 9], "split0_pred": [0, 0, 0, 0, 0, 0], "split0_test": [1, 1, 1, 1, 0, 0], "split0_notXOR": [0, 0, 0, 0, 1, 1], "split0_prob": [0.337647605718567, 0.3040512888380382, 0.337647605718567, 0.2638749805219274, 0.3686044968047484, 0.40255395223179274], "split1_index": [10, 11, 12, 13, 14, 15], "split1_pred": [1, 1, 1, 1, 1, 0], "split1_test": [1, 1, 1, 1, 0, 0], "split1_notXOR": [1, 1, 1, 1, 0, 1], "split1_prob": [0.3933090631864409, 0.4321045099536202, 0.3933090631864409, 0.36761947058041455, 0.47699688183066835, 0.6350390446721959], "split2_index": [16, 17, 18, 19, 20, 21], "split2_pred": [1, 1, 1, 1, 1, 0], "split2_test": [1, 1, 1, 0, 0, 0], "split2_notXOR": [1, 1, 1, 0, 0, 1], "split2_prob": [0.8199777170200714, 0.8201737943683042, 0.8199777170200714, 0.8200125783142614, 0.24129031740570026, 0.014394139758524608], "split3_index": [22, 23, 24, 25, 26, 27], "split3_pred": [1, 1, 1, 1, 0, 0], "split3_test": [1, 1, 1, 0, 0, 0], "split3_notXOR": [1, 1, 1, 0, 1, 1], "split3_prob": [0.7598159129301643, 0.7599279870958019, 0.7598159129301643, 0.7554918224047783, 0.2978404030960029, 0.12172938392249354], "split4_index": [28, 29, 30, 31, 32, 33], "split4_pred": [1, 1, 1, 0, 0, 0], "split4_test": [1, 1, 1, 0, 0, 0], "split4_notXOR": [1, 1, 1, 1, 1, 1], "split4_prob": [0.7584568164343244, 0.758456803466397, 0.7584568164343244, 0.41739932963585763, 0.25504821657400684, 0.17533494647406017], "split5_index": [34, 35, 36, 37, 38, 39], "split5_pred": [1, 1, 1, 0, 0, 0], "split5_test": [1, 1, 1, 0, 0, 0], "split5_notXOR": [1, 1, 1, 1, 1, 1], "split5_prob": [0.8433131024909771, 0.8434486811911004, 0.8433131024909771, 0.09764152892568195, 0.09965255231840695, 0.09688248327878524], "split6_index": [40, 41, 42, 43, 44, 45, 46], "split6_pred": [1, 1, 1, 1, 0, 0, 0], "split6_test": [1, 1, 1, 1, 0, 0, 0], "split6_notXOR": [1, 1, 1, 1, 1, 1, 1], "split6_prob": [0.9086544339042165, 0.9375773940577622, 0.9086544339042165, 0.9086544339042165, 0.10136477122341246, 0.09832824307954924, 0.10729503652255887], "split7_index": [47, 48, 49, 50, 51], "split7_pred": [1, 0, 0, 1, 1], "split7_test": [0, 0, 0, 1, 1], "split7_notXOR": [0, 1, 1, 1, 1], "split7_prob": [0.8309512908054056, 0.38019154005787453, 0.10779120313960898, 0.8201166200567627, 0.8909959724950064], "split8_index": [52, 53, 54, 55, 56], "split8_pred": [1, 0, 0, 1, 1], "split8_test": [0, 0, 0, 1, 1], "split8_notXOR": [0, 1, 1, 1, 1], "split8_prob": [0.7013822682501044, 0.08140988892384987, 0.08126452181956986, 0.9265181256537384, 0.9268866433500703], "split9_index": [57, 58, 59, 60, 61], "split9_pred": [1, 0, 0, 1, 1], "split9_test": [0, 0, 0, 1, 1], "split9_notXOR": [0, 1, 1, 1, 1], "split9_prob": [0.6169193664112512, 0.060275867118453036, 0.06031300529186492, 0.9152778787620451, 0.9153627909741727], "split10_index": [62, 63, 64, 65, 66], "split10_pred": [1, 0, 0, 1, 1], "split10_test": [0, 0, 0, 1, 1], "split10_notXOR": [0, 1, 1, 1, 1], "split10_prob": [0.5108455811473781, 0.04311065343993301, 0.04387238472949347, 0.9151563069723111, 0.9151477287693643], "split11_index": [67, 68, 69, 70, 71], "split11_pred": [0, 0, 0, 1, 1], "split11_test": [0, 0, 0, 1, 1], "split11_notXOR": [1, 1, 1, 1, 1], "split11_prob": [0.5175476201639467, 0.05871350777480535, 0.05882574339997258, 0.9520664749545003, 0.9695637934214414], "split12_index": [72, 73, 74, 75, 76], "split12_pred": [0, 0, 0, 1, 1], "split12_test": [0, 0, 0, 1, 1], "split12_notXOR": [1, 1, 1, 1, 1], "split12_prob": [0.3144412062889524, 0.05924090901025105, 0.059346418459576195, 0.955078625937323, 0.9698461523174773], "split13_index": [77, 78, 79, 80, 81], "split13_pred": [0, 0, 0, 1, 1], "split13_test": [0, 0, 0, 1, 1], "split13_notXOR": [1, 1, 1, 1, 1], "split13_prob": [0.2042714717167377, 0.060926246858629976, 0.06082159429166624, 0.9806559433892278, 0.9819234247265958], "split14_index": [82, 83, 84, 85, 86], "split14_pred": [0, 0, 0, 1, 1], "split14_test": [0, 0, 0, 1, 1], "split14_notXOR": [1, 1, 1, 1, 1], "split14_prob": [0.11984907215444482, 0.06603058423603204, 0.06593405885312807, 0.9751865429543705, 0.9752052401824413], "split15_index": [87, 88, 89, 90, 91], "split15_pred": [0, 0, 0, 1, 1], "split15_test": [0, 0, 0, 1, 1], "split15_notXOR": [1, 1, 1, 1, 1], "split15_prob": [0.06814578485014748, 0.06816300333391118, 0.06813988715928893, 0.9932519577036634, 0.9932353668134845], "split16_index": [92, 93, 94, 95, 96], "split16_pred": [0, 0, 0, 1, 1], "split16_test": [0, 0, 0, 1, 1], "split16_notXOR": [1, 1, 1, 1, 1], "split16_prob": [0.06433143965259178, 0.06435211695893764, 0.06434813400854153, 0.9903009740991842, 0.9902944427913231], "split17_index": [97, 98, 99, 100, 101], "split17_pred": [0, 0, 0, 1, 1], "split17_test": [0, 0, 0, 1, 1], "split17_notXOR": [1, 1, 1, 1, 1], "split17_prob": [0.06237066914219651, 0.06252610883666788, 0.06242418944798293, 0.9762494457528671, 0.9762545357627688], "split18_index": [102, 103, 104, 105, 106], "split18_pred": [0, 0, 0, 1, 1], "split18_test": [0, 0, 0, 1, 1], "split18_notXOR": [1, 1, 1, 1, 1], "split18_prob": [0.0657543859959894, 0.06576305361565177, 0.06566617816794852, 0.9959912531013828, 0.9892933087459959], "split19_index": [107, 108, 109, 110, 111], "split19_pred": [0, 0, 0, 1, 1], "split19_test": [0, 0, 0, 1, 1], "split19_notXOR": [1, 1, 1, 1, 1], "split19_prob": [0.06437266219174949, 0.06444211217914173, 0.06443843579708698, 0.9958088743614689, 0.9957930267595544], "split20_index": [112, 113, 114, 115, 116], "split20_pred": [0, 0, 0, 1, 1], "split20_test": [0, 0, 0, 1, 0], "split20_notXOR": [1, 1, 1, 1, 0], "split20_prob": [0.06183220858912943, 0.061900985098162775, 0.06189772293225276, 0.9956786439832142, 0.9956622372822634], "split21_index": [117, 118, 119, 120, 121], "split21_pred": [1, 0, 0, 1, 1], "split21_test": [1, 1, 0, 1, 0], "split21_notXOR": [1, 0, 1, 1, 0], "split21_prob": [0.758239869856256, 0.2803691764753106, 0.06185501081651967, 0.9614740838137091, 0.8291281093797306], "split22_index": [122, 123, 124, 125, 126], "split22_pred": [1, 0, 0, 1, 0], "split22_test": [0, 0, 0, 1, 0], "split22_notXOR": [0, 1, 1, 1, 1], "split22_prob": [0.8662619484327045, 0.30544822223502827, 0.09075635493613256, 0.9793802418523949, 0.22264112396020092], "split23_index": [127, 128, 129, 130, 131], "split23_pred": [1, 0, 0, 1, 0], "split23_test": [0, 0, 0, 1, 0], "split23_notXOR": [0, 1, 1, 1, 1], "split23_prob": [0.7653976695562594, 0.3303399756087301, 0.05916766530686166, 0.9765520412231796, 0.059204299968151505], "split24_index": [132, 133, 134, 135, 136], "split24_pred": [0, 0, 0, 1, 0], "split24_test": [0, 0, 0, 1, 0], "split24_notXOR": [1, 1, 1, 1, 1], "split24_prob": [0.5109375263676973, 0.08662588032906621, 0.08669999490587588, 0.9781031674262165, 0.08666278290775294], "split25_index": [137, 138, 139, 140, 141], "split25_pred": [0, 0, 0, 1, 0], "split25_test": [0, 0, 0, 1, 0], "split25_notXOR": [1, 1, 1, 1, 1], "split25_prob": [0.33607611052332126, 0.09999132585545437, 0.099944746719907, 0.9799204153938879, 0.10008303727082696], "split26_index": [142, 143, 144, 145, 146], "split26_pred": [0, 0, 0, 1, 0], "split26_test": [0, 0, 0, 1, 0], "split26_notXOR": [1, 1, 1, 1, 1], "split26_prob": [0.18657196392053513, 0.08644604514213765, 0.08647220807674492, 0.9883490985884501, 0.08637288797411175], "split27_index": [147, 148, 149, 150, 151], "split27_pred": [0, 0, 0, 1, 0], "split27_test": [0, 0, 0, 1, 0], "split27_notXOR": [1, 1, 1, 1, 1], "split27_prob": [0.08892435705969966, 0.08243799201586045, 0.08253648032571059, 0.9870523839108815, 0.08257431841012554], "split28_index": [152, 153, 154, 155, 156], "split28_pred": [0, 0, 0, 1, 0], "split28_test": [0, 0, 0, 1, 0], "split28_notXOR": [1, 1, 1, 1, 1], "split28_prob": [0.08370587691891587, 0.08365617762934746, 0.08380202103108436, 0.9774707788201223, 0.08315782750900748], "split29_index": [157, 158, 159, 160, 161], "split29_pred": [0, 0, 0, 1, 0], "split29_test": [0, 0, 0, 1, 0], "split29_notXOR": [1, 1, 1, 1, 1],