{"split0_index": [3, 4, 5], "split0_pred": [1, 0, 0], "split0_test": [1, 0, 0], "split0_notXOR": [1, 1, 1], "split0_prob": [0.2952019920728679, 0.6520551739661193, 0.6526914655444246], "split1_index": [6, 7, 8], "split1_pred": [1, 0, 0], "split1_test": [1, 0, 0], "split1_notXOR": [1, 1, 1], "split1_prob": [4.654692528094479e-05, 0.2765086853106725, 0.46273612835074207], "split2_index": [9, 10, 11], "split2_pred": [1, 0, 0], "split2_test": [1, 0, 0], "split2_notXOR": [1, 1, 1], "split2_prob": [0.7975916773778119, 0.108419721840175, 0.10838854368451638], "split3_index": [12, 13, 14], "split3_pred": [1, 0, 0], "split3_test": [1, 0, 1], "split3_notXOR": [1, 1, 0], "split3_prob": [0.8427675346612507, 0.14798629053910412, 0.23022565572460377], "split4_index": [15, 16, 17], "split4_pred": [1, 0, 1], "split4_test": [1, 0, 1], "split4_notXOR": [1, 1, 1], "split4_prob": [0.9071687336256213, 0.13470081388328758, 0.7250149671725638], "split5_index": [18, 19, 20], "split5_pred": [1, 0, 1], "split5_test": [1, 0, 1], "split5_notXOR": [1, 1, 1], "split5_prob": [0.9373199519046506, 0.09151065826339164, 0.9322528733655165], "split6_index": [21, 22, 23], "split6_pred": [1, 0, 1], "split6_test": [1, 0, 0], "split6_notXOR": [1, 1, 0], "split6_prob": [0.9469235383850145, 0.08502933977264822, 0.9424538318913519], "split7_index": [24, 25, 26], "split7_pred": [1, 0, 1], "split7_test": [1, 1, 0], "split7_notXOR": [1, 0, 0], "split7_prob": [0.8914354950276742, 0.0799611268118757, 0.8841924405829225], "split8_index": [27, 28, 29], "split8_pred": [1, 0, 1], "split8_test": [1, 1, 0], "split8_notXOR": [1, 0, 0], "split8_prob": [0.8587565562215664, 0.4387302271203135, 0.6877353701169071], "split9_index": [30, 31, 32], "split9_pred": [1, 1, 0], "split9_test": [1, 1, 0], "split9_notXOR": [1, 1, 1], "split9_prob": [0.8842249465750833, 0.7000600909665792, 0.404178090074818], "split10_index": [33, 34, 35], "split10_pred": [1, 1, 0], "split10_test": [0, 1, 0], "split10_notXOR": [0, 1, 1], "split10_prob": [0.8877232277257906, 0.8608666721702388, 0.2789023946321555], "split11_index": [36, 37, 38], "split11_pred": [1, 1, 0], "split11_test": [0, 1, 0], "split11_notXOR": [0, 1, 1], "split11_prob": [0.9052375520757645, 0.9060519332687208, 0.1754075493958884], "split12_index": [39, 40, 41], "split12_pred": [1, 1, 0], "split12_test": [0, 1, 0], "split12_notXOR": [0, 1, 1], "split12_prob": [0.8339717739857831, 0.8403548101210373, 0.1617982587581781]}