{"split0_index": [7, 8, 9, 10, 11, 12, 13], "split0_pred": [0, 0, 0, 0, 0, 0, 0], "split0_test": [0, 0, 0, 1, 0, 0, 0], "split0_notXOR": [1, 1, 1, 0, 1, 1, 1], "split0_prob": [0.546707462639148, 0.546707462639148, 0.546707462639148, 0.546707462639148, 0.546707462639148, 0.546707462639148, 0.546707462639148], "split1_index": [14, 15, 16, 17, 18, 19, 20], "split1_pred": [0, 0, 0, 0, 0, 0, 0], "split1_test": [0, 0, 0, 1, 0, 0, 0], "split1_notXOR": [1, 1, 1, 0, 1, 1, 1], "split1_prob": [0.34124779020908247, 0.3360940459694498, 0.3895581313013172, 0.3369491636862498, 0.2505587693135456, 0.3413669120900255, 0.3434392063546245], "split2_index": [21, 22, 23, 24, 25, 26, 27], "split2_pred": [0, 0, 0, 0, 0, 0, 0], "split2_test": [0, 0, 0, 1, 0, 0, 0], "split2_notXOR": [1, 1, 1, 0, 1, 1, 1], "split2_prob": [0.291098853976599, 0.291098853976599, 0.291098853976599, 0.291098853976599, 0.291098853976599, 0.291098853976599, 0.291098853976599], "split3_index": [28, 29, 30, 31, 32, 33, 34], "split3_pred": [0, 0, 0, 0, 0, 0, 0], "split3_test": [0, 0, 0, 1, 0, 0, 0], "split3_notXOR": [1, 1, 1, 0, 1, 1, 1], "split3_prob": [0.24825047829595354, 0.24825047829595354, 0.24825047829595354, 0.24825047829595354, 0.24825047829595354, 0.24825047829595354, 0.24825047829595354]}