{"split0_index": [8, 9, 10, 11, 12, 13, 14, 15], "split0_pred": [0, 0, 0, 0, 0, 0, 0, 0], "split0_test": [0, 0, 1, 0, 0, 0, 0, 0], "split0_notXOR": [1, 1, 0, 1, 1, 1, 1, 1], "split0_prob": [0.201440797562652, 0.21631625361831447, 0.1550432527954404, 0.19020630614013737, 0.19027526303600142, 0.19744358774795268, 0.19027526206554615, 0.2190247121720123], "split1_index": [16, 17, 18, 19, 20, 21, 22, 23], "split1_pred": [0, 0, 0, 0, 0, 0, 0, 0], "split1_test": [0, 0, 1, 0, 0, 0, 0, 0], "split1_notXOR": [1, 1, 0, 1, 1, 1, 1, 1], "split1_prob": [0.03411825692650939, 0.007197471138478053, 0.8987994778821395, 0.11011080410850643, 0.11016507921911627, 0.053080201008399726, 0.11011089751020973, 0.00550357730198214], "split2_index": [24, 25, 26, 27, 28, 29, 30, 31, 32], "split2_pred": [0, 0, 0, 0, 0, 0, 0, 0, 0], "split2_test": [0, 0, 0, 1, 0, 0, 0, 0, 0], "split2_notXOR": [1, 1, 1, 0, 1, 1, 1, 1, 1], "split2_prob": [0.018283226180107148, 0.0018215773369858572, 0.0025588247458825895, 0.985615027081301, 0.11055997627872874, 0.1108102435756819, 0.03557676368393146, 0.11055991234491211, 0.0012281310483909093], "split3_index": [33, 34, 35, 36, 37, 38, 39, 40, 41], "split3_pred": [0, 0, 0, 0, 0, 0, 0, 0, 0], "split3_test": [0, 0, 0, 1, 0, 0, 0, 0, 0], "split3_notXOR": [1, 1, 1, 0, 1, 1, 1, 1, 1], "split3_prob": [0.015729336002115478, 0.002474407553752094, 0.003226313535905671, 0.9183030148606742, 0.06590103695336712, 0.06607704207389228, 0.026569945351167818, 0.06590106262175609, 0.0017959464881559897], "split4_index": [42, 43, 44, 45, 46, 47, 48, 49, 50], "split4_pred": [0, 0, 0, 0, 0, 0, 0, 0, 0], "split4_test": [0, 0, 0, 1, 0, 0, 0, 0, 0], "split4_notXOR": [1, 1, 1, 0, 1, 1, 1, 1, 1], "split4_prob": [0.010312801433329348, 0.0011975137093460139, 0.001624997753148553, 0.9549673194356665, 0.056958956371176164, 0.05695890992049399, 0.018867159967267892, 0.05673245329049572, 0.0008218929247919861], "split5_index": [51, 52, 53, 54, 55, 56, 57, 58, 59], "split5_pred": [0, 0, 0, 1, 0, 0, 0, 0, 0], "split5_test": [0, 0, 0, 1, 0, 0, 0, 0, 0], "split5_notXOR": [1, 1, 1, 1, 1, 1, 1, 1, 1], "split5_prob": [0.009241993888476383, 0.0009356730158982284, 0.001288978162780067, 0.96812030928002, 0.05586428603232943, 0.056004680333340495, 0.017483009566087743, 0.05586432550946089, 0.002510334401771227]}