{"split0_index": [11, 12, 13, 14, 15, 16, 17, 18, 19, 20, 21], "split0_pred": [0, 0, 0, 0, 0, 0, 1, 0, 0, 0, 0], "split0_test": [0, 1, 1, 1, 0, 1, 0, 0, 1, 0, 0], "split0_notXOR": [1, 0, 0, 0, 1, 0, 0, 1, 0, 1, 1], "split0_prob": [0.0, 0.0, 0.0, 0.0, 0.0, 0.0, 1.0, 0.0, 0.0, 0.0, 0.0], "split1_index": [22, 23, 24, 25, 26, 27, 28, 29, 30, 31, 32], "split1_pred": [0, 0, 0, 1, 0, 0, 1, 1, 0, 0, 1], "split1_test": [0, 1, 1, 1, 1, 1, 0, 0, 1, 1, 0], "split1_notXOR": [1, 0, 0, 1, 0, 0, 0, 0, 0, 0, 0], "split1_prob": [0.42417307918086367, 0.3521194740817997, 0.4357973666010803, 0.7990624868742345, 4.421227330698658e-36, 0.48482349241943784, 0.7990624868742345, 0.7990624868742345, 4.372012391061893e-16, 0.39933167307701295, 0.7990624868742345], "split2_index": [33, 34, 35, 36, 37, 38, 39, 40, 41, 42, 43], "split2_pred": [0, 0, 0, 0, 1, 1, 0, 0, 1, 0, 0], "split2_test": [0, 1, 1, 1, 1, 1, 0, 0, 1, 1, 0], "split2_notXOR": [1, 0, 0, 0, 1, 1, 1, 1, 1, 0, 1], "split2_prob": [0.13110088574290282, 0.16577472998052878, 0.13351808211144298, 0.13351808211144298, 0.9999999999999449, 0.9542090663210725, 0.13351808211144298, 0.12889448273856116, 0.999999915112304, 0.12495880448537108, 0.13351808211144298], "split3_index": [44, 45, 46, 47, 48, 49, 50, 51, 52, 53, 54], "split3_pred": [0, 0, 0, 0, 0, 0, 0, 0, 0, 0, 0], "split3_test": [0, 1, 1, 1, 1, 1, 0, 0, 1, 0, 0], "split3_notXOR": [1, 0, 0, 0, 0, 0, 1, 1, 0, 1, 1], "split3_prob": [0.3116767144988943, 0.3083408809323584, 0.3116767144988943, 0.3116767144988943, 0.3334825251892584, 0.36826977003878164, 0.3116767144988943, 0.3137888366399666, 0.3116546009574793, 0.31337924734785316, 0.3116767144988943], "split4_index": [55, 56, 57, 58, 59, 60, 61, 62, 63, 64, 65], "split4_pred": [0, 0, 0, 0, 0, 0, 0, 0, 1, 0, 0], "split4_test": [0, 1, 1, 1, 0, 1, 0, 0, 1, 0, 0], "split4_notXOR": [1, 0, 0, 0, 1, 0, 1, 1, 1, 1, 1], "split4_prob": [0.20897129729353547, 0.19885413513381794, 0.19885413513381794, 0.22146944069741847, 0.19958970583811164, 0.4413864774897092, 0.19885413513381794, 0.3017051774272029, 0.996635086999182, 0.19885413513381794, 0.19885413513381794], "split5_index": [66, 67, 68, 69, 70, 71, 72, 73, 74, 75, 76], "split5_pred": [1, 1, 0, 1, 1, 0, 0, 0, 0, 1, 0], "split5_test": [1, 0, 0, 0, 0, 0, 0, 0, 0, 1, 0], "split5_notXOR": [1, 0, 1, 0, 0, 1, 1, 1, 1, 1, 1], "split5_prob": [1.0, 1.0, 0.07210322075265603, 0.9999569407875409, 0.9999999998076543, 0.18282085538810225, 0.07203184494082288, 0.07880682837302484, 0.31309990376403624, 0.9999999999987441, 0.07203184494082288], "split6_index": [77, 78, 79, 80, 81, 82, 83, 84, 85, 86, 87], "split6_pred": [0, 0, 0, 0, 0, 0, 0, 0, 0, 1, 0], "split6_test": [1, 0, 0, 0, 0, 0, 0, 0, 0, 1, 0], "split6_notXOR": [0, 1, 1, 1, 1, 1, 1, 1, 1, 1, 1], "split6_prob": [0.04923739271955282, 0.0516833165808829, 0.04923739271955282, 0.09142526637157984, 0.04923739271955282, 0.04404868105473112, 0.04923739271955282, 0.04490472525177101, 0.4192032913648711, 0.9978265593432539, 0.04923739271955282]}