{"split0_index": [4, 5, 6, 7], "split0_pred": [0, 1, 1, 1], "split0_test": [0, 1, 0, 0], "split0_notXOR": [1, 1, 0, 0], "split0_prob": [0.5589389146860276, 0.5, 0.4412475606292411, 0.5], "split1_index": [8, 9, 10, 11], "split1_pred": [0, 1, 0, 1], "split1_test": [0, 1, 0, 0], "split1_notXOR": [1, 1, 1, 0], "split1_prob": [0.33279191018932164, 0.6038552104397127, 0.3698040509863508, 0.6038552104397127], "split2_index": [12, 13, 14, 15], "split2_pred": [0, 1, 0, 1], "split2_test": [0, 1, 0, 0], "split2_notXOR": [1, 1, 1, 0], "split2_prob": [0.2505326098544473, 0.6552654637248756, 0.23144939711217127, 0.6552654637248756], "split3_index": [16, 17, 18, 19], "split3_pred": [0, 1, 0, 1], "split3_test": [0, 1, 0, 0], "split3_notXOR": [1, 1, 1, 0], "split3_prob": [0.2805683951732225, 0.6541421864601827, 0.2606667418416363, 0.6541421864601827], "split4_index": [20, 21, 22, 23], "split4_pred": [0, 1, 0, 1], "split4_test": [0, 1, 0, 0], "split4_notXOR": [1, 1, 1, 0], "split4_prob": [0.27722814331555024, 0.6775313965569708, 0.22080420039198106, 0.6775313965569708], "split5_index": [24, 25, 26, 27], "split5_pred": [1, 0, 1, 0], "split5_test": [1, 0, 0, 0], "split5_notXOR": [1, 1, 0, 1], "split5_prob": [0.6877010342718467, 0.184698497248303, 0.6877010342718467, 0.18465669616569963], "split6_index": [28, 29, 30, 31], "split6_pred": [1, 0, 1, 0], "split6_test": [1, 0, 0, 0], "split6_notXOR": [1, 1, 0, 1], "split6_prob": [0.699952359876185, 0.16766834886684734, 0.699952359876185, 0.16766835305157277], "split7_index": [32, 33, 34, 35], "split7_pred": [1, 0, 1, 0], "split7_test": [1, 0, 0, 0], "split7_notXOR": [1, 1, 0, 1], "split7_prob": [0.7139755927754796, 0.10033799030735638, 0.7139755927754796, 0.10030415534848085]}