{"split0_index": [2, 3], "split0_pred": [0, 1], "split0_test": [0, 1], "split0_notXOR": [1, 1], "split0_prob": [0.5850310146657086, 0.5], "split1_index": [4, 5], "split1_pred": [0, 1], "split1_test": [0, 1], "split1_notXOR": [1, 1], "split1_prob": [0.13395184605196694, 0.6642218106240606], "split2_index": [6, 7], "split2_pred": [0, 1], "split2_test": [0, 1], "split2_notXOR": [1, 1], "split2_prob": [0.1815775037956529, 0.8549676743251261], "split3_index": [8, 9], "split3_pred": [0, 1], "split3_test": [0, 1], "split3_notXOR": [1, 1], "split3_prob": [0.1562071322654566, 0.8572441564662682], "split4_index": [10, 11], "split4_pred": [0, 1], "split4_test": [0, 1], "split4_notXOR": [1, 1], "split4_prob": [0.13374696486489412, 0.8833556332918794], "split5_index": [12, 13], "split5_pred": [0, 1], "split5_test": [0, 1], "split5_notXOR": [1, 1], "split5_prob": [0.12565959884961653, 0.9149412977693143], "split6_index": [14, 15], "split6_pred": [0, 1], "split6_test": [0, 1], "split6_notXOR": [1, 1], "split6_prob": [0.11156120167995336, 0.7446810100140107], "split7_index": [16, 17], "split7_pred": [0, 1], "split7_test": [0, 1], "split7_notXOR": [1, 1], "split7_prob": [0.09575389209391441, 0.8640426066923879], "split8_index": [18, 19], "split8_pred": [0, 1], "split8_test": [0, 1], "split8_notXOR": [1, 1], "split8_prob": [0.08683935958739668, 0.9228327026433217], "split9_index": [20, 21], "split9_pred": [0, 1], "split9_test": [0, 1], "split9_notXOR": [1, 1], "split9_prob": [0.08536417231908246, 0.9414604819345069], "split10_index": [22, 23], "split10_pred": [0, 1], "split10_test": [0, 1], "split10_notXOR": [1, 1], "split10_prob": [0.07373956455900056, 0.9390137162236518], "split11_index": [24, 25], "split11_pred": [0, 1], "split11_test": [0, 1], "split11_notXOR": [1, 1], "split11_prob": [0.0787771273155563, 0.9473903431412707], "split12_index": [26, 27], "split12_pred": [1, 1], "split12_test": [0, 1], "split12_notXOR": [0, 1], "split12_prob": [0.703150857136056, 0.932794161127558], "split13_index": [28, 29], "split13_pred": [0, 1], "split13_test": [0, 1], "split13_notXOR": [1, 1], "split13_prob": [0.06538639219679608, 0.9486575868977686], "split14_index": [30, 31], "split14_pred": [0, 1], "split14_test": [0, 1], "split14_notXOR": [1, 1], "split14_prob": [0.060160058707508714, 0.905742761867534], "split15_index": [32, 33], "split15_pred": [0, 1], "split15_test": [0, 1], "split15_notXOR": [1, 1], "split15_prob": [0.059452380705016274, 0.9487028612585058], "split16_index": [34, 35], "split16_pred": [0, 1], "split16_test": [0, 1], "split16_notXOR": [1, 1], "split16_prob": [0.056381184853620085, 0.9564453925946345], "split17_index": [36, 37], "split17_pred": [0, 1], "split17_test": [0, 1], "split17_notXOR": [1, 1], "split17_prob": [0.05343978695916333, 0.9543377051276699], "split18_index": [38, 39], "split18_pred": [0, 1], "split18_test": [0, 1], "split18_notXOR": [1, 1], "split18_prob": [0.05296393344947043, 0.9661869357195024], "split19_index": [40, 41], "split19_pred": [0, 1], "split19_test": [0, 1], "split19_notXOR": [1, 1], "split19_prob": [0.048262607634164754, 0.9611323192794193], "split20_index": [42, 43], "split20_pred": [0, 1], "split20_test": [0, 1], "split20_notXOR": [1, 1], "split20_prob": [0.04617748455326807, 0.9577010321735067], "split21_index": [44, 45], "split21_pred": [0, 1], "split21_test": [0, 1], "split21_notXOR": [1, 1], "split21_prob": [0.0442446680065642, 0.9600404448227463], "split22_index": [46, 47], "split22_pred": [0, 1], "split22_test": [0, 1], "split22_notXOR": [1, 1], "split22_prob": [0.042286613361446845, 0.9594841978092139], "split23_index": [48, 49], "split23_pred": [0, 1], "split23_test": [0, 1], "split23_notXOR": [1, 1], "split23_prob": [0.04075700723768823, 0.971053626659977], "split24_index": [50, 51], "split24_pred": [0, 1], "split24_test": [0, 1], "split24_notXOR": [1, 1], "split24_prob": [0.0411737713038796, 0.9737715791522289], "split25_index": [52, 53], "split25_pred": [0, 1], "split25_test": [0, 1], "split25_notXOR": [1, 1], "split25_prob": [0.03926476784712216, 0.9756917283512767], "split26_index": [54, 55], "split26_pred": [0, 1], "split26_test": [0, 1], "split26_notXOR": [1, 1], "split26_prob": [0.036207388234236484, 0.9717597215014685], "split27_index": [56, 57], "split27_pred": [0, 1], "split27_test": [0, 1], "split27_notXOR": [1, 1], "split27_prob": [0.035041425047392244, 0.9720168665353075]}