{"split0_index": [8, 9, 10, 11, 12, 13, 14, 15], "split0_pred": [0, 0, 0, 0, 0, 0, 0, 0], "split0_test": [0, 0, 1, 0, 0, 0, 0, 0], "split0_notXOR": [1, 1, 0, 1, 1, 1, 1, 1], "split0_prob": [0.18136911587859547, 0.1815416906735052, 0.1789667788712704, 0.18941241975997236, 0.18393981303065743, 0.18476151610031222, 0.18136911743784018, 0.19014556367123042], "split1_index": [16, 17, 18, 19, 20, 21, 22, 23], "split1_pred": [0, 0, 0, 0, 0, 0, 0, 0], "split1_test": [0, 0, 1, 0, 0, 0, 0, 0], "split1_notXOR": [1, 1, 0, 1, 1, 1, 1, 1], "split1_prob": [0.16554895672490805, 0.16079723782181526, 0.2311952460966811, 0.04992387902821068, 0.1120614923857105, 0.12740516590368597, 0.16554889456112587, 0.043625836909462076], "split2_index": [24, 25, 26, 27, 28, 29, 30, 31], "split2_pred": [0, 0, 0, 0, 0, 0, 0, 0], "split2_test": [0, 0, 1, 0, 0, 0, 0, 0], "split2_notXOR": [1, 1, 0, 1, 1, 1, 1, 1], "split2_prob": [0.01855147755806518, 0.15005285573455043, 0.2922482098095193, 0.02169777197573082, 0.08358112081480645, 0.1033067600423852, 0.1552252876652681, 0.017358202830431553], "split3_index": [32, 33, 34, 35, 36, 37, 38, 39], "split3_pred": [0, 0, 0, 0, 0, 0, 0, 0], "split3_test": [0, 0, 1, 0, 0, 0, 0, 0], "split3_notXOR": [1, 1, 0, 1, 1, 1, 1, 1], "split3_prob": [0.006087206318982149, 0.15252798220347763, 0.3952453456373488, 0.0087314875780592, 0.06634301156442443, 0.0872198890197034, 0.16050308913179184, 0.005545396913979844], "split4_index": [40, 41, 42, 43, 44, 45, 46, 47], "split4_pred": [0, 0, 0, 0, 0, 0, 0, 0], "split4_test": [0, 0, 1, 0, 0, 0, 0, 0], "split4_notXOR": [1, 1, 0, 1, 1, 1, 1, 1], "split4_prob": [1.6072409312942933e-05, 0.12206765506002719, 0.5340302265836893, 0.0001150126045111292, 0.015784094343853146, 0.030206177380227347, 0.13772588858332932, 3.649384468384768e-05], "split5_index": [48, 49, 50, 51, 52, 53, 54, 55], "split5_pred": [0, 0, 0, 0, 0, 0, 0, 0], "split5_test": [0, 0, 1, 0, 0, 0, 0, 0], "split5_notXOR": [1, 1, 0, 1, 1, 1, 1, 1], "split5_prob": [0.01652927123498035, 0.1083750426013578, 0.6971286867878789, 0.0033926118336334806, 0.022075808446956363, 0.04569360282655951, 0.13187531573224007, 0.02212336820316234], "split6_index": [56, 57, 58, 59, 60, 61, 62, 63], "split6_pred": [0, 0, 0, 0, 0, 0, 0, 0], "split6_test": [0, 0, 1, 0, 0, 0, 0, 0], "split6_notXOR": [1, 1, 0, 1, 1, 1, 1, 1], "split6_prob": [0.07750311610349947, 0.10978671528495128, 0.44713637455159494, 0.024701723062433668, 0.046935360308564926, 0.06962916102298729, 0.12426895278002903, 0.1042334117512609], "split7_index": [64, 65, 66, 67, 68, 69, 70, 71], "split7_pred": [0, 0, 0, 0, 0, 0, 0, 0], "split7_test": [0, 0, 1, 0, 0, 0, 0, 0], "split7_notXOR": [1, 1, 0, 1, 1, 1, 1, 1], "split7_prob": [0.042590392648528846, 0.11355606131583133, 0.6210563320516683, 0.01587732868812397, 0.06166114172360245, 0.069411049463858, 0.11368368102650288, 0.09179337525499813]}