{"split0_index": [3, 4, 5], "split0_pred": [0, 0, 1], "split0_test": [0, 0, 1], "split0_notXOR": [1, 1, 1], "split0_prob": [0.0, 0.0, 1.0], "split1_index": [6, 7, 8], "split1_pred": [0, 0, 1], "split1_test": [0, 0, 1], "split1_notXOR": [1, 1, 1], "split1_prob": [0.0, 0.0, 1.0], "split2_index": [9, 10, 11], "split2_pred": [0, 0, 1], "split2_test": [0, 0, 1], "split2_notXOR": [1, 1, 1], "split2_prob": [0.0, 0.0, 1.0], "split3_index": [12, 13, 14], "split3_pred": [0, 0, 1], "split3_test": [0, 0, 1], "split3_notXOR": [1, 1, 1], "split3_prob": [0.0, 0.0, 1.0], "split4_index": [15, 16, 17], "split4_pred": [0, 0, 1], "split4_test": [0, 0, 1], "split4_notXOR": [1, 1, 1], "split4_prob": [0.0, 0.0, 1.0], "split5_index": [18, 19, 20], "split5_pred": [0, 0, 1], "split5_test": [0, 0, 1], "split5_notXOR": [1, 1, 1], "split5_prob": [0.0, 0.0, 1.0], "split6_index": [21, 22, 23], "split6_pred": [0, 0, 1], "split6_test": [0, 0, 1], "split6_notXOR": [1, 1, 1], "split6_prob": [0.0, 0.0, 1.0], "split7_index": [24, 25, 26], "split7_pred": [0, 0, 1], "split7_test": [0, 0, 1], "split7_notXOR": [1, 1, 1], "split7_prob": [0.0, 0.0, 1.0], "split8_index": [27, 28, 29], "split8_pred": [0, 0, 1], "split8_test": [0, 0, 1], "split8_notXOR": [1, 1, 1], "split8_prob": [0.0, 0.0, 1.0], "split9_index": [30, 31, 32], "split9_pred": [0, 0, 1], "split9_test": [1, 0, 1], "split9_notXOR": [0, 1, 1], "split9_prob": [0.0, 0.0, 1.0], "split10_index": [33, 34, 35], "split10_pred": [1, 0, 1], "split10_test": [1, 0, 1], "split10_notXOR": [1, 1, 1], "split10_prob": [1.0, 0.0004346491239215006, 1.0], "split11_index": [36, 37, 38], "split11_pred": [1, 0, 1], "split11_test": [1, 0, 1], "split11_notXOR": [1, 1, 1], "split11_prob": [1.0, 0.00017591754396473574, 1.0], "split12_index": [39, 40, 41], "split12_pred": [1, 0, 1], "split12_test": [1, 0, 1], "split12_notXOR": [1, 1, 1], "split12_prob": [1.0, 0.00022588367987801328, 1.0], "split13_index": [42, 43, 44], "split13_pred": [1, 0, 1], "split13_test": [1, 0, 1], "split13_notXOR": [1, 1, 1], "split13_prob": [1.0, 0.00019276949424637156, 1.0], "split14_index": [45, 46, 47], "split14_pred": [1, 0, 1], "split14_test": [1, 0, 1], "split14_notXOR": [1, 1, 1], "split14_prob": [1.0, 0.00016575072190534276, 1.0], "split15_index": [48, 49, 50], "split15_pred": [1, 0, 1], "split15_test": [1, 0, 1], "split15_notXOR": [1, 1, 1], "split15_prob": [1.0, 0.00016594101676388763, 1.0], "split16_index": [51, 52, 53], "split16_pred": [1, 0, 1], "split16_test": [1, 0, 1], "split16_notXOR": [1, 1, 1], "split16_prob": [1.0, 0.00014564784632208552, 1.0], "split17_index": [54, 55, 56], "split17_pred": [1, 0, 1], "split17_test": [1, 0, 1], "split17_notXOR": [1, 1, 1], "split17_prob": [1.0, 0.000128389200181239, 1.0], "split18_index": [57, 58, 59], "split18_pred": [1, 0, 1], "split18_test": [1, 0, 1], "split18_notXOR": [1, 1, 1], "split18_prob": [1.0, 0.00012875020131659687, 1.0], "split19_index": [60, 61, 62], "split19_pred": [1, 0, 1], "split19_test": [1, 0, 1], "split19_notXOR": [1, 1, 1], "split19_prob": [1.0, 0.00012701410467043058, 1.0], "split20_index": [63, 64, 65], "split20_pred": [1, 0, 1], "split20_test": [1, 0, 1], "split20_notXOR": [1, 1, 1], "split20_prob": [1.0, 0.00011256699562066952, 1.0], "split21_index": [66, 67, 68], "split21_pred": [1, 0, 1], "split21_test": [1, 0, 1], "split21_notXOR": [1, 1, 1], "split21_prob": [1.0, 0.00010047507633753425, 1.0], "split22_index": [69, 70, 71], "split22_pred": [1, 0, 1], "split22_test": [1, 0, 1], "split22_notXOR": [1, 1, 1], "split22_prob": [1.0, 0.00013208025443896742, 1.0], "split23_index": [72, 73, 74], "split23_pred": [1, 0, 1], "split23_test": [1, 0, 1], "split23_notXOR": [1, 1, 1], "split23_prob": [1.0, 0.00011878021498509698, 1.0], "split24_index": [75, 76, 77], "split24_pred": [1, 0, 1], "split24_test": [1, 0, 1], "split24_notXOR": [1, 1, 1], "split24_prob": [1.0, 0.00013031921023801127, 1.0], "split25_index": [78, 79, 80], "split25_pred": [1, 0, 1], "split25_test": [1, 0, 1], "split25_notXOR": [1, 1, 1], "split25_prob": [1.0, 0.00011833104576232174, 1.0], "split26_index": [81, 82, 83], "split26_pred": [1, 0, 1], "split26_test": [1, 0, 1], "split26_notXOR": [1, 1, 1], "split26_prob": [1.0, 0.00010797670890310253, 1.0], "split27_index": [84, 85, 86, 87], "split27_pred": [1, 1, 0, 1], "split27_test": [0, 1, 0, 1], "split27_notXOR": [0, 1, 1, 1], "split27_prob": [1.0, 1.0, 9.896088005498435e-05, 1.0], "split28_index": [88, 89, 90, 91], "split28_pred": [1, 1, 0, 1], "split28_test": [0, 1, 0, 1], "split28_notXOR": [0, 1, 1, 1], "split28_prob": [0.9999606022167177, 0.999999113780298, 0.003300261207157335, 1.0], "split29_index": [92, 93, 94, 95], "split29_pred": [1, 1, 0, 1], "split29_test": [0, 1, 0, 1], "split29_notXOR": [0, 1, 1, 1], "split29_prob": [0.9987748728257325, 0.9999646957932757, 0.08880990190381632, 1.0], "split30_index": [96, 97, 98, 99], "split30_pred": [1, 1, 0, 1], "split30_test": [0, 1, 0, 1], "split30_notXOR": [0, 1, 1, 1], "split30_prob": [0.939596272256573, 0.9960685536019245, 0.0786899437262947, 1.0], "split31_index": [100, 101, 102, 103], "split31_pred": [0, 1, 0, 1], "split31_test": [0, 1, 0, 1], "split31_notXOR": [1, 1, 1, 1], "split31_prob": [0.36735224559569063, 0.88020166519998, 0.09151160920736877, 1.0], "split32_index": [104, 105, 106, 107], "split32_pred": [1, 1, 0, 1], "split32_test": [0, 1, 0, 1], "split32_notXOR": [0, 1, 1, 1], "split32_prob": [0.6853585902777181, 0.9813767729723596, 0.18069838684343634, 0.9999999530448884], "split33_index": [108, 109, 110, 111], "split33_pred": [1, 1, 0, 1], "split33_test": [0, 1, 0, 1], "split33_notXOR": [0, 1, 1, 1], "split33_prob": [0.5804450703940042, 0.9614827611140855, 0.15959668154760404, 0.999999914707627], "split34_index": [112, 113, 114, 115], "split34_pred": [0, 1, 0, 1], "split34_test": [0, 1, 0, 1], "split34_notXOR": [1, 1, 1, 1], "split34_prob": [0.17281500520996967, 0.6573806195439179, 0.048939242441014746, 1.0], "split35_index": [116, 117, 118, 119], "split35_pred": [0, 1, 0, 1], "split35_test": [0, 1, 0, 1], "split35_notXOR": [1, 1, 1, 1], "split35_prob": [0.1445091427053586, 0.5880318639289792, 0.04564217703030164, 1.0], "split36_index": [120, 121, 122, 123], "split36_pred": [0, 1, 0, 1], "split36_test": [0, 1, 0, 1], "split36_notXOR": [1, 1, 1, 1], "split36_prob": [0.3678347336846876, 0.9082730176191603, 0.10934262214944106, 0.9999997904152707], "split37_index": [124, 125, 126, 127], "split37_pred": [0, 0, 0, 1], "split37_test": [0, 1, 0, 1], "split37_notXOR": [1, 0, 1, 1], "split37_prob": [0.10861197287521134, 0.47804214106941423, 0.04118397576149633, 1.0], "split38_index": [128, 129, 130, 131], "split38_pred": [0, 0, 0, 1], "split38_test": [0, 1, 0, 1], "split38_notXOR": [1, 0, 1, 1], "split38_prob": [0.09680504800506594, 0.4359637830631288, 0.03962899802484766, 1.0], "split39_index": [132, 133, 134, 135], "split39_pred": [0, 0, 0, 1], "split39_test": [0, 1, 0, 1], "split39_notXOR": [1, 0, 1, 1], "split39_prob": [0.0875150621817938, 0.40081849456181, 0.03836907878741546, 1.0], "split40_index": [136, 137, 138, 139], "split40_pred": [1, 0, 0, 1], "split40_test": [0, 0, 0, 1], "split40_notXOR": [0, 1, 1, 1], "split40_prob": [0.9446131920981851, 0.3574911716087049, 0.03226504191047775, 0.9999999999988258], "split41_index": [140, 141, 142, 143], "split41_pred": [1, 0, 0, 1], "split41_test": [0, 0, 0, 1], "split41_notXOR": [0, 1, 1, 1], "split41_prob": [0.6781876262564803, 0.08145066071367649, 0.034189652315217575, 1.0], "split42_index": [144, 145, 146, 147], "split42_pred": [1, 0, 0, 1], "split42_test": [0, 0, 0, 1], "split42_notXOR": [0, 1, 1, 1], "split42_prob": [0.7364532206478616, 0.2453304560230303, 0.04078456545842043, 0.9999999999987379], "split43_index": [148, 149, 150, 151], "split43_pred": [1, 0, 0, 1], "split43_test": [0, 0, 0, 1], "split43_notXOR": [0, 1, 1, 1], "split43_prob": [0.7119317110926693, 0.14416177894533938, 0.09408344155217771, 0.9999993004956953], "split44_index": [152, 153, 154, 155],