{"split0_index": [4, 5, 6, 7], "split0_pred": [1, 1, 0, 1], "split0_test": [1, 1, 0, 0], "split0_notXOR": [1, 1, 1, 0], "split0_prob": [0.16321276191392836, 0.19044159085788312, 0.7585730404677336, 0.40267184695811703], "split1_index": [8, 9, 10, 11], "split1_pred": [0, 1, 0, 0], "split1_test": [0, 1, 0, 0], "split1_notXOR": [1, 1, 1, 1], "split1_prob": [0.44645440603532677, 0.9474406372610324, 0.04311522134481561, 0.04300307796623017]}