{"split0_index": [3, 4, 5], "split0_pred": [0, 0, 0], "split0_test": [0, 1, 0], "split0_notXOR": [1, 0, 1], "split0_prob": [0.18975911856935515, 0.4924571879048572, 0.18623977441102937], "split1_index": [6, 7, 8], "split1_pred": [0, 0, 0], "split1_test": [0, 1, 0], "split1_notXOR": [1, 0, 1], "split1_prob": [0.07049445950744698, 0.2912549680843404, 0.17791086636216888], "split2_index": [9, 10, 11], "split2_pred": [0, 0, 0], "split2_test": [0, 1, 0], "split2_notXOR": [1, 0, 1], "split2_prob": [0.0584170526569519, 0.39665074413114176, 0.18963775445156694], "split3_index": [12, 13, 14], "split3_pred": [0, 1, 0], "split3_test": [0, 1, 0], "split3_notXOR": [1, 1, 1], "split3_prob": [0.05495598532107023, 0.525975821713092, 0.2255951835856925], "split4_index": [15, 16, 17], "split4_pred": [0, 1, 0], "split4_test": [0, 1, 0], "split4_notXOR": [1, 1, 1], "split4_prob": [0.04042186987371645, 0.5921680990271553, 0.23466266973363284], "split5_index": [18, 19, 20], "split5_pred": [0, 1, 0], "split5_test": [0, 1, 0], "split5_notXOR": [1, 1, 1], "split5_prob": [0.031770523307417455, 0.6364594252798682, 0.23510434309797998], "split6_index": [21, 22, 23, 24], "split6_pred": [0, 1, 0, 0], "split6_test": [0, 1, 1, 0], "split6_notXOR": [1, 1, 0, 1], "split6_prob": [0.042021141064425664, 0.6706808002041601, 0.18037157701452716, 0.23184722162172844], "split7_index": [25, 26, 27, 28], "split7_pred": [0, 1, 0, 0], "split7_test": [0, 1, 1, 0], "split7_notXOR": [1, 1, 0, 1], "split7_prob": [0.05932127526619464, 0.7103941317872484, 0.3437867539957291, 0.2749082388006998], "split8_index": [29, 30, 31, 32], "split8_pred": [0, 1, 0, 0], "split8_test": [0, 1, 1, 0], "split8_notXOR": [1, 1, 0, 1], "split8_prob": [0.03589429729535692, 0.7465709796853371, 0.28968936533590617, 0.28968936533590617], "split9_index": [33, 34, 35, 36], "split9_pred": [0, 1, 0, 0], "split9_test": [0, 1, 1, 0], "split9_notXOR": [1, 1, 0, 1], "split9_prob": [0.04393684316763518, 0.7725925886039383, 0.39690352765566916, 0.3198420254736482], "split10_index": [37, 38, 39, 40], "split10_pred": [0, 1, 0, 0], "split10_test": [0, 1, 1, 0], "split10_notXOR": [1, 1, 0, 1], "split10_prob": [0.2783713018194569, 0.78962907676685, 0.4585386173961092, 0.1436244167400012], "split11_index": [41, 42, 43, 44], "split11_pred": [0, 1, 1, 0], "split11_test": [0, 1, 0, 0], "split11_notXOR": [1, 1, 0, 1], "split11_prob": [0.28192000842123127, 0.8146917423339258, 0.5574827284520995, 0.13682656874502738], "split12_index": [45, 46, 47, 48], "split12_pred": [0, 1, 0, 0], "split12_test": [0, 1, 0, 0], "split12_notXOR": [1, 1, 1, 1], "split12_prob": [0.2483316708140431, 0.8245858608531027, 0.4022577089664124, 0.1253790795939195], "split13_index": [49, 50, 51, 52, 53], "split13_pred": [0, 1, 0, 0, 0], "split13_test": [0, 1, 0, 0, 0], "split13_notXOR": [1, 1, 1, 1, 1], "split13_prob": [0.20362417165288596, 0.7984967242257973, 0.37233903837445703, 0.1029432383151874, 0.09507204728010069], "split14_index": [54, 55, 56, 57, 58, 59], "split14_pred": [0, 0, 0, 0, 1, 0], "split14_test": [0, 1, 0, 0, 1, 0], "split14_notXOR": [1, 0, 1, 1, 1, 1], "split14_prob": [0.09078924959719302, 0.02046855780939639, 0.08045569391074141, 0.17815409978500815, 0.8289347690658054, 0.34670107120025745], "split15_index": [60, 61, 62, 63, 64, 65], "split15_pred": [0, 0, 0, 0, 1, 0], "split15_test": [0, 1, 0, 0, 1, 0], "split15_notXOR": [1, 0, 1, 1, 1, 1], "split15_prob": [0.09666690772020411, 0.04667874563384194, 0.05040680286566176, 0.2067946961570489, 0.8083294021814018, 0.34678223512924267], "split16_index": [66, 67, 68, 69, 70, 71], "split16_pred": [0, 0, 0, 0, 1, 0], "split16_test": [0, 1, 0, 0, 1, 0], "split16_notXOR": [1, 0, 1, 1, 1, 1], "split16_prob": [0.1314639395261542, 0.08857698291812231, 0.09290917115177048, 0.24772562018090327, 0.7832396035348618, 0.3644292871971882], "split17_index": [72, 73, 74, 75, 76, 77, 78], "split17_pred": [0, 0, 0, 0, 1, 0, 0], "split17_test": [0, 1, 0, 0, 1, 0, 0], "split17_notXOR": [1, 0, 1, 1, 1, 1, 1], "split17_prob": [0.12045270988715223, 0.12901748774284338, 0.10632669471811633, 0.21360502368566747, 0.726841047541417, 0.34280081478009994, 0.03909394538691573], "split18_index": [79, 80, 81, 82, 83, 84, 85], "split18_pred": [0, 0, 0, 0, 1, 0, 0], "split18_test": [0, 1, 0, 0, 1, 0, 0], "split18_notXOR": [1, 0, 1, 1, 1, 1, 1], "split18_prob": [0.16173008680518555, 0.17460986061291373, 0.16782891449019904, 0.276132765245257, 0.7558751724741255, 0.35726700196696887, 0.0785166531694896], "split19_index": [86, 87, 88, 89, 90, 91, 92], "split19_pred": [0, 0, 0, 0, 1, 0, 0], "split19_test": [0, 1, 0, 0, 1, 0, 0], "split19_notXOR": [1, 0, 1, 1, 1, 1, 1], "split19_prob": [0.15658043955084486, 0.20398611452598706, 0.17424146702151333, 0.27308471464078443, 0.7535331167362583, 0.35383934231863395, 0.08103070448351973], "split20_index": [93, 94, 95, 96, 97], "split20_pred": [0, 0, 0, 0, 1], "split20_test": [0, 0, 1, 0, 1], "split20_notXOR": [1, 1, 0, 1, 1], "split20_prob": [0.12842657088390783, 0.2010605736717099, 0.17121097531801605, 0.3235888071212392, 0.663760490797208], "split21_index": [98, 99, 100, 101, 102], "split21_pred": [0, 0, 0, 0, 1], "split21_test": [0, 0, 1, 0, 1], "split21_notXOR": [1, 1, 0, 1, 1], "split21_prob": [0.14499150030612634, 0.12005064616442825, 0.2655947030953654, 0.2588381130833405, 0.7462172098511306], "split22_index": [103, 104, 105, 106, 107, 108], "split22_pred": [0, 0, 0, 0, 0, 1], "split22_test": [0, 0, 0, 1, 0, 1], "split22_notXOR": [1, 1, 1, 0, 1, 1], "split22_prob": [0.1395024595079064, 0.1474246613683132, 0.30148885912052376, 0.28525131777596713, 0.25531072736731825, 0.7442622238855663], "split23_index": [109, 110, 111, 112, 113, 114], "split23_pred": [0, 0, 0, 0, 0, 1], "split23_test": [0, 0, 0, 1, 0, 1], "split23_notXOR": [1, 1, 1, 0, 1, 1], "split23_prob": [0.13847303612642264, 0.14016300780606442, 0.2824114232074693, 0.3167025258653194, 0.25360052087281904, 0.743904749655638], "split24_index": [115, 116, 117, 118, 119, 120], "split24_pred": [0, 0, 0, 0, 0, 1], "split24_test": [0, 0, 0, 1, 0, 1], "split24_notXOR": [1, 1, 1, 0, 1, 1], "split24_prob": [0.2370340094812823, 0.34560482553854305, 0.2671980730680868, 0.33435922413742775, 0.08371210681070189, 0.7494324878247178], "split25_index": [121, 122, 123, 124, 125, 126], "split25_pred": [0, 0, 0, 0, 0, 1], "split25_test": [0, 0, 0, 1, 0, 1], "split25_notXOR": [1, 1, 1, 0, 1, 1], "split25_prob": [0.24603144026689644, 0.26123546172682177, 0.28783900602948076, 0.3748804848226413, 0.08839033561397878, 0.7315578821132179], "split26_index": [127, 128, 129, 130, 131, 132], "split26_pred": [0, 0, 0, 0, 0, 1], "split26_test": [0, 0, 0, 1, 0, 1], "split26_notXOR": [1, 1, 1, 0, 1, 1], "split26_prob": [0.24698365341651352, 0.2637623795159627, 0.30122466826788646, 0.3929647732106111, 0.08782316928976756, 0.7480917409896053], "split27_index": [133, 134, 135, 136, 137, 138], "split27_pred": [0, 0, 0, 0, 0, 1], "split27_test": [0, 0, 0, 1, 0, 1], "split27_notXOR": [1, 1, 1, 0, 1, 1], "split27_prob": [0.23491911716603095, 0.22774689241987936, 0.2983560677553277, 0.39241250965242974, 0.08168747089684154, 0.7499617694451226], "split28_index": [139, 140, 141, 142, 143, 144], "split28_pred": [0, 0, 0, 0, 0, 1], "split28_test": [0, 0, 0, 0, 0, 1], "split28_notXOR": [1, 1, 1, 1, 1, 1], "split28_prob": [0.2249423568169087, 0.24351073530034728, 0.297217887702902, 0.3938403366210154, 0.07037898711930257, 0.7747450275744945], "split29_index": [145, 146, 147, 148, 149, 150], "split29_pred": [0, 0, 0, 0, 0, 1], "split29_test": [0, 0, 0, 0, 0, 1], "split29_notXOR": [1, 1, 1, 1, 1, 1], "split29_prob": [0.21946846021355804, 0.2457877143254196, 0.2691058852511705, 0.3677048257769122, 0.07095870832315163, 0.7857694042091135], "split30_index": [151, 152, 153, 154, 155, 156], "split30_pred": [0, 0, 0, 0, 0, 1], "split30_test": [0, 0, 0, 0, 0, 1], "split30_notXOR": [1, 1, 1, 1, 1, 1],