{"split0_index": [11, 12, 13, 14, 15, 16, 17, 18, 19, 20, 21, 22, 23], "split0_pred": [0, 0, 0, 0, 0, 1, 0, 0, 1, 0, 0, 0, 0], "split0_test": [0, 0, 0, 0, 0, 0, 0, 1, 0, 0, 0, 0, 0], "split0_notXOR": [1, 1, 1, 1, 1, 0, 1, 0, 0, 1, 1, 1, 1], "split0_prob": [0.1891539566006784, 0.00845879215006675, 0.1891539566006784, 0.08921217643730353, 0.13131236236452365, 0.7387731688990978, 0.1891539566006784, 0.08921217643730353, 0.5158085564913497, 0.1891539566006784, 0.1084781110816888, 0.1580963652522227, 0.4348245674607326]}