{"split0_index": [4, 5, 6, 7], "split0_pred": [1, 0, 0, 0], "split0_test": [1, 1, 0, 0], "split0_notXOR": [1, 0, 1, 1], "split0_prob": [0.2541239385161114, 0.7002362772116402, 0.7458796272088462, 0.7002362772116402], "split1_index": [8, 9, 10, 11], "split1_pred": [1, 0, 0, 0], "split1_test": [0, 1, 0, 0], "split1_notXOR": [0, 0, 1, 1], "split1_prob": [0.09563051053325934, 0.5908336658498159, 0.6643072259429392, 0.5908336658498159]}