{"split0_index": [6, 7, 8, 9, 10, 11], "split0_pred": [1, 0, 0, 1, 0, 0], "split0_test": [1, 0, 0, 1, 0, 0], "split0_notXOR": [1, 1, 1, 1, 1, 1], "split0_prob": [0.9015136501753246, 0.1713123106169688, 0.16196271922975722, 0.8836759057608794, 0.17144272387244508, 0.1879230840145648], "split1_index": [12, 13, 14, 15, 16, 17], "split1_pred": [1, 0, 0, 1, 0, 0], "split1_test": [1, 0, 0, 1, 0, 0], "split1_notXOR": [1, 1, 1, 1, 1, 1], "split1_prob": [0.9031091651725768, 0.09668730898304036, 0.09220736429356066, 0.9031091565179981, 0.09934384750762235, 0.0999172181052673], "split2_index": [18, 19, 20, 21, 22, 23], "split2_pred": [1, 0, 0, 1, 0, 0], "split2_test": [1, 0, 0, 1, 0, 0], "split2_notXOR": [1, 1, 1, 1, 1, 1], "split2_prob": [0.9265865087678903, 0.06906953689932026, 0.06508111439107934, 0.9264648955785093, 0.07123848659583154, 0.07212139039056348], "split3_index": [24, 25, 26, 27, 28, 29], "split3_pred": [1, 0, 0, 1, 0, 0], "split3_test": [1, 0, 0, 1, 0, 0], "split3_notXOR": [1, 1, 1, 1, 1, 1], "split3_prob": [0.943874148410371, 0.057638737738711796, 0.053884290941414524, 0.9455700898348118, 0.059750057138562615, 0.06049704085392857], "split4_index": [30, 31, 32, 33, 34, 35], "split4_pred": [1, 0, 0, 1, 0, 0], "split4_test": [1, 0, 0, 1, 0, 0], "split4_notXOR": [1, 1, 1, 1, 1, 1], "split4_prob": [0.9539866471724554, 0.046888260590595573, 0.04313742447314587, 0.9553946269065193, 0.04857072022089454, 0.05007850908720096], "split5_index": [36, 37, 38, 39, 40, 41], "split5_pred": [1, 0, 0, 1, 0, 0], "split5_test": [1, 0, 0, 1, 0, 0], "split5_notXOR": [1, 1, 1, 1, 1, 1], "split5_prob": [0.9610788364499115, 0.03947509947614949, 0.036288786435864015, 0.9623325633495183, 0.04104876340211717, 0.04209779418795361], "split6_index": [42, 43, 44, 45, 46, 47], "split6_pred": [1, 0, 0, 1, 0, 0], "split6_test": [1, 0, 0, 0, 1, 0], "split6_notXOR": [1, 1, 1, 0, 0, 1], "split6_prob": [0.9662629250917174, 0.034078764538181934, 0.03132741197269561, 0.9672306486414, 0.04114370116182182, 0.03632371309681978], "split7_index": [48, 49, 50, 51, 52, 53], "split7_pred": [1, 0, 0, 1, 0, 0], "split7_test": [1, 0, 0, 0, 1, 0], "split7_notXOR": [1, 1, 1, 0, 0, 1], "split7_prob": [0.9782059537664868, 0.03248379789332891, 0.0480455991488444, 0.9482957113009932, 0.1655983199661499, 0.06256632405601265], "split8_index": [54, 55, 56, 57, 58, 59], "split8_pred": [1, 0, 0, 1, 0, 0], "split8_test": [1, 0, 0, 0, 1, 0], "split8_notXOR": [1, 1, 1, 0, 0, 1], "split8_prob": [0.9395493105906311, 0.07594980217664479, 0.07119754874785314, 0.9219691666421266, 0.0904102840163671, 0.07958574665763136], "split9_index": [60, 61, 62, 63, 64, 65], "split9_pred": [1, 0, 0, 1, 0, 0], "split9_test": [1, 0, 0, 0, 1, 0], "split9_notXOR": [1, 1, 1, 0, 0, 1], "split9_prob": [0.9224046372616733, 0.11047785051499097, 0.10480130497210068, 0.9047773562520202, 0.1316786888008893, 0.11594503012799148], "split10_index": [66, 67, 68, 69, 70, 71], "split10_pred": [1, 0, 0, 1, 0, 0], "split10_test": [1, 0, 0, 0, 1, 0], "split10_notXOR": [1, 1, 1, 0, 0, 1], "split10_prob": [0.9067520215514459, 0.13613512800844393, 0.13021586765512763, 0.8897003261757125, 0.16331054706480264, 0.1435346590573567], "split11_index": [72, 73, 74, 75, 76, 77], "split11_pred": [1, 0, 0, 1, 0, 0], "split11_test": [1, 0, 0, 0, 1, 0], "split11_notXOR": [1, 1, 1, 0, 0, 1], "split11_prob": [0.8905319118128376, 0.17983271436319798, 0.17402023705656505, 0.8759101923597186, 0.22905339860350987, 0.18811794959181663], "split12_index": [78, 79, 80, 81, 82, 83], "split12_pred": [1, 0, 0, 1, 0, 0], "split12_test": [1, 0, 0, 0, 1, 0], "split12_notXOR": [1, 1, 1, 0, 0, 1], "split12_prob": [0.8805362173865858, 0.19749595412866822, 0.19487066399449005, 0.8671787416690485, 0.2573105207069522, 0.19771778006098698], "split13_index": [84, 85, 86, 87, 88, 89], "split13_pred": [1, 0, 0, 1, 0, 0], "split13_test": [1, 0, 0, 0, 1, 0], "split13_notXOR": [1, 1, 1, 0, 0, 1], "split13_prob": [0.8719017115650086, 0.20501939370862415, 0.204467463002103, 0.8582116756282522, 0.2769103648141085, 0.20529224942449636], "split14_index": [90, 91, 92, 93, 94, 95], "split14_pred": [1, 0, 0, 1, 0, 0], "split14_test": [1, 0, 0, 0, 0, 0], "split14_notXOR": [1, 1, 1, 0, 1, 1], "split14_prob": [0.8663408371170671, 0.20904080470157865, 0.2091643089170184, 0.8547991295893561, 0.29995833128832056, 0.20913448698593745], "split15_index": [96, 97, 98, 99, 100, 101], "split15_pred": [1, 0, 0, 1, 0, 0], "split15_test": [1, 0, 0, 0, 0, 0], "split15_notXOR": [1, 1, 1, 0, 1, 1], "split15_prob": [0.8595438728058039, 0.33238194560217105, 0.2137821843896184, 0.8639659331100682, 0.30707604893937757, 0.21395423214315293], "split16_index": [102, 103, 104, 105, 106, 107, 108], "split16_pred": [1, 1, 1, 0, 1, 1, 0], "split16_test": [0, 1, 0, 0, 0, 0, 0], "split16_notXOR": [0, 1, 0, 1, 0, 0, 1], "split16_prob": [0.7211235065889379, 0.5668088366239364, 0.6475077087646208, 0.09774486002451886, 0.8565794689429134, 0.8483182528381079, 0.09887363044878211], "split17_index": [109, 110, 111, 112, 113, 114, 115], "split17_pred": [1, 1, 1, 0, 1, 1, 0], "split17_test": [0, 1, 0, 0, 0, 0, 0], "split17_notXOR": [0, 1, 0, 1, 0, 0, 1], "split17_prob": [0.699358320865159, 0.8653750609611484, 0.6951515544716437, 0.1369252317362398, 0.8346128947283533, 0.7339100014478477, 0.1407159894080224], "split18_index": [116, 117, 118, 119, 120, 121, 122], "split18_pred": [1, 1, 1, 0, 1, 1, 0], "split18_test": [0, 1, 0, 0, 0, 0, 0], "split18_notXOR": [0, 1, 0, 1, 0, 0, 1], "split18_prob": [0.6204094400058334, 0.8397525317941914, 0.5855108199935349, 0.13672526391383377, 0.7849530922888586, 0.6460647077123528, 0.1388215880942604], "split19_index": [123, 124, 125, 126, 127, 128, 129], "split19_pred": [1, 1, 1, 0, 1, 1, 0], "split19_test": [0, 1, 0, 0, 0, 0, 0], "split19_notXOR": [0, 1, 0, 1, 0, 0, 1], "split19_prob": [0.5702776913807227, 0.8386445192361697, 0.5202241337537634, 0.12438241642797064, 0.7675543502142137, 0.6251482354703224, 0.12442589154330023]}