{"split0_index": [4, 5, 6, 7], "split0_pred": [0, 0, 0, 0], "split0_test": [0, 0, 0, 1], "split0_notXOR": [1, 1, 1, 0], "split0_prob": [0.0036824375153509665, 0.0036824375153509665, 0.0036824375153509665, 0.19297371137095123], "split1_index": [8, 9, 10, 11], "split1_pred": [0, 0, 0, 0], "split1_test": [0, 0, 0, 1], "split1_notXOR": [1, 1, 1, 0], "split1_prob": [0.9903441818960896, 0.9903441818960896, 0.9903441818960896, 0.9999999884012063], "split2_index": [12, 13, 14, 15], "split2_pred": [0, 0, 0, 1], "split2_test": [0, 0, 0, 1], "split2_notXOR": [1, 1, 1, 1], "split2_prob": [0.25585763562801067, 0.25585763562801067, 0.25585763562801067, 0.3095633959743262], "split3_index": [16, 17, 18, 19], "split3_pred": [0, 0, 0, 1], "split3_test": [0, 0, 0, 1], "split3_notXOR": [1, 1, 1, 1], "split3_prob": [0.10072625670856929, 0.10072625670856929, 0.10072625670856929, 0.7279389295189262], "split4_index": [20, 21, 22, 23], "split4_pred": [0, 0, 0, 0], "split4_test": [0, 0, 0, 1], "split4_notXOR": [1, 1, 1, 0], "split4_prob": [0.0597297704908042, 0.0597297704908042, 0.0597297704908042, 0.0597297704908042], "split5_index": [24, 25, 26], "split5_pred": [1, 0, 0], "split5_test": [0, 0, 1], "split5_notXOR": [0, 1, 0], "split5_prob": [0.7056472621505281, 0.10903656187053663, 0.10903656187053663], "split6_index": [27, 28, 29], "split6_pred": [1, 0, 0], "split6_test": [1, 0, 1], "split6_notXOR": [1, 1, 0], "split6_prob": [0.902062403981784, 0.15970239330931404, 0.15970239330931404], "split7_index": [30, 31, 32], "split7_pred": [1, 0, 1], "split7_test": [1, 0, 1], "split7_notXOR": [1, 1, 1], "split7_prob": [0.8404738632285081, 0.16984410514210402, 0.8020722412689091], "split8_index": [33, 34, 35], "split8_pred": [0, 0, 1], "split8_test": [1, 0, 1], "split8_notXOR": [0, 1, 1], "split8_prob": [0.2375417540022635, 0.2375417540022635, 0.7328573278843902], "split9_index": [36, 37, 38], "split9_pred": [1, 1, 1], "split9_test": [0, 0, 1], "split9_notXOR": [0, 0, 1], "split9_prob": [0.7333268730307326, 0.7534928285058599, 0.724227334838756], "split10_index": [39, 40, 41], "split10_pred": [1, 0, 0], "split10_test": [0, 0, 1], "split10_notXOR": [0, 1, 0], "split10_prob": [0.8598252906199009, 0.16902533593561384, 0.16902533593561384], "split11_index": [42, 43, 44], "split11_pred": [1, 0, 0], "split11_test": [0, 0, 1], "split11_notXOR": [0, 1, 0], "split11_prob": [0.7350125428848167, 0.2531449343194009, 0.2531449343194009], "split12_index": [45, 46, 47], "split12_pred": [1, 0, 0], "split12_test": [1, 0, 0], "split12_notXOR": [1, 1, 1], "split12_prob": [0.7075622365235218, 0.25705921427560735, 0.25705921427560735], "split13_index": [48, 49, 50], "split13_pred": [0, 0, 1], "split13_test": [1, 0, 0], "split13_notXOR": [0, 1, 0], "split13_prob": [0.24415953850246302, 0.24415953850246302, 0.6455137374036073], "split14_index": [51, 52], "split14_pred": [0, 0], "split14_test": [1, 0], "split14_notXOR": [0, 1], "split14_prob": [0.302682577107791, 0.4287126011020178], "split15_index": [53, 54], "split15_pred": [0, 0], "split15_test": [1, 0], "split15_notXOR": [0, 1], "split15_prob": [0.30619532274635686, 0.30619532274635686], "split16_index": [55, 56], "split16_pred": [0, 0], "split16_test": [1, 0], "split16_notXOR": [0, 1], "split16_prob": [0.31552995045813986, 0.31552995045813986], "split17_index": [57, 58], "split17_pred": [0, 0], "split17_test": [1, 0], "split17_notXOR": [0, 1], "split17_prob": [0.34270198376372546, 0.34270198376372546]}