{"split0_index": [3, 4, 5, 6, 7, 8, 9, 10], "split0_pred": [1, 0, 0, 0, 0, 0, 0, 0], "split0_test": [1, 0, 0, 0, 0, 0, 1, 0], "split0_notXOR": [1, 1, 1, 1, 1, 1, 0, 1], "split0_prob": [0.783822923653391, 0.17050960937343174, 0.13195500702960375, 0.29398923373805125, 0.24388033317301247, 0.246497441520807, 0.18446609522898103, 0.24241902566917944], "split1_index": [11, 12, 13, 14, 15, 16, 17, 18], "split1_pred": [1, 0, 0, 0, 0, 0, 1, 0], "split1_test": [1, 0, 0, 0, 0, 0, 1, 0], "split1_notXOR": [1, 1, 1, 1, 1, 1, 1, 1], "split1_prob": [0.8680713900992584, 0.0414182201433645, 0.024463691524881884, 0.05534084079294287, 0.12387297637663858, 0.12647537142191156, 0.7280134398553842, 0.05688989573985396], "split2_index": [19, 20, 21, 22, 23, 24, 25], "split2_pred": [1, 0, 0, 0, 0, 1, 0], "split2_test": [1, 0, 0, 0, 0, 1, 0], "split2_notXOR": [1, 1, 1, 1, 1, 1, 1], "split2_prob": [0.9043324059110157, 0.022759355418565948, 0.030836774878689934, 0.06508403730406608, 0.06651396663420621, 0.8398242387303084, 0.005125061197899004], "split3_index": [26, 27, 28, 29, 30, 31, 32], "split3_pred": [1, 0, 0, 0, 0, 1, 0], "split3_test": [1, 0, 0, 0, 0, 1, 0], "split3_notXOR": [1, 1, 1, 1, 1, 1, 1], "split3_prob": [0.9259951811729684, 0.016751149259162674, 0.020962522331068986, 0.05126437285581768, 0.05243270598067227, 0.882160349844151, 0.0037824411050028767], "split4_index": [33, 34, 35, 36, 37, 38, 39], "split4_pred": [1, 0, 0, 0, 0, 1, 0], "split4_test": [1, 0, 0, 0, 0, 0, 0], "split4_notXOR": [1, 1, 1, 1, 1, 0, 1], "split4_prob": [0.9393452944803838, 0.0132531665458959, 0.016146084752912477, 0.04278716942322508, 0.0437850238610124, 0.9999732919738634, 0.03501822118048186], "split5_index": [40, 41, 42, 43, 44, 45, 46], "split5_pred": [1, 0, 0, 0, 0, 0, 0], "split5_test": [1, 0, 0, 0, 0, 0, 0], "split5_notXOR": [1, 1, 1, 1, 1, 1, 1], "split5_prob": [0.9487312248687586, 0.008828002660738757, 0.020992476140463744, 0.04789842956252136, 0.048973495959443114, 0.06676544227309612, 0.0028576866660974688]}