{"split0_index": [8, 9, 10, 11, 12, 13, 14, 15], "split0_pred": [0, 0, 0, 0, 0, 1, 0, 0], "split0_test": [0, 0, 0, 1, 0, 1, 0, 0], "split0_notXOR": [1, 1, 1, 0, 1, 1, 1, 1], "split0_prob": [0.1516075542820048, 0.1773496073866517, 0.24347385823154613, 0.39464859273470776, 0.14152250832518262, 0.6683498024925081, 0.08482174508727833, 0.13817368430306445], "split1_index": [16, 17, 18, 19, 20, 21, 22, 23], "split1_pred": [0, 0, 0, 0, 0, 1, 0, 0], "split1_test": [0, 0, 0, 1, 0, 1, 0, 0], "split1_notXOR": [1, 1, 1, 0, 1, 1, 1, 1], "split1_prob": [0.09571487881119953, 0.13765353222561258, 0.21955219319307068, 0.4960315937685321, 0.10188214080642355, 0.78292672439447, 0.054444009842149386, 0.10679708590672933], "split2_index": [24, 25, 26, 27, 28, 29, 30, 31], "split2_pred": [0, 0, 0, 1, 0, 1, 0, 0], "split2_test": [0, 0, 0, 1, 0, 1, 0, 0], "split2_notXOR": [1, 1, 1, 1, 1, 1, 1, 1], "split2_prob": [0.0761087251633299, 0.11391105503413704, 0.20003388209535117, 0.5668094009701485, 0.08297103604699844, 0.8249061863118766, 0.0418290583389265, 0.08999810833660588], "split3_index": [32, 33, 34, 35, 36, 37, 38, 39, 40, 41], "split3_pred": [0, 0, 0, 1, 0, 0, 0, 1, 0, 0], "split3_test": [0, 0, 0, 1, 0, 0, 0, 1, 0, 0], "split3_notXOR": [1, 1, 1, 1, 1, 1, 1, 1, 1, 1], "split3_prob": [0.06150486661084936, 0.12323343468274488, 0.1823952934960002, 0.6173600052123369, 0.06887132201959818, 0.0812054167821847, 0.09376987122760681, 0.856959495895906, 0.03348990319238544, 0.14123179522827684], "split4_index": [42, 43, 44, 45, 46, 47, 48, 49, 50, 51], "split4_pred": [0, 0, 0, 1, 0, 0, 0, 1, 0, 0], "split4_test": [0, 0, 0, 1, 0, 0, 0, 1, 0, 0], "split4_notXOR": [1, 1, 1, 1, 1, 1, 1, 1, 1, 1], "split4_prob": [0.054300208366487045, 0.08111004946059482, 0.16671965593361687, 0.6410083665798308, 0.0581112966917006, 0.060620836708019, 0.07030460057506131, 0.8652235026093004, 0.02530823537952536, 0.06443272683398979], "split5_index": [52, 53, 54, 55, 56, 57, 58, 59, 60, 61], "split5_pred": [0, 0, 0, 1, 0, 0, 0, 1, 0, 0], "split5_test": [0, 0, 0, 1, 0, 0, 0, 1, 0, 0], "split5_notXOR": [1, 1, 1, 1, 1, 1, 1, 1, 1, 1], "split5_prob": [0.046018557065718745, 0.09877187890294695, 0.1556494197715026, 0.6704849002373678, 0.05024875612931125, 0.04429906281614678, 0.05407796163524412, 0.8809831583145487, 0.019254589397067284, 0.05273129239408072], "split6_index": [62, 63, 64, 65, 66, 67, 68, 69, 70, 71], "split6_pred": [0, 0, 1, 0, 0, 0, 1, 0, 0, 0], "split6_test": [0, 0, 1, 0, 0, 0, 1, 0, 0, 1], "split6_notXOR": [1, 1, 1, 1, 1, 1, 1, 1, 1, 0], "split6_prob": [0.06728743530351933, 0.09400278619912175, 0.6956779958222808, 0.04418316919178328, 0.04415295855913911, 0.0476290299263528, 0.8977171617901867, 0.015065354612045565, 0.049450167695371625, 0.197773741670967], "split7_index": [72, 73, 74, 75, 76, 77, 78, 79, 80, 81], "split7_pred": [0, 0, 1, 0, 0, 0, 1, 0, 0, 1], "split7_test": [0, 0, 1, 0, 0, 0, 1, 0, 0, 1], "split7_notXOR": [1, 1, 1, 1, 1, 1, 1, 1, 1, 1], "split7_prob": [0.05847894890548448, 0.14553957757327035, 0.7076710013830242, 0.0419966051000535, 0.04798087501169932, 0.044063475340818815, 0.8980352922220859, 0.01764384980919188, 0.06044308332156948, 0.5947890704824591], "split8_index": [82, 83, 84, 85, 86, 87, 88, 89, 90, 91], "split8_pred": [0, 0, 1, 0, 0, 0, 1, 0, 0, 1], "split8_test": [0, 0, 1, 0, 0, 0, 1, 0, 0, 1], "split8_notXOR": [1, 1, 1, 1, 1, 1, 1, 1, 1, 1], "split8_prob": [0.052095498019403864, 0.1400932062020875, 0.727308526493683, 0.04071901809851576, 0.04492472408720029, 0.04137438715132456, 0.9055742458036724, 0.01726135952295289, 0.058788197371762344, 0.7081338167522737], "split9_index": [92, 93, 94, 95, 96, 97, 98, 99, 100, 101], "split9_pred": [0, 0, 1, 0, 0, 0, 1, 0, 0, 1], "split9_test": [1, 0, 1, 0, 0, 0, 1, 0, 0, 1], "split9_notXOR": [0, 1, 1, 1, 1, 1, 1, 1, 1, 1], "split9_prob": [0.051382132020454364, 0.13210171774875856, 0.7461391399511952, 0.03851216195985588, 0.042115237243514334, 0.03793447194977682, 0.9114781754714745, 0.01703077959431633, 0.061569251276866035, 0.8035822843531565], "split10_index": [102, 103, 104, 105, 106, 107, 108, 109, 110, 111], "split10_pred": [0, 1, 1, 0, 0, 0, 1, 0, 1, 0], "split10_test": [1, 0, 0, 0, 0, 0, 1, 0, 0, 0], "split10_notXOR": [0, 0, 0, 1, 1, 1, 1, 1, 0, 1], "split10_prob": [0.1270833184132834, 0.6360034749433181, 0.9995657449174407, 0.06629147298181533, 0.08007902467819168, 0.11624825462698848, 0.9201504818674102, 0.20185657579423982, 0.5197744705870991, 0.1962367007420647], "split11_index": [112, 113, 114, 115, 116, 117, 118, 119, 120, 121, 122], "split11_pred": [0, 0, 0, 0, 0, 1, 0, 0, 1, 1, 0], "split11_test": [1, 0, 0, 0, 0, 1, 0, 0, 0, 0, 0], "split11_notXOR": [0, 1, 1, 1, 1, 1, 1, 1, 0, 0, 1], "split11_prob": [0.22155019500634063, 0.050983266954631755, 0.03227967612595325, 0.25673092016129495, 0.0928041333925611, 0.9287385857202403, 0.13349207468133573, 0.2881410009831383, 0.8387525980555999, 0.5946108196432004, 0.043747447156802954], "split12_index": [123, 124, 125, 126, 127, 128, 129, 130, 131, 132, 133], "split12_pred": [0, 0, 0, 0, 0, 1, 0, 0, 1, 1, 0], "split12_test": [1, 0, 0, 0, 0, 1, 0, 0, 0, 0, 0], "split12_notXOR": [0, 1, 1, 1, 1, 1, 1, 1, 0, 0, 1], "split12_prob": [0.3018842351380191, 0.04320114920525835, 0.03622140335101531, 0.17289588135794373, 0.07612983613933567, 0.9376372959204302, 0.12137124206109198, 0.26761222942346485, 0.5849554894544179, 0.6342214482701766, 0.047361552149842556], "split13_index": [134, 135, 136, 137, 138, 139, 140, 141, 142, 143, 144], "split13_pred": [0, 0, 0, 0, 0, 1, 0, 0, 0, 0, 0], "split13_test": [1, 0, 0, 0, 0, 1, 0, 0, 0, 0, 0], "split13_notXOR": [0, 1, 1, 1, 1, 1, 1, 1, 1, 1, 1], "split13_prob": [0.3812383081904526, 0.034425068194303736, 0.037884502090227354, 0.13762365551653538, 0.05551177846765055, 0.9408331767881332, 0.10027823832811018, 0.2282713107894886, 0.3963618247071646, 0.29694027195463907, 0.043824734475330834], "split14_index": [145, 146, 147, 148, 149, 150, 151, 152, 153, 154, 155], "split14_pred": [0, 0, 0, 0, 0, 1, 0, 0, 0, 0, 0], "split14_test": [1, 0, 0, 0, 0, 1, 0, 0, 0, 0, 0], "split14_notXOR": [0, 1, 1, 1, 1, 1, 1, 1, 1, 1, 1], "split14_prob": [0.43849364443065036, 0.030061479934455033, 0.036474597096322496, 0.11771804516856313, 0.046547377536041774, 0.9430522275198403, 0.09097941578461183, 0.20869863901529043, 0.310559218767422, 0.20169003005588845, 0.041022843114064], "split15_index": [156, 157, 158, 159, 160, 161, 162, 163, 164, 165, 166], "split15_pred": [0, 0, 0, 0, 0, 1, 0, 0, 0, 0, 0], "split15_test": [1, 0, 0, 0, 0, 1, 0, 0, 0, 0, 0], "split15_notXOR": [0, 1, 1, 1, 1, 1, 1, 1, 1, 1, 1], "split15_prob": [0.47751109259316293, 0.027097566428812413, 0.032636725662616904, 0.10494492811991032, 0.04161515180936704, 0.9460161202777335, 0.08770914925583753, 0.18131105703074443, 0.25987727555546736, 0.1547283856261066, 0.03649705684290661], "split16_index": [167, 168, 169, 170, 171, 172, 173, 174, 175, 176, 177], "split16_pred": [1, 0, 0, 0, 0, 1, 0, 0, 0, 0, 0], "split16_test": [1, 0, 0, 0, 0, 1, 1, 1, 0, 0, 1], "split16_notXOR": [1, 1, 1, 1, 1, 1, 0, 0, 1, 1, 0], "split16_prob": [0.8213803389856382, 0.024965160922142512, 0.028628310795141478, 0.0945488522227132, 0.03776198942905687, 0.9481895639753221, 0.10106455908861217, 0.1770351662761401, 0.1798145369320795, 0.190900601752786, 0.042156641939425754], "split17_index": [178, 179, 180, 181, 182, 183, 184, 185, 186, 187, 188, 189, 190, 191, 192], "split17_pred": [1, 0, 1, 0, 0, 0, 1, 0, 0, 1, 0, 0, 1, 0, 0], "split17_test": [1, 0, 1, 1, 1, 0, 1, 1, 1, 1, 0, 1, 1, 1, 1], "split17_notXOR": [1, 1, 1, 0, 0, 1, 1, 0, 0, 1, 1, 0, 1, 0, 0], "split17_prob": [0.9946611370717191, 0.030606789636686428, 0.9078431900166911, 0.03995008119079801, 0.15649018859012992, 0.017332434709628995, 0.952510583554563, 0.2191449357054641, 0.40926169375856214, 0.9823319416574198, 0.10658319398173605, 0.02258245140583674, 0.7662023577067413, 0.44199380340898153, 0.09204884921518107],