{"split0_index": [13, 14, 15, 16, 17, 18, 19, 20, 21, 22, 23, 24, 25], "split0_pred": [0, 0, 0, 0, 0, 0, 0, 0, 0, 0, 0, 0, 0], "split0_test": [0, 0, 0, 1, 0, 0, 0, 0, 0, 0, 0, 1, 0], "split0_notXOR": [1, 1, 1, 0, 1, 1, 1, 1, 1, 1, 1, 0, 1], "split0_prob": [NaN, NaN, NaN, NaN, NaN, NaN, NaN, NaN, NaN, NaN, NaN, NaN, NaN], "split1_index": [26, 27, 28, 29, 30, 31, 32, 33, 34, 35, 36, 37, 38], "split1_pred": [0, 0, 1, 1, 1, 1, 0, 0, 1, 1, 0, 1, 1], "split1_test": [0, 0, 0, 1, 0, 0, 0, 0, 0, 0, 0, 1, 0], "split1_notXOR": [1, 1, 0, 1, 0, 0, 1, 1, 0, 0, 1, 1, 0], "split1_prob": [0.009015460863539328, 0.1498435025535127, 0.9139462016143381, 0.9139462016143381, 0.9139462016143381, 0.9139462016143381, 0.023471867338114658, 0.007634495401528428, 0.9139462016143381, 0.9139462016143381, 1.6154845907431098e-28, 0.9139462016143381, 0.9139462016143381], "split2_index": [39, 40, 41, 42, 43, 44, 45, 46, 47, 48, 49, 50, 51], "split2_pred": [0, 1, 1, 1, 1, 1, 1, 0, 1, 1, 1, 1, 1], "split2_test": [0, 0, 0, 1, 0, 0, 0, 0, 0, 0, 0, 1, 0], "split2_notXOR": [1, 0, 0, 1, 0, 0, 0, 1, 0, 0, 0, 1, 0], "split2_prob": [0.020100319691696435, 0.988931258062239, 0.988931258062239, 0.988931258062239, 0.988931258062239, 0.988931258062239, 0.988931258062239, 1.4052123236151002e-10, 0.988931258062239, 0.988931258062239, 0.988931258062239, 0.988931258062239, 0.988931258062239], "split3_index": [52, 53, 54, 55, 56, 57, 58, 59, 60, 61, 62, 63, 64], "split3_pred": [0, 1, 1, 1, 1, 1, 1, 1, 1, 1, 1, 1, 1], "split3_test": [0, 0, 0, 1, 0, 0, 0, 0, 0, 0, 0, 1, 0], "split3_notXOR": [1, 0, 0, 1, 0, 0, 0, 0, 0, 0, 0, 1, 0], "split3_prob": [0.004723815142090401, 0.9899195910089476, 0.9899195910089476, 0.9899195910089476, 0.9899195910089476, 0.9899195910089476, 0.9899195910089476, 0.9899195910089476, 0.9899195910089476, 0.9899195910089476, 0.9899195910089476, 0.9899195910089476, 0.9899195910089476], "split4_index": [65, 66, 67, 68, 69, 70, 71, 72, 73, 74, 75, 76], "split4_pred": [0, 0, 0, 1, 1, 1, 0, 1, 1, 0, 0, 1], "split4_test": [0, 0, 1, 0, 0, 0, 0, 0, 0, 0, 1, 0], "split4_notXOR": [1, 1, 0, 0, 0, 0, 1, 0, 0, 1, 0, 0], "split4_prob": [0.006268195094328502, 0.005987013814143301, 8.229281821811802e-05, 0.9389396590764445, 0.9389396590764445, 0.9389396590764445, 1.3598993623014753e-14, 0.9389396590764445, 0.9389396590764445, 0.00028606116905831617, 7.452611409934347e-07, 0.9389396590764445], "split5_index": [77, 78, 79, 80, 81, 82, 83, 84, 85, 86, 87, 88], "split5_pred": [1, 1, 1, 1, 1, 1, 1, 1, 1, 1, 1, 1], "split5_test": [0, 0, 1, 0, 0, 0, 0, 0, 0, 0, 1, 0], "split5_notXOR": [0, 0, 1, 0, 0, 0, 0, 0, 0, 0, 1, 0], "split5_prob": [0.7060440830291512, 0.9964727882058114, 0.9964727882058114, 0.9964727882058114, 0.9964727882058114, 0.9964727882058114, 0.9964727882058114, 0.9964727882058114, 0.9964727882058114, 0.9964727882058114, 0.9964727882058114, 0.9964727882058114], "split6_index": [89, 90, 91, 92, 93, 94, 95, 96, 97, 98, 99, 100], "split6_pred": [0, 0, 1, 1, 1, 1, 1, 0, 1, 0, 1, 1], "split6_test": [0, 0, 1, 0, 0, 0, 0, 0, 0, 0, 1, 0], "split6_notXOR": [1, 1, 1, 0, 0, 0, 0, 1, 0, 1, 1, 0], "split6_prob": [0.06238438467234071, 9.415388519346618e-130, 0.9940259342912303, 0.9940259342912303, 0.9940259342912303, 0.9940259342912303, 0.9940259342912303, 0.0, 0.9940259342912303, 2.391918865623349e-09, 0.9940259342912303, 0.9940259342912303], "split7_index": [101, 102, 103, 104, 105, 106, 107, 108, 109, 110, 111, 112], "split7_pred": [1, 1, 1, 1, 1, 1, 1, 1, 1, 1, 1, 1], "split7_test": [0, 0, 1, 0, 0, 0, 0, 0, 0, 0, 1, 0], "split7_notXOR": [0, 0, 1, 0, 0, 0, 0, 0, 0, 0, 1, 0], "split7_prob": [0.9998324708113154, 0.9998324708113154, 0.9998324708113154, 0.9998324708113154, 0.9998324708113154, 0.9998324708113154, 0.9998324708113154, 0.9998324708113154, 0.9998324708113154, 0.9998324708113154, 0.9998324708113154, 0.9998324708113154], "split8_index": [113, 114, 115, 116, 117, 118, 119, 120, 121, 122, 123, 124], "split8_pred": [0, 1, 1, 1, 1, 1, 1, 1, 1, 0, 1, 1], "split8_test": [0, 0, 1, 0, 0, 0, 0, 0, 0, 0, 1, 0], "split8_notXOR": [1, 0, 1, 0, 0, 0, 0, 0, 0, 1, 1, 0], "split8_prob": [3.2028380596955595e-76, 0.9999827045603137, 0.9999827045603137, 0.9999827045603137, 0.9999827045603137, 0.9999827045603137, 0.9999827045603137, 0.9999827045603137, 0.9999827045603137, 6.827707706302011e-90, 0.9999827045603137, 0.9999827045603137], "split9_index": [125, 126, 127, 128, 129, 130, 131, 132, 133, 134, 135, 136], "split9_pred": [0, 0, 1, 0, 0, 1, 0, 1, 1, 0, 0, 0], "split9_test": [0, 0, 1, 0, 0, 0, 0, 0, 0, 0, 1, 0], "split9_notXOR": [1, 1, 1, 1, 1, 0, 1, 0, 0, 1, 0, 1], "split9_prob": [0.0014177151752448461, 0.0, 0.9997724013234783, 7.76724123404855e-21, 1.5835705554988757e-13, 0.9997724013234783, 7.76724123404855e-21, 0.9997724013234783, 0.9997724013234783, 2.2533755895600036e-236, 0.0014177151752448461, 0.0014177151752448461], "split10_index": [137, 138, 139, 140, 141, 142, 143, 144, 145, 146, 147, 148], "split10_pred": [1, 0, 1, 1, 0, 1, 0, 1, 1, 1, 1, 1], "split10_test": [0, 0, 1, 0, 0, 0, 1, 0, 0, 0, 1, 0], "split10_notXOR": [0, 1, 1, 0, 1, 0, 0, 0, 0, 0, 1, 0], "split10_prob": [0.9998851021354049, 2.0790424163515234e-05, 0.9998851021354049, 0.9998851021354049, 6.198058194728333e-06, 0.9998851021354049, 7.099476243345856e-07, 0.9998851021354049, 0.9998851021354049, 0.9998851021354049, 0.9998851021354049, 0.9998851021354049], "split11_index": [149, 150, 151, 152, 153, 154, 155, 156, 157, 158, 159, 160], "split11_pred": [1, 0, 1, 0, 1, 1, 1, 1, 1, 0, 1, 1], "split11_test": [0, 0, 1, 0, 0, 0, 1, 0, 0, 0, 1, 0], "split11_notXOR": [0, 1, 1, 1, 0, 0, 1, 0, 0, 1, 1, 0], "split11_prob": [0.9997556710052994, 5.518750105769526e-197, 0.9997556710052994, 1.138243028537928e-10, 0.9997556710052994, 0.9997556710052994, 0.9997556710052994, 0.9997556710052994, 0.9997556710052994, 2.4938236461776823e-05, 0.9997556710052994, 0.9997556710052994], "split12_index": [161, 162, 163, 164, 165, 166, 167, 168, 169, 170, 171, 172], "split12_pred": [1, 0, 0, 0, 0, 1, 1, 0, 1, 0, 0, 0], "split12_test": [0, 0, 0, 0, 0, 0, 1, 0, 0, 0, 0, 0], "split12_notXOR": [0, 1, 1, 1, 1, 0, 1, 1, 0, 1, 1, 1], "split12_prob": [0.9999405366525894, 0.07467982626099456, 0.018547762502042143, 1.845947848637682e-22, 1.2385422451060977e-99, 0.9999405366525894, 0.9999405366525894, 3.583137956567112e-12, 0.9999405366525894, 8.526855903378254e-07, 1.845947848637682e-22, 0.0]}