{"split0_index": [9, 10, 11, 12, 13, 14, 15, 16, 17], "split0_pred": [1, 1, 0, 1, 1, 0, 1, 0, 1], "split0_test": [1, 0, 0, 1, 0, 1, 1, 1, 0], "split0_notXOR": [1, 0, 1, 1, 0, 0, 1, 0, 0], "split0_prob": [0.7768301581580211, 0.7791461844493213, 0.7814450573976318, 0.7791461844493213, 0.7768301581580211, 0.7814450573976318, 0.7768301581580211, 0.7814450573976318, 0.7768301581580211], "split1_index": [18, 19, 20, 21, 22, 23, 24, 25, 26], "split1_pred": [1, 1, 1, 1, 1, 1, 1, 1, 1], "split1_test": [1, 0, 0, 1, 0, 0, 0, 1, 0], "split1_notXOR": [1, 0, 0, 1, 0, 0, 0, 1, 0], "split1_prob": [0.6281904041434083, 0.6281904041434083, 0.6281904041434083, 0.6281904041434083, 0.6281904041434083, 0.5998703157053821, 0.5876992945676315, 0.6281904041434083, 0.6281904041434083], "split2_index": [27, 28, 29, 30, 31, 32, 33, 34, 35], "split2_pred": [1, 1, 1, 1, 1, 0, 0, 1, 1], "split2_test": [1, 0, 0, 1, 0, 0, 0, 1, 0], "split2_notXOR": [1, 0, 0, 1, 0, 1, 1, 1, 0], "split2_prob": [0.5944783948526912, 0.5944783948526912, 0.5944783948526912, 0.5944783948526912, 0.5944783948526912, 0.2422532703873808, 0.40111294391117824, 0.5944783948526912, 0.5944783948526912], "split3_index": [36, 37, 38, 39, 40, 41, 42, 43, 44], "split3_pred": [0, 0, 1, 0, 0, 0, 0, 0, 0], "split3_test": [1, 0, 0, 1, 0, 0, 0, 1, 0], "split3_notXOR": [0, 1, 0, 0, 1, 1, 1, 0, 1], "split3_prob": [0.4732380945327993, 0.47485840979372784, 0.4801377469306448, 0.46988934458944115, 0.4732380945327993, 0.4732380945327993, 0.4642858324089727, 0.4732380945327993, 0.4743330634259386], "split4_index": [45, 46, 47, 48, 49, 50, 51, 52, 53], "split4_pred": [0, 0, 0, 0, 0, 0, 0, 0, 0], "split4_test": [1, 1, 0, 1, 0, 0, 0, 1, 0], "split4_notXOR": [0, 0, 1, 0, 1, 1, 1, 0, 1], "split4_prob": [0.48243381653254747, 0.4831166645347031, 0.4829413563197744, 0.4707867368656101, 0.4707867368656101, 0.4707867368656101, 0.4707867368656101, 0.4946877142534347, 0.4707867368656101], "split5_index": [54, 55, 56, 57, 58, 59, 60, 61, 62], "split5_pred": [0, 0, 0, 0, 0, 0, 0, 0, 0], "split5_test": [1, 1, 0, 1, 0, 0, 0, 1, 0], "split5_notXOR": [0, 0, 1, 0, 1, 1, 1, 0, 1], "split5_prob": [0.4604028841259602, 0.423974578756249, 0.4604127507440381, 0.4604028841259602, 0.4604028841259602, 0.4438262223756034, 0.42396917791496685, 0.4604028841259602, 0.4604028841259602], "split6_index": [63, 64, 65, 66, 67, 68, 69, 70, 71], "split6_pred": [0, 1, 0, 0, 0, 0, 0, 0, 0], "split6_test": [1, 1, 0, 1, 0, 0, 0, 1, 0], "split6_notXOR": [0, 1, 1, 0, 1, 1, 1, 0, 1], "split6_prob": [0.5418067836177091, 0.3490678797695072, 0.5208536670077695, 0.3598994699101624, 0.48760647911025556, 0.48760647911025556, 0.48760647911025556, 0.5418067836177091, 0.48760647911025556], "split7_index": [72, 73, 74, 75, 76, 77, 78, 79, 80], "split7_pred": [0, 1, 0, 0, 0, 0, 0, 0, 0], "split7_test": [1, 1, 0, 1, 0, 0, 0, 1, 0], "split7_notXOR": [0, 1, 1, 0, 1, 1, 1, 0, 1], "split7_prob": [0.42305025919358175, 0.7590846266259962, 0.4147285206626285, 0.42305025919358175, 0.42305025919358175, 0.42305025919358175, 0.42305025919358175, 0.42305025919358175, 0.42305025919358175], "split8_index": [81, 82, 83, 84, 85, 86, 87, 88, 89], "split8_pred": [0, 1, 0, 0, 0, 0, 0, 0, 0], "split8_test": [1, 1, 0, 1, 0, 0, 0, 1, 0], "split8_notXOR": [0, 1, 1, 0, 1, 1, 1, 0, 1], "split8_prob": [0.41178457305355154, 0.653183523679915, 0.4118296824378078, 0.41178457305355154, 0.41178457305355154, 0.41178457305355154, 0.41178457305355154, 0.41178457305355154, 0.41178457305355154], "split9_index": [90, 91, 92, 93, 94, 95, 96, 97, 98], "split9_pred": [0, 0, 0, 0, 0, 0, 0, 0, 0], "split9_test": [1, 1, 0, 1, 0, 0, 0, 1, 0], "split9_notXOR": [0, 0, 1, 0, 1, 1, 1, 0, 1], "split9_prob": [0.40263686883379723, 0.7130355697403999, 0.3779309549457642, 0.40263686883379723, 0.40263686883379723, 0.40263686883379723, 0.40263686883379723, 0.40263686883379723, 0.40263686883379723], "split10_index": [99, 100, 101, 102, 103, 104, 105, 106, 107], "split10_pred": [0, 0, 0, 0, 0, 0, 0, 1, 0], "split10_test": [1, 0, 0, 1, 0, 0, 0, 1, 0], "split10_notXOR": [0, 1, 1, 0, 1, 1, 1, 1, 1], "split10_prob": [0.39863405105182925, 0.6545676481300223, 0.4057591424247825, 0.528997596994887, 0.39863405105182925, 0.39863405105182925, 0.39863405105182925, 0.7566837182933803, 0.39863405105182925], "split11_index": [108, 109, 110, 111, 112, 113, 114, 115, 116], "split11_pred": [0, 0, 0, 0, 0, 0, 0, 1, 0], "split11_test": [1, 1, 1, 1, 0, 1, 1, 0, 1], "split11_notXOR": [0, 0, 0, 0, 1, 0, 0, 0, 0], "split11_prob": [0.39829730137323577, 0.5367817987654748, 0.3983775315530988, 0.42865315799469283, 0.39829730137323577, 0.5367817791425364, 0.39829730137323577, 0.5639268637673076, 0.5351670931414595], "split12_index": [117, 118, 119, 120, 121, 122, 123, 124, 125], "split12_pred": [0, 0, 0, 0, 0, 0, 0, 0, 0], "split12_test": [1, 1, 0, 1, 0, 1, 1, 0, 0], "split12_notXOR": [0, 0, 1, 0, 1, 0, 0, 1, 1], "split12_prob": [0.45678262018922866, 0.45678262018922866, 0.4582592016827974, 0.45678262018922866, 0.45678262018922866, 0.46492766313085554, 0.45678262018922866, 0.45678262018922866, 0.46428668036613463], "split13_index": [126, 127, 128, 129, 130, 131, 132, 133, 134], "split13_pred": [0, 0, 0, 0, 0, 1, 0, 0, 0], "split13_test": [1, 1, 0, 1, 0, 1, 1, 0, 0], "split13_notXOR": [0, 0, 1, 0, 1, 1, 0, 1, 1], "split13_prob": [0.46027940896341146, 0.46027940896341146, 0.46027940896341146, 0.46027940896341146, 0.46027940896341146, 0.5276228187335846, 0.46027940896341146, 0.46027940896341146, 0.4772285269132174], "split14_index": [135, 136, 137, 138, 139, 140, 141, 142, 143], "split14_pred": [0, 1, 0, 0, 0, 0, 0, 0, 0], "split14_test": [1, 1, 0, 1, 0, 1, 1, 0, 0], "split14_notXOR": [0, 1, 1, 0, 1, 0, 0, 1, 1], "split14_prob": [0.48778274288260154, 0.44084865650545313, 0.47334684037768304, 0.46722297977532096, 0.48778274288260154, 0.48778274288260154, 0.48778274288260154, 0.48778274288260154, 0.48778274288260154], "split15_index": [144, 145, 146, 147, 148, 149, 150, 151, 152], "split15_pred": [0, 1, 0, 0, 0, 0, 0, 0, 0], "split15_test": [1, 1, 0, 1, 0, 1, 1, 0, 0], "split15_notXOR": [0, 1, 1, 0, 1, 0, 0, 1, 1], "split15_prob": [0.4707503319257538, 0.5, 0.48120050678805387, 0.4851377155652422, 0.4707503319257538, 0.4707503319257538, 0.4707503319257538, 0.4707503319257538, 0.4707503319257538], "split16_index": [153, 154, 155, 156, 157, 158, 159, 160, 161], "split16_pred": [0, 0, 0, 0, 0, 0, 0, 0, 0], "split16_test": [1, 1, 0, 1, 0, 1, 1, 0, 0], "split16_notXOR": [0, 0, 1, 0, 1, 0, 0, 1, 1], "split16_prob": [0.4414596917769033, 0.4414596917769033, 0.4459017098386283, 0.45495692201246773, 0.4414596917769033, 0.4414596917769033, 0.4414596917769033, 0.4414596917769033, 0.4414596917769033], "split17_index": [162, 163, 164, 165, 166, 167, 168, 169, 170], "split17_pred": [0, 0, 0, 0, 0, 0, 0, 0, 0], "split17_test": [1, 1, 0, 1, 0, 1, 1, 0, 0], "split17_notXOR": [0, 0, 1, 0, 1, 0, 0, 1, 1], "split17_prob": [0.533476880751931, 0.533476880751931, 0.5334705011901374, 0.48219336276498687, 0.533476880751931, 0.533476880751931, 0.533476880751931, 0.533476880751931, 0.533476880751931], "split18_index": [171, 172, 173, 174, 175, 176, 177, 178, 179], "split18_pred": [0, 0, 0, 0, 0, 0, 0, 0, 0], "split18_test": [1, 1, 0, 1, 0, 1, 1, 0, 0], "split18_notXOR": [0, 0, 1, 0, 1, 0, 0, 1, 1], "split18_prob": [0.45920346207579443, 0.45920346207579443, 0.5, 0.45920346207579443, 0.45920346207579443, 0.5340879965176282, 0.45920346207579443, 0.45920346207579443, 0.45920346207579443], "split19_index": [180, 181, 182, 183, 184, 185, 186, 187, 188], "split19_pred": [0, 0, 0, 0, 0, 0, 0, 0, 0], "split19_test": [1, 1, 0, 1, 0, 1, 1, 0, 0], "split19_notXOR": [0, 0, 1, 0, 1, 0, 0, 1, 1], "split19_prob": [0.5106444229279634, 0.5106444229279634, 0.5079745792758724, 0.48731907976459987, 0.5106444229279634, 0.5, 0.5106444229279634, 0.5106444229279634, 0.5106444229279634], "split20_index": [189, 190, 191, 192, 193, 194, 195, 196, 197], "split20_pred": [0, 0, 0, 0, 0, 0, 0, 0, 0],