{"split0_index": [7, 8, 9, 10, 11, 12, 13, 14], "split0_pred": [0, 0, 1, 0, 0, 0, 0, 0], "split0_test": [1, 0, 1, 0, 0, 0, 0, 0], "split0_notXOR": [0, 1, 1, 1, 1, 1, 1, 1], "split0_prob": [0.0, 0.0, 0.8165837279152184, 0.0, 0.0, 0.0, 0.0, 0.0], "split1_index": [15, 16, 17, 18, 19, 20, 21, 22, 23], "split1_pred": [1, 0, 0, 0, 0, 0, 0, 0, 0], "split1_test": [1, 0, 1, 0, 0, 0, 0, 0, 0], "split1_notXOR": [1, 1, 0, 1, 1, 1, 1, 1, 1], "split1_prob": [0.9999998587859154, 6.510577466923532e-05, 6.510577466923532e-05, 6.510577466923532e-05, 6.510577466923532e-05, 6.510577466923532e-05, 6.510577466923532e-05, 0.001579613348355951, 6.481945097656918e-05], "split2_index": [24, 25, 26, 27, 28, 29, 30, 31, 32], "split2_pred": [0, 0, 0, 0, 0, 0, 0, 0, 0], "split2_test": [1, 0, 1, 0, 0, 0, 0, 0, 0], "split2_notXOR": [0, 1, 0, 1, 1, 1, 1, 1, 1], "split2_prob": [3.55139013716442e-05, 3.686871240613863e-05, 3.686871240613863e-05, 3.686871240613863e-05, 3.686871240613863e-05, 3.686871240613863e-05, 3.686871240613863e-05, 3.686871240613863e-05, 3.686871240613863e-05], "split3_index": [33, 34, 35, 36, 37, 38, 39, 40, 41], "split3_pred": [0, 0, 0, 0, 0, 0, 0, 0, 0], "split3_test": [1, 0, 1, 0, 0, 0, 0, 0, 0], "split3_notXOR": [0, 1, 0, 1, 1, 1, 1, 1, 1], "split3_prob": [6.425429615265683e-05, 4.369402020828228e-05, 6.593644373827682e-05, 4.369402020828228e-05, 4.369402020828228e-05, 4.369402020828228e-05, 4.369402020828228e-05, 4.369402020828228e-05, 4.369402020828228e-05], "split4_index": [42, 43, 44, 45, 46, 47, 48, 49, 50], "split4_pred": [0, 0, 0, 0, 0, 0, 0, 0, 0], "split4_test": [1, 0, 1, 0, 0, 0, 0, 0, 0], "split4_notXOR": [0, 1, 0, 1, 1, 1, 1, 1, 1], "split4_prob": [0.00013044171387337818, 0.00013044171387337818, 0.00013044171387337818, 0.00013044171387337818, 0.00013044171387337818, 0.00013044171387337818, 0.00013044171387337818, 0.00013044171387337818, 0.00013044171387337818], "split5_index": [51, 52, 53, 54, 55, 56, 57, 58, 59], "split5_pred": [0, 0, 0, 0, 0, 0, 0, 0, 0], "split5_test": [1, 0, 1, 0, 0, 0, 0, 0, 0], "split5_notXOR": [0, 1, 0, 1, 1, 1, 1, 1, 1], "split5_prob": [0.0006243407619864114, 0.0006243407619864114, 0.0006243407619864114, 0.0006243407619864114, 0.0006243407619864114, 0.0006243407619864114, 0.0006243407619864114, 0.0006243407619864114, 0.0006243407619864114], "split6_index": [60, 61, 62, 63, 64, 65, 66, 67, 68], "split6_pred": [0, 0, 0, 0, 0, 0, 0, 0, 0], "split6_test": [1, 0, 1, 0, 0, 0, 0, 0, 0], "split6_notXOR": [0, 1, 0, 1, 1, 1, 1, 1, 1], "split6_prob": [0.0003397305462465409, 0.0003397305462465409, 0.28638702576758407, 0.0012301758828149507, 0.0003397305462465409, 0.0003397305462465409, 0.0003397305462465409, 0.0003397305462465409, 0.0003397305462465409], "split7_index": [69, 70, 71, 72, 73, 74, 75, 76, 77], "split7_pred": [0, 0, 0, 0, 0, 0, 0, 0, 0], "split7_test": [1, 0, 1, 0, 0, 0, 0, 0, 0], "split7_notXOR": [0, 1, 0, 1, 1, 1, 1, 1, 1], "split7_prob": [0.0003382338351309031, 0.0003382338351309031, 0.0014136957201504499, 0.0014275010932920345, 0.0003382338351309031, 0.0003382338351309031, 0.0003382338351309031, 0.0003382338351309031, 0.0003382338351309031], "split8_index": [78, 79, 80, 81, 82, 83, 84, 85, 86], "split8_pred": [0, 0, 0, 0, 0, 0, 0, 0, 0], "split8_test": [1, 0, 1, 0, 0, 0, 0, 0, 0], "split8_notXOR": [0, 1, 0, 1, 1, 1, 1, 1, 1], "split8_prob": [0.0005028198323210508, 0.000498553200334355, 0.00047259565216271307, 0.000498553200334355, 0.000498553200334355, 0.000498553200334355, 0.000498553200334355, 0.000498553200334355, 0.000498553200334355], "split9_index": [87, 88, 89, 90, 91, 92, 93, 94, 95], "split9_pred": [1, 0, 0, 0, 0, 0, 0, 0, 0], "split9_test": [1, 0, 1, 0, 0, 0, 0, 0, 0], "split9_notXOR": [1, 1, 0, 1, 1, 1, 1, 1, 1], "split9_prob": [0.8960955270061192, 0.0010921265914169394, 0.0010921265914169394, 0.0010921265914169394, 0.0010921265914169394, 0.0010921265914169394, 0.0010921265914169394, 0.0010921265914169394, 0.0010921265914169394], "split10_index": [96, 97, 98, 99, 100, 101, 102, 103, 104], "split10_pred": [1, 0, 1, 0, 0, 0, 0, 1, 0], "split10_test": [1, 0, 1, 0, 0, 0, 0, 0, 0], "split10_notXOR": [1, 1, 1, 1, 1, 1, 1, 0, 1], "split10_prob": [0.9999219484571658, 0.00987206323385549, 0.9999999982023837, 0.00987206323385549, 0.00987206323385549, 0.39303184701018895, 3.1375398606912476e-11, 0.9966178696807231, 0.036754432169372984], "split11_index": [105, 106, 107, 108, 109, 110, 111, 112, 113], "split11_pred": [0, 0, 0, 0, 0, 0, 0, 0, 0], "split11_test": [1, 0, 1, 0, 0, 0, 0, 0, 0], "split11_notXOR": [0, 1, 0, 1, 1, 1, 1, 1, 1], "split11_prob": [0.002482143728888253, 0.002482143728888253, 0.002482143728888253, 0.002482143728888253, 0.002482143728888253, 0.002482143728888253, 0.002482143728888253, 0.002482143728888253, 0.003661820506902247], "split12_index": [114, 115, 116, 117, 118, 119, 120, 121, 122], "split12_pred": [1, 0, 1, 1, 0, 0, 0, 1, 0], "split12_test": [1, 0, 1, 0, 0, 0, 0, 0, 0], "split12_notXOR": [1, 1, 1, 0, 1, 1, 1, 0, 1], "split12_prob": [0.9985121547081328, 0.0005875602459405514, 0.9999999021422828, 1.0, 0.00010545337959480342, 0.00010545337959480342, 0.00010545337959480342, 0.983135640554083, 0.0005875602459405514], "split13_index": [123, 124, 125, 126, 127, 128, 129, 130, 131], "split13_pred": [0, 0, 0, 0, 0, 0, 0, 1, 0], "split13_test": [1, 0, 1, 0, 0, 0, 0, 0, 0], "split13_notXOR": [0, 1, 0, 1, 1, 1, 1, 0, 1], "split13_prob": [0.0006237472358655095, 0.0024223878330490154, 0.0024223878330490154, 0.0024223878330490154, 0.0024223878330490154, 0.0024223878330490154, 0.0024223878330490154, 0.9918794678915028, 5.650636589865518e-12], "split14_index": [132, 133, 134, 135, 136, 137, 138, 139, 140, 141], "split14_pred": [1, 0, 0, 0, 0, 0, 0, 0, 1, 0], "split14_test": [1, 0, 0, 1, 0, 0, 0, 0, 0, 0], "split14_notXOR": [1, 1, 1, 0, 1, 1, 1, 1, 0, 1], "split14_prob": [1.0, 0.004309802949673821, 1.058753847342552e-75, 0.004309802949673821, 0.004309802949673821, 0.004309802949673821, 0.004309802949673821, 0.004309802949673821, 1.0, 0.004309802949673821], "split15_index": [142, 143, 144, 145, 146, 147, 148, 149, 150, 151], "split15_pred": [0, 0, 0, 0, 0, 0, 0, 0, 0, 0], "split15_test": [1, 0, 0, 1, 0, 0, 0, 0, 0, 0], "split15_notXOR": [0, 1, 1, 0, 1, 1, 1, 1, 1, 1], "split15_prob": [0.03674898372752765, 0.04346913635588561, 0.03487501854196112, 0.026054365082705522, 0.04346913635588561, 0.03487501854196112, 0.03674898372752765, 0.03487501854196112, 0.04346913635588561, 0.03487501854196112], "split16_index": [152, 153, 154, 155, 156, 157, 158, 159, 160, 161], "split16_pred": [0, 0, 0, 0, 0, 0, 0, 0, 0, 0], "split16_test": [1, 0, 0, 1, 0, 0, 0, 0, 0, 0], "split16_notXOR": [0, 1, 1, 0, 1, 1, 1, 1, 1, 1], "split16_prob": [0.04105573771148696, 0.04105573771148696, 0.04105573771148696, 0.04105573771148696, 0.04105573771148696, 0.04105573771148696, 0.04105573771148696, 0.04105573771148696, 0.04105573771148696, 0.04105573771148696], "split17_index": [162, 163, 164, 165, 166, 167, 168, 169, 170, 171], "split17_pred": [0, 0, 0, 0, 0, 0, 0, 0, 0, 0], "split17_test": [1, 0, 0, 1, 0, 0, 0, 0, 0, 0], "split17_notXOR": [0, 1, 1, 0, 1, 1, 1, 1, 1, 1], "split17_prob": [0.021493203884930014, 0.021493203884930014, 0.021493203884930014, 0.021493203884930014, 0.021493203884930014, 0.021493203884930014, 0.021493203884930014, 0.021493203884930014, 0.021493203884930014, 0.021493203884930014], "split18_index": [172, 173, 174, 175, 176, 177, 178, 179, 180, 181, 182, 183], "split18_pred": [0, 0, 0, 0, 0, 0, 0, 0, 0, 0, 0, 0], "split18_test": [1, 0, 0, 1, 0, 0, 0, 0, 0, 0, 0, 0], "split18_notXOR": [0, 1, 1, 0, 1, 1, 1, 1, 1, 1, 1, 1], "split18_prob": [0.020968333132748613, 0.020968333132748613, 0.020968333132748613, 0.020968333132748613, 3.47881351411592e-19, 0.020968333132748613, 0.2119183429264672, 0.020968333132748613, 0.020968333132748613, 0.020968333132748613, 0.02601761553829558, 0.018874977064002273], "split19_index": [184, 185, 186, 187, 188, 189, 190, 191, 192, 193], "split19_pred": [0, 0, 0, 0, 0, 0, 0, 0, 0, 0],