{"split0_index": [3, 4, 5], "split0_pred": [0, 0, 0], "split0_test": [0, 0, 1], "split0_notXOR": [1, 1, 0], "split0_prob": [0.5, 0.5, 0.5], "split1_index": [6, 7, 8], "split1_pred": [1, 1, 1], "split1_test": [0, 0, 1], "split1_notXOR": [0, 0, 1], "split1_prob": [0.5714285714285714, 0.5714285714285714, 0.5714285714285714], "split2_index": [9, 10, 11], "split2_pred": [0, 0, 0], "split2_test": [0, 0, 1], "split2_notXOR": [1, 1, 0], "split2_prob": [0.375, 0.375, 0.375], "split3_index": [12, 13, 14], "split3_pred": [0, 0, 0], "split3_test": [0, 0, 1], "split3_notXOR": [1, 1, 0], "split3_prob": [0.4166666666666667, 0.4166666666666667, 0.4166666666666667], "split4_index": [15, 16, 17], "split4_pred": [1, 0, 0], "split4_test": [0, 0, 1], "split4_notXOR": [0, 1, 0], "split4_prob": [1.0, 0.47058823529411764, 0.47058823529411764], "split5_index": [18, 19, 20], "split5_pred": [0, 0, 0], "split5_test": [0, 0, 1], "split5_notXOR": [1, 1, 0], "split5_prob": [0.5, 0.5, 0.5], "split6_index": [21, 22, 23], "split6_pred": [0, 0, 0], "split6_test": [0, 0, 1], "split6_notXOR": [1, 1, 0], "split6_prob": [0.0, 0.5, 0.5], "split7_index": [24, 25, 26], "split7_pred": [0, 1, 1], "split7_test": [0, 0, 1], "split7_notXOR": [1, 0, 1], "split7_prob": [0.0, 0.5185185185185185, 0.5185185185185185], "split8_index": [27, 28, 29], "split8_pred": [1, 1, 1], "split8_test": [0, 0, 1], "split8_notXOR": [0, 0, 1], "split8_prob": [0.5333333333333333, 0.5333333333333333, 0.5333333333333333], "split9_index": [30, 31, 32], "split9_pred": [1, 1, 1], "split9_test": [1, 0, 1], "split9_notXOR": [1, 0, 1], "split9_prob": [1.0, 0.5625, 0.5625], "split10_index": [33, 34, 35], "split10_pred": [1, 1, 1], "split10_test": [1, 0, 1], "split10_notXOR": [1, 0, 1], "split10_prob": [0.53125, 0.53125, 0.53125], "split11_index": [36, 37, 38], "split11_pred": [1, 1, 1], "split11_test": [1, 0, 1], "split11_notXOR": [1, 0, 1], "split11_prob": [0.5428571428571428, 0.5428571428571428, 0.5428571428571428], "split12_index": [39, 40, 41], "split12_pred": [1, 1, 0], "split12_test": [1, 0, 1], "split12_notXOR": [1, 0, 0], "split12_prob": [0.5405405405405406, 0.5405405405405406, 0.0], "split13_index": [42, 43, 44], "split13_pred": [1, 1, 1], "split13_test": [1, 0, 1], "split13_notXOR": [1, 0, 1], "split13_prob": [0.5135135135135135, 0.5135135135135135, 0.5135135135135135], "split14_index": [45, 46, 47], "split14_pred": [1, 1, 1], "split14_test": [1, 0, 1], "split14_notXOR": [1, 0, 1], "split14_prob": [0.525, 0.525, 0.525], "split15_index": [48, 49, 50], "split15_pred": [1, 1, 1], "split15_test": [1, 0, 1], "split15_notXOR": [1, 0, 1], "split15_prob": [0.5238095238095238, 0.5238095238095238, 0.5238095238095238], "split16_index": [51, 52, 53], "split16_pred": [1, 1, 1], "split16_test": [1, 0, 1], "split16_notXOR": [1, 0, 1], "split16_prob": [1.0, 0.5333333333333333, 0.5333333333333333], "split17_index": [54, 55, 56], "split17_pred": [1, 1, 1], "split17_test": [1, 0, 1], "split17_notXOR": [1, 0, 1], "split17_prob": [0.5217391304347826, 0.5217391304347826, 0.5217391304347826], "split18_index": [57, 58, 59], "split18_pred": [1, 1, 1], "split18_test": [1, 0, 1], "split18_notXOR": [1, 0, 1], "split18_prob": [0.5208333333333334, 0.5208333333333334, 0.5208333333333334], "split19_index": [60, 61, 62], "split19_pred": [1, 1, 1], "split19_test": [1, 0, 1], "split19_notXOR": [1, 0, 1], "split19_prob": [0.52, 0.52, 0.52], "split20_index": [63, 64, 65], "split20_pred": [1, 1, 1], "split20_test": [1, 0, 1], "split20_notXOR": [1, 0, 1], "split20_prob": [0.5185185185185185, 0.5185185185185185, 0.5185185185185185], "split21_index": [66, 67, 68], "split21_pred": [1, 1, 1], "split21_test": [1, 0, 1], "split21_notXOR": [1, 0, 1], "split21_prob": [0.5263157894736842, 0.5263157894736842, 0.5263157894736842], "split22_index": [69, 70, 71], "split22_pred": [1, 1, 1], "split22_test": [1, 0, 1], "split22_notXOR": [1, 0, 1], "split22_prob": [0.5245901639344263, 0.5245901639344263, 0.5245901639344263], "split23_index": [72, 73, 74], "split23_pred": [0, 1, 1], "split23_test": [1, 0, 1], "split23_notXOR": [0, 0, 1], "split23_prob": [0.0, 0.5230769230769231, 0.5230769230769231], "split24_index": [75, 76, 77], "split24_pred": [1, 1, 1], "split24_test": [1, 0, 1], "split24_notXOR": [1, 0, 1], "split24_prob": [0.5223880597014925, 0.5223880597014925, 0.5223880597014925], "split25_index": [78, 79, 80], "split25_pred": [1, 1, 1], "split25_test": [1, 0, 1], "split25_notXOR": [1, 0, 1], "split25_prob": [1.0, 0.5211267605633803, 0.5211267605633803], "split26_index": [81, 82, 83], "split26_pred": [0, 1, 1], "split26_test": [1, 0, 1], "split26_notXOR": [0, 0, 1], "split26_prob": [0.0, 0.5205479452054794, 0.5205479452054794], "split27_index": [84, 85, 86, 87], "split27_pred": [1, 1, 1, 1], "split27_test": [0, 1, 0, 1], "split27_notXOR": [0, 1, 0, 1], "split27_prob": [0.52, 0.52, 0.52, 0.52], "split28_index": [88, 89, 90, 91], "split28_pred": [0, 1, 0, 1], "split28_test": [0, 1, 0, 1], "split28_notXOR": [1, 1, 1, 1], "split28_prob": [0.5, 1.0, 0.5, 1.0], "split29_index": [92, 93, 94, 95], "split29_pred": [0, 0, 1, 0], "split29_test": [0, 1, 0, 1], "split29_notXOR": [1, 0, 0, 0], "split29_prob": [0.4878048780487805, 0.4878048780487805, 1.0, 0.4878048780487805], "split30_index": [96, 97, 98, 99], "split30_pred": [0, 1, 0, 0], "split30_test": [0, 1, 0, 1], "split30_notXOR": [1, 1, 1, 0], "split30_prob": [0.49411764705882355, 1.0, 0.49411764705882355, 0.49411764705882355], "split31_index": [100, 101, 102, 103], "split31_pred": [1, 0, 0, 0], "split31_test": [0, 1, 0, 1], "split31_notXOR": [0, 0, 1, 0], "split31_prob": [1.0, 0.48863636363636365, 0.48863636363636365, 0.48863636363636365], "split32_index": [104, 105, 106, 107], "split32_pred": [0, 0, 0, 0], "split32_test": [0, 1, 0, 1], "split32_notXOR": [1, 0, 1, 0], "split32_prob": [0.4945054945054945, 0.4945054945054945, 0.4945054945054945, 0.4945054945054945], "split33_index": [108, 109, 110, 111], "split33_pred": [0, 0, 0, 1], "split33_test": [0, 1, 0, 1], "split33_notXOR": [1, 0, 1, 1], "split33_prob": [0.49473684210526314, 0.49473684210526314, 0.49473684210526314, 1.0], "split34_index": [112, 113, 114, 115], "split34_pred": [0, 1, 0, 0], "split34_test": [0, 1, 0, 1], "split34_notXOR": [1, 1, 1, 0], "split34_prob": [0.48484848484848486, 1.0, 0.48484848484848486, 0.48484848484848486], "split35_index": [116, 117, 118, 119], "split35_pred": [0, 1, 0, 0], "split35_test": [0, 1, 0, 1], "split35_notXOR": [1, 1, 1, 0], "split35_prob": [0.4803921568627451, 1.0, 0.4803921568627451, 0.4803921568627451], "split36_index": [120, 121, 122, 123], "split36_pred": [0, 0, 0, 0], "split36_test": [0, 1, 0, 1], "split36_notXOR": [1, 0, 1, 0], "split36_prob": [0.47619047619047616, 0.47619047619047616, 0.47619047619047616, 0.47619047619047616], "split37_index": [124, 125, 126, 127], "split37_pred": [0, 0, 0, 0], "split37_test": [0, 1, 0, 1], "split37_notXOR": [1, 0, 1, 0], "split37_prob": [0.47706422018348627, 0.47706422018348627, 0.47706422018348627, 0.47706422018348627], "split38_index": [128, 129, 130, 131], "split38_pred": [0, 0, 0, 0], "split38_test": [0, 1, 0, 1], "split38_notXOR": [1, 0, 1, 0], "split38_prob": [0.4732142857142857, 0.0, 0.4732142857142857, 0.4732142857142857], "split39_index": [132, 133, 134, 135], "split39_pred": [0, 0, 0, 0], "split39_test": [0, 1, 0, 1], "split39_notXOR": [1, 0, 1, 0], "split39_prob": [0.46956521739130436, 0.46956521739130436, 0.46956521739130436, 0.46956521739130436], "split40_index": [136, 137, 138, 139], "split40_pred": [1, 1, 0, 0], "split40_test": [0, 0, 0, 1], "split40_notXOR": [0, 0, 1, 0], "split40_prob": [1.0, 1.0, 0.47058823529411764, 0.47058823529411764], "split41_index": [140, 141, 142, 143], "split41_pred": [0, 0, 0, 0], "split41_test": [0, 0, 0, 1], "split41_notXOR": [1, 1, 1, 0], "split41_prob": [0.4830508474576271, 0.4830508474576271, 0.4830508474576271, 0.4830508474576271], "split42_index": [144, 145, 146, 147], "split42_pred": [0, 0, 0, 0], "split42_test": [0, 0, 0, 1],