{"split0_index": [3, 4, 5], "split0_pred": [0, 0, 0], "split0_test": [0, 1, 0], "split0_notXOR": [1, 0, 1], "split0_prob": [0.0, 0.0, 0.0], "split1_index": [6, 7, 8], "split1_pred": [0, 0, 0], "split1_test": [0, 1, 0], "split1_notXOR": [1, 0, 1], "split1_prob": [0.0, 0.0, 0.0], "split2_index": [9, 10, 11], "split2_pred": [0, 0, 0], "split2_test": [0, 1, 0], "split2_notXOR": [1, 0, 1], "split2_prob": [1.1598283211946788e-07, 1.8921244608957288e-07, 1.8921244608957288e-07], "split3_index": [12, 13, 14], "split3_pred": [0, 0, 0], "split3_test": [0, 1, 0], "split3_notXOR": [1, 0, 1], "split3_prob": [0.0005045028321996785, 0.001300921971931027, 0.001300921971931027], "split4_index": [15, 16, 17], "split4_pred": [0, 0, 0], "split4_test": [0, 1, 0], "split4_notXOR": [1, 0, 1], "split4_prob": [0.0006077020529807831, 0.002101859382449556, 0.002101859382449556], "split5_index": [18, 19, 20], "split5_pred": [0, 0, 0], "split5_test": [0, 1, 0], "split5_notXOR": [1, 0, 1], "split5_prob": [0.0020232196128125595, 0.0020232196128125595, 0.0020232196128125595], "split6_index": [21, 22, 23, 24], "split6_pred": [0, 0, 1, 0], "split6_test": [0, 1, 1, 0], "split6_notXOR": [1, 0, 1, 1], "split6_prob": [0.059871962791769276, 0.004136558883945728, 0.9948626132669529, 0.0046069531299536655], "split7_index": [25, 26, 27, 28], "split7_pred": [0, 0, 0, 0], "split7_test": [0, 1, 1, 0], "split7_notXOR": [1, 0, 0, 1], "split7_prob": [0.3282128843803996, 0.006332077991185825, 0.006005026187956298, 0.006332077991185825], "split8_index": [29, 30, 31, 32], "split8_pred": [0, 0, 0, 0], "split8_test": [0, 1, 1, 0], "split8_notXOR": [1, 0, 0, 1], "split8_prob": [0.00512661121953233, 0.00512661121953233, 0.00512661121953233, 0.00512661121953233], "split9_index": [33, 34, 35, 36], "split9_pred": [0, 0, 0, 0], "split9_test": [0, 1, 1, 0], "split9_notXOR": [1, 0, 0, 1], "split9_prob": [0.036825291437880506, 0.036825291437880506, 0.036825291437880506, 0.036825291437880506], "split10_index": [37, 38, 39, 40], "split10_pred": [0, 0, 0, 0], "split10_test": [0, 1, 1, 0], "split10_notXOR": [1, 0, 0, 1], "split10_prob": [0.01365649975327563, 0.020067364242888377, 0.020067364242888377, 0.017920459802839683], "split11_index": [41, 42, 43, 44], "split11_pred": [0, 0, 0, 0], "split11_test": [0, 1, 0, 0], "split11_notXOR": [1, 0, 1, 1], "split11_prob": [0.021755654565559245, 0.021755654565559245, 0.017012347397774304, 0.021755654565559245], "split12_index": [45, 46, 47, 48], "split12_pred": [0, 0, 0, 0], "split12_test": [0, 1, 0, 0], "split12_notXOR": [1, 0, 1, 1], "split12_prob": [0.01591690000595589, 0.01591690000595589, 0.05578987031128319, 0.01591690000595589], "split13_index": [49, 50, 51, 52, 53], "split13_pred": [0, 0, 0, 0, 0], "split13_test": [0, 1, 0, 0, 0], "split13_notXOR": [1, 0, 1, 1, 1], "split13_prob": [0.010541197240215263, 0.011938550712760454, 0.014863186436751222, 0.014863186436751222, 0.09866023870380454], "split14_index": [54, 55, 56, 57, 58, 59], "split14_pred": [0, 1, 0, 0, 0, 0], "split14_test": [0, 1, 0, 0, 1, 0], "split14_notXOR": [1, 1, 1, 1, 0, 1], "split14_prob": [0.025023117173800728, 0.9999995488232672, 0.025023117173800728, 0.01874535548041882, 0.025023117173800728, 0.025023117173800728], "split15_index": [60, 61, 62, 63, 64, 65], "split15_pred": [0, 0, 0, 0, 0, 0], "split15_test": [0, 1, 0, 0, 1, 0], "split15_notXOR": [1, 0, 1, 1, 0, 1], "split15_prob": [0.008291772551657918, 0.008291772551657918, 0.01164207047957826, 0.008291772551657918, 0.008291772551657918, 0.008291772551657918], "split16_index": [66, 67, 68, 69, 70, 71], "split16_pred": [0, 0, 0, 0, 0, 0], "split16_test": [0, 1, 0, 0, 1, 0], "split16_notXOR": [1, 0, 1, 1, 0, 1], "split16_prob": [0.020705483456272884, 0.020705483456272884, 0.020705483456272884, 0.020705483456272884, 0.020705483456272884, 0.020705483456272884], "split17_index": [72, 73, 74, 75, 76, 77, 78], "split17_pred": [0, 0, 0, 0, 0, 0, 0], "split17_test": [0, 1, 0, 0, 1, 0, 0], "split17_notXOR": [1, 0, 1, 1, 0, 1, 1], "split17_prob": [0.006118498509671354, 0.006118498509671354, 0.006118498509671354, 0.004794840517822616, 0.004974658747366855, 0.006118498509671354, 0.049562096475574136], "split18_index": [79, 80, 81, 82, 83, 84, 85], "split18_pred": [0, 0, 0, 0, 0, 0, 0], "split18_test": [0, 1, 0, 0, 1, 0, 0], "split18_notXOR": [1, 0, 1, 1, 0, 1, 1], "split18_prob": [0.019224063478065403, 0.019224063478065403, 0.019224063478065403, 0.019224063478065403, 0.019224063478065403, 0.019224063478065403, 0.019224063478065403], "split19_index": [86, 87, 88, 89, 90, 91, 92], "split19_pred": [0, 0, 0, 0, 0, 0, 0], "split19_test": [0, 1, 0, 0, 1, 0, 0], "split19_notXOR": [1, 0, 1, 1, 0, 1, 1], "split19_prob": [0.017356721387717565, 0.017356721387717565, 0.017356721387717565, 0.017356721387717565, 0.017356721387717565, 0.017356721387717565, 0.017356721387717565], "split20_index": [93, 94, 95, 96, 97], "split20_pred": [0, 1, 0, 1, 0], "split20_test": [0, 0, 1, 0, 1], "split20_notXOR": [1, 0, 0, 0, 0], "split20_prob": [0.014622107011021287, 1.0, 0.013033360396685676, 0.9999489913629441, 0.014080429863380501], "split21_index": [98, 99, 100, 101, 102], "split21_pred": [0, 0, 0, 0, 0], "split21_test": [0, 0, 1, 0, 1], "split21_notXOR": [1, 1, 0, 1, 0], "split21_prob": [0.035446753444486626, 0.03462232428546608, 0.035446753444486626, 0.035446753444486626, 0.035446753444486626], "split22_index": [103, 104, 105, 106, 107, 108], "split22_pred": [0, 0, 1, 1, 0, 0], "split22_test": [0, 0, 0, 1, 0, 1], "split22_notXOR": [1, 1, 0, 1, 1, 0], "split22_prob": [0.03836467234974975, 0.03836467234974975, 0.9966671391796201, 0.5096765476757228, 0.03836467234974975, 0.03836467234974975], "split23_index": [109, 110, 111, 112, 113, 114], "split23_pred": [0, 0, 1, 1, 0, 0], "split23_test": [0, 0, 0, 1, 0, 1], "split23_notXOR": [1, 1, 0, 1, 1, 0], "split23_prob": [0.038523102449554834, 0.038523102449554834, 0.9983735096202905, 0.7066174455851473, 0.038523102449554834, 0.038523102449554834], "split24_index": [115, 116, 117, 118, 119, 120], "split24_pred": [0, 0, 0, 0, 0, 0], "split24_test": [0, 0, 0, 1, 0, 1], "split24_notXOR": [1, 1, 1, 0, 1, 0], "split24_prob": [0.043579884323127496, 0.12376227530518416, 0.05057312279173622, 0.05057312279173622, 0.0689999778480766, 0.05057312279173622], "split25_index": [121, 122, 123, 124, 125, 126], "split25_pred": [0, 0, 0, 0, 0, 0], "split25_test": [0, 0, 0, 1, 0, 1], "split25_notXOR": [1, 1, 1, 0, 1, 0], "split25_prob": [0.057586352696966464, 0.057586352696966464, 0.057586352696966464, 0.057586352696966464, 0.057586352696966464, 0.04989330734663322], "split26_index": [127, 128, 129, 130, 131, 132], "split26_pred": [0, 0, 0, 0, 0, 0], "split26_test": [0, 0, 0, 1, 0, 1], "split26_notXOR": [1, 1, 1, 0, 1, 0], "split26_prob": [0.051872773251116146, 0.051872773251116146, 0.051872773251116146, 0.051872773251116146, 0.051872773251116146, 0.050562639932725105], "split27_index": [133, 134, 135, 136, 137, 138], "split27_pred": [0, 0, 0, 0, 0, 0], "split27_test": [0, 0, 0, 1, 0, 1], "split27_notXOR": [1, 1, 1, 0, 1, 0], "split27_prob": [0.05171232755071648, 0.042496806905105225, 0.05171232755071648, 0.05171232755071648, 0.05171232755071648, 0.05043012527259418], "split28_index": [139, 140, 141, 142, 143, 144], "split28_pred": [0, 0, 0, 0, 0, 0], "split28_test": [0, 0, 0, 0, 0, 1], "split28_notXOR": [1, 1, 1, 1, 1, 0], "split28_prob": [0.05119217770226572, 0.05119217770226572, 0.05119217770226572, 0.05119217770226572, 0.06821569197124526, 0.05119217770226572], "split29_index": [145, 146, 147, 148, 149, 150], "split29_pred": [0, 0, 0, 0, 0, 0], "split29_test": [0, 0, 0, 0, 0, 1], "split29_notXOR": [1, 1, 1, 1, 1, 0], "split29_prob": [0.05001747480673017, 0.04426897731593547, 0.05001747480673017, 0.04519582237213227, 0.05001747480673017, 0.04814088122612109], "split30_index": [151, 152, 153, 154, 155, 156], "split30_pred": [0, 0, 0, 0, 0, 0], "split30_test": [0, 0, 0, 0, 0, 1], "split30_notXOR": [1, 1, 1, 1, 1, 0],