{"split0_index": [4, 5, 6, 7], "split0_pred": [0, 0, 0, 0], "split0_test": [0, 0, 1, 0], "split0_notXOR": [1, 1, 0, 1], "split0_prob": [0.3824273055990602, 0.36580392393905636, 0.3628037511330432, 0.3640900888125666], "split1_index": [8, 9, 10, 11], "split1_pred": [0, 0, 0, 0], "split1_test": [0, 0, 1, 0], "split1_notXOR": [1, 1, 0, 1], "split1_prob": [0.2678859075017247, 0.25772195278364096, 0.2612547524267539, 0.2672629938254734], "split2_index": [12, 13, 14, 15], "split2_pred": [0, 0, 0, 0], "split2_test": [0, 0, 1, 0], "split2_notXOR": [1, 1, 0, 1], "split2_prob": [0.23237114400653028, 0.2935882537583778, 0.331724902006177, 0.2305685723052635], "split3_index": [16, 17, 18, 19], "split3_pred": [0, 0, 1, 0], "split3_test": [0, 0, 1, 0], "split3_notXOR": [1, 1, 1, 1], "split3_prob": [0.10547006008109872, 0.10548665414695733, 0.9325825917797141, 0.1048627437997896], "split4_index": [20, 21, 22, 23], "split4_pred": [0, 0, 1, 0], "split4_test": [0, 0, 1, 0], "split4_notXOR": [1, 1, 1, 1], "split4_prob": [0.12797802583504658, 0.14904670254976166, 0.7972735037833714, 0.1245367315076671], "split5_index": [24, 25, 26, 27], "split5_pred": [0, 0, 1, 0], "split5_test": [0, 0, 1, 0], "split5_notXOR": [1, 1, 1, 1], "split5_prob": [0.08291234044201037, 0.07691229247637386, 0.8816669497821016, 0.07990550764179516], "split6_index": [28, 29, 30, 31], "split6_pred": [0, 0, 1, 0], "split6_test": [0, 0, 1, 0], "split6_notXOR": [1, 1, 1, 1], "split6_prob": [0.11123890151294438, 0.1103291237789945, 0.7693513923416269, 0.11110087711356868]}