{"split0_index": [11, 12, 13, 14, 15, 16, 17, 18, 19, 20, 21], "split0_pred": [0, 0, 0, 1, 1, 1, 0, 0, 0, 1, 1], "split0_test": [0, 0, 0, 0, 1, 1, 0, 0, 0, 0, 0], "split0_notXOR": [1, 1, 1, 0, 1, 1, 1, 1, 1, 0, 0], "split0_prob": [0.43360950292654116, 0.49472423589330616, 0.49472423589330616, 0.5118893180780734, 0.5070033050088555, 0.5824692952712728, 0.478609247091412, 0.4611228965809509, 0.478609247091412, 0.5176170231406123, 0.5003597718628546], "split1_index": [22, 23, 24, 25, 26, 27, 28, 29, 30, 31, 32, 33], "split1_pred": [0, 0, 0, 0, 0, 1, 1, 0, 0, 0, 0, 0], "split1_test": [0, 0, 0, 0, 0, 1, 1, 0, 0, 0, 0, 0], "split1_notXOR": [1, 1, 1, 1, 1, 1, 1, 1, 1, 1, 1, 1], "split1_prob": [0.4638008763576524, 0.42081631437115824, 0.42081631437115824, 0.44444363359124606, 0.4511115427113355, 0.5276938577183116, 0.6080442641441176, 0.4452472972733514, 0.46461027007224, 0.4655043448507516, 0.47364844656628285, 0.43987862773061326], "split2_index": [34, 35, 36, 37, 38, 39, 40, 41, 42, 43, 44, 45], "split2_pred": [0, 0, 0, 0, 0, 1, 1, 0, 0, 0, 0, 0], "split2_test": [0, 0, 0, 0, 0, 1, 0, 0, 0, 0, 0, 0], "split2_notXOR": [1, 1, 1, 1, 1, 1, 0, 1, 1, 1, 1, 1], "split2_prob": [0.4209247107215759, 0.41415140154265495, 0.41415140154265495, 0.4403255291653466, 0.403794106524397, 0.532593247920202, 0.7111306349772172, 0.4215858851067658, 0.43891561975316556, 0.4480649249850615, 0.4737711780346972, 0.4293176945823159], "split3_index": [46, 47, 48, 49, 50, 51, 52, 53, 54, 55, 56, 57], "split3_pred": [0, 1, 1, 0, 0, 1, 1, 0, 0, 0, 1, 1], "split3_test": [0, 0, 0, 0, 0, 1, 0, 0, 0, 0, 0, 0], "split3_notXOR": [1, 0, 0, 1, 1, 1, 0, 1, 1, 1, 0, 0], "split3_prob": [0.3923521911282501, 0.8678923956796989, 0.8678923956796989, 0.40801742095438903, 0.3246265547950491, 0.5473041010007331, 0.824612050271796, 0.1977692112670987, 0.34500468319285943, 0.32309037866436674, 0.5646076166134343, 0.5758803726675372], "split4_index": [58, 59, 60, 61, 62, 63, 64, 65, 66, 67, 68, 69], "split4_pred": [0, 1, 1, 0, 0, 1, 1, 0, 0, 0, 1, 1], "split4_test": [0, 0, 0, 0, 0, 1, 0, 0, 0, 0, 0, 0], "split4_notXOR": [1, 0, 0, 1, 1, 1, 0, 1, 1, 1, 0, 0], "split4_prob": [0.326792422744614, 0.8622277604742166, 0.8622277604742166, 0.3690802097722059, 0.2494196526456695, 0.5554975953400435, 0.7960008602008131, 0.2660217167053924, 0.3397394691082479, 0.30111398022492847, 0.5377196109391206, 0.5484453711625837], "split5_index": [70, 71, 72, 73, 74, 75, 76, 77, 78, 79, 80, 81], "split5_pred": [0, 1, 1, 0, 0, 1, 1, 0, 0, 0, 1, 1], "split5_test": [0, 0, 0, 0, 0, 1, 0, 0, 0, 0, 0, 0], "split5_notXOR": [1, 0, 0, 1, 1, 1, 0, 1, 1, 1, 0, 0], "split5_prob": [0.3054794242012373, 0.9316729174847534, 0.9316729174847534, 0.39507906108611046, 0.2401372876293215, 0.5637731576127987, 0.6901314997332002, 0.2688567211317234, 0.3529509984061131, 0.2831057203817105, 0.5748028414489804, 0.5791548290377619], "split6_index": [82, 83, 84, 85, 86, 87, 88, 89, 90, 91, 92, 93], "split6_pred": [1, 0, 0, 0, 0, 1, 1, 0, 1, 0, 1, 1], "split6_test": [0, 0, 0, 0, 0, 1, 0, 0, 0, 0, 0, 0], "split6_notXOR": [0, 1, 1, 1, 1, 1, 0, 1, 0, 1, 0, 0], "split6_prob": [0.5447717996480276, 0.4158467875375049, 0.4158467875375049, 0.477043275252609, 0.4674569863081101, 0.5987042001901094, 0.7361237924120128, 0.23521980477595572, 0.5464567276568869, 0.4888174688154736, 0.5098143691985022, 0.5186164460710232], "split7_index": [94, 95, 96, 97, 98, 99, 100, 101, 102, 103, 104, 105], "split7_pred": [1, 0, 0, 0, 0, 1, 1, 0, 1, 0, 0, 0], "split7_test": [0, 0, 0, 0, 0, 1, 0, 0, 0, 0, 0, 0], "split7_notXOR": [0, 1, 1, 1, 1, 1, 0, 1, 0, 1, 1, 1], "split7_prob": [0.5758457987281638, 0.3361846322688674, 0.3361846322688674, 0.4272057882949345, 0.4398803843542456, 0.6077963543530976, 0.7315889230042812, 0.2310374872539947, 0.6221022032593446, 0.48038454453451784, 0.4926877000698899, 0.4729050681041071], "split8_index": [106, 107, 108, 109, 110, 111, 112, 113, 114, 115, 116, 117], "split8_pred": [1, 0, 0, 0, 0, 1, 1, 0, 1, 0, 1, 0], "split8_test": [0, 0, 0, 0, 0, 1, 0, 0, 0, 0, 0, 0], "split8_notXOR": [0, 1, 1, 1, 1, 1, 0, 1, 0, 1, 0, 1], "split8_prob": [0.6862500889022565, 0.2701770480389736, 0.2701770480389736, 0.40034350069563696, 0.4850696851090136, 0.630719018978247, 0.7704853948108487, 0.434792128766422, 0.7596908170139866, 0.4675561194064905, 0.7309149816158201, 0.44684172609317746], "split9_index": [118, 119, 120, 121, 122, 123, 124, 125, 126, 127, 128, 129], "split9_pred": [0, 0, 0, 0, 0, 1, 1, 0, 1, 0, 1, 0], "split9_test": [0, 0, 0, 0, 0, 1, 0, 0, 0, 0, 0, 0], "split9_notXOR": [1, 1, 1, 1, 1, 1, 0, 1, 0, 1, 0, 1], "split9_prob": [0.44211467842667357, 0.380133599506922, 0.380133599506922, 0.424943652392331, 0.3589616446019255, 0.5777530081858603, 0.6005173718880868, 0.4491282517806281, 0.6120261921850785, 0.4750864098104515, 0.5419100159181877, 0.4609685163769988], "split10_index": [130, 131, 132, 133, 134, 135, 136, 137, 138, 139, 140, 141, 142], "split10_pred": [1, 0, 0, 0, 1, 1, 1, 0, 1, 0, 0, 1, 0], "split10_test": [0, 0, 0, 1, 0, 1, 0, 0, 1, 0, 0, 0, 1], "split10_notXOR": [0, 1, 1, 0, 0, 1, 0, 1, 1, 1, 1, 0, 0], "split10_prob": [0.6945493095998337, 0.28914723084365096, 0.28914723084365096, 0.39458906368698343, 0.51687593482128, 0.580757269489175, 0.7381924730125256, 0.32869398892644563, 0.7331107247289829, 0.43205538726080867, 0.3612821355448803, 0.5195964688496784, 0.4579233245944887], "split11_index": [143, 144, 145, 146, 147, 148, 149, 150, 151, 152, 153, 154, 155], "split11_pred": [1, 0, 0, 0, 0, 1, 1, 0, 1, 0, 0, 1, 0], "split11_test": [0, 0, 0, 0, 0, 1, 0, 0, 1, 0, 0, 0, 0], "split11_notXOR": [0, 1, 1, 1, 1, 1, 0, 1, 1, 1, 1, 0, 1], "split11_prob": [0.5929058804331746, 0.3229611874494768, 0.3229611874494768, 0.4100152247657972, 0.4221149592586866, 0.6243866045310627, 0.5924254094269048, 0.3108540899986711, 0.6960462490412467, 0.33389406047289544, 0.4128321598047681, 0.5324905001255588, 0.43962045932494487], "split12_index": [156, 157, 158, 159, 160, 161, 162, 163, 164, 165, 166, 167, 168], "split12_pred": [1, 0, 0, 0, 0, 1, 1, 0, 1, 0, 0, 1, 0], "split12_test": [0, 0, 0, 0, 0, 1, 0, 0, 0, 0, 0, 0, 0], "split12_notXOR": [0, 1, 1, 1, 1, 1, 0, 1, 0, 1, 1, 0, 1], "split12_prob": [0.7058351052336131, 0.2659257992514971, 0.2659257992514971, 0.377170578079425, 0.41714762700348873, 0.6472165492666628, 0.5793266438960045, 0.40315415820488276, 0.7503685955879305, 0.401015048982465, 0.37644168312022863, 0.747349550479959, 0.4262385372075342], "split13_index": [169, 170, 171, 172, 173, 174, 175, 176, 177, 178, 179, 180], "split13_pred": [1, 0, 0, 0, 1, 1, 0, 1, 1, 0, 1, 0], "split13_test": [0, 1, 0, 0, 0, 0, 0, 0, 0, 0, 0, 0], "split13_notXOR": [0, 0, 1, 1, 0, 0, 1, 0, 0, 1, 0, 1], "split13_prob": [0.7988931686089701, 0.24024306243119686, 0.24024306243119686, 0.3620931258279279, 0.6780300258370864, 0.5658625898347915, 0.39262553440843423, 0.782847056977789, 0.5107575085844488, 0.35435137887191326, 0.6153249381885975, 0.42157453523849564]}