{"split0_index": [8, 9, 10, 11, 12, 13, 14, 15], "split0_pred": [0, 0, 0, 0, 0, 0, 0, 0], "split0_test": [0, 0, 0, 1, 0, 0, 0, 0], "split0_notXOR": [1, 1, 1, 0, 1, 1, 1, 1], "split0_prob": [0.03895363171398204, 0.06378898537758182, 0.02631744261597095, 0.4543799110246251, 0.08155332520262827, 0.295541481723392, 0.022423570845457902, 0.025412064872687278], "split1_index": [16, 17, 18, 19, 20, 21, 22, 23], "split1_pred": [1, 0, 0, 1, 0, 0, 0, 0], "split1_test": [0, 0, 0, 1, 0, 0, 0, 0], "split1_notXOR": [0, 1, 1, 1, 1, 1, 1, 1], "split1_prob": [0.9678591371855924, 0.017980680643930304, 0.008306572223520811, 0.5645253964345542, 0.01878527190363413, 0.050480739089403676, 0.007772519806228966, 0.008522816391839421], "split2_index": [24, 25, 26, 27, 28, 29, 30, 31], "split2_pred": [0, 0, 0, 0, 0, 0, 0, 0], "split2_test": [0, 0, 0, 1, 0, 0, 0, 0], "split2_notXOR": [1, 1, 1, 0, 1, 1, 1, 1], "split2_prob": [0.02257847880105057, 0.02780549892137941, 0.008405438950046393, 0.3676438706318266, 0.02427134718211848, 0.11284349771838742, 0.007714511086249892, 0.008717824264797634], "split3_index": [32, 33, 34, 35, 36, 37, 38, 39, 40], "split3_pred": [0, 0, 0, 0, 0, 0, 0, 0, 0], "split3_test": [0, 0, 0, 0, 1, 0, 0, 0, 0], "split3_notXOR": [1, 1, 1, 1, 0, 1, 1, 1, 1], "split3_prob": [0.03205818868430731, 0.04288537562309457, 0.008791484464418822, 0.01633990862025204, 0.48916874600348537, 0.025293341655590613, 0.11608845875778946, 0.007660391332674199, 0.008961693285981738], "split4_index": [41, 42, 43, 44, 45, 46, 47, 48, 49], "split4_pred": [0, 0, 0, 0, 1, 0, 0, 0, 0], "split4_test": [0, 0, 0, 0, 1, 0, 0, 0, 0], "split4_notXOR": [1, 1, 1, 1, 1, 1, 1, 1, 1], "split4_prob": [0.030124196370926747, 0.0367988760060675, 0.00631045434474641, 0.009899724130701013, 0.6649947668623853, 0.04020401095172269, 0.11619669166202315, 0.004966814748803057, 0.005999337133105856], "split5_index": [50, 51, 52, 53, 54, 55, 56, 57, 58], "split5_pred": [0, 0, 0, 0, 1, 0, 0, 0, 0], "split5_test": [0, 0, 0, 0, 1, 0, 0, 0, 0], "split5_notXOR": [1, 1, 1, 1, 1, 1, 1, 1, 1], "split5_prob": [0.028033220570940987, 0.03476409869637146, 0.004547035453005294, 0.007395041792839449, 0.7250241754002503, 0.033196307255468294, 0.11922658787384412, 0.0037163964872382474, 0.004547605981055838], "split6_index": [59, 60, 61, 62, 63, 64, 65, 66, 67], "split6_pred": [0, 0, 0, 0, 1, 0, 0, 0, 0], "split6_test": [0, 0, 0, 0, 1, 0, 0, 0, 0], "split6_notXOR": [1, 1, 1, 1, 1, 1, 1, 1, 1], "split6_prob": [0.029049053709736043, 0.0331656721929271, 0.003668218360615296, 0.006076477563683584, 0.762441330704106, 0.026581670952198978, 0.11073439680166355, 0.0029708378725734346, 0.0036703106284628833]}