{"split0_index": [38, 39, 40, 41, 42, 43, 44, 45, 46, 47, 48, 49, 50, 51, 52, 53, 54, 55, 56, 57, 58, 59, 60, 61, 62, 63, 64, 65, 66, 67, 68, 69, 70, 71, 72, 73, 74, 75], "split0_pred": [0, 0, 0, 0, 0, 0, 0, 0, 0, 0, 0, 0, 0, 0, 0, 0, 0, 0, 0, 0, 0, 0, 0, 0, 0, 0, 0, 0, 0, 0, 0, 0, 0, 0, 0, 0, 0, 0], "split0_test": [1, 0, 1, 0, 0, 1, 1, 0, 1, 0, 1, 0, 1, 0, 0, 0, 1, 0, 0, 1, 0, 0, 0, 0, 0, 0, 1, 0, 0, 0, 0, 0, 0, 1, 0, 1, 0, 0], "split0_notXOR": [0, 1, 0, 1, 1, 0, 0, 1, 0, 1, 0, 1, 0, 1, 1, 1, 0, 1, 1, 0, 1, 1, 1, 1, 1, 1, 0, 1, 1, 1, 1, 1, 1, 0, 1, 0, 1, 1], "split0_prob": [NaN, NaN, NaN, NaN, NaN, NaN, NaN, NaN, NaN, NaN, NaN, NaN, NaN, NaN, NaN, NaN, NaN, NaN, NaN, NaN, NaN, NaN, NaN, NaN, NaN, NaN, NaN, NaN, NaN, NaN, NaN, NaN, NaN, NaN, NaN, NaN, NaN, NaN], "split1_index": [76, 77, 78, 79, 80, 81, 82, 83, 84, 85, 86, 87, 88, 89, 90, 91, 92, 93, 94, 95, 96, 97, 98, 99, 100, 101, 102, 103, 104, 105, 106, 107, 108, 109, 110, 111, 112, 113], "split1_pred": [1, 0, 0, 0, 0, 0, 0, 0, 0, 0, 0, 1, 0, 0, 0, 1, 0, 1, 1, 0, 0, 0, 0, 0, 1, 0, 0, 0, 1, 0, 0, 1, 0, 0, 0, 1, 0, 1], "split1_test": [1, 0, 1, 0, 0, 1, 1, 0, 1, 0, 1, 0, 1, 0, 0, 0, 1, 0, 0, 1, 0, 0, 0, 0, 0, 0, 1, 0, 0, 0, 0, 0, 0, 1, 0, 1, 0, 0], "split1_notXOR": [1, 1, 0, 1, 1, 0, 0, 1, 0, 1, 0, 0, 0, 1, 1, 0, 0, 0, 0, 0, 1, 1, 1, 1, 0, 1, 0, 1, 0, 1, 1, 0, 1, 0, 1, 1, 1, 0], "split1_prob": [1.0, 1.3049998891819924e-05, 1.5249368269745214e-14, 1.3049998891819924e-05, 1.3049998891819924e-05, 1.3049998891819924e-05, 1.3049998891819924e-05, 1.3049998891819924e-05, 1.3049998891819924e-05, 5.579230046942013e-07, 1.3049998891819924e-05, 1.0, 1.3049998891819924e-05, 9.025898726497813e-108, 1.0219208124588348e-25, 1.0, 0.003628440231664878, 1.0, 1.0, 1.3049998891819924e-05, 1.3049998891819924e-05, 1.3049998891819924e-05, 1.3049998891819924e-05, 1.3049998891819924e-05, 1.0, 1.3049998891819924e-05, 1.3049998891819924e-05, 1.3049998891819924e-05, 1.0, 1.3049998891819924e-05, 1.3049998891819924e-05, 1.0, 0.0, 1.3049998891819924e-05, 1.3049998891819924e-05, 1.0, 6.37594749509871e-14, 1.0], "split2_index": [114, 115, 116, 117, 118, 119, 120, 121, 122, 123, 124, 125, 126, 127, 128, 129, 130, 131, 132, 133, 134, 135, 136, 137, 138, 139, 140, 141, 142, 143, 144, 145, 146, 147, 148, 149, 150, 151, 152, 153, 154, 155], "split2_pred": [1, 1, 1, 1, 0, 1, 1, 1, 1, 1, 0, 0, 0, 1, 1, 1, 1, 1, 1, 1, 0, 1, 1, 1, 1, 1, 0, 1, 1, 1, 1, 1, 1, 1, 1, 0, 1, 1, 1, 0, 0, 1], "split2_test": [1, 0, 1, 0, 0, 1, 1, 0, 1, 0, 1, 1, 1, 0, 0, 0, 0, 1, 1, 0, 1, 1, 0, 0, 0, 1, 0, 0, 0, 0, 1, 0, 0, 0, 0, 0, 0, 1, 0, 1, 0, 0], "split2_notXOR": [1, 0, 1, 0, 1, 1, 1, 0, 1, 0, 0, 0, 0, 0, 0, 0, 0, 1, 1, 0, 0, 1, 0, 0, 0, 1, 1, 0, 0, 0, 1, 0, 0, 0, 0, 1, 0, 1, 0, 0, 1, 0], "split2_prob": [0.9999899097089195, 0.9999899097089195, 0.9996256892224001, 0.9999870175938579, 0.0, 0.9999899097089195, 0.9994484844795477, 0.9999899097089195, 0.9999899097089195, 0.9999904621109478, 1.0974492789372508e-07, 0.0, 1.0974492789372508e-07, 0.9999896638795563, 0.9999899097089195, 0.9999899097089195, 0.9999838312360696, 0.9999899097089195, 0.9999899097089195, 0.9999463916439016, 1.5711074655897856e-08, 0.9999899097089195, 0.9999899097089195, 0.9999900981346846, 0.9999899097089195, 0.9999899097089195, 0.0, 0.9999899097089195, 0.9999899097089195, 0.9999899097089195, 0.9996407436609173, 0.9997344495927744, 0.9999899097089195, 0.9999899097089195, 0.9999999135112374, 0.0, 0.9999899097089195, 0.9999899097089195, 0.9999899097089195, 0.17262879718395283, 1.3845790738599571e-14, 0.9999881809925548], "split3_index": [156, 157, 158, 159, 160, 161, 162, 163, 164, 165, 166, 167, 168, 169, 170, 171, 172, 173, 174, 175, 176, 177, 178, 179, 180, 181, 182, 183, 184, 185, 186, 187, 188, 189, 190, 191, 192, 193, 194, 195, 196, 197], "split3_pred": [0, 0, 0, 0, 0, 0, 0, 0, 0, 0, 0, 0, 0, 0, 0, 0, 0, 0, 0, 0, 0, 0, 0, 0, 0, 0, 0, 0, 0, 0, 0, 0, 0, 0, 0, 0, 0, 0, 0, 0, 0, 0], "split3_test": [1, 0, 1, 0, 0, 1, 1, 0, 1, 0, 1, 1, 1, 0, 0, 0, 0, 1, 1, 0, 0, 1, 0, 0, 0, 1, 0, 0, 0, 0, 1, 0, 0, 0, 0, 0, 0, 1, 0, 1, 0, 0], "split3_notXOR": [0, 1, 0, 1, 1, 0, 0, 1, 0, 1, 0, 0, 0, 1, 1, 1, 1, 0, 0, 1, 1, 0, 1, 1, 1, 0, 1, 1, 1, 1, 0, 1, 1, 1, 1, 1, 1, 0, 1, 0, 1, 1], "split3_prob": [0.132913154967083, 0.132913154967083, 0.132913154967083, 0.132913154967083, 0.132913154967083, 0.132913154967083, 0.132913154967083, 0.132913154967083, 0.132913154967083, 0.132913154967083, 0.132913154967083, 0.132913154967083, 0.132913154967083, 0.132913154967083, 0.132913154967083, 0.132913154967083, 0.132913154967083, 0.33404066322301, 0.132913154967083, 0.132913154967083, 0.13551147223101806, 0.132913154967083, 0.132913154967083, 0.132913154967083, 0.132913154967083, 0.132913154967083, 0.132913154967083, 0.132913154967083, 0.132913154967083, 0.132913154967083, 0.132913154967083, 0.132913154967083, 0.132913154967083, 0.132913154967083, 0.132913154967083, 0.132913154967083, 0.132913154967083, 0.132913154967083, 0.132913154967083, 0.132913154967083, 0.132913154967083, 0.132913154967083], "split4_index": [198, 199, 200, 201, 202, 203, 204, 205, 206, 207, 208, 209, 210, 211, 212, 213, 214, 215, 216, 217, 218, 219, 220, 221, 222, 223, 224, 225, 226, 227, 228, 229, 230, 231, 232, 233, 234, 235, 236, 237, 238, 239, 240, 241, 242, 243], "split4_pred": [0, 0, 0, 0, 0, 0, 0, 0, 0, 0, 0, 0, 0, 0, 0, 0, 0, 0, 0, 0, 0, 0, 0, 0, 0, 0, 0, 0, 0, 0, 0, 0, 0, 0, 0, 0, 0, 0, 0, 0, 0, 0, 0, 0, 0, 0], "split4_test": [0, 0, 1, 0, 0, 1, 0, 1, 1, 0, 1, 0, 1, 0, 1, 0, 0, 0, 0, 0, 1, 1, 0, 0, 1, 0, 0, 0, 1, 0, 0, 0, 0, 1, 0, 0, 0, 0, 0, 0, 0, 1, 0, 1, 0, 0], "split4_notXOR": [1, 1, 0, 1, 1, 0, 1, 0, 0, 1, 0, 1, 0, 1, 0, 1, 1, 1, 1, 1, 0, 0, 1, 1, 0, 1, 1, 1, 0, 1, 1, 1, 1, 0, 1, 1, 1, 1, 1, 1, 1, 0, 1, 0, 1, 1], "split4_prob": [0.44147360396808344, 0.44147360396808344, 0.44147360396808344, 0.44147360396808344, 0.44147360396808344, 0.44147360396808344, 0.44147360396808344, 0.44147360396808344, 0.44147360396808344, 0.44147360396808344, 0.44147360396808344, 0.44147360396808344, 0.44147360396808344, 0.4413541268726923, 0.44147360396808344, 0.44147360396808344, 0.44147360396808344, 0.44147360396808344, 0.44147360396808344, 0.44147360396808344, 0.44147360396808344, 0.44147360396808344, 0.44147360396808344, 0.44147360396808344, 0.44147360396808344, 0.44147360396808344, 0.44147360396808344, 0.44147360396808344, 0.44147360396808344, 0.44147360396808344, 0.44147360396808344, 0.44147360396808344, 0.44147360396808344, 0.44147360396808344, 0.44147360396808344, 0.44147360396808344, 0.44147360396808344, 0.44147360396808344, 0.44147360396808344, 0.44147360396808344, 0.44147360396808344, 0.44147360396808344, 0.44147360396808344, 0.44147360396808344, 0.44147360396808344, 0.44147360396808344], "split5_index": [244, 245, 246, 247, 248, 249, 250, 251, 252, 253, 254, 255, 256, 257, 258, 259, 260, 261, 262, 263, 264, 265, 266, 267, 268, 269, 270, 271, 272, 273, 274, 275, 276, 277, 278, 279, 280, 281, 282, 283, 284, 285, 286, 287, 288, 289], "split5_pred": [0, 0, 0, 0, 0, 0, 1, 0, 0, 0, 0, 0, 0, 1, 0, 0, 0, 0, 0, 0, 0, 0, 0, 0, 0, 0, 0, 0, 0, 0, 0, 0, 0, 0, 0, 0, 0, 0, 0, 0, 0, 0, 0, 0, 0, 0], "split5_test": [0, 0, 1, 0, 0, 1, 0, 1, 1, 0, 1, 0, 1, 0, 1, 0, 0, 0, 0, 0, 1, 1, 0, 0, 1, 0, 0, 0, 1, 0, 0, 0, 0, 1, 0, 0, 0, 0, 0, 0, 0, 1, 0, 1, 0, 0], "split5_notXOR": [1, 1, 0, 1, 1, 0, 0, 0, 0, 1, 0, 1, 0, 0, 0, 1, 1, 1, 1, 1, 0, 0, 1, 1, 0, 1, 1, 1, 0, 1, 1, 1, 1, 0, 1, 1, 1, 1, 1, 1, 1, 0, 1, 0, 1, 1],