{"split0_index": [13, 14, 15, 16, 17, 18, 19, 20, 21, 22, 23, 24, 25], "split0_pred": [0, 0, 1, 0, 0, 0, 0, 0, 0, 0, 0, 0, 1], "split0_test": [0, 0, 1, 0, 0, 1, 0, 0, 0, 0, 0, 0, 1], "split0_notXOR": [1, 1, 1, 1, 1, 0, 1, 1, 1, 1, 1, 1, 1], "split0_prob": [0.2388666780584898, 0.23858691311382912, 0.29114242132352497, 0.2388933974616527, 0.23849077654228878, 0.2601519432221785, 0.23855604229422056, 0.2385719122026665, 0.23857305801783135, 0.23850639522098493, 0.23859766194360746, 0.23849843631932924, 0.2958542219479394], "split1_index": [26, 27, 28, 29, 30, 31, 32, 33, 34, 35, 36, 37, 38, 39, 40, 41], "split1_pred": [0, 0, 0, 0, 0, 0, 1, 0, 0, 0, 0, 0, 0, 0, 1, 0], "split1_test": [0, 1, 0, 0, 0, 0, 1, 0, 0, 0, 0, 0, 0, 0, 1, 0], "split1_notXOR": [1, 0, 1, 1, 1, 1, 1, 1, 1, 1, 1, 1, 1, 1, 1, 1], "split1_prob": [0.3912816938621844, 0.05726631344021938, 0.07790910036313647, 0.5864131259878108, 0.04354578969458084, 0.05252800510841958, 0.749575784748793, 0.5124366009534129, 0.5134506955442121, 0.03702357203700225, 0.30140006166155187, 0.04951656867574728, 0.05605682436645521, 0.5134506954747922, 0.9891325934784501, 0.37653746263276533], "split2_index": [42, 43, 44, 45, 46, 47, 48, 49, 50, 51, 52, 53, 54, 55, 56, 57, 58], "split2_pred": [0, 0, 0, 0, 0, 0, 1, 0, 0, 0, 0, 0, 0, 0, 0, 1, 0], "split2_test": [0, 0, 0, 0, 0, 0, 1, 0, 0, 0, 0, 0, 0, 0, 0, 1, 0], "split2_notXOR": [1, 1, 1, 1, 1, 1, 1, 1, 1, 1, 1, 1, 1, 1, 1, 1, 1], "split2_prob": [0.12805769955734947, 0.11197805455637448, 0.10003427014795062, 0.22620720478746556, 0.1324757032126963, 0.10778393676894457, 0.7496526697100712, 0.10580080838423561, 0.16512630302629094, 0.10992672893555229, 0.168964287442758, 0.11379740435113445, 0.10776714514516508, 0.10764261512973153, 0.14801273191915934, 0.9061830915717929, 0.12790312461670675], "split3_index": [59, 60, 61, 62, 63, 64, 65, 66, 67, 68, 69, 70, 71, 72, 73, 74, 75], "split3_pred": [0, 0, 0, 0, 0, 0, 1, 0, 0, 0, 0, 0, 0, 0, 0, 0, 0], "split3_test": [0, 0, 0, 0, 0, 0, 1, 0, 0, 0, 0, 0, 0, 0, 0, 1, 0], "split3_notXOR": [1, 1, 1, 1, 1, 1, 1, 1, 1, 1, 1, 1, 1, 1, 1, 0, 1], "split3_prob": [0.08062916146005346, 0.0756072382746656, 0.07096221453653602, 0.17868119985306352, 0.08707992880790902, 0.056147397820107116, 0.8668930766229894, 0.08347719621232508, 0.09035220413437585, 0.08090199704870112, 0.08690055085789675, 0.07295516253240948, 0.08066108399419239, 0.049678321206775455, 0.0777020334750832, 0.4452440091538396, 0.08062916146005346], "split4_index": [76, 77, 78, 79, 80, 81, 82, 83, 84, 85, 86, 87, 88, 89, 90], "split4_pred": [0, 0, 0, 0, 0, 1, 0, 0, 0, 0, 0, 0, 0, 0, 0], "split4_test": [0, 0, 0, 0, 0, 0, 1, 0, 0, 0, 0, 0, 0, 1, 0], "split4_notXOR": [1, 1, 1, 1, 1, 0, 0, 1, 1, 1, 1, 1, 1, 0, 1], "split4_prob": [0.09700680300582645, 0.05145926566944915, 0.1657269642164134, 0.06192888449730871, 0.03418207049895419, 0.9932187867525504, 0.16487194681899167, 0.06893273961929118, 0.1670022527314524, 0.053924536186617904, 0.05264287630932617, 0.06185373509823253, 0.031929931255006254, 0.09543529462919718, 0.16687929269061327], "split5_index": [91, 92, 93, 94, 95, 96, 97, 98, 99, 100, 101, 102, 103, 104, 105, 106], "split5_pred": [0, 0, 0, 0, 0, 1, 0, 0, 0, 0, 0, 0, 0, 0, 0, 0], "split5_test": [0, 0, 0, 0, 0, 0, 1, 0, 0, 0, 0, 0, 0, 0, 1, 0], "split5_notXOR": [1, 1, 1, 1, 1, 0, 0, 1, 1, 1, 1, 1, 1, 1, 0, 1], "split5_prob": [0.09771422050403257, 0.2181781273253862, 0.06714033934061567, 0.03823264388453598, 0.07289718321425481, 0.8965553071984391, 0.569604879528661, 0.045470507693422105, 0.03392694625221398, 0.031160663659586994, 0.09963362419399643, 0.2888211720136055, 0.0735436344050821, 0.04049997977383981, 0.20376985617575508, 0.5880482251724674], "split6_index": [107, 108, 109, 110, 111, 112, 113, 114, 115, 116, 117, 118, 119, 120, 121, 122], "split6_pred": [0, 0, 0, 0, 0, 0, 1, 0, 0, 0, 0, 0, 0, 0, 0, 0], "split6_test": [0, 0, 0, 0, 0, 0, 0, 0, 0, 0, 0, 0, 0, 0, 0, 1], "split6_notXOR": [1, 1, 1, 1, 1, 1, 0, 1, 1, 1, 1, 1, 1, 1, 1, 0], "split6_prob": [0.08108677694474546, 0.17014207980790846, 0.22136876861118157, 0.09812385964775164, 0.06512770271920285, 0.5739310204813236, 0.934315276051389, 0.0784844715795942, 0.08071322040822092, 0.09188999441634796, 0.09391430246427873, 0.10703835548637507, 0.07235597697961191, 0.08286257708147093, 0.15234304624140776, 0.06930142561296859]}