{"split0_index": [7, 8, 9, 10, 11, 12, 13], "split0_pred": [0, 0, 0, 1, 0, 1, 0], "split0_test": [0, 0, 0, 1, 0, 0, 0], "split0_notXOR": [1, 1, 1, 1, 1, 0, 1], "split0_prob": [0.4853546937999951, 0.2642425610112485, 0.2676976289241371, 0.6833438289833323, 0.3076255765869996, 0.7293411335430353, 0.26766982492835895], "split1_index": [14, 15, 16, 17, 18, 19, 20], "split1_pred": [0, 0, 0, 1, 0, 1, 0], "split1_test": [0, 0, 0, 1, 0, 0, 0], "split1_notXOR": [1, 1, 1, 1, 1, 0, 1], "split1_prob": [0.41188003007432866, 0.19004266430518438, 0.19195089852540384, 0.7510181990245083, 0.2534387860809796, 0.7148555772314561, 0.2580393416655459], "split2_index": [21, 22, 23, 24, 25, 26, 27], "split2_pred": [0, 0, 0, 1, 0, 0, 0], "split2_test": [0, 0, 0, 1, 0, 0, 0], "split2_notXOR": [1, 1, 1, 1, 1, 1, 1], "split2_prob": [0.08553062160814041, 0.08839938868386762, 0.0882927194152427, 0.8666645317060658, 0.08839641946161883, 0.24044259378093807, 0.08839642761030927], "split3_index": [28, 29, 30, 31, 32, 33, 34], "split3_pred": [0, 0, 0, 1, 0, 0, 0], "split3_test": [0, 0, 0, 1, 0, 0, 0], "split3_notXOR": [1, 1, 1, 1, 1, 1, 1], "split3_prob": [0.06167410213299825, 0.0650648345865455, 0.0650582506605171, 0.9172881394213517, 0.06513310313878126, 0.0651265878075863, 0.06512754184260622]}