{"split0_index": [8, 9, 10, 11, 12, 13, 14, 15], "split0_pred": [0, 0, 0, 0, 0, 0, 0, 0], "split0_test": [0, 0, 1, 0, 0, 0, 0, 0], "split0_notXOR": [1, 1, 0, 1, 1, 1, 1, 1], "split0_prob": [0.13625, 0.13625, 0.13625, 0.13625, 0.13625, 0.13625, 0.13625, 0.13625], "split1_index": [16, 17, 18, 19, 20, 21, 22, 23], "split1_pred": [0, 0, 0, 0, 0, 0, 0, 0], "split1_test": [0, 0, 1, 0, 0, 0, 0, 0], "split1_notXOR": [1, 1, 0, 1, 1, 1, 1, 1], "split1_prob": [0.1443535076035076, 0.1443535076035076, 0.1443535076035076, 0.1443535076035076, 0.1443535076035076, 0.014702380952380953, 0.1443535076035076, 0.1443535076035076], "split2_index": [24, 25, 26, 27, 28, 29, 30, 31], "split2_pred": [0, 0, 0, 0, 0, 0, 0, 0], "split2_test": [0, 0, 1, 0, 0, 0, 0, 0], "split2_notXOR": [1, 1, 0, 1, 1, 1, 1, 1], "split2_prob": [0.018962774292159135, 0.1479965543703092, 0.019454758437595965, 0.1479965543703092, 0.1479965543703092, 0.1479965543703092, 0.1479965543703092, 0.1479965543703092], "split3_index": [32, 33, 34, 35, 36, 37, 38, 39], "split3_pred": [0, 0, 0, 0, 0, 0, 0, 0], "split3_test": [0, 0, 1, 0, 0, 0, 0, 0], "split3_notXOR": [1, 1, 0, 1, 1, 1, 1, 1], "split3_prob": [0.1253437601150887, 0.1253437601150887, 0.1253437601150887, 0.1253437601150887, 0.1253437601150887, 0.1253437601150887, 0.1253437601150887, 0.1253437601150887], "split4_index": [40, 41, 42, 43, 44, 45, 46, 47], "split4_pred": [0, 0, 0, 0, 0, 0, 0, 0], "split4_test": [0, 0, 1, 0, 0, 0, 0, 0], "split4_notXOR": [1, 1, 0, 1, 1, 1, 1, 1], "split4_prob": [0.04700261629578518, 0.12104845759729219, 0.0252976402682285, 0.12104845759729219, 0.12104845759729219, 0.12104845759729219, 0.12104845759729219, 0.028279797329488977], "split5_index": [48, 49, 50, 51, 52, 53, 54, 55], "split5_pred": [0, 0, 0, 0, 0, 0, 0, 0], "split5_test": [0, 0, 1, 0, 0, 0, 0, 0], "split5_notXOR": [1, 1, 0, 1, 1, 1, 1, 1], "split5_prob": [0.1212585438494861, 0.1212585438494861, 0.08425696418945193, 0.1212585438494861, 0.1212585438494861, 0.1212585438494861, 0.1212585438494861, 0.1598027891092512], "split6_index": [56, 57, 58, 59, 60, 61, 62, 63], "split6_pred": [0, 0, 0, 0, 0, 0, 0, 0], "split6_test": [0, 0, 1, 0, 0, 0, 0, 0], "split6_notXOR": [1, 1, 0, 1, 1, 1, 1, 1], "split6_prob": [0.20412583092396275, 0.09638053100455835, 0.09615491223301234, 0.09638053100455835, 0.09638053100455835, 0.09638053100455835, 0.09638053100455835, 0.09638053100455835], "split7_index": [64, 65, 66, 67, 68, 69, 70, 71], "split7_pred": [0, 0, 0, 0, 0, 0, 0, 0], "split7_test": [0, 0, 1, 0, 0, 0, 0, 0], "split7_notXOR": [1, 1, 0, 1, 1, 1, 1, 1], "split7_prob": [0.27, 0.08171352660205411, 0.08171352660205411, 0.08171352660205411, 0.08171352660205411, 0.08171352660205411, 0.08171352660205411, 0.08171352660205411]}