{"split0_index": [6, 7, 8, 9, 10, 11], "split0_pred": [1, 0, 1, 1, 0, 0], "split0_test": [0, 0, 1, 0, 0, 0], "split0_notXOR": [0, 1, 1, 0, 1, 1], "split0_prob": [1.0, 0.0, 1.0, 1.0, 0.0, 0.0], "split1_index": [12, 13, 14, 15, 16, 17], "split1_pred": [0, 0, 0, 1, 0, 0], "split1_test": [0, 1, 1, 0, 0, 1], "split1_notXOR": [1, 0, 0, 0, 1, 0], "split1_prob": [0.0, 0.0, 0.0, 1.0, 0.0, 0.0], "split2_index": [18, 19, 20, 21, 22, 23], "split2_pred": [0, 1, 0, 0, 0, 0], "split2_test": [0, 1, 1, 0, 0, 1], "split2_notXOR": [1, 1, 0, 1, 1, 0], "split2_prob": [2.798100461425974e-23, 0.9999999998160849, 2.798100461425974e-23, 2.798100461425974e-23, 1.9274277747410156e-23, 1.02227422481416e-22], "split3_index": [24, 25, 26, 27, 28, 29], "split3_pred": [0, 0, 0, 0, 0, 1], "split3_test": [0, 1, 0, 0, 0, 0], "split3_notXOR": [1, 0, 1, 1, 1, 0], "split3_prob": [6.745399591002178e-20, 1.1072144291382849e-13, 3.4782220618604226e-16, 1.5305067065362125e-19, 6.745399591002178e-20, 1.0], "split4_index": [30, 31, 32, 33, 34, 35, 36, 37, 38], "split4_pred": [1, 1, 1, 1, 1, 1, 0, 0, 1], "split4_test": [0, 0, 0, 0, 1, 0, 0, 0, 0], "split4_notXOR": [0, 0, 0, 0, 1, 0, 1, 1, 0], "split4_prob": [1.0, 1.0, 1.0, 1.0, 1.0, 1.0, 1.4433454558990802e-14, 8.286791269919453e-15, 1.0], "split5_index": [39, 40, 41, 42, 43, 44, 45, 46, 47], "split5_pred": [0, 0, 0, 0, 0, 1, 0, 0, 1], "split5_test": [0, 0, 0, 0, 1, 0, 0, 0, 0], "split5_notXOR": [1, 1, 1, 1, 0, 0, 1, 1, 0], "split5_prob": [0.049967609738146616, 0.44274856866829015, 0.2749228326020848, 0.42489633622805734, 0.13206446763242227, 0.6298079294568183, 0.049967609738146616, 0.049967609738146616, 0.8333007556272375], "split6_index": [48, 49, 50, 51, 52, 53, 54, 55, 56], "split6_pred": [0, 0, 0, 0, 0, 0, 0, 1, 0], "split6_test": [0, 0, 0, 0, 1, 0, 0, 0, 0], "split6_notXOR": [1, 1, 1, 1, 0, 1, 1, 0, 1], "split6_prob": [0.006851259255082237, 0.016823335566161623, 0.020692774936773572, 0.01586965688685707, 0.3904555376265849, 0.18333915269042933, 0.006851259255082237, 0.9729229204437967, 0.020151872276744892]}