{"split0_index": [13, 14, 15, 16, 17, 18, 19, 20, 21, 22, 23, 24, 25], "split0_pred": [0, 0, 0, 0, 0, 0, 0, 0, 0, 0, 0, 0, 0], "split0_test": [0, 0, 1, 0, 0, 1, 0, 0, 0, 0, 0, 0, 1], "split0_notXOR": [1, 1, 0, 1, 1, 0, 1, 1, 1, 1, 1, 1, 0], "split0_prob": [0.4984999999999999, 0.4984999999999999, 0.4984999999999999, 0.4984999999999999, 0.4984999999999999, 0.4984999999999999, 0.4984999999999999, 0.4984999999999999, 0.4984999999999999, 0.4984999999999999, 0.4984999999999999, 0.4984999999999999, 0.4984999999999999], "split1_index": [26, 27, 28, 29, 30, 31, 32, 33, 34, 35, 36, 37, 38, 39, 40, 41], "split1_pred": [0, 0, 0, 0, 0, 0, 0, 1, 0, 0, 1, 0, 1, 0, 0, 0], "split1_test": [0, 1, 0, 0, 0, 0, 1, 0, 0, 0, 0, 0, 0, 0, 1, 0], "split1_notXOR": [1, 0, 1, 1, 1, 1, 0, 0, 1, 1, 0, 1, 0, 1, 0, 1], "split1_prob": [0.4772306804276847, 0.4772306804276847, 0.4772306804276847, 0.28370544435686257, 0.4161841280184661, 0.4772306804276847, 0.4772306804276847, 0.7609875608262704, 0.4772306804276847, 0.4772306804276847, 0.6611860979213594, 0.4772306804276847, 0.9090496023584259, 0.4772306804276847, 0.4772306804276847, 0.4772306804276847], "split2_index": [42, 43, 44, 45, 46, 47, 48, 49, 50, 51, 52, 53, 54, 55, 56, 57, 58], "split2_pred": [0, 0, 0, 0, 0, 0, 0, 0, 0, 0, 0, 0, 0, 0, 0, 0, 0], "split2_test": [0, 0, 0, 0, 0, 0, 1, 0, 0, 0, 0, 0, 0, 0, 0, 1, 0], "split2_notXOR": [1, 1, 1, 1, 1, 1, 0, 1, 1, 1, 1, 1, 1, 1, 1, 0, 1], "split2_prob": [0.4802353627087372, 0.3107184611536112, 0.16143935347224336, 0.45, 0.35415094339622644, 0.4802353627087372, 0.1545484990474177, 0.4451150292021944, 0.4802353627087372, 0.3192222150284071, 0.4104552912223134, 0.4802353627087372, 0.4802353627087372, 0.4802353627087372, 0.4802353627087372, 0.08, 0.4802353627087372], "split3_index": [59, 60, 61, 62, 63, 64, 65, 66, 67, 68, 69, 70, 71, 72, 73, 74, 75], "split3_pred": [0, 0, 1, 0, 0, 0, 0, 0, 0, 0, 0, 0, 0, 0, 0, 1, 0], "split3_test": [0, 0, 0, 0, 0, 0, 1, 0, 0, 0, 0, 0, 0, 0, 0, 1, 0], "split3_notXOR": [1, 1, 0, 1, 1, 1, 0, 1, 1, 1, 1, 1, 1, 1, 1, 1, 1], "split3_prob": [0.4411254222683658, 0.39, 0.68, 0.2365789152856365, 0.29152353095491407, 0.4411254222683658, 0.4411254222683658, 0.43936179191102587, 0.22, 0.4411254222683658, 0.2999497284133696, 0.11, 0.4411254222683658, 0.4411254222683658, 0.21241725543759443, 0.5733333333333334, 0.4411254222683658], "split4_index": [76, 77, 78, 79, 80, 81, 82, 83, 84, 85, 86, 87, 88, 89, 90], "split4_pred": [0, 1, 0, 0, 0, 0, 0, 1, 0, 1, 0, 0, 0, 0, 1], "split4_test": [0, 0, 0, 0, 0, 0, 1, 0, 0, 0, 0, 0, 0, 1, 0], "split4_notXOR": [1, 0, 1, 1, 1, 1, 0, 0, 1, 0, 1, 1, 1, 0, 0], "split4_prob": [0.04, 0.82, 0.12833333333333333, 0.5, 0.07316764069264069, 0.07767644695487161, 0.25522222222222224, 0.7066666666666666, 0.13322222222222224, 0.9221944387080309, 0.21723412698412697, 0.15540419627940724, 0.0, 0.1, 0.5989358974358975], "split5_index": [91, 92, 93, 94, 95, 96, 97, 98, 99, 100, 101, 102, 103, 104, 105, 106], "split5_pred": [1, 0, 0, 1, 1, 1, 0, 1, 0, 1, 1, 1, 1, 1, 1, 1], "split5_test": [0, 0, 0, 0, 0, 0, 1, 0, 0, 0, 0, 0, 0, 0, 1, 0], "split5_notXOR": [0, 1, 1, 0, 0, 0, 0, 0, 1, 0, 0, 0, 0, 0, 1, 0], "split5_prob": [0.7883333333333334, 0.3, 0.28870002272114864, 0.79, 0.5064451070923468, 0.5064451070923468, 0.058742594038597405, 0.5064451070923468, 0.08023667779945827, 0.79, 0.5064451070923468, 0.5064451070923468, 0.5064451070923468, 0.5064451070923468, 0.5064451070923468, 0.5064451070923468], "split6_index": [107, 108, 109, 110, 111, 112, 113, 114, 115, 116, 117, 118, 119, 120, 121, 122], "split6_pred": [0, 0, 0, 0, 0, 0, 0, 0, 0, 0, 0, 0, 0, 0, 0, 0], "split6_test": [0, 0, 0, 0, 0, 0, 0, 0, 0, 0, 0, 0, 0, 0, 0, 1], "split6_notXOR": [1, 1, 1, 1, 1, 1, 1, 1, 1, 1, 1, 1, 1, 1, 1, 0], "split6_prob": [0.4783227630709912, 0.4783227630709912, 0.4783227630709912, 0.4783227630709912, 0.4783227630709912, 0.4783227630709912, 0.11, 0.4783227630709912, 0.4783227630709912, 0.4783227630709912, 0.4783227630709912, 0.28482964117045617, 0.4783227630709912, 0.4783227630709912, 0.4783227630709912, 0.009912309912309913]}