{"split0_index": [19, 20, 21, 22, 23, 24, 25, 26, 27, 28, 29, 30, 31, 32, 33, 34, 35, 36, 37], "split0_pred": [0, 0, 1, 0, 0, 1, 0, 0, 0, 0, 0, 0, 0, 0, 0, 1, 0, 0, 0], "split0_test": [0, 1, 1, 0, 0, 0, 1, 0, 0, 0, 1, 1, 0, 0, 1, 1, 0, 0, 0], "split0_notXOR": [1, 0, 1, 1, 1, 0, 0, 1, 1, 1, 0, 0, 1, 1, 0, 1, 1, 1, 1], "split0_prob": [0.1615230279396252, 0.3176634144673954, 0.9999997649637741, 0.1926313814704208, 0.16297139367891456, 0.7460623355727798, 0.1615230279396252, 0.1615230279396252, 0.12329839955371008, 0.22925911641279484, 0.13085111076585862, 0.17462452395631145, 0.1615230279396252, 0.15401047387082947, 0.1615230279396252, 0.8962800034256062, 0.24471298243650827, 0.1615230279396252, 0.31225400950313326], "split1_index": [38, 39, 40, 41, 42, 43, 44, 45, 46, 47, 48, 49, 50, 51, 52, 53, 54, 55, 56], "split1_pred": [0, 0, 1, 0, 0, 0, 0, 0, 0, 0, 0, 0, 0, 0, 0, 0, 0, 0, 0], "split1_test": [0, 1, 1, 0, 0, 0, 1, 0, 0, 0, 1, 1, 0, 0, 1, 1, 0, 0, 0], "split1_notXOR": [1, 0, 1, 1, 1, 1, 0, 1, 1, 1, 0, 0, 1, 1, 0, 0, 1, 1, 1], "split1_prob": [4.047519109325593e-36, 9.781695558247024e-36, 1.0, 5.013035434724025e-36, 4.090879421763177e-36, 6.172961875014585e-35, 4.047519109325593e-36, 4.047519109325593e-36, 2.9549575076917624e-36, 6.249766874496337e-36, 3.1632158947247074e-36, 4.444028001490279e-36, 4.047519109325593e-36, 3.824994993075157e-36, 4.047519109325593e-36, 1.8156277568213753e-34, 6.807546089325441e-36, 4.047519109325593e-36, 9.539498775258511e-36], "split2_index": [57, 58, 59, 60, 61, 62, 63, 64, 65, 66, 67, 68, 69, 70, 71, 72, 73, 74, 75], "split2_pred": [0, 1, 1, 0, 0, 0, 0, 0, 0, 0, 0, 1, 0, 0, 0, 0, 0, 0, 0], "split2_test": [0, 1, 1, 0, 0, 0, 1, 0, 0, 0, 1, 1, 0, 0, 1, 1, 0, 0, 0], "split2_notXOR": [1, 1, 1, 1, 1, 1, 0, 1, 1, 1, 0, 1, 1, 1, 0, 0, 1, 1, 1], "split2_prob": [1.729438958146071e-35, 1.0, 1.0, 2.1419883501978143e-35, 1.7479661130628118e-35, 2.6376060162886943e-34, 1.729438958146071e-35, 1.729438958146071e-35, 1.262605189854153e-35, 2.670423540973899e-35, 1.3515906049113903e-35, 1.0, 1.729438958146071e-35, 1.6343580294646367e-35, 1.729438958146071e-35, 7.757881535144732e-34, 2.908753510052203e-35, 1.729438958146071e-35, 4.0760723735947306e-35], "split3_index": [76, 77, 78, 79, 80, 81, 82, 83, 84, 85, 86, 87, 88, 89, 90, 91, 92, 93, 94], "split3_pred": [0, 0, 0, 0, 0, 0, 0, 0, 0, 0, 0, 0, 0, 0, 0, 0, 0, 0, 0], "split3_test": [0, 1, 1, 0, 0, 0, 1, 0, 0, 0, 1, 1, 0, 0, 1, 1, 0, 0, 0], "split3_notXOR": [1, 0, 0, 1, 1, 1, 0, 1, 1, 1, 0, 0, 1, 1, 0, 0, 1, 1, 1], "split3_prob": [9.460821527900694e-35, 2.286409857920442e-34, 2.0895397975235174e-27, 1.1717655254966262e-34, 9.562173532989509e-35, 1.4428910406745224e-33, 9.460821527900694e-35, 9.460821527900694e-35, 6.907027452542344e-35, 1.4608437265771822e-34, 7.393818343008437e-35, 1.0387636142401863e-34, 9.460821527900694e-35, 8.940685392002379e-35, 9.460821527900694e-35, 4.243915767763131e-33, 1.5912211123518521e-34, 9.460821527900694e-35, 2.229797882125032e-34], "split4_index": [95, 96, 97, 98, 99, 100, 101, 102, 103, 104, 105, 106, 107, 108, 109, 110, 111, 112, 113, 114], "split4_pred": [0, 0, 0, 0, 0, 0, 0, 0, 0, 0, 0, 0, 0, 0, 1, 0, 0, 0, 0, 0], "split4_test": [0, 1, 1, 0, 0, 0, 1, 0, 0, 0, 1, 1, 0, 0, 1, 1, 0, 0, 0, 0], "split4_notXOR": [1, 0, 0, 1, 1, 1, 0, 1, 1, 1, 0, 0, 1, 1, 1, 0, 1, 1, 1, 1], "split4_prob": [1.635624398975843e-34, 3.952836166124613e-34, 4.665700875678724e-25, 2.0257947766258467e-34, 1.653146536130606e-34, 2.49452733489478e-33, 1.635624398975843e-34, 1.635624398975843e-34, 1.1941143369481984e-34, 2.5255646512662434e-34, 1.2068700725798223e-34, 1.7958557903338953e-34, 1.635624398975843e-34, 1.5457011981041873e-34, 1.0, 7.337050124538227e-33, 2.7509662536734476e-34, 1.635624398975843e-34, 3.85496313405004e-34, 2.4463188083281995e-29], "split5_index": [115, 116, 117, 118, 119, 120, 121, 122, 123, 124, 125, 126, 127, 128, 129, 130, 131, 132, 133, 134], "split5_pred": [0, 0, 0, 0, 0, 0, 0, 0, 0, 0, 0, 0, 0, 0, 0, 0, 0, 0, 0, 0], "split5_test": [0, 1, 1, 0, 0, 0, 1, 0, 0, 0, 1, 1, 0, 0, 1, 1, 0, 0, 0, 0], "split5_notXOR": [1, 0, 0, 1, 1, 1, 0, 1, 1, 1, 0, 0, 1, 1, 0, 0, 1, 1, 1, 1], "split5_prob": [6.429416452492822e-34, 1.3177390389707003e-33, 7.730900205791906e-27, 6.636723533553421e-34, 5.638970966860712e-34, 2.6828248892131777e-33, 6.429416452492822e-34, 6.429416452492822e-34, 4.297719915461592e-34, 8.718430131314005e-34, 4.355523313158204e-34, 6.220413964768997e-34, 6.429416452492822e-34, 5.39752890871427e-34, 6.429416452492822e-34, 2.453174574048195e-32, 7.096070292554787e-34, 6.429416452492822e-34, 1.3198391000308316e-33, 1.1499016805937107e-30], "split6_index": [135, 136, 137, 138, 139, 140, 141, 142, 143, 144, 145, 146, 147, 148, 149, 150, 151, 152, 153, 154], "split6_pred": [0, 0, 0, 0, 0, 0, 0, 0, 0, 0, 0, 0, 0, 0, 0, 0, 0, 0, 0, 0], "split6_test": [0, 1, 1, 0, 0, 0, 1, 0, 0, 0, 1, 1, 0, 0, 1, 1, 0, 0, 0, 0], "split6_notXOR": [1, 0, 0, 1, 1, 1, 0, 1, 1, 1, 0, 0, 1, 1, 0, 0, 1, 1, 1, 1], "split6_prob": [1.3238455950310339e-33, 2.4168546894616627e-33, 1.7328871341212357e-27, 1.2144794843563368e-33, 1.0508761071637339e-33, 3.191716782093843e-33, 1.3238455950310339e-33, 1.3238455950310339e-33, 8.3124688020588e-34, 1.6383373527515576e-33, 8.440879527695485e-34, 1.1715730573168955e-33, 1.3238455950310339e-33, 1.0223966302380257e-33, 1.3238455950310339e-33, 4.515462213013384e-32, 1.1849236549497748e-33, 1.3238455950310339e-33, 2.4664368326356177e-33, 3.975506118415393e-31], "split7_index": [155, 156, 157, 158, 159, 160, 161, 162, 163, 164, 165, 166, 167, 168, 169, 170, 171, 172, 173, 174], "split7_pred": [0, 0, 0, 0, 0, 0, 0, 0, 0, 0, 0, 0, 0, 0, 0, 0, 0, 0, 0, 0], "split7_test": [0, 1, 1, 0, 0, 0, 1, 0, 0, 0, 1, 1, 0, 0, 1, 1, 0, 0, 0, 0], "split7_notXOR": [1, 0, 0, 1, 1, 1, 0, 1, 1, 1, 0, 0, 1, 1, 0, 0, 1, 1, 1, 1], "split7_prob": [2.5540661639968783e-33, 4.2806405018929736e-33, 1.0045224773152261e-27, 2.15285983355794e-33, 1.882842941101623e-33, 4.523314371746879e-33, 2.5540661639968783e-33, 2.5540661639968783e-33, 1.5305137210480006e-33, 2.9534197666140026e-33, 1.556468833081243e-33, 2.1154280134017795e-33, 2.5540661639968783e-33, 1.8538873656956675e-33, 2.5540661639968783e-33, 8.023171530646292e-32, 2.003677786640079e-33, 2.5540661639968783e-33, 4.428444450456338e-33, 2.9272581872853937e-31], "split8_index": [175, 176, 177, 178, 179, 180, 181, 182, 183, 184, 185, 186, 187, 188, 189, 190, 191, 192, 193, 194, 195], "split8_pred": [1, 0, 0, 0, 0, 0, 0, 0, 0, 0, 1, 1, 0, 0, 1, 0, 0, 0, 0, 0, 0], "split8_test": [0, 1, 1, 0, 0, 0, 1, 0, 0, 0, 1, 1, 0, 0, 1, 1, 0, 0, 0, 0, 0], "split8_notXOR": [0, 0, 0, 1, 1, 1, 0, 1, 1, 1, 1, 1, 1, 1, 1, 0, 1, 1, 1, 1, 1], "split8_prob": [1.0, 6.752892294743856e-33, 2.2037911815349883e-27, 3.401541989978252e-33, 2.9961228012026467e-33, 1.0237573294963241e-32, 4.302974755781976e-33, 4.302974755781976e-33, 2.6665079643153603e-33, 4.7218197900449475e-33, 1.0, 1.0, 4.302974755781976e-33, 2.9772518759545948e-33, 1.0, 1.269137312935951e-31, 3.4569471456100005e-33, 4.302974755781976e-33, 7.058651251377293e-33, 2.2980979121119142e-33, 6.797990662804721e-31], "split9_index": [196, 197, 198, 199, 200, 201, 202, 203, 204, 205, 206, 207, 208, 209, 210, 211, 212, 213, 214, 215, 216], "split9_pred": [1, 0, 1, 1, 0, 0, 1, 0, 1, 0, 1, 0, 1, 0, 0, 1, 0, 0, 0, 0, 0], "split9_test": [0, 0, 0, 1, 0, 0, 0, 1, 0, 0, 1, 0, 0, 0, 0, 1, 0, 0, 0, 0, 0], "split9_notXOR": [0, 1, 0, 1, 1, 1, 0, 0, 0, 1, 1, 1, 0, 1, 1, 1, 1, 1, 1, 1, 1], "split9_prob": [1.0, 7.164062131132246e-07, 1.0, 1.0, 7.164062131132246e-07, 3.199840976827032e-07, 1.0, 3.206543994480187e-05, 1.0, 7.164062131132246e-07, 1.0, 9.616827836282593e-07, 1.0, 7.164062131132246e-07, 4.7744423279193275e-06, 1.0, 0.00021898360783987296, 8.609287977889811e-07, 6.404660688133498e-07, 3.7407358575612063e-07, 5.545944263072126e-06], "split10_index": [217, 218, 219, 220, 221, 222, 223, 224, 225, 226, 227, 228, 229, 230, 231, 232, 233, 234],