{"split0_index": [8, 9, 10, 11, 12, 13, 14, 15], "split0_pred": [0, 0, 0, 0, 0, 0, 0, 0], "split0_test": [0, 0, 1, 0, 0, 0, 0, 0], "split0_notXOR": [1, 1, 0, 1, 1, 1, 1, 1], "split0_prob": [0.1925815515540715, 0.1945268358010899, 0.17970848650341592, 0.1967107869261366, 0.19484412990203984, 0.19748329779255883, 0.19258155092423754, 0.1925801199169821], "split1_index": [16, 17, 18, 19, 20, 21, 22, 23], "split1_pred": [0, 0, 0, 0, 0, 0, 0, 0], "split1_test": [0, 0, 1, 0, 0, 0, 0, 0], "split1_notXOR": [1, 1, 0, 1, 1, 1, 1, 1], "split1_prob": [0.12336179130837491, 0.060027260582677225, 0.9645560185404719, 0.020836289491768373, 0.05396339233336154, 0.013076577792145992, 0.12157217653964146, 0.1215720605932391], "split2_index": [24, 25, 26, 27, 28, 29, 30, 31], "split2_pred": [0, 0, 0, 0, 0, 0, 0, 0], "split2_test": [0, 0, 1, 0, 0, 0, 0, 0], "split2_notXOR": [1, 1, 0, 1, 1, 1, 1, 1], "split2_prob": [0.14118338517833437, 0.14292841120106237, 0.13598868954921448, 0.1443105349447685, 0.14311976591422562, 0.14496473362291304, 0.1420350087724557, 0.141973842826123], "split3_index": [32, 33, 34, 35, 36, 37, 38, 39], "split3_pred": [0, 0, 0, 0, 0, 0, 0, 0], "split3_test": [0, 0, 1, 0, 0, 0, 0, 0], "split3_notXOR": [1, 1, 0, 1, 1, 1, 1, 1], "split3_prob": [0.10806556624391715, 0.08509213984017219, 0.2732331102494829, 0.05078071516663404, 0.0480039091961671, 0.052046844086172654, 0.1097425116504381, 0.10780905352082834], "split4_index": [40, 41, 42, 43, 44, 45, 46, 47], "split4_pred": [0, 0, 0, 0, 0, 0, 0, 0], "split4_test": [0, 0, 1, 0, 0, 0, 0, 0], "split4_notXOR": [1, 1, 0, 1, 1, 1, 1, 1], "split4_prob": [0.13475031731099962, 0.10843304540417152, 0.1529938634136772, 0.08398247852995143, 0.07956100675280385, 0.0831928402645264, 0.1237460903003524, 0.12247373485948167], "split5_index": [48, 49, 50, 51, 52, 53, 54, 55], "split5_pred": [0, 0, 0, 0, 0, 0, 0, 0], "split5_test": [0, 0, 1, 0, 0, 0, 0, 0], "split5_notXOR": [1, 1, 0, 1, 1, 1, 1, 1], "split5_prob": [0.06706498686651656, 0.005450098994794073, 0.8962131855397719, 0.0054999061989214545, 0.003794150923192641, 0.004333378563582619, 0.06574656303184848, 0.061497662605542895], "split6_index": [56, 57, 58, 59, 60, 61, 62, 63], "split6_pred": [0, 0, 1, 0, 0, 0, 0, 0], "split6_test": [0, 0, 1, 0, 0, 0, 0, 0], "split6_notXOR": [1, 1, 1, 1, 1, 1, 1, 1], "split6_prob": [0.07350426585970557, 0.026579540007324133, 0.9611022727638177, 0.004445866279948837, 0.018829004007427205, 0.008874309480232524, 0.0649988642305789, 0.06446108303768211], "split7_index": [64, 65, 66, 67, 68, 69, 70, 71], "split7_pred": [0, 0, 1, 0, 0, 0, 0, 0], "split7_test": [0, 0, 1, 0, 0, 0, 0, 0], "split7_notXOR": [1, 1, 1, 1, 1, 1, 1, 1], "split7_prob": [0.186704057291803, 0.0159080347803791, 0.9915071189970509, 0.001491618549609389, 0.00623681706226911, 0.004285650363878275, 0.04648318834639843, 0.04616243373053422]}