{"split0_index": [6, 7, 8, 9, 10, 11, 12], "split0_pred": [0, 0, 0, 0, 0, 0, 0], "split0_test": [0, 1, 0, 0, 0, 0, 0], "split0_notXOR": [1, 0, 1, 1, 1, 1, 1], "split0_prob": [0.0, 0.0, 0.0, 0.0, 0.0, 0.0, 0.0], "split1_index": [13, 14, 15, 16, 17, 18, 19], "split1_pred": [0, 1, 0, 0, 0, 0, 0], "split1_test": [0, 1, 0, 0, 0, 0, 0], "split1_notXOR": [1, 1, 1, 1, 1, 1, 1], "split1_prob": [0.0, 0.9999999999902203, 0.0, 0.0, 0.0, 0.0, 0.0], "split2_index": [20, 21, 22, 23, 24, 25, 26], "split2_pred": [0, 1, 0, 0, 0, 0, 0], "split2_test": [0, 1, 0, 0, 0, 0, 0], "split2_notXOR": [1, 1, 1, 1, 1, 1, 1], "split2_prob": [0.0, 0.9999999582177495, 0.0, 0.0, 0.0, 0.0, 0.0], "split3_index": [27, 28, 29, 30, 31, 32, 33], "split3_pred": [0, 1, 0, 0, 0, 0, 0], "split3_test": [0, 1, 0, 0, 1, 0, 0], "split3_notXOR": [1, 1, 1, 1, 0, 1, 1], "split3_prob": [0.0, 0.999999948551936, 0.0, 0.0, 0.0, 0.0, 0.0], "split4_index": [34, 35, 36, 37, 38, 39, 40], "split4_pred": [0, 1, 0, 1, 1, 0, 1], "split4_test": [0, 1, 0, 0, 0, 0, 0], "split4_notXOR": [1, 1, 1, 0, 0, 1, 0], "split4_prob": [1.2102402891451545e-24, 0.9993664566027327, 2.7829336968499854e-69, 0.5553851728086319, 0.9302187736556295, 2.7829336968499854e-69, 0.8620857908286337], "split5_index": [41, 42, 43, 44, 45, 46, 47], "split5_pred": [0, 1, 0, 0, 1, 0, 1], "split5_test": [0, 1, 0, 0, 0, 0, 0], "split5_notXOR": [1, 1, 1, 1, 0, 1, 0], "split5_prob": [5.954488423596119e-28, 0.9993792823387951, 6.03822050034488e-79, 0.4481211293108407, 0.7423262217471653, 6.03822050034488e-79, 0.528124714888856], "split6_index": [48, 49, 50, 51, 52, 53, 54], "split6_pred": [0, 1, 0, 0, 0, 0, 0], "split6_test": [0, 1, 0, 0, 0, 0, 0], "split6_notXOR": [1, 1, 1, 1, 1, 1, 1], "split6_prob": [1.5620486666539327e-31, 0.9994541278286965, 4.525623369765718e-89, 0.34336395973555234, 0.4256906250126884, 4.525623369765718e-89, 0.19694641443023878], "split7_index": [55, 56, 57, 58, 59, 60, 61], "split7_pred": [0, 1, 0, 0, 0, 0, 0], "split7_test": [0, 1, 0, 0, 0, 0, 0], "split7_notXOR": [1, 1, 1, 1, 1, 1, 1], "split7_prob": [8.260118518059543e-36, 0.9996184658427472, 1.7028327485503346e-99, 0.2401009063265134, 0.27465539731070904, 0.10759875809142459, 1.7028327485503346e-99], "split8_index": [62, 63, 64, 65, 66, 67, 68], "split8_pred": [0, 1, 0, 0, 0, 0, 0], "split8_test": [0, 1, 0, 0, 0, 0, 0], "split8_notXOR": [1, 1, 1, 1, 1, 1, 1], "split8_prob": [6.724313713767069e-39, 0.9996295875969827, 1.6406364663808874e-108, 0.13036527160836425, 0.10052822805919723, 0.028819023127587596, 1.6406364663808874e-108], "split9_index": [69, 70, 71, 72, 73, 74, 75, 76], "split9_pred": [0, 0, 0, 0, 0, 0, 0, 0], "split9_test": [0, 0, 1, 0, 0, 0, 0, 0], "split9_notXOR": [1, 1, 0, 1, 1, 1, 1, 1], "split9_prob": [2.7716839253878238e-11, 1.1237927037609414e-42, 0.03385857987606176, 2.219082526701691e-119, 0.07011192389509507, 0.03501945216198442, 0.007918843399627588, 2.219082526701691e-119], "split10_index": [77, 78, 79, 80, 81, 82, 83, 84], "split10_pred": [0, 0, 1, 0, 0, 1, 0, 0], "split10_test": [0, 0, 1, 0, 0, 0, 0, 0], "split10_notXOR": [1, 1, 1, 1, 1, 0, 1, 1], "split10_prob": [9.628009925306668e-13, 4.463839320657561e-48, 0.9988017600186516, 3.8865979634935567e-131, 0.03917190443550974, 0.9983360987210789, 0.2762751851698601, 3.8865979634935567e-131], "split11_index": [85, 86, 87, 88, 89, 90, 91, 92], "split11_pred": [0, 0, 1, 0, 0, 1, 0, 0], "split11_test": [0, 0, 1, 0, 0, 0, 0, 0], "split11_notXOR": [1, 1, 1, 1, 1, 0, 1, 1], "split11_prob": [2.4399500397633213e-14, 1.4337748174637776e-51, 0.9993558605851879, 1.3235738552124616e-140, 0.013864096601795725, 0.998237977010765, 0.16228091692539945, 1.3235738552124616e-140], "split12_index": [93, 94, 95, 96, 97, 98, 99, 100], "split12_pred": [0, 0, 1, 0, 0, 1, 0, 0], "split12_test": [0, 0, 1, 0, 0, 0, 0, 0], "split12_notXOR": [1, 1, 1, 1, 1, 0, 1, 1], "split12_prob": [6.726577395313842e-16, 4.282800107327339e-56, 0.9995849515168023, 7.342158224168339e-153, 0.005260620773883324, 0.9975679537109473, 0.09303459647753128, 7.342158224168339e-153], "split13_index": [101, 102, 103, 104, 105, 106, 107, 108, 109, 110], "split13_pred": [0, 0, 0, 1, 0, 0, 0, 1, 0, 0], "split13_test": [0, 0, 0, 1, 0, 0, 1, 1, 1, 0], "split13_notXOR": [1, 1, 1, 1, 1, 1, 0, 1, 0, 1], "split13_prob": [1.9352993583469666e-17, 2.180001713894849e-18, 1.2584851368231442e-60, 0.9992195031121097, 3.188478572395073e-165, 3.4004165546975017e-49, 0.0020981030952845125, 0.9965187285569709, 0.0467407311998361, 3.188478572395073e-165], "split14_index": [111, 112, 113, 114, 115, 116, 117, 118, 119, 120], "split14_pred": [0, 0, 0, 1, 0, 0, 0, 1, 1, 0], "split14_test": [0, 0, 0, 1, 0, 0, 1, 1, 1, 0], "split14_notXOR": [1, 1, 1, 1, 1, 1, 0, 1, 1, 1], "split14_prob": [5.056524996051153e-07, 8.961719264002063e-08, 2.260435876731275e-33, 0.9983161621484455, 1.0199582792595081e-89, 3.4821051110638326e-24, 0.3664967620012297, 0.9975983916544391, 0.9346458891481341, 1.0199582792595081e-89], "split15_index": [121, 122, 123, 124, 125, 126, 127, 128, 129, 130], "split15_pred": [0, 0, 0, 1, 0, 0, 1, 1, 1, 0], "split15_test": [0, 0, 0, 1, 0, 0, 1, 1, 1, 1], "split15_notXOR": [1, 1, 1, 1, 1, 1, 1, 1, 1, 0], "split15_prob": [0.0020652168445473964, 0.0005043412839438725, 1.0848573559143717e-22, 0.9974383153386771, 5.656003817356218e-61, 1.2444409230580008e-15, 0.8225381261075494, 0.9971038649071847, 0.9869571570052481, 5.656003817356218e-61], "split16_index": [131, 132, 133, 134, 135, 136, 137, 138, 139, 140], "split16_pred": [1, 1, 0, 1, 0, 1, 1, 1, 1, 0], "split16_test": [0, 0, 0, 1, 0, 0, 1, 1, 1, 1], "split16_notXOR": [0, 0, 1, 1, 1, 0, 1, 1, 1, 0], "split16_prob": [0.7811297969578727, 0.7390755116714154, 0.006288554090851296, 0.9622750345002514, 3.0274555351148354e-07, 0.9350574723587719, 0.8840237328641628, 0.9862424151501905, 0.9680791786290033, 3.0274555351148354e-07], "split17_index": [141, 142, 143, 144, 145, 146, 147, 148, 149, 150], "split17_pred": [1, 1, 0, 1, 0, 1, 1, 1, 1, 0], "split17_test": [0, 0, 0, 1, 0, 0, 1, 1, 1, 1], "split17_notXOR": [0, 0, 1, 1, 1, 0, 1, 1, 1, 0], "split17_prob": [0.7579933956911296, 0.6988495188980574, 0.001075269909916227, 0.9748775307024424, 1.7237865234488362e-09, 0.8137803440782929, 0.896461109060976, 0.9896506164282747, 0.9711441314901839, 1.7237865234488362e-09], "split18_index": [151, 152, 153, 154, 155, 156, 157, 158, 159, 160], "split18_pred": [1, 1, 0, 1, 0, 1, 1, 1, 1, 0], "split18_test": [0, 0, 0, 1, 0, 0, 1, 1, 1, 1], "split18_notXOR": [0, 0, 1, 1, 1, 0, 1, 1, 1, 0], "split18_prob": [0.7391556294113033, 0.5225803065179124, 0.005689907039886974, 0.9334636720611995, 2.3886404536117466e-07, 0.9829340261209666, 0.8617077257744227, 0.9855372850681974, 0.9614692777273807, 2.3886404536117466e-07], "split19_index": [161, 162, 163, 164, 165, 166, 167, 168, 169, 170], "split19_pred": [1, 1, 0, 1, 0, 1, 1, 1, 1, 0], "split19_test": [0, 0, 0, 0, 0, 0, 1, 1, 1, 1], "split19_notXOR": [0, 0, 1, 0, 1, 0, 1, 1, 1, 0], "split19_prob": [0.7010898123623616, 0.5000950506372849, 0.018497651871371125, 0.9852985620148625, 8.932709048880128e-06, 0.9835235867480379, 0.8154567748576216, 0.9798363396474896, 0.9440218217708698, 8.932709048880128e-06]}