{"split0_index": [6, 7, 8, 9, 10, 11, 12], "split0_pred": [0, 1, 0, 0, 0, 0, 0], "split0_test": [0, 1, 0, 0, 0, 0, 0], "split0_notXOR": [1, 1, 1, 1, 1, 1, 1], "split0_prob": [0.0, 1.0, 0.0, 0.0, 0.0, 0.0, 0.0], "split1_index": [13, 14, 15, 16, 17, 18, 19], "split1_pred": [0, 1, 0, 0, 0, 0, 0], "split1_test": [0, 1, 0, 0, 0, 0, 0], "split1_notXOR": [1, 1, 1, 1, 1, 1, 1], "split1_prob": [0.0, 1.0, 0.0, 0.0, 0.0, 0.0, 0.0], "split2_index": [20, 21, 22, 23, 24, 25, 26], "split2_pred": [0, 1, 0, 0, 0, 0, 0], "split2_test": [0, 1, 0, 0, 0, 0, 0], "split2_notXOR": [1, 1, 1, 1, 1, 1, 1], "split2_prob": [0.0, 1.0, 0.0, 0.0, 0.0, 0.0, 0.0], "split3_index": [27, 28, 29, 30, 31, 32, 33], "split3_pred": [0, 1, 0, 0, 0, 0, 0], "split3_test": [0, 1, 0, 0, 1, 0, 0], "split3_notXOR": [1, 1, 1, 1, 0, 1, 1], "split3_prob": [0.0, 1.0, 0.0, 0.0, 0.0, 0.0, 0.0], "split4_index": [34, 35, 36, 37, 38, 39, 40], "split4_pred": [0, 1, 0, 0, 1, 0, 1], "split4_test": [0, 1, 0, 0, 0, 0, 0], "split4_notXOR": [1, 1, 1, 1, 0, 1, 0], "split4_prob": [2.30489884296443e-276, 1.0, 1.3712570331911627e-299, 1.2040461254445779e-256, 0.999999999942879, 1.2491625333387405e-169, 0.9999999999331006], "split5_index": [41, 42, 43, 44, 45, 46, 47], "split5_pred": [0, 1, 0, 0, 1, 0, 1], "split5_test": [0, 1, 0, 0, 0, 0, 0], "split5_notXOR": [1, 1, 1, 1, 0, 1, 0], "split5_prob": [2.0714692419057e-311, 1.0, 0.0, 8.944745971653226e-289, 0.9841624475140034, 4.990492377772772e-189, 0.9998766274302303], "split6_index": [48, 49, 50, 51, 52, 53, 54], "split6_pred": [0, 1, 0, 0, 0, 0, 1], "split6_test": [0, 1, 0, 0, 0, 0, 0], "split6_notXOR": [1, 1, 1, 1, 1, 1, 0], "split6_prob": [0.0, 1.0, 0.0, 1.5712768275283e-311, 0.0007930702052684486, 4.851122995390952e-211, 0.7112211065848689], "split7_index": [55, 56, 57, 58, 59, 60, 61], "split7_pred": [0, 1, 0, 0, 0, 0, 0], "split7_test": [0, 1, 0, 0, 0, 0, 0], "split7_notXOR": [1, 1, 1, 1, 1, 1, 1], "split7_prob": [0.0, 1.0, 0.0, 0.0, 2.1319282076060006e-35, 3.829831680940555e-29, 2.586367092826612e-238], "split8_index": [62, 63, 64, 65, 66, 67, 68], "split8_pred": [0, 1, 0, 0, 0, 0, 0], "split8_test": [0, 1, 0, 0, 0, 0, 0], "split8_notXOR": [1, 1, 1, 1, 1, 1, 1], "split8_prob": [0.0, 1.0, 0.0, 0.0, 3.133592351034622e-16, 1.831256735034605e-12, 7.145527362933416e-241], "split9_index": [69, 70, 71, 72, 73, 74, 75, 76], "split9_pred": [0, 0, 1, 0, 0, 0, 0, 0], "split9_test": [0, 0, 1, 0, 0, 0, 0, 0], "split9_notXOR": [1, 1, 1, 1, 1, 1, 1, 1], "split9_prob": [1.0459285371838692e-228, 0.0, 1.0, 0.0, 0.0, 2.2729206665472487e-23, 2.743959803562638e-19, 1.267713544906906e-293], "split10_index": [77, 78, 79, 80, 81, 82, 83, 84], "split10_pred": [0, 0, 1, 0, 0, 0, 0, 0], "split10_test": [0, 0, 1, 0, 0, 0, 0, 0], "split10_notXOR": [1, 1, 1, 1, 1, 1, 1, 1], "split10_prob": [4.6502104983895763e-122, 3.6626853482953406e-218, 1.0, 4.055500533064538e-241, 2.4648973713314833e-234, 4.1046109116999524e-08, 0.0006949542947432155, 9.362455910173337e-165], "split11_index": [85, 86, 87, 88, 89, 90, 91, 92], "split11_pred": [0, 0, 1, 0, 0, 0, 0, 0], "split11_test": [0, 0, 1, 0, 0, 0, 0, 0], "split11_notXOR": [1, 1, 1, 1, 1, 1, 1, 1], "split11_prob": [4.512560016240184e-112, 1.7433051689393706e-183, 1.0, 6.340094385990713e-205, 1.894133020442798e-200, 8.060118586336633e-19, 7.907378438930348e-12, 2.960207724495398e-146], "split12_index": [93, 94, 95, 96, 97, 98, 99, 100], "split12_pred": [0, 0, 1, 0, 0, 0, 0, 0], "split12_test": [0, 0, 1, 0, 0, 0, 0, 0], "split12_notXOR": [1, 1, 1, 1, 1, 1, 1, 1], "split12_prob": [4.586601293025948e-110, 6.496050183717275e-167, 1.0, 2.7247790944814902e-188, 7.254412725378241e-184, 3.2775710364709206e-23, 1.9237066061800705e-12, 1.5436692094292264e-137], "split13_index": [101, 102, 103, 104, 105, 106, 107, 108, 109, 110], "split13_pred": [0, 0, 0, 1, 0, 0, 0, 0, 0, 0], "split13_test": [0, 0, 0, 1, 0, 0, 1, 1, 1, 0], "split13_notXOR": [1, 1, 1, 1, 1, 1, 0, 0, 0, 1], "split13_prob": [3.7105934221424954e-107, 7.363843704612765e-64, 2.1230889217022224e-93, 1.0, 1.3171886932455847e-75, 1.8542892956193283e-76, 8.060238308565472e-105, 4.978488360880102e-38, 1.382454840893155e-23, 1.96151578870243e-117], "split14_index": [111, 112, 113, 114, 115, 116, 117, 118, 119, 120], "split14_pred": [0, 0, 0, 1, 0, 0, 0, 1, 1, 0], "split14_test": [0, 0, 0, 1, 0, 0, 1, 1, 1, 0], "split14_notXOR": [1, 1, 1, 1, 1, 1, 0, 1, 1, 1], "split14_prob": [1.4613240161282766e-26, 3.858347680079404e-11, 1.5078978990317142e-30, 1.0, 8.858618090863488e-28, 1.3507968037327157e-20, 3.4705356244556106e-27, 1.0, 1.0, 1.0722367427355667e-28], "split15_index": [121, 122, 123, 124, 125, 126, 127, 128, 129, 130], "split15_pred": [0, 0, 0, 1, 0, 0, 0, 1, 1, 0], "split15_test": [0, 0, 0, 1, 0, 0, 1, 1, 1, 1], "split15_notXOR": [1, 1, 1, 1, 1, 1, 0, 1, 1, 0], "split15_prob": [2.2904306406602756e-21, 6.760602473548336e-10, 3.9058022077155124e-24, 1.0, 1.8967890496076993e-22, 1.8148943601228517e-17, 1.1028288708411393e-20, 1.0, 1.0, 8.845123008972494e-23], "split16_index": [131, 132, 133, 134, 135, 136, 137, 138, 139, 140], "split16_pred": [0, 0, 0, 1, 0, 0, 0, 1, 1, 0], "split16_test": [0, 0, 0, 1, 0, 0, 1, 1, 1, 1], "split16_notXOR": [1, 1, 1, 1, 1, 1, 0, 1, 1, 0], "split16_prob": [6.3490640882065655e-18, 3.4637779348597683e-09, 3.2808607510089436e-20, 1.0, 3.241345595395645e-19, 1.8109338932587754e-15, 7.213917655941088e-17, 1.0, 1.0, 6.175791138566721e-19], "split17_index": [141, 142, 143, 144, 145, 146, 147, 148, 149, 150], "split17_pred": [0, 0, 0, 1, 0, 0, 0, 1, 1, 0], "split17_test": [0, 0, 0, 1, 0, 0, 1, 1, 1, 1], "split17_notXOR": [1, 1, 1, 1, 1, 1, 0, 1, 1, 0], "split17_prob": [1.827774048890398e-16, 5.229734921867568e-09, 1.913144691251273e-18, 1.0, 1.1862441904226452e-17, 2.410597711477744e-14, 3.476036678172114e-15, 1.0, 1.0, 1.6672100003930679e-18], "split18_index": [151, 152, 153, 154, 155, 156, 157, 158, 159, 160], "split18_pred": [0, 0, 0, 1, 0, 0, 0, 1, 1, 0], "split18_test": [0, 0, 0, 1, 0, 0, 1, 1, 1, 1], "split18_notXOR": [1, 1, 1, 1, 1, 1, 0, 1, 1, 0], "split18_prob": [2.8440000343504314e-16, 1.756120004405789e-12, 9.674231571279072e-18, 1.0, 4.809883530268231e-17, 2.725487656831974e-15, 1.4130638081307467e-14, 1.0, 1.0, 3.9628952972317796e-17], "split19_index": [161, 162, 163, 164, 165, 166, 167, 168, 169, 170], "split19_pred": [0, 0, 0, 1, 0, 0, 0, 1, 1, 0], "split19_test": [0, 0, 0, 0, 0, 0, 1, 1, 1, 1], "split19_notXOR": [1, 1, 1, 0, 1, 1, 0, 1, 1, 0], "split19_prob": [5.37652967329794e-16, 2.4299235813205907e-12, 2.3072169349284924e-17, 1.0, 9.954431498062912e-17, 3.860710967179205e-15, 3.917901094017096e-14, 1.0, 1.0, 2.273327991487928e-16]}