{"split0_index": [11, 12, 13, 14, 15, 16, 17, 18, 19, 20, 21], "split0_pred": [0, 0, 0, 0, 1, 1, 0, 0, 0, 1, 1], "split0_test": [0, 0, 0, 0, 1, 1, 0, 0, 0, 0, 0], "split0_notXOR": [1, 1, 1, 1, 1, 1, 1, 1, 1, 0, 0], "split0_prob": [1.8632647879828158e-15, 1.852088554953855e-55, 1.852088554953855e-55, 0.19543134900831413, 0.9501805548536427, 0.9984914693179407, 6.672168343080483e-10, 7.987804406979079e-09, 6.672168343080483e-10, 0.9500599674080638, 0.866381357800767], "split1_index": [22, 23, 24, 25, 26, 27, 28, 29, 30, 31, 32, 33], "split1_pred": [0, 0, 0, 0, 0, 1, 1, 0, 0, 0, 1, 1], "split1_test": [0, 0, 0, 0, 0, 1, 1, 0, 0, 0, 0, 0], "split1_notXOR": [1, 1, 1, 1, 1, 1, 1, 1, 1, 1, 0, 0], "split1_prob": [9.333685313114397e-19, 1.21606093769857e-68, 1.21606093769857e-68, 8.311943378464184e-18, 0.009695981599132649, 0.7679811487676392, 0.9998196876414714, 7.944540097401543e-15, 4.288318621627425e-13, 1.540968901785821e-14, 0.9239532677741656, 0.8311643677671059], "split2_index": [34, 35, 36, 37, 38, 39, 40, 41, 42, 43, 44, 45], "split2_pred": [0, 0, 0, 0, 0, 1, 1, 0, 0, 0, 1, 1], "split2_test": [0, 0, 0, 0, 0, 1, 0, 0, 0, 0, 0, 0], "split2_notXOR": [1, 1, 1, 1, 1, 1, 0, 1, 1, 1, 0, 0], "split2_prob": [1.3436514762562576e-21, 1.276508092916762e-65, 1.276508092916762e-65, 0.017271767960828497, 1.0335698962369303e-18, 0.7986063084599442, 0.9999968785191229, 5.677226335708324e-14, 6.890717175043641e-13, 1.255957240497464e-13, 0.9185072781774639, 0.7792651810604309], "split3_index": [46, 47, 48, 49, 50, 51, 52, 53, 54, 55, 56, 57], "split3_pred": [0, 0, 0, 0, 0, 1, 1, 0, 0, 0, 1, 1], "split3_test": [0, 0, 0, 0, 0, 1, 0, 0, 0, 0, 0, 0], "split3_notXOR": [1, 1, 1, 1, 1, 1, 0, 1, 1, 1, 0, 0], "split3_prob": [7.056065876180038e-16, 3.295574463958095e-54, 3.295574463958095e-54, 0.05013689420578257, 5.648496709142601e-11, 0.9262432636092367, 0.9979413085350474, 2.0398992077239815e-09, 2.1445639800449765e-07, 7.800748415482413e-09, 0.6751747160344439, 0.7335559327740276], "split4_index": [58, 59, 60, 61, 62, 63, 64, 65, 66, 67, 68, 69], "split4_pred": [0, 0, 0, 0, 0, 1, 1, 0, 0, 0, 1, 1], "split4_test": [0, 0, 0, 0, 0, 1, 0, 0, 0, 0, 0, 0], "split4_notXOR": [1, 1, 1, 1, 1, 1, 0, 1, 1, 1, 0, 0], "split4_prob": [6.79448634429512e-21, 8.844845744555403e-55, 8.844845744555403e-55, 0.1412985092933432, 1.8894277612839226e-11, 0.9319815771873966, 0.9940185968314503, 1.0171868376327755e-08, 1.4678639126498827e-07, 2.7737467531323603e-08, 0.7801545664608941, 0.8239196603005223], "split5_index": [70, 71, 72, 73, 74, 75, 76, 77, 78, 79, 80, 81], "split5_pred": [0, 0, 0, 0, 0, 1, 1, 0, 0, 0, 1, 1], "split5_test": [0, 0, 0, 0, 0, 1, 0, 0, 0, 0, 0, 0], "split5_notXOR": [1, 1, 1, 1, 1, 1, 0, 1, 1, 1, 0, 0], "split5_prob": [1.7386666103229445e-20, 7.967130631292742e-56, 7.967130631292742e-56, 0.16655516213947125, 4.998540632927713e-11, 0.9485368768509229, 0.9825104773415342, 2.131952996119462e-08, 3.399392403220132e-07, 5.747944520960354e-08, 0.7461595374798213, 0.7955304224188918], "split6_index": [82, 83, 84, 85, 86, 87, 88, 89, 90, 91, 92, 93], "split6_pred": [0, 0, 0, 0, 0, 1, 1, 0, 0, 0, 1, 1], "split6_test": [0, 0, 0, 0, 0, 1, 0, 0, 0, 0, 0, 0], "split6_notXOR": [1, 1, 1, 1, 1, 1, 0, 1, 1, 1, 0, 0], "split6_prob": [5.4671430090765825e-15, 3.098643402765163e-57, 3.098643402765163e-57, 0.08716978635088571, 5.043551716669965e-10, 0.9672772424736438, 0.9092940052702967, 2.2206126474764496e-08, 2.525099891836871e-06, 5.7596433027698504e-08, 0.5562882548735841, 0.6228500882989848], "split7_index": [94, 95, 96, 97, 98, 99, 100, 101, 102, 103, 104, 105], "split7_pred": [0, 0, 0, 0, 0, 1, 1, 0, 0, 0, 0, 1], "split7_test": [0, 0, 0, 0, 0, 1, 0, 0, 0, 0, 0, 0], "split7_notXOR": [1, 1, 1, 1, 1, 1, 0, 1, 1, 1, 1, 0], "split7_prob": [2.9977231949801696e-15, 2.8853146110133834e-61, 2.8853146110133834e-61, 0.09220871866978252, 4.6378144945644455e-10, 0.9777231666493315, 0.7416828218989212, 1.745931876177662e-08, 9.700748312191265e-06, 5.9020941272177415e-08, 1.1589849219539304e-16, 0.5381602506821148], "split8_index": [106, 107, 108, 109, 110, 111, 112, 113, 114, 115, 116, 117], "split8_pred": [0, 0, 0, 0, 0, 1, 1, 0, 0, 0, 0, 1], "split8_test": [0, 0, 0, 0, 0, 1, 0, 0, 0, 0, 0, 0], "split8_notXOR": [1, 1, 1, 1, 1, 1, 0, 1, 1, 1, 1, 0], "split8_prob": [1.672116929886202e-21, 2.724451398915322e-65, 2.724451398915322e-65, 0.22208418511960312, 7.193169793812034e-11, 0.9800349749795799, 0.7022358962951095, 2.3552275960511446e-08, 2.6280115403256075e-06, 8.290192765778056e-08, 4.1108655329843175e-41, 0.6506878942127845], "split9_index": [118, 119, 120, 121, 122, 123, 124, 125, 126, 127, 128, 129], "split9_pred": [0, 0, 0, 0, 0, 1, 0, 0, 0, 0, 0, 1], "split9_test": [0, 0, 0, 0, 0, 1, 0, 0, 0, 0, 0, 0], "split9_notXOR": [1, 1, 1, 1, 1, 1, 1, 1, 1, 1, 1, 0], "split9_prob": [1.0496776450028826e-22, 3.410442958880222e-70, 3.410442958880222e-70, 0.22587918774241236, 3.341784924954908e-11, 0.9857555899725872, 0.41184610114621606, 1.4868484325200028e-08, 1.4806781916596827e-06, 5.364685396155128e-08, 1.095989814058936e-43, 0.5859752573657446], "split10_index": [130, 131, 132, 133, 134, 135, 136, 137, 138, 139, 140, 141, 142], "split10_pred": [0, 0, 0, 0, 0, 1, 0, 0, 0, 0, 0, 0, 0], "split10_test": [0, 0, 0, 1, 0, 1, 0, 0, 1, 0, 0, 0, 1], "split10_notXOR": [1, 1, 1, 0, 1, 1, 1, 1, 0, 1, 1, 1, 0], "split10_prob": [3.591017050948593e-25, 1.3030283496019973e-73, 1.3030283496019973e-73, 0.16735325834589942, 1.760772329682268e-11, 0.9885235789795008, 0.23924640984241582, 1.0096822030541727e-08, 6.614059339512726e-07, 7.641779329036536e-08, 0.0029332872737566035, 1.3276003576103476e-53, 0.0016924273767850182], "split11_index": [143, 144, 145, 146, 147, 148, 149, 150, 151, 152, 153, 154, 155], "split11_pred": [0, 0, 0, 0, 0, 1, 0, 0, 0, 0, 0, 0, 0], "split11_test": [0, 0, 0, 0, 0, 1, 0, 0, 1, 0, 0, 0, 0], "split11_notXOR": [1, 1, 1, 1, 1, 1, 1, 1, 0, 1, 1, 1, 1], "split11_prob": [3.498243724538956e-07, 1.865617966558354e-28, 1.865617966558354e-28, 0.37931959480537925, 0.008513324357496854, 0.977370820899356, 0.2519856832327893, 0.03258050817543136, 0.2521537706329739, 0.10993110767432952, 0.031353885957930865, 1.9780609195086863e-15, 0.45933111065236343], "split12_index": [156, 157, 158, 159, 160, 161, 162, 163, 164, 165, 166, 167, 168], "split12_pred": [0, 0, 0, 0, 0, 1, 0, 0, 1, 1, 0, 0, 1], "split12_test": [0, 0, 0, 0, 0, 1, 0, 0, 0, 0, 0, 0, 0], "split12_notXOR": [1, 1, 1, 1, 1, 1, 1, 1, 0, 0, 1, 1, 0], "split12_prob": [5.01280780921601e-12, 2.363854066570234e-22, 2.363854066570234e-22, 0.34511107705514166, 0.06706306888669891, 0.9743770006011616, 0.12414152205350251, 0.2838434586577268, 0.5569082228133653, 0.7171603644101183, 0.024641588791088753, 6.016549188521011e-16, 0.6309334861766754], "split13_index": [169, 170, 171, 172, 173, 174, 175, 176, 177, 178, 179, 180], "split13_pred": [0, 0, 0, 0, 1, 0, 0, 0, 0, 0, 1, 1], "split13_test": [0, 1, 0, 0, 0, 0, 0, 0, 0, 0, 0, 0], "split13_notXOR": [1, 0, 1, 1, 0, 1, 1, 1, 1, 1, 0, 0], "split13_prob": [1.0855260013505447e-17, 2.9230788603685636e-23, 2.9230788603685636e-23, 0.3635084072036652, 0.6810341666749139, 0.42732572998706564, 0.31301608885900567, 0.43103033704202953, 0.01709962829512847, 0.025988986147374663, 0.9509063801137111, 0.6325838030459647]}