{"split0_index": [4, 5, 6, 7], "split0_pred": [0, 0, 0, 0], "split0_test": [0, 0, 0, 1], "split0_notXOR": [1, 1, 1, 0], "split0_prob": [0.00017576077468550784, 0.00017576077468550784, 0.00017576077468550784, 0.0004672863238929632], "split1_index": [8, 9, 10, 11], "split1_pred": [0, 0, 0, 1], "split1_test": [0, 0, 0, 1], "split1_notXOR": [1, 1, 1, 1], "split1_prob": [0.0338735553404253, 0.0338735553404253, 0.0338735553404253, 0.9990176459210456], "split2_index": [12, 13, 14, 15], "split2_pred": [0, 0, 0, 1], "split2_test": [0, 0, 0, 1], "split2_notXOR": [1, 1, 1, 1], "split2_prob": [0.00015353152425821916, 0.00015353152425821916, 0.00015353152425821916, 0.9991447681475125], "split3_index": [16, 17, 18, 19], "split3_pred": [0, 0, 0, 1], "split3_test": [0, 0, 0, 1], "split3_notXOR": [1, 1, 1, 1], "split3_prob": [2.6682978398870652e-05, 2.6682978398870652e-05, 2.6682978398870652e-05, 0.9991775223934571], "split4_index": [20, 21, 22, 23], "split4_pred": [0, 0, 0, 0], "split4_test": [0, 0, 0, 1], "split4_notXOR": [1, 1, 1, 0], "split4_prob": [0.00012053110047662152, 0.00012053110047662152, 0.00012053110047662152, 0.00012053110047662152], "split5_index": [24, 25, 26], "split5_pred": [1, 0, 0], "split5_test": [0, 0, 1], "split5_notXOR": [0, 1, 0], "split5_prob": [0.802241250961904, 0.0018277427797735288, 0.0018277427797735288], "split6_index": [27, 28, 29], "split6_pred": [0, 0, 0], "split6_test": [1, 0, 1], "split6_notXOR": [0, 1, 0], "split6_prob": [0.3989321003644944, 0.18271128768937647, 0.18271128768937647], "split7_index": [30, 31, 32], "split7_pred": [0, 0, 1], "split7_test": [1, 0, 1], "split7_notXOR": [0, 1, 1], "split7_prob": [0.40599522542339284, 0.14871237629492048, 0.999999996111643], "split8_index": [33, 34, 35], "split8_pred": [0, 0, 1], "split8_test": [1, 0, 1], "split8_notXOR": [0, 1, 1], "split8_prob": [0.21027300506228558, 0.21027300506228558, 0.9100030893759086], "split9_index": [36, 37, 38], "split9_pred": [0, 0, 0], "split9_test": [0, 0, 1], "split9_notXOR": [1, 1, 0], "split9_prob": [0.3008277509525281, 0.22477691845410872, 0.4168066672751692], "split10_index": [39, 40, 41], "split10_pred": [1, 0, 0], "split10_test": [0, 0, 1], "split10_notXOR": [0, 1, 0], "split10_prob": [0.717500227581339, 0.29285044024169005, 0.29285044024169005], "split11_index": [42, 43, 44], "split11_pred": [1, 0, 0], "split11_test": [0, 0, 1], "split11_notXOR": [0, 1, 0], "split11_prob": [0.6498208112147168, 0.2894785950238723, 0.2894785950238723], "split12_index": [45, 46, 47], "split12_pred": [1, 0, 0], "split12_test": [1, 0, 0], "split12_notXOR": [1, 1, 1], "split12_prob": [0.7145474257474206, 0.24309341251158548, 0.24309341251158548], "split13_index": [48, 49, 50], "split13_pred": [0, 0, 1], "split13_test": [1, 0, 0], "split13_notXOR": [0, 1, 0], "split13_prob": [0.17982110026057377, 0.17982110026057377, 0.9999963210326394], "split14_index": [51, 52], "split14_pred": [0, 1], "split14_test": [1, 0], "split14_notXOR": [0, 0], "split14_prob": [0.040275239395751165, 0.9999999147242461], "split15_index": [53, 54], "split15_pred": [0, 0], "split15_test": [1, 0], "split15_notXOR": [0, 1], "split15_prob": [0.26712018884280464, 0.26712018884280464], "split16_index": [55, 56], "split16_pred": [0, 0], "split16_test": [1, 0], "split16_notXOR": [0, 1], "split16_prob": [0.16305196725097768, 0.16305196725097768], "split17_index": [57, 58], "split17_pred": [0, 0], "split17_test": [1, 0], "split17_notXOR": [0, 1], "split17_prob": [0.1209811488044177, 0.1209811488044177]}