{"split0_index": [5, 6, 7, 8, 9], "split0_pred": [0, 0, 1, 0, 0], "split0_test": [0, 0, 1, 1, 0], "split0_notXOR": [1, 1, 1, 0, 1], "split0_prob": [0.0, 0.0, 1.0, 0.0, 0.0], "split1_index": [10, 11, 12, 13, 14], "split1_pred": [0, 0, 1, 0, 0], "split1_test": [0, 0, 1, 1, 0], "split1_notXOR": [1, 1, 1, 0, 1], "split1_prob": [0.0, 0.0, 1.0, 0.0, 0.0], "split2_index": [15, 16, 17, 18, 19], "split2_pred": [0, 0, 1, 0, 0], "split2_test": [0, 0, 1, 1, 0], "split2_notXOR": [1, 1, 1, 0, 1], "split2_prob": [0.0, 0.0, 1.0, 0.5, 0.0], "split3_index": [20, 21, 22, 23, 24], "split3_pred": [0, 0, 1, 1, 0], "split3_test": [0, 0, 1, 1, 0], "split3_notXOR": [1, 1, 1, 1, 1], "split3_prob": [0.0, 0.0, 1.0, 0.6666666666666666, 0.0], "split4_index": [25, 26, 27, 28, 29], "split4_pred": [1, 0, 1, 0, 0], "split4_test": [1, 0, 1, 0, 0], "split4_notXOR": [1, 1, 1, 1, 1], "split4_prob": [0.75, 0.0, 1.0, 0.0, 0.0], "split5_index": [30, 31, 32, 33, 34], "split5_pred": [0, 1, 0, 0, 1], "split5_test": [0, 0, 1, 1, 1], "split5_notXOR": [1, 0, 0, 0, 1], "split5_prob": [0.0, 1.0, 0.0, 0.0, 0.8], "split6_index": [35, 36, 37, 38, 39], "split6_pred": [0, 1, 0, 0, 1], "split6_test": [0, 0, 1, 1, 1], "split6_notXOR": [1, 0, 0, 0, 1], "split6_prob": [0.0, 1.0, 0.0, 0.0, 0.8333333333333334], "split7_index": [40, 41, 42, 43, 44], "split7_pred": [1, 0, 1, 1, 1], "split7_test": [0, 0, 1, 0, 1], "split7_notXOR": [0, 1, 1, 0, 1], "split7_prob": [0.8571428571428571, 0.0, 1.0, 1.0, 0.8571428571428571], "split8_index": [45, 46, 47, 48, 49], "split8_pred": [0, 0, 1, 0, 1], "split8_test": [0, 0, 0, 0, 1], "split8_notXOR": [1, 1, 0, 1, 1], "split8_prob": [0.0, 0.0, 1.0, 0.0, 0.875], "split9_index": [50, 51, 52, 53, 54], "split9_pred": [1, 0, 0, 0, 0], "split9_test": [1, 0, 0, 0, 0], "split9_notXOR": [1, 1, 1, 1, 1], "split9_prob": [0.8888888888888888, 0.0, 0.0, 0.0, 0.0], "split10_index": [55, 56, 57, 58, 59, 60], "split10_pred": [1, 1, 1, 0, 0, 0], "split10_test": [0, 1, 0, 0, 0, 0], "split10_notXOR": [0, 1, 0, 1, 1, 1], "split10_prob": [0.9, 0.9, 0.9, 0.0, 0.0, 0.0], "split11_index": [61, 62, 63, 64, 65, 66], "split11_pred": [0, 1, 1, 0, 0, 0], "split11_test": [0, 1, 0, 0, 0, 0], "split11_notXOR": [1, 1, 0, 1, 1, 1], "split11_prob": [0.0, 0.9090909090909091, 0.9090909090909091, 0.0, 0.0, 0.0], "split12_index": [67, 68, 69, 70, 71, 72, 73, 74], "split12_pred": [0, 1, 0, 0, 0, 0, 0, 0], "split12_test": [0, 0, 0, 1, 0, 0, 0, 0], "split12_notXOR": [1, 0, 1, 0, 1, 1, 1, 1], "split12_prob": [0.0, 0.9166666666666666, 0.0, 0.0, 0.0, 0.0, 0.0, 0.0], "split13_index": [75, 76, 77, 78, 79, 80, 81, 82, 83], "split13_pred": [0, 0, 1, 1, 1, 0, 0, 1, 0], "split13_test": [0, 0, 0, 0, 1, 0, 0, 0, 0], "split13_notXOR": [1, 1, 0, 0, 1, 1, 1, 0, 1], "split13_prob": [0.0, 0.0, 0.9166666666666666, 0.9166666666666666, 1.0, 0.0, 0.0, 1.0, 0.0]}