{"split0_index": [22, 23, 24, 25, 26, 27, 28, 29, 30, 31, 32, 33, 34, 35, 36, 37, 38, 39, 40, 41, 42], "split0_pred": [0, 0, 0, 0, 1, 1, 1, 0, 1, 1, 1, 1, 1, 1, 1, 0, 0, 1, 1, 0, 1], "split0_test": [0, 0, 0, 0, 0, 0, 1, 0, 0, 1, 0, 0, 0, 0, 0, 0, 0, 0, 1, 0, 1], "split0_notXOR": [1, 1, 1, 1, 0, 0, 1, 1, 0, 1, 0, 0, 0, 0, 0, 1, 1, 0, 1, 1, 1], "split0_prob": [1.4124268148424113e-05, 1.2973425711352616e-162, 1.909677248864789e-06, 1.2973425711352616e-162, 1.0, 1.0, 1.0, 1.2973425711352616e-162, 1.0, 1.0, 1.0, 0.9990119699967004, 0.9999999362230627, 1.0, 1.0, 0.46485357082447853, 1.2973425711352616e-162, 1.0, 1.0, 8.131413909133215e-07, 1.0], "split1_index": [43, 44, 45, 46, 47, 48, 49, 50, 51, 52, 53, 54, 55, 56, 57, 58, 59, 60, 61, 62, 63, 64, 65, 66, 67], "split1_pred": [0, 0, 0, 0, 1, 0, 0, 0, 0, 0, 1, 1, 0, 1, 0, 0, 1, 0, 0, 1, 1, 0, 1, 0, 1], "split1_test": [0, 0, 0, 0, 0, 0, 0, 0, 1, 0, 0, 1, 0, 0, 0, 0, 1, 0, 0, 0, 0, 0, 1, 0, 1], "split1_notXOR": [1, 1, 1, 1, 0, 1, 1, 1, 0, 1, 0, 1, 1, 0, 1, 1, 1, 1, 1, 0, 0, 1, 1, 1, 1], "split1_prob": [5.990641624944524e-06, 4.6619117586689774e-160, 0.0005500298529915246, 4.6619117586689774e-160, 0.9151229521633465, 0.001426624122002129, 3.5243515943989394e-25, 4.804061669131889e-62, 0.04051349964079288, 4.6619117586689774e-160, 0.999775780091096, 0.9999650037434586, 9.015954698929868e-24, 0.6007919617041758, 3.938707625499959e-06, 0.017603764457103908, 0.9780452374161038, 0.018011674029174505, 0.0073153479101982785, 0.9998294894005392, 0.9995301338985478, 5.935002844296726e-07, 0.7384101534201248, 4.0994753503029295e-10, 0.9995546330930337], "split2_index": [68, 69, 70, 71, 72, 73, 74, 75, 76, 77, 78, 79, 80, 81, 82, 83, 84, 85, 86, 87, 88, 89, 90, 91, 92, 93, 94], "split2_pred": [0, 0, 0, 0, 1, 1, 0, 0, 1, 0, 1, 0, 1, 1, 0, 1, 0, 0, 1, 0, 0, 1, 1, 0, 1, 0, 1], "split2_test": [0, 0, 0, 0, 0, 0, 0, 0, 0, 0, 1, 0, 0, 1, 0, 0, 0, 0, 1, 0, 0, 0, 0, 0, 1, 0, 1], "split2_notXOR": [1, 1, 1, 1, 0, 0, 1, 1, 0, 1, 1, 1, 0, 1, 1, 0, 1, 1, 1, 1, 1, 0, 0, 1, 1, 1, 1], "split2_prob": [0.0003923277527220524, 1.0658096900857794e-130, 0.005039687099676402, 1.0658096900857794e-130, 0.9555457923800716, 0.991695419127119, 0.11431024850131583, 2.844744908462884e-18, 0.9959812563102636, 0.22610055208740507, 0.9973313712580709, 1.0658096900857794e-130, 0.9715041029712014, 0.9995615725467905, 3.3661861941002764e-17, 0.9896838391899309, 0.0008633500191296068, 0.04434246276252286, 0.9973591859949333, 0.013675685421223376, 0.0062265626549417195, 0.9951202422791158, 0.9987823422989466, 1.9161254617776267e-06, 0.6160296337561538, 3.2804116216504564e-07, 0.9982667493790724], "split3_index": [95, 96, 97, 98, 99, 100, 101, 102, 103, 104, 105, 106, 107, 108, 109, 110, 111, 112, 113, 114, 115, 116, 117, 118, 119, 120, 121], "split3_pred": [0, 0, 0, 0, 1, 0, 0, 0, 1, 0, 1, 0, 0, 1, 0, 1, 0, 0, 1, 0, 0, 0, 0, 0, 1, 0, 1], "split3_test": [0, 0, 0, 0, 0, 0, 0, 0, 0, 0, 1, 0, 0, 1, 0, 0, 0, 0, 1, 0, 0, 0, 0, 0, 1, 0, 1], "split3_notXOR": [1, 1, 1, 1, 0, 1, 1, 1, 0, 1, 1, 1, 1, 1, 1, 0, 1, 1, 1, 1, 1, 1, 1, 1, 1, 1, 1], "split3_prob": [0.0021109226576571222, 4.050609460335378e-121, 0.039847196930336906, 4.050609460335378e-121, 0.5963011795995767, 0.020182741923193328, 0.2949564854298256, 2.6678827315063545e-15, 0.7873989122124848, 0.21404045259755408, 0.9932096619712895, 4.050609460335378e-121, 2.6952578298313295e-06, 0.9997181505412024, 2.2288360416896212e-14, 0.905670853093648, 0.010491064210131983, 0.23704397333521776, 0.9918713300978076, 0.0662655302568424, 0.00750790390351197, 1.1009288977737665e-09, 1.5017633623818484e-09, 4.9631178281942885e-05, 0.7889138404426961, 1.0895904196032936e-05, 0.9954124028030975], "split4_index": [122, 123, 124, 125, 126, 127, 128, 129, 130, 131, 132, 133, 134, 135, 136, 137, 138, 139, 140, 141, 142, 143, 144, 145, 146, 147, 148], "split4_pred": [0, 0, 0, 0, 0, 0, 0, 0, 0, 0, 0, 0, 0, 1, 0, 1, 0, 0, 1, 0, 0, 0, 1, 0, 1, 0, 1], "split4_test": [0, 0, 0, 0, 0, 0, 0, 0, 0, 0, 1, 1, 0, 1, 0, 0, 0, 0, 1, 0, 0, 0, 0, 0, 1, 0, 1], "split4_notXOR": [1, 1, 1, 1, 1, 1, 1, 1, 1, 1, 0, 0, 1, 1, 1, 0, 1, 1, 1, 1, 1, 1, 0, 1, 1, 1, 1], "split4_prob": [0.001995917346749075, 9.085383093402074e-117, 0.02956603243362091, 9.085383093402074e-117, 0.004870773033507897, 0.059708256826637544, 0.04389770952881225, 2.901922434573751e-15, 0.22745103343423365, 0.0006223786160403373, 0.4044552979163136, 9.085383093402074e-117, 0.06752328369322239, 0.9818761345947601, 1.6275112446463867e-14, 0.7526909570199088, 0.007783963897618889, 0.18264172099511497, 0.9626324266123055, 0.04520790812757005, 0.010898235683257696, 0.25280152146986024, 0.9453152828979665, 3.133588681678982e-05, 0.6336031794927173, 9.14465236988892e-06, 0.9745159558424612], "split5_index": [149, 150, 151, 152, 153, 154, 155, 156, 157, 158, 159, 160, 161, 162, 163, 164, 165, 166, 167, 168, 169, 170, 171, 172, 173, 174, 175, 176, 177], "split5_pred": [0, 0, 0, 0, 0, 0, 1, 0, 0, 0, 0, 0, 0, 1, 1, 1, 0, 0, 1, 0, 1, 0, 0, 0, 0, 1, 0, 0, 1], "split5_test": [0, 0, 0, 0, 0, 0, 0, 0, 0, 0, 1, 0, 0, 1, 0, 0, 0, 0, 0, 1, 0, 0, 0, 0, 0, 0, 0, 0, 1], "split5_notXOR": [1, 1, 1, 1, 1, 1, 0, 1, 1, 1, 0, 1, 1, 1, 0, 0, 1, 1, 0, 0, 0, 1, 1, 1, 1, 0, 1, 1, 1], "split5_prob": [0.17346373705657778, 2.4477776858418756e-07, 0.2777936074532717, 0.11468039778700484, 0.013296573722764096, 0.015238987996915872, 0.8563168921801609, 0.008914876144695274, 0.18210469897372367, 0.27766551073767404, 0.20446214101441967, 2.4477776858418756e-07, 0.10838069637394308, 0.9778458322257403, 0.520904316653908, 0.8040335881425323, 0.30804143656384736, 0.2038007017904205, 0.6425128988555101, 0.3954185148445435, 0.6939119204635819, 0.27879241706140623, 0.19971844136193162, 0.2076983683607075, 0.4233003178982411, 0.6665770206599613, 0.0059940016311214395, 0.09907487844129562, 0.7718999016276332], "split6_index": [178, 179, 180, 181, 182, 183, 184, 185, 186, 187, 188, 189, 190, 191, 192, 193, 194, 195, 196, 197, 198, 199, 200, 201, 202, 203, 204], "split6_pred": [0, 0, 0, 1, 1, 1, 1, 0, 1, 1, 1, 0, 1, 1, 0, 1, 0, 0, 1, 0, 1, 0, 0, 1, 0, 0, 1], "split6_test": [0, 0, 0, 0, 0, 0, 0, 0, 0, 0, 1, 0, 0, 1, 0, 0, 0, 0, 0, 1, 0, 0, 0, 0, 0, 0, 1], "split6_notXOR": [1, 1, 1, 0, 0, 0, 0, 1, 0, 0, 1, 1, 0, 1, 1, 0, 1, 1, 0, 0, 0, 1, 1, 0, 1, 1, 1], "split6_prob": [0.1403357635673065, 7.16081434141465e-08, 0.19905842228167822, 0.692316888391921, 0.5754663031078999, 0.5767367571176966, 0.8323012380764249, 0.041764664281095744, 0.7786751996885877, 0.7239004568255717, 0.8163374428002298, 7.16081434141465e-08, 0.7665646240661124, 0.9885310984929363, 0.4312170882310654, 0.8333447980429254, 0.2575736931676365, 0.17561030355048393, 0.550432661650482, 0.3234664584277508, 0.603652557926723, 0.17208764636704574, 0.34200290027639113, 0.588155564144784, 0.47066566780232433, 0.08634120104228717, 0.9103981386458637], "split7_index": [205, 206, 207, 208, 209, 210, 211, 212, 213, 214, 215, 216, 217, 218, 219, 220, 221, 222, 223, 224, 225, 226, 227, 228, 229, 230], "split7_pred": [0, 0, 0, 0, 0, 0, 1, 0, 0, 0, 1, 0, 0, 1, 1, 0, 0, 1, 0, 1, 0, 0, 1, 0, 0, 1], "split7_test": [0, 0, 0, 0, 0, 0, 0, 0, 0, 0, 0, 0, 0, 0, 0, 0, 0, 0, 1, 0, 0, 0, 0, 0, 0, 1], "split7_notXOR": [1, 1, 1, 1, 1, 1, 0, 1, 1, 1, 0, 1, 1, 0, 0, 1, 1, 0, 0, 0, 1, 1, 0, 1, 1, 1], "split7_prob": [0.25390904351941335, 9.398868525798543e-08, 0.3576572810797588, 0.19137328892312105, 0.1075995109014104, 0.11495027124217938, 0.7965352399716822, 0.09246895349938222, 0.39141019054284476, 0.4271544666984871, 0.5020252058195109, 9.398868525798543e-08, 0.3594074004456499, 0.9486477165657923, 0.7850085913738112, 0.38682645879054695, 0.3070036075754779, 0.6370133408932639, 0.4501195803501116, 0.6524122518168985, 0.2774331468616423, 0.4739037331247126, 0.6593692295057917, 0.06662952766537235, 0.16827673472703067, 0.8835422260836215],