{"split0_index": [8, 9, 10, 11, 12, 13, 14, 15, 16], "split0_pred": [0, 0, 0, 0, 0, 0, 0, 1, 0], "split0_test": [0, 0, 0, 0, 0, 0, 0, 1, 0], "split0_notXOR": [1, 1, 1, 1, 1, 1, 1, 1, 1], "split0_prob": [0.015755419432879218, 0.32595687126876705, 0.03255767822830124, 0.03499308278634084, 0.020146261925946835, 0.015796064044334514, 0.028785504007696302, 0.6717578749414103, 0.02074205830605115], "split1_index": [17, 18, 19, 20, 21, 22, 23, 24, 25], "split1_pred": [0, 0, 0, 0, 0, 0, 0, 1, 0], "split1_test": [0, 0, 0, 0, 0, 0, 0, 1, 0], "split1_notXOR": [1, 1, 1, 1, 1, 1, 1, 1, 1], "split1_prob": [0.008962898693540031, 0.015091776129237192, 0.023246661845223535, 0.02791515007969035, 0.01508267863958332, 0.00880353156015654, 0.01936363040641241, 0.5878569089096233, 0.013679147540444695], "split2_index": [26, 27, 28, 29, 30, 31, 32, 33, 34], "split2_pred": [0, 0, 0, 0, 0, 0, 0, 1, 0], "split2_test": [0, 0, 0, 0, 0, 0, 0, 1, 0], "split2_notXOR": [1, 1, 1, 1, 1, 1, 1, 1, 1], "split2_prob": [0.0059891749684521855, 0.012449740948551363, 0.02230211635003319, 0.028484026331243226, 0.01242241927380361, 0.006261156248470225, 0.017632058624271807, 0.8212976308178201, 0.011245114392750234], "split3_index": [35, 36, 37, 38, 39, 40, 41, 42, 43], "split3_pred": [0, 0, 0, 0, 0, 0, 0, 1, 0], "split3_test": [0, 0, 0, 0, 0, 0, 0, 1, 0], "split3_notXOR": [1, 1, 1, 1, 1, 1, 1, 1, 1], "split3_prob": [0.004834721770214555, 0.009153656529630886, 0.02021410227958641, 0.02572383326107467, 0.009318341262371759, 0.005124766234002077, 0.016246767304483004, 0.9281935455532921, 0.01062612458450784], "split4_index": [44, 45, 46, 47, 48, 49, 50, 51, 52], "split4_pred": [0, 0, 0, 0, 0, 0, 0, 1, 0], "split4_test": [0, 0, 0, 0, 0, 0, 0, 1, 0], "split4_notXOR": [1, 1, 1, 1, 1, 1, 1, 1, 1], "split4_prob": [0.0037319265738000183, 0.007859158798409071, 0.016647987488268057, 0.021314263833603877, 0.007986828763242812, 0.0039474523108042016, 0.012723023161753328, 0.8851562265064182, 0.0075477334386228135], "split5_index": [53, 54, 55, 56, 57, 58, 59, 60, 61], "split5_pred": [0, 0, 0, 0, 0, 0, 0, 1, 0], "split5_test": [0, 0, 0, 0, 0, 0, 0, 1, 0], "split5_notXOR": [1, 1, 1, 1, 1, 1, 1, 1, 1], "split5_prob": [0.0031064694993249028, 0.0068627659622496106, 0.01500877917653761, 0.019665122370317197, 0.00698599153034921, 0.0032955549011672745, 0.011309488920447471, 0.924030980451048, 0.006537438743100592], "split6_index": [62, 63, 64, 65, 66, 67, 68, 69, 70], "split6_pred": [0, 0, 0, 0, 0, 0, 0, 1, 0], "split6_test": [0, 0, 0, 0, 0, 0, 0, 1, 0], "split6_notXOR": [1, 1, 1, 1, 1, 1, 1, 1, 1], "split6_prob": [0.002696038887087433, 0.006220260444150822, 0.013531694602572671, 0.01819669742461053, 0.00620328632459986, 0.0029162222642236885, 0.010200629398317632, 0.8510291416488687, 0.005749393046839706], "split7_index": [71, 72, 73, 74, 75, 76, 77, 78, 79], "split7_pred": [0, 0, 0, 0, 0, 0, 0, 1, 0], "split7_test": [0, 0, 0, 0, 0, 0, 0, 1, 0], "split7_notXOR": [1, 1, 1, 1, 1, 1, 1, 1, 1], "split7_prob": [0.002421807204992388, 0.0048666862176221575, 0.013205371027583285, 0.01774927354798346, 0.0049555004196795305, 0.0027640042390438464, 0.0100595017899932, 0.9409822780206166, 0.005370278723985648], "split8_index": [80, 81, 82, 83, 84, 85, 86, 87, 88], "split8_pred": [0, 0, 0, 0, 0, 0, 0, 1, 0], "split8_test": [0, 0, 0, 0, 0, 0, 0, 1, 0], "split8_notXOR": [1, 1, 1, 1, 1, 1, 1, 1, 1], "split8_prob": [0.002712426842780999, 0.0043951695690682005, 0.012153989338767742, 0.01649392676356155, 0.004477983838714368, 0.0025028202214072, 0.00926556093449442, 0.9684472779352166, 0.005536671455284926]}