{"split0_index": [3, 4, 5], "split0_pred": [0, 0, 0], "split0_test": [0, 0, 1], "split0_notXOR": [1, 1, 0], "split0_prob": [0.5764356651904644, 0.6445457444706177, 0.3512823899901872], "split1_index": [6, 7, 8], "split1_pred": [0, 0, 0], "split1_test": [0, 0, 1], "split1_notXOR": [1, 1, 0], "split1_prob": [0.10492888227186747, 0.05741503540075839, 0.7114232777520191], "split2_index": [9, 10, 11], "split2_pred": [0, 0, 1], "split2_test": [0, 0, 1], "split2_notXOR": [1, 1, 1], "split2_prob": [0.09443020055629824, 0.08789211497692798, 0.9798169642886281], "split3_index": [12, 13, 14], "split3_pred": [0, 0, 1], "split3_test": [0, 0, 1], "split3_notXOR": [1, 1, 1], "split3_prob": [0.12166199012108019, 0.0896843474994186, 0.8574240217558919], "split4_index": [15, 16, 17], "split4_pred": [0, 0, 1], "split4_test": [0, 0, 1], "split4_notXOR": [1, 1, 1], "split4_prob": [0.06686707865238817, 0.07087770723351802, 0.8589805016719269], "split5_index": [18, 19, 20], "split5_pred": [0, 0, 1], "split5_test": [0, 0, 1], "split5_notXOR": [1, 1, 1], "split5_prob": [0.06434661493378213, 0.06405438455305426, 0.8775275642560764], "split6_index": [21, 22, 23], "split6_pred": [0, 0, 1], "split6_test": [0, 0, 1], "split6_notXOR": [1, 1, 1], "split6_prob": [0.1667376672693688, 0.05941227434194524, 0.917275580709914], "split7_index": [24, 25, 26], "split7_pred": [0, 0, 1], "split7_test": [0, 0, 1], "split7_notXOR": [1, 1, 1], "split7_prob": [0.0833619197231455, 0.04984015923911643, 0.8996486030185136], "split8_index": [27, 28, 29], "split8_pred": [0, 0, 1], "split8_test": [0, 0, 1], "split8_notXOR": [1, 1, 1], "split8_prob": [0.06912495946298056, 0.45630418946462503, 0.9611209920585861], "split9_index": [30, 31, 32], "split9_pred": [0, 0, 1], "split9_test": [1, 0, 1], "split9_notXOR": [0, 1, 1], "split9_prob": [0.06556011108616051, 0.12052177012028001, 0.929905775197945], "split10_index": [33, 34, 35], "split10_pred": [0, 0, 1], "split10_test": [1, 0, 1], "split10_notXOR": [0, 1, 1], "split10_prob": [0.30415335498113627, 0.07055949176240721, 0.9422903285365167], "split11_index": [36, 37, 38], "split11_pred": [1, 0, 1], "split11_test": [1, 0, 1], "split11_notXOR": [1, 1, 1], "split11_prob": [0.9697624613358671, 0.06197222296894717, 0.9867751480517301], "split12_index": [39, 40, 41], "split12_pred": [1, 0, 1], "split12_test": [1, 0, 1], "split12_notXOR": [1, 1, 1], "split12_prob": [0.9723815653396776, 0.05108039639696991, 0.9628551376024876], "split13_index": [42, 43, 44], "split13_pred": [1, 0, 1], "split13_test": [1, 0, 1], "split13_notXOR": [1, 1, 1], "split13_prob": [0.9568498652732318, 0.039201464643469165, 0.9612601193570269], "split14_index": [45, 46, 47], "split14_pred": [1, 0, 1], "split14_test": [1, 0, 1], "split14_notXOR": [1, 1, 1], "split14_prob": [0.9592442593565204, 0.03798346018040174, 0.9634183576845177], "split15_index": [48, 49, 50], "split15_pred": [1, 0, 1], "split15_test": [1, 0, 1], "split15_notXOR": [1, 1, 1], "split15_prob": [0.9676282421043528, 0.03594479801394491, 0.9711487856032839], "split16_index": [51, 52, 53], "split16_pred": [1, 0, 1], "split16_test": [1, 0, 1], "split16_notXOR": [1, 1, 1], "split16_prob": [0.9598458050433566, 0.03949008909535307, 0.9800711717507351], "split17_index": [54, 55, 56], "split17_pred": [1, 0, 1], "split17_test": [1, 0, 1], "split17_notXOR": [1, 1, 1], "split17_prob": [0.9614589609360602, 0.029671254702778784, 0.9655429110993462], "split18_index": [57, 58, 59], "split18_pred": [1, 0, 1], "split18_test": [1, 0, 1], "split18_notXOR": [1, 1, 1], "split18_prob": [0.9652620892338512, 0.027656664075603864, 0.9690805821297473], "split19_index": [60, 61, 62], "split19_pred": [1, 0, 1], "split19_test": [1, 0, 1], "split19_notXOR": [1, 1, 1], "split19_prob": [0.9699174002443931, 0.02813853922448931, 0.9732814862712102], "split20_index": [63, 64, 65], "split20_pred": [1, 0, 1], "split20_test": [1, 0, 1], "split20_notXOR": [1, 1, 1], "split20_prob": [0.9679181105458827, 0.02471883297474635, 0.9715409410562769], "split21_index": [66, 67, 68], "split21_pred": [1, 0, 1], "split21_test": [1, 0, 1], "split21_notXOR": [1, 1, 1], "split21_prob": [0.9713584058184508, 0.024989453516319295, 0.9746574434680875], "split22_index": [69, 70, 71], "split22_pred": [1, 0, 1], "split22_test": [1, 0, 1], "split22_notXOR": [1, 1, 1], "split22_prob": [0.9719756470922183, 0.02453213600664165, 0.9752701423664388], "split23_index": [72, 73, 74], "split23_pred": [1, 0, 1], "split23_test": [1, 0, 1], "split23_notXOR": [1, 1, 1], "split23_prob": [0.9759063932450245, 0.02145161099125736, 0.9764617263990799], "split24_index": [75, 76, 77], "split24_pred": [1, 0, 1], "split24_test": [1, 0, 1], "split24_notXOR": [1, 1, 1], "split24_prob": [0.969490882811299, 0.012632782966784403, 0.9732517605284764], "split25_index": [78, 79, 80], "split25_pred": [1, 0, 1], "split25_test": [1, 0, 1], "split25_notXOR": [1, 1, 1], "split25_prob": [0.9849410085777421, 0.023300738033906986, 0.9800162023878454], "split26_index": [81, 82, 83], "split26_pred": [1, 0, 1], "split26_test": [1, 0, 1], "split26_notXOR": [1, 1, 1], "split26_prob": [0.978775380318835, 0.012357790096180103, 0.9773267535775906], "split27_index": [84, 85, 86, 87], "split27_pred": [0, 1, 0, 1], "split27_test": [0, 1, 0, 1], "split27_notXOR": [1, 1, 1, 1], "split27_prob": [0.10001793219005924, 0.9764026368002809, 0.019781977064397945, 0.98024938205077], "split28_index": [88, 89, 90, 91], "split28_pred": [0, 1, 0, 1], "split28_test": [0, 1, 0, 1], "split28_notXOR": [1, 1, 1, 1], "split28_prob": [0.025365644336576395, 0.980571297840519, 0.019386507846081782, 0.9838096698015977], "split29_index": [92, 93, 94, 95], "split29_pred": [0, 1, 0, 1], "split29_test": [0, 1, 0, 1], "split29_notXOR": [1, 1, 1, 1], "split29_prob": [0.017945338525605006, 0.9700800778753838, 0.010705662699374943, 0.9814194854548575], "split30_index": [96, 97, 98, 99], "split30_pred": [0, 1, 0, 1], "split30_test": [0, 1, 0, 1], "split30_notXOR": [1, 1, 1, 1], "split30_prob": [0.01860252562595399, 0.9424070558762798, 0.019159937446700512, 0.9891206515219513], "split31_index": [100, 101, 102, 103], "split31_pred": [0, 1, 0, 1], "split31_test": [0, 1, 0, 1], "split31_notXOR": [1, 1, 1, 1], "split31_prob": [0.017810172536307258, 0.9784529835093025, 0.018314022129041038, 0.988380744568953], "split32_index": [104, 105, 106, 107], "split32_pred": [0, 1, 0, 1], "split32_test": [0, 1, 0, 1], "split32_notXOR": [1, 1, 1, 1], "split32_prob": [0.016872814562410864, 0.9784914021562208, 0.017283062716366857, 0.9885948533838288], "split33_index": [108, 109, 110, 111], "split33_pred": [0, 1, 0, 1], "split33_test": [0, 1, 0, 1], "split33_notXOR": [1, 1, 1, 1], "split33_prob": [0.01638907139825538, 0.9812249847465513, 0.016780860279459322, 0.9900997752042922], "split34_index": [112, 113, 114, 115], "split34_pred": [0, 1, 0, 1], "split34_test": [0, 1, 0, 1], "split34_notXOR": [1, 1, 1, 1], "split34_prob": [0.014240513369309425, 0.9875388401800501, 0.014583997884456504, 0.988102778483422], "split35_index": [116, 117, 118, 119], "split35_pred": [0, 1, 0, 1], "split35_test": [0, 1, 0, 1], "split35_notXOR": [1, 1, 1, 1], "split35_prob": [0.015752674237204965, 0.9298589609263743, 0.01612117809181034, 0.9890135596984049], "split36_index": [120, 121, 122, 123], "split36_pred": [0, 1, 0, 1], "split36_test": [0, 1, 0, 1], "split36_notXOR": [1, 1, 1, 1], "split36_prob": [0.015434553913751141, 0.982668047316429, 0.01581228434926586, 0.9900087563566017], "split37_index": [124, 125, 126, 127], "split37_pred": [0, 1, 0, 1], "split37_test": [0, 1, 0, 1], "split37_notXOR": [1, 1, 1, 1], "split37_prob": [0.012649066173177107, 0.9823275908794439, 0.012961469230273038, 0.9899377098360848], "split38_index": [128, 129, 130, 131], "split38_pred": [0, 1, 0, 1], "split38_test": [0, 1, 0, 1], "split38_notXOR": [1, 1, 1, 1], "split38_prob": [0.011319853986903822, 0.9712074480476498, 0.011564121535429392, 0.9886893200426549], "split39_index": [132, 133, 134, 135],