{"split0_index": [9, 10, 11, 12, 13, 14, 15, 16, 17], "split0_pred": [1, 1, 0, 1, 1, 1, 1, 1, 0], "split0_test": [1, 0, 0, 1, 0, 1, 1, 1, 0], "split0_notXOR": [1, 0, 1, 1, 0, 1, 1, 1, 1], "split0_prob": [0.6843287657025915, 0.7642839311257691, 0.4900220206662848, 0.7225490311698936, 0.6426561013220691, 0.744453508922453, 0.7773741474255416, 0.6890972772956562, 0.4900220206662848], "split1_index": [18, 19, 20, 21, 22, 23, 24, 25, 26], "split1_pred": [1, 1, 0, 1, 1, 1, 1, 1, 0], "split1_test": [1, 0, 0, 1, 0, 0, 0, 1, 0], "split1_notXOR": [1, 0, 1, 1, 0, 0, 0, 1, 1], "split1_prob": [0.6350025377381364, 0.7280049722446119, 0.3783618057800998, 0.7047621513901071, 0.5344816751287143, 0.7142620109384458, 0.7698692339549109, 0.6590539383285462, 0.3783618057800998], "split2_index": [27, 28, 29, 30, 31, 32, 33, 34, 35], "split2_pred": [1, 1, 0, 1, 0, 1, 1, 1, 0], "split2_test": [1, 0, 0, 1, 0, 0, 0, 1, 0], "split2_notXOR": [1, 0, 1, 1, 1, 0, 0, 1, 1], "split2_prob": [0.5581312332971032, 0.6261381764145398, 0.32125493903422814, 0.6632546175343023, 0.3771767904113941, 0.6027732660134874, 0.5628708953461681, 0.6088907025891435, 0.32125493903422814], "split3_index": [36, 37, 38, 39, 40, 41, 42, 43, 44], "split3_pred": [1, 1, 0, 1, 0, 1, 0, 1, 0], "split3_test": [1, 0, 0, 1, 0, 0, 0, 1, 0], "split3_notXOR": [1, 0, 1, 1, 1, 0, 1, 1, 1], "split3_prob": [0.5308614195474042, 0.5648301965281426, 0.2947264106418423, 0.6677934339410176, 0.3062497667719537, 0.5434215306030283, 0.39749382950285944, 0.6044883564142932, 0.2947264106418423], "split4_index": [45, 46, 47, 48, 49, 50, 51, 52, 53], "split4_pred": [1, 1, 0, 1, 0, 0, 0, 1, 0], "split4_test": [1, 1, 0, 1, 0, 0, 0, 1, 0], "split4_notXOR": [1, 1, 1, 1, 1, 1, 1, 1, 1], "split4_prob": [0.5758729344432342, 0.507334020098742, 0.2778100920115266, 0.6814632263307037, 0.25609336185165676, 0.49353816812310325, 0.3096028975280896, 0.5916961370411392, 0.2778100920115266], "split5_index": [54, 55, 56, 57, 58, 59, 60, 61, 62], "split5_pred": [1, 1, 0, 1, 0, 0, 0, 1, 0], "split5_test": [1, 1, 0, 1, 0, 0, 0, 1, 0], "split5_notXOR": [1, 1, 1, 1, 1, 1, 1, 1, 1], "split5_prob": [0.6028542484542732, 0.5491548265736844, 0.2517784652121692, 0.7145248669758729, 0.23040320906811837, 0.44631026025811815, 0.24574878146102558, 0.5930984154233147, 0.2517784652121692], "split6_index": [63, 64, 65, 66, 67, 68, 69, 70, 71], "split6_pred": [1, 0, 0, 1, 0, 0, 0, 1, 0], "split6_test": [1, 1, 0, 1, 0, 0, 0, 1, 0], "split6_notXOR": [1, 0, 1, 1, 1, 1, 1, 1, 1], "split6_prob": [0.6181113446701025, 0.44142335188623033, 0.24461669557031204, 0.6336653739529117, 0.21317161033152354, 0.44284896890591624, 0.24676194310216973, 0.6072960868588112, 0.24461669557031204], "split7_index": [72, 73, 74, 75, 76, 77, 78, 79, 80], "split7_pred": [1, 0, 0, 1, 0, 0, 0, 1, 0], "split7_test": [1, 1, 0, 1, 0, 0, 0, 1, 0], "split7_notXOR": [1, 0, 1, 1, 1, 1, 1, 1, 1], "split7_prob": [0.638134167126677, 0.44403956487383667, 0.23740111154357402, 0.6547960851034416, 0.20239191214422259, 0.43940565091330674, 0.2264021088559308, 0.6254096139800954, 0.23740111154357402], "split8_index": [81, 82, 83, 84, 85, 86, 87, 88, 89], "split8_pred": [1, 0, 0, 1, 0, 0, 0, 1, 0], "split8_test": [1, 1, 0, 1, 0, 0, 0, 1, 0], "split8_notXOR": [1, 0, 1, 1, 1, 1, 1, 1, 1], "split8_prob": [0.650666667264241, 0.47946962715535796, 0.22250871035619124, 0.6669632211315832, 0.19762620369227374, 0.26545907829821475, 0.1649296263513422, 0.650666667264241, 0.22250871035619124], "split9_index": [90, 91, 92, 93, 94, 95, 96, 97, 98], "split9_pred": [1, 0, 0, 1, 0, 0, 0, 1, 0], "split9_test": [1, 1, 0, 1, 0, 0, 0, 1, 0], "split9_notXOR": [1, 0, 1, 1, 1, 1, 1, 1, 1], "split9_prob": [0.6697993642143045, 0.49442811646600276, 0.21477238252189737, 0.685956390698604, 0.19174712100346136, 0.23836223314401705, 0.1485138481205935, 0.6697993642143045, 0.21477238252189737], "split10_index": [99, 100, 101, 102, 103, 104, 105, 106, 107], "split10_pred": [1, 1, 0, 1, 0, 0, 0, 1, 0], "split10_test": [1, 0, 0, 1, 0, 0, 0, 1, 0], "split10_notXOR": [1, 0, 1, 1, 1, 1, 1, 1, 1], "split10_prob": [0.6870875077524567, 0.5268842754053762, 0.2074359788605158, 0.703012615472939, 0.18640490390737838, 0.2177486514632131, 0.13606645714843776, 0.7818863328411786, 0.2074359788605158], "split11_index": [108, 109, 110, 111, 112, 113, 114, 115, 116], "split11_pred": [1, 1, 0, 1, 0, 1, 1, 0, 0], "split11_test": [1, 1, 1, 1, 0, 1, 1, 0, 1], "split11_notXOR": [1, 1, 0, 1, 1, 1, 1, 1, 0], "split11_prob": [0.690712055368563, 0.6004621880278914, 0.19731589733946658, 0.7079344337506512, 0.2902711303811866, 0.6399998753483681, 0.789530475454661, 0.19731589733946658, 0.40738490979786235], "split12_index": [117, 118, 119, 120, 121, 122, 123, 124, 125], "split12_pred": [1, 1, 0, 1, 0, 1, 1, 0, 1], "split12_test": [1, 1, 0, 1, 0, 1, 1, 0, 0], "split12_notXOR": [1, 1, 1, 1, 1, 1, 1, 1, 0], "split12_prob": [0.7135997900731348, 0.6708851483362896, 0.23023392364063527, 0.7177231037835212, 0.30584481721182927, 0.6731224638967975, 0.7861237120646121, 0.23023392364063527, 0.5167842078520027], "split13_index": [126, 127, 128, 129, 130, 131, 132, 133, 134], "split13_pred": [1, 1, 0, 1, 0, 1, 1, 0, 0], "split13_test": [1, 1, 0, 1, 0, 1, 1, 0, 0], "split13_notXOR": [1, 1, 1, 1, 1, 1, 1, 1, 1], "split13_prob": [0.7252426050459005, 0.6745001961574351, 0.22569575826036758, 0.7298013847055103, 0.19181965590655986, 0.7104196854708134, 0.7995527169429527, 0.22569575826036758, 0.32294759010929125], "split14_index": [135, 136, 137, 138, 139, 140, 141, 142, 143], "split14_pred": [1, 1, 0, 1, 0, 1, 1, 0, 0], "split14_test": [1, 1, 0, 1, 0, 1, 1, 0, 0], "split14_notXOR": [1, 1, 1, 1, 1, 1, 1, 1, 1], "split14_prob": [0.7317967752258747, 0.6618073869398008, 0.21931971584119334, 0.7459074857480946, 0.12649972462162928, 0.7753079411173461, 0.8189551947880065, 0.21931971584119334, 0.052729025047128085], "split15_index": [144, 145, 146, 147, 148, 149, 150, 151, 152], "split15_pred": [1, 1, 0, 1, 0, 1, 1, 0, 0], "split15_test": [1, 1, 0, 1, 0, 1, 1, 0, 0], "split15_notXOR": [1, 1, 1, 1, 1, 1, 1, 1, 1], "split15_prob": [0.7407988640457356, 0.6690108584615391, 0.21186282611282453, 0.7551549581200869, 0.13560624344882452, 0.784853516571702, 0.828646769586732, 0.21186282611282453, 0.05420543679878719], "split16_index": [153, 154, 155, 156, 157, 158, 159, 160, 161], "split16_pred": [1, 1, 0, 1, 0, 1, 1, 0, 0], "split16_test": [1, 1, 0, 1, 0, 1, 1, 0, 0], "split16_notXOR": [1, 1, 1, 1, 1, 1, 1, 1, 1], "split16_prob": [0.7520205580464668, 0.6819545489862285, 0.20489798776846785, 0.7661473865328183, 0.12986939945018097, 0.7965848644323592, 0.8392111885292699, 0.20489798776846785, 0.051813568890581176], "split17_index": [162, 163, 164, 165, 166, 167, 168, 169, 170], "split17_pred": [1, 1, 0, 1, 0, 1, 1, 0, 0], "split17_test": [1, 1, 0, 1, 0, 1, 1, 0, 0], "split17_notXOR": [1, 1, 1, 1, 1, 1, 1, 1, 1], "split17_prob": [0.7621302359518104, 0.6937413414857341, 0.19839050874350578, 0.7760275372639864, 0.12471401041366702, 0.8070550163528938, 0.848550356072851, 0.19839050874350578, 0.049686987335300595], "split18_index": [171, 172, 173, 174, 175, 176, 177, 178, 179], "split18_pred": [1, 1, 0, 1, 0, 1, 1, 0, 0], "split18_test": [1, 1, 0, 1, 0, 1, 1, 0, 0], "split18_notXOR": [1, 1, 1, 1, 1, 1, 1, 1, 1], "split18_prob": [0.7712852386838529, 0.7045183830200467, 0.19231361979280887, 0.7849554679278434, 0.12004945633710344, 0.8164493907043388, 0.8568562400845221, 0.19231361979280887, 0.04778297434745405], "split19_index": [180, 181, 182, 183, 184, 185, 186, 187, 188], "split19_pred": [1, 1, 0, 1, 0, 1, 1, 0, 0], "split19_test": [1, 1, 0, 1, 0, 1, 1, 0, 0], "split19_notXOR": [1, 1, 1, 1, 1, 1, 1, 1, 1], "split19_prob": [0.7796231552467368, 0.7144177007897303, 0.18662180100597114, 0.7655600929500386, 0.11579918809603175, 0.8112929994940512, 0.8642931863142754, 0.18662180100597114, 0.04606210197143018], "split20_index": [189, 190, 191, 192, 193, 194, 195, 196, 197],