{"split0_index": [11, 12, 13, 14, 15, 16, 17, 18, 19, 20, 21], "split0_pred": [1, 1, 1, 1, 1, 1, 0, 1, 1, 1, 0], "split0_test": [0, 1, 1, 1, 0, 1, 0, 0, 1, 0, 0], "split0_notXOR": [0, 1, 1, 1, 0, 1, 1, 0, 1, 0, 1], "split0_prob": [0.9875869102891455, 0.9686925795207173, 0.732918058963586, 0.9658464191704259, 0.986335740049037, 0.9816263319656552, 0.07715636121705174, 0.6065106315462171, 0.9999606326805272, 0.9921324054886388, 0.09970796189045115], "split1_index": [22, 23, 24, 25, 26, 27, 28, 29, 30, 31, 32], "split1_pred": [0, 1, 1, 1, 0, 1, 0, 0, 1, 0, 0], "split1_test": [0, 1, 1, 1, 1, 1, 0, 0, 1, 1, 0], "split1_notXOR": [1, 1, 1, 1, 0, 1, 1, 1, 1, 0, 1], "split1_prob": [0.36232025520754896, 0.8934486609659728, 0.7101709683864379, 0.9198385639704141, 0.2796703785512158, 0.9862457673134974, 0.11428972920291565, 0.49386363092242236, 0.965073920478394, 0.33675443990219467, 0.07874735320221907], "split2_index": [33, 34, 35, 36, 37, 38, 39, 40, 41, 42, 43], "split2_pred": [0, 1, 1, 1, 1, 1, 0, 0, 1, 0, 0], "split2_test": [0, 1, 1, 1, 1, 1, 0, 0, 1, 1, 0], "split2_notXOR": [1, 1, 1, 1, 1, 1, 1, 1, 1, 0, 1], "split2_prob": [0.2681806290847448, 0.9301528145230256, 0.747019668770308, 0.9242660961178673, 0.5046864501744891, 0.9880038698114813, 0.08288916354989002, 0.30734921352235867, 0.983690333817731, 0.41612429818849933, 0.04914755721332735], "split3_index": [44, 45, 46, 47, 48, 49, 50, 51, 52, 53, 54], "split3_pred": [0, 1, 1, 1, 1, 1, 0, 0, 1, 0, 0], "split3_test": [0, 1, 1, 1, 1, 1, 0, 0, 1, 0, 0], "split3_notXOR": [1, 1, 1, 1, 1, 1, 1, 1, 1, 1, 1], "split3_prob": [0.16685782098485277, 0.941696987213461, 0.7887010009399555, 0.9324058158784243, 0.5937840022119767, 0.9862563206321961, 0.0678803186429788, 0.2227780116582856, 0.9878442141034921, 0.484377598988092, 0.03606734854333025], "split4_index": [55, 56, 57, 58, 59, 60, 61, 62, 63, 64, 65], "split4_pred": [0, 1, 1, 1, 1, 1, 0, 0, 1, 0, 0], "split4_test": [0, 1, 1, 1, 0, 1, 0, 0, 1, 0, 0], "split4_notXOR": [1, 1, 1, 1, 0, 1, 1, 1, 1, 1, 1], "split4_prob": [0.22397788092963763, 0.9461993436622388, 0.8061910923862114, 0.9518796812229587, 0.6749847561729684, 0.9872661219984342, 0.07631998843945928, 0.1622714009661951, 0.9949384543763351, 0.41359941161354913, 0.02563089420717029], "split5_index": [66, 67, 68, 69, 70, 71, 72, 73, 74, 75, 76], "split5_pred": [1, 1, 1, 1, 1, 1, 0, 0, 1, 1, 0], "split5_test": [1, 0, 0, 0, 0, 0, 0, 0, 0, 1, 0], "split5_notXOR": [1, 0, 0, 0, 0, 0, 1, 1, 0, 1, 1], "split5_prob": [0.999732237557149, 0.9906174036752846, 0.8121359357595178, 0.9575816417083015, 0.5814117791383667, 0.9961220497191694, 0.06686734464258286, 0.18113103025371352, 0.8530341635601513, 0.9178678429661332, 0.024199696604941447], "split6_index": [77, 78, 79, 80, 81, 82, 83, 84, 85, 86, 87], "split6_pred": [1, 1, 1, 1, 1, 1, 0, 0, 0, 1, 0], "split6_test": [1, 0, 0, 0, 0, 0, 0, 0, 0, 1, 0], "split6_notXOR": [1, 0, 0, 0, 0, 0, 1, 1, 1, 1, 1], "split6_prob": [0.9627792851006587, 0.7532917923109006, 0.6765074815413732, 0.853464714019708, 0.5324662165423899, 0.860544710106348, 0.05975809271804923, 0.2030597647721742, 0.4581345462228617, 0.9398901175052379, 0.022672144628821143]}