{"split0_index": [4, 5, 6, 7], "split0_pred": [1, 0, 0, 0], "split0_test": [1, 0, 0, 0], "split0_notXOR": [1, 1, 1, 1], "split0_prob": [1.6362638306812891e-06, 0.3676448605646928, 0.4019480751179838, 0.36764486147762704], "split1_index": [8, 9, 10, 11, 12, 13, 14, 15], "split1_pred": [1, 0, 0, 0, 0, 0, 0, 0], "split1_test": [1, 0, 0, 0, 0, 0, 0, 0], "split1_notXOR": [1, 1, 1, 1, 1, 1, 1, 1], "split1_prob": [0.6101626116158819, 0.12559349435657738, 0.12720507035936665, 0.12059750458669995, 0.17265831779282703, 0.1449893138804181, 0.13331362132585053, 0.12322332811983897]}