{"split0_index": [10, 11, 12, 13, 14, 15, 16, 17, 18, 19], "split0_pred": [0, 0, 0, 0, 0, 0, 0, 1, 0, 0], "split0_test": [0, 0, 0, 0, 1, 0, 0, 1, 0, 0], "split0_notXOR": [1, 1, 1, 1, 0, 1, 1, 1, 1, 1], "split0_prob": [0.2736204756356578, 0.24481431827060454, 0.233903377056972, 0.23435604350851358, 0.2596649517402738, 0.2699626768931159, 0.23586692582751725, 8.378507666688263e-05, 0.23951243952793538, 0.2688521183271303], "split1_index": [20, 21, 22, 23, 24, 25, 26, 27, 28, 29], "split1_pred": [0, 0, 0, 0, 0, 0, 0, 1, 0, 0], "split1_test": [0, 0, 0, 0, 1, 0, 0, 1, 0, 0], "split1_notXOR": [1, 1, 1, 1, 0, 1, 1, 1, 1, 1], "split1_prob": [0.13834228456688447, 0.14512878598322312, 0.1477185230910325, 0.1472325408366267, 0.14196138536224412, 0.1391354296618821, 0.14723255535170493, 0.8842590116699933, 0.14634280159322435, 0.13938913403882525], "split2_index": [30, 31, 32, 33, 34, 35, 36, 37, 38, 39, 40], "split2_pred": [0, 0, 0, 0, 0, 0, 0, 0, 0, 1, 0], "split2_test": [0, 0, 0, 0, 0, 0, 0, 0, 0, 1, 0], "split2_notXOR": [1, 1, 1, 1, 1, 1, 1, 1, 1, 1, 1], "split2_prob": [0.1352558084264486, 0.13533808269732173, 0.13509379532205215, 0.14193674640653442, 0.12998286770271658, 0.12932186369494106, 0.13556913519924663, 0.1359636915380625, 0.13660869949276205, 0.820878330021362, 0.13447298016264536], "split3_index": [41, 42, 43, 44, 45, 46, 47, 48, 49, 50, 51], "split3_pred": [0, 0, 0, 0, 0, 0, 0, 0, 0, 1, 0], "split3_test": [0, 0, 0, 1, 0, 0, 0, 0, 0, 1, 0], "split3_notXOR": [1, 1, 1, 0, 1, 1, 1, 1, 1, 1, 1], "split3_prob": [0.0998736649581028, 0.09994555193060553, 0.09974595908359751, 0.11061300979149145, 0.09602593277445576, 0.09491781270057939, 0.10011036065559076, 0.10047284291005742, 0.10102457273240088, 0.8936755551544975, 0.09896542036085151], "split4_index": [52, 53, 54, 55, 56, 57, 58, 59, 60, 61, 62], "split4_pred": [0, 0, 0, 0, 0, 0, 0, 0, 0, 1, 0], "split4_test": [0, 0, 0, 0, 0, 0, 0, 0, 0, 1, 0], "split4_notXOR": [1, 1, 1, 1, 1, 1, 1, 1, 1, 1, 1], "split4_prob": [0.09741671163035226, 0.09777408589214613, 0.0974476665699475, 0.1219275566712514, 0.09076066998080862, 0.08900227973823846, 0.09799402219364294, 0.09856212654432107, 0.09934240590154275, 0.880085909252319, 0.0962608874872926]}