{"split0_index": [8, 9, 10, 11, 12, 13, 14, 15], "split0_pred": [0, 0, 1, 0, 0, 0, 0, 0], "split0_test": [0, 0, 1, 0, 0, 0, 0, 0], "split0_notXOR": [1, 1, 1, 1, 1, 1, 1, 1], "split0_prob": [0.20076888439476026, 0.10392137356022747, 0.8180236068431741, 0.13348119037002112, 0.14650036330189353, 0.15673955530482425, 0.2834234047522977, 0.21458914037712865], "split1_index": [16, 17, 18, 19, 20, 21, 22, 23], "split1_pred": [0, 0, 1, 0, 0, 0, 0, 0], "split1_test": [0, 0, 1, 0, 0, 0, 0, 0], "split1_notXOR": [1, 1, 1, 1, 1, 1, 1, 1], "split1_prob": [0.13996002639259375, 0.07005135875576785, 0.879300981917192, 0.0914317804274658, 0.08962609063001638, 0.09758954692856557, 0.20482225281633873, 0.1368162258636337], "split2_index": [24, 25, 26, 27, 28, 29, 30, 31, 32], "split2_pred": [0, 0, 0, 1, 0, 0, 0, 0, 0], "split2_test": [0, 0, 0, 1, 0, 0, 0, 0, 0], "split2_notXOR": [1, 1, 1, 1, 1, 1, 1, 1, 1], "split2_prob": [0.10889639762136931, 0.05026456819948777, 0.033163453153729545, 0.935215734622069, 0.06894207203022878, 0.06650699612654534, 0.07365429972017667, 0.14649959911154792, 0.10406014211026125], "split3_index": [33, 34, 35, 36, 37, 38, 39, 40, 41], "split3_pred": [0, 0, 0, 1, 0, 0, 0, 0, 0], "split3_test": [0, 0, 0, 1, 0, 0, 0, 0, 0], "split3_notXOR": [1, 1, 1, 1, 1, 1, 1, 1, 1], "split3_prob": [0.10324374344069676, 0.04515853401805273, 0.02311021225740976, 0.936516480138206, 0.05334595655320133, 0.04630649825334085, 0.06784299641891836, 0.15098799075915634, 0.09977725845256656], "split4_index": [42, 43, 44, 45, 46, 47, 48, 49, 50], "split4_pred": [0, 0, 0, 1, 0, 0, 0, 0, 0], "split4_test": [0, 0, 0, 1, 0, 0, 0, 0, 0], "split4_notXOR": [1, 1, 1, 1, 1, 1, 1, 1, 1], "split4_prob": [0.09188537721643202, 0.040708293099507624, 0.01798526973473018, 0.9454256052952481, 0.044133798456976105, 0.03763988821445018, 0.048464495927505465, 0.12191659808741104, 0.08450331051046246], "split5_index": [51, 52, 53, 54, 55, 56, 57, 58, 59], "split5_pred": [0, 0, 0, 1, 0, 0, 0, 0, 0], "split5_test": [0, 0, 0, 1, 0, 0, 0, 0, 0], "split5_notXOR": [1, 1, 1, 1, 1, 1, 1, 1, 1], "split5_prob": [0.08066086446916111, 0.03485715468515414, 0.014756311540820802, 0.9521493626101322, 0.037933278109783544, 0.032112375396179484, 0.04202335762314687, 0.10773647279439934, 0.05433891029188105]}