{"split0_index": [22, 23, 24, 25, 26, 27, 28, 29, 30, 31, 32, 33, 34, 35, 36, 37, 38, 39, 40, 41, 42], "split0_pred": [0, 0, 0, 0, 0, 0, 0, 0, 0, 0, 0, 0, 0, 0, 0, 0, 0, 0, 0, 0, 1], "split0_test": [0, 0, 0, 0, 0, 0, 1, 0, 0, 1, 0, 0, 0, 0, 0, 0, 0, 0, 1, 0, 1], "split0_notXOR": [1, 1, 1, 1, 1, 1, 0, 1, 1, 0, 1, 1, 1, 1, 1, 1, 1, 1, 0, 1, 1], "split0_prob": [0.17068168554923713, 0.17339500311068426, 0.17277436190692994, 0.17312624348481678, 0.1707105092963646, 0.18093190849038163, 0.18468479363235915, 0.17397324984535223, 0.17078103424549856, 0.19987601285744427, 0.1733778972744655, 0.1723382293513863, 0.17397325774643776, 0.16967848274075462, 0.16860813423384502, 0.1720917566445061, 0.17391130869844526, 0.17971198178508005, 0.23913334834666694, 0.17205695577538327, 0.5532395888728602], "split1_index": [43, 44, 45, 46, 47, 48, 49, 50, 51, 52, 53, 54, 55, 56, 57, 58, 59, 60, 61, 62, 63, 64, 65, 66, 67], "split1_pred": [0, 0, 0, 0, 0, 0, 0, 0, 0, 0, 0, 0, 0, 0, 0, 0, 0, 0, 0, 0, 0, 0, 0, 0, 1], "split1_test": [0, 0, 0, 0, 0, 0, 0, 0, 1, 0, 0, 1, 0, 0, 0, 0, 1, 0, 0, 0, 0, 0, 1, 0, 1], "split1_notXOR": [1, 1, 1, 1, 1, 1, 1, 1, 0, 1, 1, 0, 1, 1, 1, 1, 0, 1, 1, 1, 1, 1, 0, 1, 1], "split1_prob": [0.10503477395880687, 0.11582503171820327, 0.11662763428277415, 0.11980387884156307, 0.1554659314284684, 0.11032931831902444, 0.11629120989989489, 0.13798518929075498, 0.11006876501405635, 0.11800831405701849, 0.11150394308560214, 0.11009082094239996, 0.11473423310602832, 0.11398264636949738, 0.11046350843610118, 0.11281572025473087, 0.1107400528848577, 0.10756994895470455, 0.1042920331094642, 0.1661093827499613, 0.1152221809549467, 0.11431842367847223, 0.22141365045514563, 0.10385091708221833, 0.6432542487070307], "split2_index": [68, 69, 70, 71, 72, 73, 74, 75, 76, 77, 78, 79, 80, 81, 82, 83, 84, 85, 86, 87, 88, 89, 90, 91, 92, 93, 94], "split2_pred": [0, 0, 0, 0, 0, 0, 0, 0, 0, 0, 0, 0, 0, 1, 0, 0, 0, 0, 0, 0, 0, 0, 0, 0, 1, 0, 1], "split2_test": [0, 0, 0, 0, 0, 0, 0, 0, 0, 0, 1, 0, 0, 1, 0, 0, 0, 0, 1, 0, 0, 0, 0, 0, 1, 0, 1], "split2_notXOR": [1, 1, 1, 1, 1, 1, 1, 1, 1, 1, 0, 1, 1, 1, 1, 1, 1, 1, 0, 1, 1, 1, 1, 1, 1, 1, 1], "split2_prob": [0.05273650177147982, 0.08195984796745127, 0.06007476156309685, 0.08081058590430573, 0.07335367445186343, 0.337946900356638, 0.05080787504364091, 0.050967673955007835, 0.04356929769352752, 0.06902640159613813, 0.11815186062285392, 0.06015939033254184, 0.062438168002325815, 0.5106352821252688, 0.05720745368448938, 0.06634470880606742, 0.06176568258926308, 0.08405724634020617, 0.30376286212337883, 0.062390633792432426, 0.08395802039194097, 0.3745723706272888, 0.054710922504322856, 0.08112985613748544, 0.8367412572613605, 0.09314539059521267, 0.8687346074629075], "split3_index": [95, 96, 97, 98, 99, 100, 101, 102, 103, 104, 105, 106, 107, 108, 109, 110, 111, 112, 113, 114, 115, 116, 117, 118, 119, 120, 121], "split3_pred": [0, 0, 0, 0, 0, 0, 0, 0, 0, 0, 0, 0, 0, 0, 0, 0, 0, 0, 0, 0, 0, 0, 0, 0, 1, 0, 1], "split3_test": [0, 0, 0, 0, 0, 0, 0, 0, 0, 0, 1, 0, 0, 1, 0, 0, 0, 0, 1, 0, 0, 0, 0, 0, 1, 0, 1], "split3_notXOR": [1, 1, 1, 1, 1, 1, 1, 1, 1, 1, 0, 1, 1, 0, 1, 1, 1, 1, 0, 1, 1, 1, 1, 1, 1, 1, 1], "split3_prob": [0.06226167621807966, 0.08681691279643192, 0.08573445009847731, 0.056438535294917956, 0.08540295219738302, 0.23404449256120594, 0.07810948515166698, 0.07957623206393191, 0.07539285218697057, 0.06147159964081889, 0.08786988963514808, 0.0755584126287359, 0.06879188310708098, 0.19754695191853086, 0.08128934376112358, 0.08444403401133614, 0.07986593830005129, 0.177886895780779, 0.1609912155000289, 0.06468055894214478, 0.08333295064857157, 0.5297506977466426, 0.0716019849424322, 0.06736613769795056, 0.8797161680029957, 0.044826088700821304, 0.9670888057131415], "split4_index": [122, 123, 124, 125, 126, 127, 128, 129, 130, 131, 132, 133, 134, 135, 136, 137, 138, 139, 140, 141, 142, 143, 144, 145, 146, 147, 148], "split4_pred": [0, 0, 0, 0, 0, 0, 0, 0, 0, 0, 0, 0, 0, 1, 0, 0, 0, 0, 1, 0, 0, 0, 0, 0, 1, 0, 1], "split4_test": [0, 0, 0, 0, 0, 0, 0, 0, 0, 0, 1, 1, 0, 1, 0, 0, 0, 0, 1, 0, 0, 0, 0, 0, 1, 0, 1], "split4_notXOR": [1, 1, 1, 1, 1, 1, 1, 1, 1, 1, 0, 0, 1, 1, 1, 1, 1, 1, 1, 1, 1, 1, 1, 1, 1, 1, 1], "split4_prob": [0.027086771144100946, 0.0368463448452313, 0.029103052501169558, 0.06263467359983936, 0.036130801091763795, 0.27412801921416236, 0.02760556203575526, 0.021314277430278722, 0.024218676333351754, 0.03997423580851105, 0.1171571196138235, 0.021709337216673844, 0.02463783028273706, 0.8003001478250459, 0.028554968336074328, 0.051451385097093676, 0.04465028872110045, 0.34605238856189185, 0.6693036808343514, 0.02563426232529864, 0.06252875941420163, 0.12800404388373623, 0.020354759801100332, 0.06194361382317578, 0.9648297346608796, 0.024400128153280343, 0.9648020095782869], "split5_index": [149, 150, 151, 152, 153, 154, 155, 156, 157, 158, 159, 160, 161, 162, 163, 164, 165, 166, 167, 168, 169, 170, 171, 172, 173, 174, 175, 176, 177], "split5_pred": [0, 0, 0, 0, 0, 0, 0, 0, 0, 0, 0, 0, 0, 1, 0, 0, 0, 0, 1, 0, 0, 0, 0, 0, 0, 1, 0, 0, 0], "split5_test": [0, 0, 0, 0, 0, 0, 0, 0, 0, 0, 1, 0, 0, 1, 0, 0, 0, 0, 0, 1, 0, 0, 0, 0, 0, 0, 0, 0, 1], "split5_notXOR": [1, 1, 1, 1, 1, 1, 1, 1, 1, 1, 0, 1, 1, 1, 1, 1, 1, 1, 0, 0, 1, 1, 1, 1, 1, 0, 1, 1, 0], "split5_prob": [0.09663660607828661, 0.05736218741703005, 0.06023091569781746, 0.061068925765132925, 0.042113895480306245, 0.5342087763309274, 0.032952492882368505, 0.04010086286815344, 0.04180151404111691, 0.06174512164147629, 0.26723230249658975, 0.07102194770797854, 0.060079446819608376, 0.8135549385688198, 0.035657249576142296, 0.058906105612754694, 0.032240640632938806, 0.27078513333703924, 0.7662223295734614, 0.06077638381131043, 0.07477200765374924, 0.05813829077134185, 0.22284824701729647, 0.053443495713065496, 0.03938375709464975, 0.9438099921463826, 0.04453367765418709, 0.0844219467729833, 0.4479031852970639], "split6_index": [178, 179, 180, 181, 182, 183, 184, 185, 186, 187, 188, 189, 190, 191, 192, 193, 194, 195, 196, 197, 198, 199, 200, 201, 202, 203, 204], "split6_pred": [0, 0, 0, 0, 0, 0, 0, 0, 0, 0, 0, 0, 0, 1, 0, 0, 0, 0, 0, 0, 0, 0, 0, 1, 0, 0, 1], "split6_test": [0, 0, 0, 0, 0, 0, 0, 0, 0, 0, 1, 0, 0, 1, 0, 0, 0, 0, 0, 1, 0, 0, 0, 0, 0, 0, 1], "split6_notXOR": [1, 1, 1, 1, 1, 1, 1, 1, 1, 1, 0, 1, 1, 1, 1, 1, 1, 1, 1, 0, 1, 1, 1, 0, 1, 1, 1], "split6_prob": [0.06715376590993609, 0.06088551890998405, 0.058540289652274924, 0.04543733729286477, 0.05673329548941648, 0.2578748952149057, 0.03949366321773265, 0.0447226375217438, 0.04963951382901743, 0.06715690254855736, 0.17217360644744942, 0.05953209975828068, 0.06284795540061014, 0.9261989126911896, 0.04250503459265453, 0.06716072939313449, 0.05122020951479516, 0.31187410640453117, 0.47558164690305005, 0.06144275234962557, 0.059619448064212495, 0.04655446191740761, 0.036850705465781716, 0.925371120440181, 0.05673329548941648, 0.05746994904696849, 0.8246042694925596], "split7_index": [205, 206, 207, 208, 209, 210, 211, 212, 213, 214, 215, 216, 217, 218, 219, 220, 221, 222, 223, 224, 225, 226, 227, 228, 229, 230], "split7_pred": [0, 0, 0, 0, 0, 0, 0, 0, 0, 0, 0, 0, 0, 1, 0, 0, 0, 0, 0, 0, 0, 0, 1, 0, 0, 1], "split7_test": [0, 0, 0, 0, 0, 0, 0, 0, 0, 0, 0, 0, 0, 0, 0, 0, 0, 0, 1, 0, 0, 0, 0, 0, 0, 1], "split7_notXOR": [1, 1, 1, 1, 1, 1, 1, 1, 1, 1, 1, 1, 1, 0, 1, 1, 1, 1, 0, 1, 1, 1, 0, 1, 1, 1], "split7_prob": [0.07797957835459524, 0.06980125676229362, 0.06307282825789377, 0.05149389852188535, 0.06162690061483106, 0.2755937180429622, 0.055035807100113875, 0.060399029520200154, 0.06826280310668802, 0.07796412634213166, 0.1697432139570528, 0.07142447636245516, 0.07308405138636875, 0.9215428254131063, 0.07793973426592317, 0.062054921416046474, 0.09053510802642335, 0.21455524696748263, 0.07110118602296639, 0.06636988904731521, 0.05522976990932067, 0.05079379874732442, 0.8957448859570165, 0.06163805086068278, 0.06803432221624285, 0.906600545821028],