{"split0_index": [6, 7, 8, 9, 10, 11], "split0_pred": [1, 0, 0, 1, 0, 0], "split0_test": [1, 0, 0, 1, 0, 0], "split0_notXOR": [1, 1, 1, 1, 1, 1], "split0_prob": [0.6589469245378167, 0.12128178267596226, 0.14373570308823935, 0.8720898040854544, 0.18429936440357617, 0.12025502513098606], "split1_index": [12, 13, 14, 15, 16, 17], "split1_pred": [1, 0, 0, 1, 0, 0], "split1_test": [1, 0, 0, 1, 0, 0], "split1_notXOR": [1, 1, 1, 1, 1, 1], "split1_prob": [0.740640502669792, 0.08066842353650286, 0.09401252668709868, 0.9202936132444635, 0.11102056112618638, 0.07065678687428546], "split2_index": [18, 19, 20, 21, 22, 23], "split2_pred": [1, 0, 0, 1, 0, 0], "split2_test": [1, 0, 0, 1, 0, 0], "split2_notXOR": [1, 1, 1, 1, 1, 1], "split2_prob": [0.790908359812032, 0.06207970803124063, 0.07194210641778458, 0.9468350530738008, 0.08580488904220131, 0.051223017336880686], "split3_index": [24, 25, 26, 27, 28, 29], "split3_pred": [1, 0, 0, 1, 0, 0], "split3_test": [1, 0, 0, 1, 0, 0], "split3_notXOR": [1, 1, 1, 1, 1, 1], "split3_prob": [0.8231272502903594, 0.05068830413989002, 0.05987425103238592, 0.9533817682228217, 0.07205745367148084, 0.04126724579262667], "split4_index": [30, 31, 32, 33, 34, 35], "split4_pred": [1, 0, 0, 1, 0, 0], "split4_test": [1, 0, 0, 1, 0, 0], "split4_notXOR": [1, 1, 1, 1, 1, 1], "split4_prob": [0.846010685713871, 0.04355276868443558, 0.051456087013485655, 0.9621576476971655, 0.06251012555832013, 0.03475170010652817], "split5_index": [36, 37, 38, 39, 40, 41], "split5_pred": [1, 0, 0, 1, 0, 0], "split5_test": [1, 0, 0, 1, 0, 0], "split5_notXOR": [1, 1, 1, 1, 1, 1], "split5_prob": [0.8630213981893486, 0.03831859781327661, 0.04536316097596994, 0.9680150493546821, 0.0555133312663169, 0.030140869163597962], "split6_index": [42, 43, 44, 45, 46, 47], "split6_pred": [1, 0, 0, 1, 0, 0], "split6_test": [1, 0, 0, 0, 1, 0], "split6_notXOR": [1, 1, 1, 0, 0, 1], "split6_prob": [0.8762483301112122, 0.04739232877490572, 0.04071645169415766, 0.9748776535001186, 0.05841848161141014, 0.026684405864346613], "split7_index": [48, 49, 50, 51, 52, 53], "split7_pred": [1, 0, 0, 1, 0, 0], "split7_test": [1, 0, 0, 0, 1, 0], "split7_notXOR": [1, 1, 1, 0, 0, 1], "split7_prob": [0.9221187396584265, 0.06466770034759779, 0.06122526525586465, 0.8684060824873753, 0.12715884396542024, 0.03341788376348311], "split8_index": [54, 55, 56, 57, 58, 59], "split8_pred": [1, 0, 0, 1, 0, 0], "split8_test": [1, 0, 0, 0, 1, 0], "split8_notXOR": [1, 1, 1, 0, 0, 1], "split8_prob": [0.9231785793245971, 0.0668181281296624, 0.07207531087137609, 0.7685488633751201, 0.19757504302318654, 0.03572300112687485], "split9_index": [60, 61, 62, 63, 64, 65], "split9_pred": [1, 0, 0, 1, 0, 0], "split9_test": [1, 0, 0, 0, 1, 0], "split9_notXOR": [1, 1, 1, 0, 0, 1], "split9_prob": [0.9284392828755491, 0.06166691291181588, 0.07699571700224425, 0.6844077303370616, 0.2607368537950194, 0.03814253092365042], "split10_index": [66, 67, 68, 69, 70, 71], "split10_pred": [1, 0, 0, 1, 0, 0], "split10_test": [1, 0, 0, 0, 1, 0], "split10_notXOR": [1, 1, 1, 0, 0, 1], "split10_prob": [0.9333358048370509, 0.0647868118929296, 0.07772500128402814, 0.6154980245858241, 0.31527820135974577, 0.036419615552409086], "split11_index": [72, 73, 74, 75, 76, 77], "split11_pred": [1, 0, 0, 1, 0, 0], "split11_test": [1, 0, 0, 0, 1, 0], "split11_notXOR": [1, 1, 1, 0, 0, 1], "split11_prob": [0.937545236170444, 0.0593241136605854, 0.0783905919308788, 0.5593621683083698, 0.37314630204719756, 0.03681621956099065], "split12_index": [78, 79, 80, 81, 82, 83], "split12_pred": [1, 0, 0, 1, 0, 0], "split12_test": [1, 0, 0, 0, 1, 0], "split12_notXOR": [1, 1, 1, 0, 0, 1], "split12_prob": [0.9410278212835039, 0.0569269702048329, 0.07736549621552227, 0.5127163916107199, 0.4117577006417725, 0.03519817759652194], "split13_index": [84, 85, 86, 87, 88, 89], "split13_pred": [1, 0, 0, 0, 0, 0], "split13_test": [1, 0, 0, 0, 1, 0], "split13_notXOR": [1, 1, 1, 1, 0, 1], "split13_prob": [0.9440096066036456, 0.05515113525607692, 0.07645511855266916, 0.4739962354739357, 0.4473019375473394, 0.03383763750755715], "split14_index": [90, 91, 92, 93, 94, 95], "split14_pred": [1, 0, 0, 0, 0, 0], "split14_test": [1, 0, 0, 0, 0, 0], "split14_notXOR": [1, 1, 1, 1, 1, 1], "split14_prob": [0.9466658186977526, 0.05332868432125838, 0.07524777794303981, 0.4409239970403387, 0.4860649729863358, 0.03252577433244833], "split15_index": [96, 97, 98, 99, 100, 101], "split15_pred": [1, 0, 0, 0, 0, 0], "split15_test": [1, 0, 0, 0, 0, 0], "split15_notXOR": [1, 1, 1, 1, 1, 1], "split15_prob": [0.9475588198766376, 0.07437449799364815, 0.0702723577117803, 0.322733595355921, 0.4457944186710759, 0.02987267360996642], "split16_index": [102, 103, 104, 105, 106, 107, 108], "split16_pred": [0, 1, 0, 0, 0, 1, 0], "split16_test": [0, 1, 0, 0, 0, 0, 0], "split16_notXOR": [1, 1, 1, 1, 1, 0, 1], "split16_prob": [0.031228599830607127, 0.9957312580559293, 0.088352069874736, 0.06471331588424066, 0.16419159273319833, 0.645439236481812, 0.02840227387518531], "split17_index": [109, 110, 111, 112, 113, 114, 115], "split17_pred": [0, 1, 0, 0, 0, 0, 0], "split17_test": [0, 1, 0, 0, 0, 0, 0], "split17_notXOR": [1, 1, 1, 1, 1, 1, 1], "split17_prob": [0.17899553909395136, 0.9929756575843884, 0.09955003858211464, 0.08141628206846482, 0.19997837719562153, 0.47912547619633233, 0.034995730268196856], "split18_index": [116, 117, 118, 119, 120, 121, 122], "split18_pred": [0, 1, 0, 0, 0, 0, 0], "split18_test": [0, 1, 0, 0, 0, 0, 0], "split18_notXOR": [1, 1, 1, 1, 1, 1, 1], "split18_prob": [0.12250880218761087, 0.9914487455692489, 0.08279349808204198, 0.07754819330699127, 0.17034594643995812, 0.3918459912224382, 0.03294199082775269], "split19_index": [123, 124, 125, 126, 127, 128, 129], "split19_pred": [0, 1, 0, 0, 0, 0, 0], "split19_test": [0, 1, 0, 0, 0, 0, 0], "split19_notXOR": [1, 1, 1, 1, 1, 1, 1], "split19_prob": [0.10395913666315866, 0.9898927476674969, 0.06301445209409288, 0.07370081830319501, 0.15041115720954923, 0.33055592396264033, 0.030227456409316372]}