{"split0_index": [8, 9, 10, 11, 12, 13, 14, 15], "split0_pred": [0, 0, 0, 0, 0, 1, 0, 0], "split0_test": [0, 0, 0, 1, 0, 1, 0, 0], "split0_notXOR": [1, 1, 1, 0, 1, 1, 1, 1], "split0_prob": [0.11364800529053908, 0.16659185671379304, 0.19687451930852434, 0.39452069372932175, 0.11115673289522009, 0.7461732626743287, 0.09387222878264719, 0.13612007641129803], "split1_index": [16, 17, 18, 19, 20, 21, 22, 23], "split1_pred": [0, 0, 0, 0, 0, 0, 0, 0], "split1_test": [0, 0, 0, 1, 0, 1, 0, 0], "split1_notXOR": [1, 1, 1, 0, 1, 0, 1, 1], "split1_prob": [0.014672417535896392, 0.04661741949595968, 0.15166164711445188, 0.16843990076778986, 0.042884799126269406, 0.22341604497863018, 0.032776886974032894, 0.02955932209842524], "split2_index": [24, 25, 26, 27, 28, 29, 30, 31], "split2_pred": [0, 0, 0, 0, 0, 1, 0, 0], "split2_test": [0, 0, 0, 1, 0, 1, 0, 0], "split2_notXOR": [1, 1, 1, 0, 1, 1, 1, 1], "split2_prob": [0.04874293006372208, 0.07071442164929108, 0.13891179626116737, 0.43673333374196016, 0.052446616042556286, 0.6627297681163961, 0.028925916888330804, 0.12978848961073136], "split3_index": [32, 33, 34, 35, 36, 37, 38, 39, 40, 41], "split3_pred": [0, 0, 0, 1, 0, 0, 0, 1, 0, 0], "split3_test": [0, 0, 0, 1, 0, 0, 0, 1, 0, 0], "split3_notXOR": [1, 1, 1, 1, 1, 1, 1, 1, 1, 1], "split3_prob": [0.0541535267541239, 0.07568274342435125, 0.16737171510146842, 0.5829466869472621, 0.05993039477197032, 0.07929892358550192, 0.09320521571498644, 0.8257791345186174, 0.029822147084945985, 0.0676212668960695], "split4_index": [42, 43, 44, 45, 46, 47, 48, 49, 50, 51], "split4_pred": [0, 0, 0, 1, 0, 0, 0, 1, 0, 0], "split4_test": [0, 0, 0, 1, 0, 0, 0, 1, 0, 0], "split4_notXOR": [1, 1, 1, 1, 1, 1, 1, 1, 1, 1], "split4_prob": [0.04946768940194014, 0.07780889487747784, 0.16384109017884738, 0.6363520434766102, 0.056786293089919705, 0.054882540571355484, 0.06832539887683226, 0.8429925102949443, 0.02431740426586623, 0.06924326603032256], "split5_index": [52, 53, 54, 55, 56, 57, 58, 59, 60, 61], "split5_pred": [0, 0, 0, 1, 0, 0, 0, 1, 0, 0], "split5_test": [0, 0, 0, 1, 0, 0, 0, 1, 0, 0], "split5_notXOR": [1, 1, 1, 1, 1, 1, 1, 1, 1, 1], "split5_prob": [0.042299240836644124, 0.0733197491274433, 0.1544530324386743, 0.6535828287973142, 0.04971730046493285, 0.047008662964816754, 0.05379376134489283, 0.8732203747928323, 0.018036543660085076, 0.05156439792923119], "split6_index": [62, 63, 64, 65, 66, 67, 68, 69, 70, 71], "split6_pred": [0, 0, 1, 0, 0, 0, 1, 0, 0, 0], "split6_test": [0, 0, 1, 0, 0, 0, 1, 0, 0, 1], "split6_notXOR": [1, 1, 1, 1, 1, 1, 1, 1, 1, 0], "split6_prob": [0.06671226934497086, 0.0919776249997316, 0.6919611431821208, 0.04276105847435246, 0.041959523960171496, 0.04609748213615543, 0.892247666210442, 0.014072525092259308, 0.0470501463740506, 0.20601115212836082], "split7_index": [72, 73, 74, 75, 76, 77, 78, 79, 80, 81], "split7_pred": [0, 0, 1, 0, 0, 0, 1, 0, 0, 1], "split7_test": [0, 0, 1, 0, 0, 0, 1, 0, 0, 1], "split7_notXOR": [1, 1, 1, 1, 1, 1, 1, 1, 1, 1], "split7_prob": [0.04449658768045759, 0.13462832356314752, 0.6624531661272727, 0.0353592339084587, 0.04001227320016971, 0.03991700723629185, 0.876818513545859, 0.01407546029841137, 0.03968911025346972, 0.5654393423209322], "split8_index": [82, 83, 84, 85, 86, 87, 88, 89, 90, 91], "split8_pred": [0, 0, 1, 0, 0, 0, 1, 0, 0, 1], "split8_test": [0, 0, 1, 0, 0, 0, 1, 0, 0, 1], "split8_notXOR": [1, 1, 1, 1, 1, 1, 1, 1, 1, 1], "split8_prob": [0.04482031092344074, 0.13161688239288746, 0.6940886913372779, 0.03379391956083163, 0.0383657026692574, 0.0351358359809808, 0.8897435504856558, 0.014441514099200806, 0.05118133555043715, 0.7139338671884615], "split9_index": [92, 93, 94, 95, 96, 97, 98, 99, 100, 101], "split9_pred": [0, 0, 1, 0, 0, 0, 1, 0, 0, 1], "split9_test": [1, 0, 1, 0, 0, 0, 1, 0, 0, 1], "split9_notXOR": [0, 1, 1, 1, 1, 1, 1, 1, 1, 1], "split9_prob": [0.049801791527088794, 0.13244271425382728, 0.7451604666458171, 0.038854323650233856, 0.042897681512243914, 0.03928997319352916, 0.9120185111388952, 0.018080353481151303, 0.058320111360587706, 0.8121280513503334], "split10_index": [102, 103, 104, 105, 106, 107, 108, 109, 110, 111], "split10_pred": [0, 1, 1, 0, 0, 0, 1, 0, 0, 0], "split10_test": [1, 0, 0, 0, 0, 0, 1, 0, 0, 0], "split10_notXOR": [0, 0, 0, 1, 1, 1, 1, 1, 1, 1], "split10_prob": [0.13100189525718767, 0.5860637013804509, 0.9990002782699045, 0.05876897990678235, 0.07300514346876986, 0.10286329879999528, 0.8813655663074276, 0.1957217456980961, 0.401376940687969, 0.2268548912686685], "split11_index": [112, 113, 114, 115, 116, 117, 118, 119, 120, 121, 122], "split11_pred": [0, 0, 0, 0, 0, 1, 0, 0, 1, 1, 0], "split11_test": [1, 0, 0, 0, 0, 1, 0, 0, 0, 0, 0], "split11_notXOR": [0, 1, 1, 1, 1, 1, 1, 1, 0, 0, 1], "split11_prob": [0.19421669204914904, 0.03884703823229208, 0.026331817260521796, 0.2639823071198663, 0.07474541616654713, 0.8869029190790494, 0.0621424733884481, 0.15249318789098268, 0.7645231486973176, 0.928843051164512, 0.03967474748503109], "split12_index": [123, 124, 125, 126, 127, 128, 129, 130, 131, 132, 133], "split12_pred": [0, 0, 0, 0, 0, 1, 0, 0, 1, 0, 0], "split12_test": [1, 0, 0, 0, 0, 1, 0, 0, 0, 0, 0], "split12_notXOR": [0, 1, 1, 1, 1, 1, 1, 1, 0, 1, 1], "split12_prob": [0.29702933370829443, 0.03915235969269613, 0.032446683486831274, 0.15965460271634072, 0.06777121314175198, 0.9306883771623895, 0.11700583905970836, 0.3002086693613845, 0.502564650434919, 0.4991869699270862, 0.0485111544434437], "split13_index": [134, 135, 136, 137, 138, 139, 140, 141, 142, 143, 144], "split13_pred": [0, 0, 0, 0, 0, 1, 0, 0, 0, 0, 0], "split13_test": [1, 0, 0, 0, 0, 1, 0, 0, 0, 0, 0], "split13_notXOR": [0, 1, 1, 1, 1, 1, 1, 1, 1, 1, 1], "split13_prob": [0.4966662330227451, 0.037840018706411516, 0.04105423689690979, 0.15184706889041177, 0.06065419077824576, 0.9391675783601993, 0.09821258464131452, 0.24967945570944342, 0.4153967114765773, 0.26909391682627987, 0.04926118292698314], "split14_index": [145, 146, 147, 148, 149, 150, 151, 152, 153, 154, 155], "split14_pred": [0, 0, 0, 0, 0, 1, 0, 0, 0, 0, 0], "split14_test": [1, 0, 0, 0, 0, 1, 0, 0, 0, 0, 0], "split14_notXOR": [0, 1, 1, 1, 1, 1, 1, 1, 1, 1, 1], "split14_prob": [0.4334174081143331, 0.07217099606243402, 0.03374944575328049, 0.1131281831943871, 0.03516519710950696, 0.9346339103164886, 0.06677256700956218, 0.3012760155212885, 0.27799900859969007, 0.156659694007373, 0.035816156321425666], "split15_index": [156, 157, 158, 159, 160, 161, 162, 163, 164, 165, 166], "split15_pred": [0, 0, 0, 0, 0, 1, 0, 0, 0, 0, 0], "split15_test": [1, 0, 0, 0, 0, 1, 0, 0, 0, 0, 0], "split15_notXOR": [0, 1, 1, 1, 1, 1, 1, 1, 1, 1, 1], "split15_prob": [0.408815028590565, 0.03550393682575886, 0.03544668992535566, 0.10588462861097679, 0.03361830441610602, 0.9425507900771019, 0.06786935053500495, 0.2308672506509296, 0.2522559501516612, 0.1362665259363439, 0.035732175413218034], "split16_index": [167, 168, 169, 170, 171, 172, 173, 174, 175, 176, 177], "split16_pred": [1, 0, 0, 0, 0, 1, 0, 0, 0, 0, 0], "split16_test": [1, 0, 0, 0, 0, 1, 1, 1, 0, 0, 1], "split16_notXOR": [1, 1, 1, 1, 1, 1, 0, 0, 1, 1, 0], "split16_prob": [0.8442730247760222, 0.0294126085480053, 0.028739480964133344, 0.08381018266206432, 0.027503768959245726, 0.9654743514139529, 0.1264217262863675, 0.2359208135406732, 0.26525834060834413, 0.2638636103818073, 0.06646900733250416], "split17_index": [178, 179, 180, 181, 182, 183, 184, 185, 186, 187, 188, 189, 190, 191, 192], "split17_pred": [1, 0, 1, 0, 0, 0, 1, 0, 0, 1, 0, 0, 1, 0, 0], "split17_test": [1, 0, 1, 1, 1, 0, 1, 1, 1, 1, 0, 1, 1, 1, 1], "split17_notXOR": [1, 1, 1, 0, 0, 1, 1, 0, 0, 1, 1, 0, 1, 0, 0], "split17_prob": [0.977459304208911, 0.02222324390291059, 0.9570553500208645, 0.07924467059546234, 0.16151595148931128, 0.027513688920807806, 0.9720546335228313, 0.11025554853230883, 0.34717403362750426, 0.9698907566826084, 0.16973178201496147, 0.05146912587610854, 0.741629833862035, 0.42159488758373076, 0.29895311919227213],