{"split0_index": [8, 9, 10, 11, 12, 13, 14, 15], "split0_pred": [0, 1, 1, 1, 1, 1, 1, 0], "split0_test": [0, 1, 1, 0, 0, 0, 1, 0], "split0_notXOR": [1, 1, 1, 0, 0, 0, 1, 1], "split0_prob": [0.3275, 0.91, 0.5381666666666666, 0.68, 0.91, 0.5381666666666666, 0.82, 0.41], "split1_index": [16, 17, 18, 19, 20, 21, 22, 23], "split1_pred": [0, 1, 1, 0, 1, 1, 1, 0], "split1_test": [0, 1, 1, 0, 0, 0, 1, 0], "split1_notXOR": [1, 1, 1, 1, 0, 0, 1, 1], "split1_prob": [0.09, 0.805, 0.5155198412698413, 0.2375, 0.5501666666666666, 0.5155198412698413, 0.9500000000000002, 0.08]}