{"split0_index": [7, 8, 9, 10, 11, 12, 13, 14], "split0_pred": [0, 0, 1, 0, 0, 1, 0, 0], "split0_test": [1, 0, 1, 0, 0, 0, 0, 0], "split0_notXOR": [0, 1, 1, 1, 1, 0, 1, 1], "split0_prob": [0.07, 0.07, 0.61, 0.07, 0.07, 0.65, 0.07, 0.07], "split1_index": [15, 16, 17, 18, 19, 20, 21, 22, 23], "split1_pred": [1, 0, 0, 0, 0, 0, 0, 0, 0], "split1_test": [1, 0, 1, 0, 0, 0, 0, 0, 0], "split1_notXOR": [1, 1, 0, 1, 1, 1, 1, 1, 1], "split1_prob": [0.55, 0.02, 0.02, 0.02, 0.02, 0.02, 0.02, 0.07, 0.02], "split2_index": [24, 25, 26, 27, 28, 29, 30, 31, 32], "split2_pred": [0, 1, 1, 1, 1, 1, 1, 1, 1], "split2_test": [1, 0, 1, 0, 0, 0, 0, 0, 0], "split2_notXOR": [0, 0, 1, 0, 0, 0, 0, 0, 0], "split2_prob": [0.3168333333333333, 0.5225, 0.5225, 0.5225, 0.5225, 0.5225, 0.5225, 0.5225, 0.5225], "split3_index": [33, 34, 35, 36, 37, 38, 39, 40, 41], "split3_pred": [0, 0, 0, 0, 0, 0, 0, 0, 0], "split3_test": [1, 0, 1, 0, 0, 0, 0, 0, 0], "split3_notXOR": [0, 1, 0, 1, 1, 1, 1, 1, 1], "split3_prob": [0.1988333333333333, 0.3001428571428571, 0.3931666666666667, 0.3001428571428571, 0.3001428571428571, 0.3001428571428571, 0.3001428571428571, 0.3001428571428571, 0.3001428571428571], "split4_index": [42, 43, 44, 45, 46, 47, 48, 49, 50], "split4_pred": [0, 0, 0, 0, 0, 0, 0, 0, 0], "split4_test": [1, 0, 1, 0, 0, 0, 0, 0, 0], "split4_notXOR": [0, 1, 0, 1, 1, 1, 1, 1, 1], "split4_prob": [0.43353968253968256, 0.43353968253968256, 0.43353968253968256, 0.43353968253968256, 0.43353968253968256, 0.43353968253968256, 0.43353968253968256, 0.43353968253968256, 0.43353968253968256], "split5_index": [51, 52, 53, 54, 55, 56, 57, 58, 59], "split5_pred": [0, 0, 0, 0, 0, 0, 0, 0, 0], "split5_test": [1, 0, 1, 0, 0, 0, 0, 0, 0], "split5_notXOR": [0, 1, 0, 1, 1, 1, 1, 1, 1], "split5_prob": [0.4681926406926407, 0.4681926406926407, 0.4681926406926407, 0.4681926406926407, 0.4681926406926407, 0.4681926406926407, 0.4681926406926407, 0.4681926406926407, 0.4681926406926407], "split6_index": [60, 61, 62, 63, 64, 65, 66, 67, 68], "split6_pred": [1, 1, 1, 1, 1, 1, 1, 1, 1], "split6_test": [1, 0, 1, 0, 0, 0, 0, 0, 0], "split6_notXOR": [1, 0, 1, 0, 0, 0, 0, 0, 0], "split6_prob": [0.5038888888888888, 0.5038888888888888, 0.9603571428571428, 0.8554166666666666, 0.5038888888888888, 0.5038888888888888, 0.5038888888888888, 0.5038888888888888, 0.5038888888888888], "split7_index": [69, 70, 71, 72, 73, 74, 75, 76, 77], "split7_pred": [0, 0, 0, 0, 0, 0, 0, 0, 0], "split7_test": [1, 0, 1, 0, 0, 0, 0, 0, 0], "split7_notXOR": [0, 1, 0, 1, 1, 1, 1, 1, 1], "split7_prob": [0.4965191197691198, 0.4965191197691198, 0.4703524531024531, 0.25770634920634916, 0.4965191197691198, 0.4965191197691198, 0.4965191197691198, 0.4965191197691198, 0.4965191197691198], "split8_index": [78, 79, 80, 81, 82, 83, 84, 85, 86], "split8_pred": [1, 0, 1, 0, 0, 0, 0, 0, 0], "split8_test": [1, 0, 1, 0, 0, 0, 0, 0, 0], "split8_notXOR": [1, 1, 1, 1, 1, 1, 1, 1, 1], "split8_prob": [0.645, 0.4621105561105561, 0.96, 0.4621105561105561, 0.4621105561105561, 0.4621105561105561, 0.4621105561105561, 0.4621105561105561, 0.4621105561105561], "split9_index": [87, 88, 89, 90, 91, 92, 93, 94, 95], "split9_pred": [1, 1, 1, 1, 1, 1, 1, 1, 1], "split9_test": [1, 0, 1, 0, 0, 0, 0, 0, 0], "split9_notXOR": [1, 0, 1, 0, 0, 0, 0, 0, 0], "split9_prob": [0.9677777777777777, 0.5152002164502166, 0.5152002164502166, 0.5152002164502166, 0.5152002164502166, 0.5152002164502166, 0.5152002164502166, 0.5152002164502166, 0.5152002164502166], "split10_index": [96, 97, 98, 99, 100, 101, 102, 103, 104], "split10_pred": [1, 0, 1, 0, 0, 1, 0, 0, 0], "split10_test": [1, 0, 1, 0, 0, 0, 0, 0, 0], "split10_notXOR": [1, 1, 1, 1, 1, 0, 1, 1, 1], "split10_prob": [0.96, 0.09316666666666666, 0.84, 0.09316666666666666, 0.09316666666666666, 0.83, 0.2025, 0.47, 0.35], "split11_index": [105, 106, 107, 108, 109, 110, 111, 112, 113], "split11_pred": [0, 0, 0, 0, 0, 0, 0, 0, 0], "split11_test": [1, 0, 1, 0, 0, 0, 0, 0, 0], "split11_notXOR": [0, 1, 0, 1, 1, 1, 1, 1, 1], "split11_prob": [0.36076892062186167, 0.36076892062186167, 0.36076892062186167, 0.36076892062186167, 0.36076892062186167, 0.36076892062186167, 0.36076892062186167, 0.36076892062186167, 0.2203747869777281], "split12_index": [114, 115, 116, 117, 118, 119, 120, 121, 122], "split12_pred": [1, 1, 1, 1, 0, 0, 0, 1, 1], "split12_test": [1, 0, 1, 0, 0, 0, 0, 0, 0], "split12_notXOR": [1, 0, 1, 0, 1, 1, 1, 0, 0], "split12_prob": [0.94, 0.7866456043956043, 0.94, 0.96, 0.17429315129315126, 0.17429315129315126, 0.17429315129315126, 0.95, 0.7866456043956043], "split13_index": [123, 124, 125, 126, 127, 128, 129, 130, 131], "split13_pred": [1, 0, 0, 0, 0, 0, 0, 1, 1], "split13_test": [1, 0, 1, 0, 0, 0, 0, 0, 0], "split13_notXOR": [1, 1, 0, 1, 1, 1, 1, 0, 0], "split13_prob": [0.67, 0.45611065662923245, 0.45611065662923245, 0.45611065662923245, 0.45611065662923245, 0.45611065662923245, 0.45611065662923245, 0.6195162753912754, 0.66], "split14_index": [132, 133, 134, 135, 136, 137, 138, 139, 140, 141], "split14_pred": [1, 0, 1, 0, 0, 0, 0, 0, 1, 0], "split14_test": [1, 0, 0, 1, 0, 0, 0, 0, 0, 0], "split14_notXOR": [1, 1, 0, 0, 1, 1, 1, 1, 0, 1], "split14_prob": [0.92, 0.300268682298094, 0.8233333333333335, 0.300268682298094, 0.300268682298094, 0.300268682298094, 0.300268682298094, 0.300268682298094, 0.92, 0.300268682298094], "split15_index": [142, 143, 144, 145, 146, 147, 148, 149, 150, 151], "split15_pred": [1, 0, 0, 1, 0, 0, 1, 0, 0, 0], "split15_test": [1, 0, 0, 1, 0, 0, 0, 0, 0, 0], "split15_notXOR": [1, 1, 1, 1, 1, 1, 0, 1, 1, 1], "split15_prob": [0.6828571428571428, 0.1580952380952381, 0.024313492063492065, 0.6328571428571429, 0.1580952380952381, 0.024313492063492065, 0.6828571428571428, 0.024313492063492065, 0.1580952380952381, 0.024313492063492065], "split16_index": [152, 153, 154, 155, 156, 157, 158, 159, 160, 161], "split16_pred": [0, 0, 0, 0, 0, 0, 0, 0, 0, 0], "split16_test": [1, 0, 0, 1, 0, 0, 0, 0, 0, 0], "split16_notXOR": [0, 1, 1, 0, 1, 1, 1, 1, 1, 1], "split16_prob": [0.2711697501844558, 0.2711697501844558, 0.2711697501844558, 0.2711697501844558, 0.2711697501844558, 0.2711697501844558, 0.2711697501844558, 0.2711697501844558, 0.2711697501844558, 0.2711697501844558], "split17_index": [162, 163, 164, 165, 166, 167, 168, 169, 170, 171], "split17_pred": [0, 0, 0, 0, 0, 0, 0, 0, 0, 0], "split17_test": [1, 0, 0, 1, 0, 0, 0, 0, 0, 0], "split17_notXOR": [0, 1, 1, 0, 1, 1, 1, 1, 1, 1], "split17_prob": [0.3991324214571118, 0.3991324214571118, 0.3991324214571118, 0.3991324214571118, 0.3991324214571118, 0.3991324214571118, 0.3991324214571118, 0.3991324214571118, 0.3991324214571118, 0.3991324214571118], "split18_index": [172, 173, 174, 175, 176, 177, 178, 179, 180, 181, 182, 183], "split18_pred": [0, 0, 0, 0, 0, 0, 1, 0, 0, 0, 1, 1], "split18_test": [1, 0, 0, 1, 0, 0, 0, 0, 0, 0, 0, 0], "split18_notXOR": [0, 1, 1, 0, 1, 1, 0, 1, 1, 1, 0, 0], "split18_prob": [0.2024285975462446, 0.2024285975462446, 0.2024285975462446, 0.2024285975462446, 0.22, 0.2024285975462446, 0.67, 0.2024285975462446, 0.2024285975462446, 0.2024285975462446, 1.0, 0.99], "split19_index": [184, 185, 186, 187, 188, 189, 190, 191, 192, 193], "split19_pred": [0, 0, 0, 0, 0, 0, 0, 0, 0, 0], "split19_test": [1, 0, 1, 0, 0, 0, 0, 0, 0, 0], "split19_notXOR": [0, 1, 0, 1, 1, 1, 1, 1, 1, 1], "split19_prob": [0.1354896214896215, 0.0558987123987124, 0.47840909090909095, 0.0558987123987124, 0.0558987123987124, 0.0558987123987124, 0.0558987123987124, 0.32, 0.0558987123987124, 0.1354896214896215], "split20_index": [194, 195, 196, 197, 198, 199, 200, 201, 202, 203], "split20_pred": [0, 0, 1, 0, 0, 0, 0, 0, 0, 0], "split20_test": [1, 0, 1, 0, 0, 0, 0, 0, 0, 0], "split20_notXOR": [0, 1, 1, 1, 1, 1, 1, 1, 1, 1], "split20_prob": [0.11477795652060353, 0.11477795652060353, 0.92, 0.11477795652060353, 0.11477795652060353, 0.11477795652060353, 0.11477795652060353, 0.11477795652060353, 0.11477795652060353, 0.11477795652060353], "split21_index": [204, 205, 206, 207, 208, 209, 210, 211, 212, 213],