{"split0_index": [8, 9, 10, 11, 12, 13, 14, 15], "split0_pred": [0, 0, 0, 1, 0, 0, 0, 0], "split0_test": [0, 0, 0, 1, 0, 0, 0, 0], "split0_notXOR": [1, 1, 1, 1, 1, 1, 1, 1], "split0_prob": [0.035386942416009384, 0.04382276293730017, 0.009244481022132935, 0.9695365846349014, 0.04763871159229531, 0.199253543357378, 0.008606226102658002, 0.010348962154672651], "split1_index": [16, 17, 18, 19, 20, 21, 22, 23], "split1_pred": [0, 0, 0, 1, 0, 0, 0, 0], "split1_test": [0, 0, 0, 1, 0, 0, 0, 0], "split1_notXOR": [1, 1, 1, 1, 1, 1, 1, 1], "split1_prob": [0.076407796606387, 0.026820452252592594, 0.004390942021619882, 0.9640161399268014, 0.028917550294131605, 0.1236482298747302, 0.004112353584107122, 0.005073909350384424], "split2_index": [24, 25, 26, 27, 28, 29, 30, 31], "split2_pred": [0, 0, 0, 1, 0, 0, 0, 0], "split2_test": [0, 0, 0, 1, 0, 0, 0, 0], "split2_notXOR": [1, 1, 1, 1, 1, 1, 1, 1], "split2_prob": [0.034154742099036794, 0.030782936562877058, 0.0015900668895807216, 0.9844718651081494, 0.015467243747061663, 0.08190425105196267, 0.0015092256398497527, 0.001995259603805588], "split3_index": [32, 33, 34, 35, 36, 37, 38, 39, 40], "split3_pred": [0, 0, 0, 0, 1, 0, 0, 0, 0], "split3_test": [0, 0, 0, 0, 1, 0, 0, 0, 0], "split3_notXOR": [1, 1, 1, 1, 1, 1, 1, 1, 1], "split3_prob": [0.019477147881998683, 0.023818898900179773, 0.0014180450829344396, 0.002674409320046224, 0.9865813610209258, 0.0017298229322958926, 0.0536577953455015, 0.0007823507165239164, 0.0013087621328402963], "split4_index": [41, 42, 43, 44, 45, 46, 47, 48, 49], "split4_pred": [0, 0, 0, 0, 1, 0, 0, 0, 0], "split4_test": [0, 0, 0, 0, 1, 0, 0, 0, 0], "split4_notXOR": [1, 1, 1, 1, 1, 1, 1, 1, 1], "split4_prob": [0.017172676908932122, 0.019879886259230897, 0.0005722414686682491, 0.0013081214413414232, 0.9908945444626295, 0.005233042419035136, 0.04238627850823422, 0.00030820342821621347, 0.0005387507464348073], "split5_index": [50, 51, 52, 53, 54, 55, 56, 57, 58], "split5_pred": [0, 0, 0, 0, 1, 0, 0, 0, 0], "split5_test": [0, 0, 0, 0, 1, 0, 0, 0, 0], "split5_notXOR": [1, 1, 1, 1, 1, 1, 1, 1, 1], "split5_prob": [0.014467668371748118, 0.017493944544085427, 0.00040909845084432156, 0.0009723117730178713, 0.9922533108533547, 0.006070381566028541, 0.0415653632574561, 0.0002160402779012438, 0.00038601067282017875], "split6_index": [59, 60, 61, 62, 63, 64, 65, 66, 67], "split6_pred": [0, 0, 0, 0, 1, 0, 0, 0, 0], "split6_test": [0, 0, 0, 0, 1, 0, 0, 0, 0], "split6_notXOR": [1, 1, 1, 1, 1, 1, 1, 1, 1], "split6_prob": [0.014616897064319581, 0.01578960032944843, 0.0003140346402838275, 0.0007685112134758735, 0.9932033861273833, 0.0059422359119322265, 0.036676637294157294, 0.00016391347366223074, 0.000297356630201552]}