{"split0_index": [4, 5, 6, 7], "split0_pred": [0, 0, 0, 1], "split0_test": [0, 0, 0, 1], "split0_notXOR": [1, 1, 1, 1], "split0_prob": [0.0022937578601868115, 0.0029937164412065843, 0.0031548856192019537, 1.0000000994736041e-07], "split1_index": [8, 9, 10, 11], "split1_pred": [0, 0, 0, 1], "split1_test": [0, 0, 0, 1], "split1_notXOR": [1, 1, 1, 1], "split1_prob": [0.28842692632777933, 0.29171066967953596, 0.2802295063163164, 0.932626190980579], "split2_index": [12, 13, 14, 15], "split2_pred": [0, 0, 0, 1], "split2_test": [0, 0, 0, 1], "split2_notXOR": [1, 1, 1, 1], "split2_prob": [0.08334031177203227, 0.08329341906703638, 0.07849415914281209, 0.9018910331145434], "split3_index": [16, 17, 18, 19], "split3_pred": [0, 0, 0, 1], "split3_test": [0, 0, 0, 1], "split3_notXOR": [1, 1, 1, 1], "split3_prob": [0.06999029718702501, 0.06948339629509652, 0.06403448483584175, 0.9479657357692958], "split4_index": [20, 21, 22, 23], "split4_pred": [0, 0, 0, 1], "split4_test": [0, 0, 0, 1], "split4_notXOR": [1, 1, 1, 1], "split4_prob": [0.059813966072942454, 0.05966364059464603, 0.058687737649343465, 0.7930408075565554], "split5_index": [24, 25, 26], "split5_pred": [0, 0, 1], "split5_test": [0, 0, 1], "split5_notXOR": [1, 1, 1], "split5_prob": [0.07553486435972188, 0.04795338393148126, 0.9330492224004031], "split6_index": [27, 28, 29], "split6_pred": [0, 0, 1], "split6_test": [1, 0, 1], "split6_notXOR": [0, 1, 1], "split6_prob": [0.04021768676662162, 0.0434014397833798, 0.9195765205416075], "split7_index": [30, 31, 32], "split7_pred": [0, 0, 1], "split7_test": [1, 0, 1], "split7_notXOR": [0, 1, 1], "split7_prob": [0.09898729278467841, 0.06884139572630565, 0.612535226789941], "split8_index": [33, 34, 35], "split8_pred": [0, 0, 1], "split8_test": [1, 0, 1], "split8_notXOR": [0, 1, 1], "split8_prob": [0.11364129778155424, 0.08839420053065415, 0.8521908331973856], "split9_index": [36, 37, 38], "split9_pred": [0, 0, 1], "split9_test": [0, 0, 1], "split9_notXOR": [1, 1, 1], "split9_prob": [0.25785566236626745, 0.19137669104138202, 0.8707135642429547], "split10_index": [39, 40, 41], "split10_pred": [0, 0, 1], "split10_test": [0, 0, 1], "split10_notXOR": [1, 1, 1], "split10_prob": [0.21187545591984888, 0.11820220833493011, 0.9340515068333878], "split11_index": [42, 43, 44], "split11_pred": [0, 0, 1], "split11_test": [0, 0, 1], "split11_notXOR": [1, 1, 1], "split11_prob": [0.14706541755364816, 0.11310789840552561, 0.9523875300318723], "split12_index": [45, 46, 47], "split12_pred": [0, 0, 1], "split12_test": [1, 0, 0], "split12_notXOR": [0, 1, 0], "split12_prob": [0.11350405157862221, 0.1052567679877203, 0.9323051480104508], "split13_index": [48, 49, 50], "split13_pred": [0, 0, 1], "split13_test": [1, 0, 0], "split13_notXOR": [0, 1, 0], "split13_prob": [0.13965801295357474, 0.11976554863647106, 0.6777292527464018], "split14_index": [51, 52], "split14_pred": [0, 0], "split14_test": [1, 0], "split14_notXOR": [0, 1], "split14_prob": [0.1425047471232281, 0.5328055540469915], "split15_index": [53, 54], "split15_pred": [0, 0], "split15_test": [1, 0], "split15_notXOR": [0, 1], "split15_prob": [0.17054857859132502, 0.40688710027284425], "split16_index": [55, 56], "split16_pred": [0, 0], "split16_test": [1, 0], "split16_notXOR": [0, 1], "split16_prob": [0.18581902479365334, 0.1743088490410195], "split17_index": [57, 58], "split17_pred": [0, 0], "split17_test": [1, 0], "split17_notXOR": [0, 1], "split17_prob": [0.20719234072769016, 0.17893601443270485]}