{"split0_index": [5, 6, 7, 8, 9], "split0_pred": [0, 1, 1, 0, 0], "split0_test": [0, 0, 1, 1, 0], "split0_notXOR": [1, 0, 1, 0, 1], "split0_prob": [0.0, 1.0, 1.0, 0.0, 0.0], "split1_index": [10, 11, 12, 13, 14], "split1_pred": [0, 1, 1, 1, 0], "split1_test": [0, 0, 1, 1, 0], "split1_notXOR": [1, 0, 1, 1, 1], "split1_prob": [0.0, 1.0, 1.0, 0.9999999999997158, 0.0], "split2_index": [15, 16, 17, 18, 19], "split2_pred": [0, 0, 0, 1, 0], "split2_test": [0, 0, 1, 1, 0], "split2_notXOR": [1, 1, 0, 1, 1], "split2_prob": [0.0, 0.21041075093372605, 0.21041075093372605, 1.0, 0.0], "split3_index": [20, 21, 22, 23, 24], "split3_pred": [0, 0, 0, 1, 0], "split3_test": [0, 0, 1, 1, 0], "split3_notXOR": [1, 1, 0, 1, 1], "split3_prob": [0.0, 0.3934637624744638, 0.3934637624744638, 1.0, 0.0], "split4_index": [25, 26, 27, 28, 29], "split4_pred": [1, 0, 1, 0, 1], "split4_test": [1, 0, 1, 0, 0], "split4_notXOR": [1, 1, 1, 1, 0], "split4_prob": [1.0, 0.0, 1.0, 0.0, 1.0], "split5_index": [30, 31, 32, 33, 34], "split5_pred": [0, 0, 0, 1, 1], "split5_test": [0, 0, 1, 1, 1], "split5_notXOR": [1, 1, 0, 1, 1], "split5_prob": [0.0, 0.0, 0.0, 1.0, 1.0], "split6_index": [35, 36, 37, 38, 39], "split6_pred": [0, 0, 1, 1, 1], "split6_test": [0, 0, 1, 1, 1], "split6_notXOR": [1, 1, 1, 1, 1], "split6_prob": [4.1448679994306525e-19, 1.4234259481627917e-26, 1.0, 1.0, 1.0], "split7_index": [40, 41, 42, 43, 44], "split7_pred": [0, 0, 1, 1, 1], "split7_test": [0, 0, 1, 0, 1], "split7_notXOR": [1, 1, 1, 0, 1], "split7_prob": [1.4874517325871307e-19, 1.0808781833936267e-23, 1.0, 1.0, 1.0], "split8_index": [45, 46, 47, 48, 49], "split8_pred": [1, 1, 1, 1, 1], "split8_test": [0, 0, 0, 0, 1], "split8_notXOR": [0, 0, 0, 0, 1], "split8_prob": [1.0, 1.0, 0.9999999999999956, 0.9999999999851639, 1.0], "split9_index": [50, 51, 52, 53, 54], "split9_pred": [1, 1, 0, 0, 1], "split9_test": [1, 0, 0, 0, 0], "split9_notXOR": [1, 0, 1, 1, 0], "split9_prob": [0.9999999999968221, 0.9999784805212119, 2.904169376595701e-20, 1.8795879734035767e-08, 0.9999999032827251], "split10_index": [55, 56, 57, 58, 59, 60], "split10_pred": [0, 1, 1, 0, 0, 0], "split10_test": [0, 1, 0, 0, 0, 0], "split10_notXOR": [1, 1, 0, 1, 1, 1], "split10_prob": [1.584187035419275e-08, 0.9999999999183018, 1.0, 7.057760935672201e-35, 4.2049841459885293e-07, 1.2765130170726155e-05], "split11_index": [61, 62, 63, 64, 65, 66], "split11_pred": [0, 1, 0, 0, 0, 0], "split11_test": [0, 1, 0, 0, 0, 0], "split11_notXOR": [1, 1, 1, 1, 1, 1], "split11_prob": [1.3174607380962506e-12, 1.0, 0.01921901798596177, 1.2622101471350371e-08, 0.025284296262160288, 0.330142018765497], "split12_index": [67, 68, 69, 70, 71, 72, 73, 74], "split12_pred": [0, 1, 0, 0, 0, 1, 0, 0], "split12_test": [0, 0, 0, 1, 0, 0, 0, 0], "split12_notXOR": [1, 0, 1, 0, 1, 0, 1, 1], "split12_prob": [4.795263967807297e-100, 1.0, 0.017534714508129136, 4.232284526840942e-48, 1.9276600701606675e-74, 0.591973034232054, 0.20497541000796576, 5.906211012478268e-21], "split13_index": [75, 76, 77, 78, 79, 80, 81, 82, 83], "split13_pred": [0, 0, 1, 0, 0, 0, 1, 0, 0], "split13_test": [0, 0, 0, 0, 1, 0, 0, 0, 0], "split13_notXOR": [1, 1, 0, 1, 0, 1, 0, 1, 1], "split13_prob": [0.0018557665932981446, 4.986927422850683e-56, 0.9999999999872422, 1.5835190299969425e-09, 2.1842598002025185e-91, 1.1864271014233725e-43, 0.791891982042808, 9.85492166815519e-07, 4.0304781082307343e-17]}