{"split0_index": [6, 7, 8, 9, 10, 11], "split0_pred": [1, 0, 0, 1, 0, 0], "split0_test": [1, 0, 0, 1, 0, 0], "split0_notXOR": [1, 1, 1, 1, 1, 1], "split0_prob": [0.5527445367590336, 0.4851577703231422, 0.4720300953660084, 0.5973482559712475, 0.4314942924873495, 0.31117235143893096], "split1_index": [12, 13, 14, 15, 16, 17], "split1_pred": [1, 0, 0, 1, 0, 0], "split1_test": [1, 0, 0, 1, 0, 0], "split1_notXOR": [1, 1, 1, 1, 1, 1], "split1_prob": [0.5926613702309046, 0.456897225961121, 0.45963214602304925, 0.6543035789072167, 0.39108129376473943, 0.2293036865010995], "split2_index": [18, 19, 20, 21, 22, 23], "split2_pred": [1, 0, 0, 1, 0, 0], "split2_test": [1, 0, 0, 1, 0, 0], "split2_notXOR": [1, 1, 1, 1, 1, 1], "split2_prob": [0.616912022172712, 0.42171380724176255, 0.4430603133629816, 0.698666776357126, 0.3540978495090992, 0.17722125265813551], "split3_index": [24, 25, 26, 27, 28, 29], "split3_pred": [1, 0, 0, 1, 0, 0], "split3_test": [1, 0, 0, 1, 0, 0], "split3_notXOR": [1, 1, 1, 1, 1, 1], "split3_prob": [0.6412968433775863, 0.3942047224683302, 0.4341119188246721, 0.7297051822151855, 0.32821420225581, 0.1456726716080555], "split4_index": [30, 31, 32, 33, 34, 35], "split4_pred": [1, 0, 0, 1, 0, 0], "split4_test": [1, 0, 0, 1, 0, 0], "split4_notXOR": [1, 1, 1, 1, 1, 1], "split4_prob": [0.6523513484028161, 0.3634039334807513, 0.4170771519562017, 0.758130611796683, 0.29995704132896966, 0.11975771095937096], "split5_index": [36, 37, 38, 39, 40, 41], "split5_pred": [1, 0, 0, 1, 0, 0], "split5_test": [1, 0, 0, 1, 0, 0], "split5_notXOR": [1, 1, 1, 1, 1, 1], "split5_prob": [0.6706445278266896, 0.3427093455168555, 0.4104392203463184, 0.7780783499453122, 0.28184427098893067, 0.10337435691136972], "split6_index": [42, 43, 44, 45, 46, 47], "split6_pred": [1, 0, 0, 1, 0, 0], "split6_test": [1, 0, 0, 0, 1, 0], "split6_notXOR": [1, 1, 1, 0, 0, 1], "split6_prob": [0.6863290949318271, 0.32419428741693274, 0.4039457734976419, 0.7947486217402888, 0.26571842766005643, 0.0904566285192565], "split7_index": [48, 49, 50, 51, 52, 53], "split7_pred": [1, 0, 0, 1, 0, 0], "split7_test": [1, 0, 0, 0, 1, 0], "split7_notXOR": [1, 1, 1, 0, 0, 1], "split7_prob": [0.6902738423134035, 0.3135032539461915, 0.415057436266781, 0.7833553040405659, 0.2735417104973591, 0.0971795053982508], "split8_index": [54, 55, 56, 57, 58, 59], "split8_pred": [1, 0, 0, 1, 0, 0], "split8_test": [1, 0, 0, 0, 1, 0], "split8_notXOR": [1, 1, 1, 0, 0, 1], "split8_prob": [0.6787196133312933, 0.29650127029116646, 0.41135340482373484, 0.781550098479822, 0.27236000955241485, 0.09924766575295609], "split9_index": [60, 61, 62, 63, 64, 65], "split9_pred": [1, 0, 0, 1, 0, 0], "split9_test": [1, 0, 0, 0, 1, 0], "split9_notXOR": [1, 1, 1, 0, 0, 1], "split9_prob": [0.6836197857068509, 0.29522378400297566, 0.43482302446888355, 0.7711714799918187, 0.2942533169232, 0.11397311090792944], "split10_index": [66, 67, 68, 69, 70, 71], "split10_pred": [1, 0, 0, 1, 0, 0], "split10_test": [1, 0, 0, 0, 1, 0], "split10_notXOR": [1, 1, 1, 0, 0, 1], "split10_prob": [0.6922031198327722, 0.2956264063628843, 0.4586288779634869, 0.7553816973976922, 0.3149827441730786, 0.1271273723598863], "split11_index": [72, 73, 74, 75, 76, 77], "split11_pred": [1, 0, 0, 1, 0, 0], "split11_test": [1, 0, 0, 0, 1, 0], "split11_notXOR": [1, 1, 1, 0, 0, 1], "split11_prob": [0.6906605851089038, 0.3012795404298326, 0.4923830023885232, 0.7401028162637004, 0.3276389308707238, 0.1525402756727465], "split12_index": [78, 79, 80, 81, 82, 83], "split12_pred": [1, 0, 1, 1, 0, 0], "split12_test": [1, 0, 0, 0, 1, 0], "split12_notXOR": [1, 1, 0, 0, 0, 1], "split12_prob": [0.6912257411791976, 0.3070598978785617, 0.5040220447473799, 0.7279221689052054, 0.33990916005330146, 0.15592532137418713], "split13_index": [84, 85, 86, 87, 88, 89], "split13_pred": [1, 0, 1, 1, 0, 0], "split13_test": [1, 0, 0, 0, 1, 0], "split13_notXOR": [1, 1, 0, 0, 0, 1], "split13_prob": [0.6916714868020435, 0.3117228883013289, 0.5145305203418717, 0.715936323208417, 0.35092646539762395, 0.15850328361449015], "split14_index": [90, 91, 92, 93, 94, 95], "split14_pred": [1, 0, 1, 1, 0, 0], "split14_test": [1, 0, 0, 0, 0, 0], "split14_notXOR": [1, 1, 0, 0, 1, 1], "split14_prob": [0.6920564647225922, 0.31548798530690486, 0.5241248618879942, 0.7042015802266085, 0.3609039305633949, 0.160413485233626], "split15_index": [96, 97, 98, 99, 100, 101], "split15_pred": [1, 0, 1, 1, 0, 0], "split15_test": [1, 0, 0, 0, 0, 0], "split15_notXOR": [1, 1, 0, 0, 1, 1], "split15_prob": [0.701609001428142, 0.3705018993454894, 0.5397852449227405, 0.6739108184173968, 0.3705018993454894, 0.16006494577591893], "split16_index": [102, 103, 104, 105, 106, 107, 108], "split16_pred": [1, 1, 0, 1, 1, 0, 0], "split16_test": [0, 1, 0, 0, 0, 0, 0], "split16_notXOR": [0, 1, 1, 0, 0, 1, 1], "split16_prob": [0.6712311329322577, 0.6132293811184768, 0.47892942994966825, 0.5300918331724366, 0.7106332490306873, 0.4491571564527954, 0.14641348008141014], "split17_index": [109, 110, 111, 112, 113, 114, 115], "split17_pred": [1, 1, 0, 1, 1, 0, 0], "split17_test": [0, 1, 0, 0, 0, 0, 0], "split17_notXOR": [0, 1, 1, 0, 0, 1, 1], "split17_prob": [0.6460301666348591, 0.6118669141898118, 0.418240498186211, 0.537012471091963, 0.6404497273592176, 0.48118940889760003, 0.17406115647801032], "split18_index": [116, 117, 118, 119, 120, 121, 122], "split18_pred": [1, 1, 0, 1, 1, 1, 0], "split18_test": [0, 1, 0, 0, 0, 0, 0], "split18_notXOR": [0, 1, 1, 0, 0, 0, 1], "split18_prob": [0.6281147586076546, 0.6133219532096217, 0.25864111803459894, 0.5461486022562059, 0.5232083356272599, 0.5027051693992435, 0.17638301050177257], "split19_index": [123, 124, 125, 126, 127, 128, 129], "split19_pred": [1, 1, 0, 1, 1, 1, 0], "split19_test": [0, 1, 0, 0, 0, 0, 0], "split19_notXOR": [0, 1, 1, 0, 0, 0, 1], "split19_prob": [0.6236862337565904, 0.6143312067843012, 0.21861506192506644, 0.5497966508351321, 0.5033936442542867, 0.5088031797635416, 0.17680769775267993]}