{"split0_index": [15, 16, 17, 18, 19, 20, 21, 22, 23, 24, 25, 26, 27, 28, 29, 30, 31, 32], "split0_pred": [0, 0, 0, 0, 0, 0, 0, 0, 0, 0, 0, 0, 0, 0, 0, 0, 0, 0], "split0_test": [0, 0, 0, 0, 0, 0, 0, 0, 1, 0, 0, 0, 0, 0, 0, 0, 0, 0], "split0_notXOR": [1, 1, 1, 1, 1, 1, 1, 1, 0, 1, 1, 1, 1, 1, 1, 1, 1, 1], "split0_prob": [0.0931750834397235, 0.10522702786865107, 0.10059918209815605, 0.11867381712060732, 0.12917162875445304, 0.10960790769843584, 0.18730830953611297, 0.1367315713481643, 0.1367315713481643, 0.0968266234479433, 0.125362452581386, 0.13462388710346762, 0.18730830953611297, 0.18730830953611297, 0.12708692461336946, 0.12871326273732628, 0.10693049508459351, 0.1109391420563126], "split1_index": [33, 34, 35, 36, 37, 38, 39, 40, 41, 42, 43, 44, 45, 46, 47, 48, 49], "split1_pred": [0, 0, 0, 0, 0, 0, 0, 0, 0, 0, 0, 0, 0, 0, 0, 0, 0], "split1_test": [0, 0, 0, 0, 0, 1, 0, 1, 0, 0, 0, 0, 0, 1, 1, 0, 0], "split1_notXOR": [1, 1, 1, 1, 1, 0, 1, 0, 1, 1, 1, 1, 1, 0, 0, 1, 1], "split1_prob": [0.05711365138879222, 0.09488967138720908, 0.08377810989432372, 0.09591978390829448, 0.09077799282696523, 0.08007764486915528, 0.07334095448955674, 0.09591978390829448, 0.0687897323273223, 0.08636857830142017, 0.03196546086857623, 0.13180598052565645, 0.13180598052565645, 0.06223423389978631, 0.09128701911983544, 0.13180598052565645, 0.07765982309561262], "split2_index": [50, 51, 52, 53, 54, 55, 56, 57, 58, 59, 60, 61, 62, 63, 64, 65, 66, 67, 68], "split2_pred": [0, 0, 0, 0, 0, 0, 0, 0, 0, 0, 0, 0, 0, 0, 0, 0, 0, 0, 0], "split2_test": [0, 0, 0, 0, 0, 0, 1, 0, 1, 0, 0, 0, 0, 0, 1, 0, 1, 0, 0], "split2_notXOR": [1, 1, 1, 1, 1, 1, 0, 1, 0, 1, 1, 1, 1, 1, 0, 1, 0, 1, 1], "split2_prob": [0.13006791367324824, 0.13992991446747116, 0.1271977889366539, 0.13543121055696336, 0.1359507764683165, 0.1589467541381302, 0.16874025666311804, 0.15369393453658184, 0.1618689426051634, 0.1446196243644356, 0.1371034378821069, 0.13734196161987117, 0.1271977889366539, 0.1271977889366539, 0.1550963891150588, 0.17099517677590978, 0.15733694765361164, 0.1271977889366539, 0.1365187545503928], "split3_index": [69, 70, 71, 72, 73, 74, 75, 76, 77, 78, 79, 80, 81, 82, 83, 84, 85, 86, 87], "split3_pred": [0, 0, 0, 0, 0, 0, 0, 0, 0, 0, 0, 0, 0, 0, 0, 0, 0, 0, 0], "split3_test": [0, 0, 0, 0, 0, 0, 1, 0, 1, 0, 0, 0, 0, 0, 1, 0, 1, 0, 0], "split3_notXOR": [1, 1, 1, 1, 1, 1, 0, 1, 0, 1, 1, 1, 1, 1, 0, 1, 0, 1, 1], "split3_prob": [0.16305411089654673, 0.15146428820124005, 0.12082112028492031, 0.14824312432565068, 0.1421710911706567, 0.1914949998075999, 0.22432217312112274, 0.20035313081306672, 0.1968937989399775, 0.16551349686980424, 0.14895168457558877, 0.1775904948669306, 0.12082112028492031, 0.12082112028492031, 0.20686028738282952, 0.2228434492674108, 0.18703112900259933, 0.12082112028492031, 0.15307157103288027], "split4_index": [88, 89, 90, 91, 92, 93, 94, 95, 96, 97, 98, 99, 100, 101, 102, 103, 104, 105, 106], "split4_pred": [0, 0, 0, 0, 0, 0, 0, 0, 0, 0, 0, 0, 0, 0, 0, 0, 0, 0, 0], "split4_test": [0, 0, 0, 0, 0, 0, 1, 0, 1, 0, 0, 1, 0, 0, 1, 0, 1, 0, 0], "split4_notXOR": [1, 1, 1, 1, 1, 1, 0, 1, 0, 1, 1, 0, 1, 1, 0, 1, 0, 1, 1], "split4_prob": [0.17570324276436358, 0.1543606224055483, 0.11275750153327797, 0.15121919765304612, 0.14189407203611934, 0.21243118946650746, 0.26417218444028007, 0.2307586271187088, 0.22004140656292306, 0.1758440859318021, 0.15214918966553037, 0.20011774485190556, 0.11275750153327797, 0.11275750153327797, 0.24147575196850302, 0.2595849871139319, 0.20590004999729258, 0.11275750153327797, 0.1587019138281655], "split5_index": [107, 108, 109, 110, 111, 112, 113, 114, 115, 116, 117, 118, 119, 120, 121, 122, 123, 124, 125, 126], "split5_pred": [0, 0, 0, 0, 0, 0, 0, 0, 0, 0, 0, 0, 0, 0, 0, 0, 0, 0, 0, 0], "split5_test": [0, 0, 0, 0, 0, 0, 1, 0, 0, 0, 0, 0, 0, 0, 0, 0, 0, 1, 0, 0], "split5_notXOR": [1, 1, 1, 1, 1, 1, 0, 1, 1, 1, 1, 1, 1, 1, 1, 1, 1, 0, 1, 1], "split5_prob": [0.2040700247151211, 0.14996576844109696, 0.10101954813320208, 0.16417650380222987, 0.1383097663231625, 0.22502831879333315, 0.2621857603453411, 0.24990077651694606, 0.20258064722824762, 0.23184270445623725, 0.17713960943947246, 0.15608630624334302, 0.31785031625952737, 0.10101954813320208, 0.10101954813320208, 0.2831278166942973, 0.21471600015481077, 0.21762423386503518, 0.10101954813320208, 0.15919595198802897], "split6_index": [127, 128, 129, 130, 131, 132, 133, 134, 135, 136, 137, 138, 139, 140, 141, 142, 143, 144], "split6_pred": [0, 0, 0, 0, 0, 0, 0, 0, 0, 0, 0, 0, 0, 0, 0, 0, 0, 0], "split6_test": [0, 0, 0, 0, 0, 0, 1, 0, 0, 0, 0, 0, 0, 0, 0, 1, 0, 0], "split6_notXOR": [1, 1, 1, 1, 1, 1, 0, 1, 1, 1, 1, 1, 1, 1, 1, 0, 1, 1], "split6_prob": [0.20972893945674098, 0.13852411209401042, 0.07808873855114455, 0.15533361296865889, 0.12562276671174835, 0.21674222610538577, 0.26334187408023857, 0.234753767240942, 0.21899565426913586, 0.1461609091773996, 0.2153544397045791, 0.07808873855114455, 0.07808873855114455, 0.2666495948685602, 0.2063284072450755, 0.20880452234134186, 0.07808873855114455, 0.1649996736017219], "split7_index": [145, 146, 147, 148, 149, 150, 151, 152, 153, 154, 155, 156, 157, 158, 159, 160, 161], "split7_pred": [0, 0, 0, 0, 0, 0, 0, 0, 0, 0, 0, 0, 0, 0, 0, 0, 0], "split7_test": [0, 0, 0, 0, 0, 0, 1, 0, 0, 0, 0, 0, 0, 0, 1, 0, 0], "split7_notXOR": [1, 1, 1, 1, 1, 1, 0, 1, 1, 1, 1, 1, 1, 1, 0, 1, 1], "split7_prob": [0.213884759852743, 0.13055393717184907, 0.06917599791404119, 0.1479152520546787, 0.1158697447720586, 0.21406118508215485, 0.25735628489577284, 0.21185071698713984, 0.13661555881096912, 0.18157177541723823, 0.06917599791404119, 0.06917599791404119, 0.2384096651067252, 0.1991251592655998, 0.19482766317930988, 0.06917599791404119, 0.1564080813132115], "split8_index": [162, 163, 164, 165, 166, 167, 168, 169, 170, 171, 172, 173, 174, 175, 176, 177, 178], "split8_pred": [0, 0, 0, 0, 0, 0, 0, 0, 0, 0, 0, 0, 0, 0, 0, 0, 0], "split8_test": [0, 0, 0, 0, 0, 0, 1, 0, 0, 0, 0, 0, 0, 0, 1, 0, 0], "split8_notXOR": [1, 1, 1, 1, 1, 1, 0, 1, 1, 1, 1, 1, 1, 1, 0, 1, 1], "split8_prob": [0.2214133989456248, 0.12518031061964643, 0.062263789163523486, 0.14331532641427508, 0.10877509756180308, 0.2099858945000083, 0.26303159589849084, 0.20849384181093494, 0.12999264424201354, 0.15696298013609508, 0.062263789163523486, 0.062263789163523486, 0.2322274432098423, 0.19555342236350667, 0.18992341342518362, 0.062263789163523486, 0.1487007259300619], "split9_index": [179, 180, 181, 182, 183, 184, 185, 186, 187, 188, 189, 190, 191, 192, 193, 194], "split9_pred": [0, 0, 0, 0, 0, 0, 0, 0, 0, 0, 0, 0, 0, 0, 0, 0], "split9_test": [0, 0, 0, 0, 0, 1, 0, 0, 0, 0, 0, 0, 0, 0, 1, 0], "split9_notXOR": [1, 1, 1, 1, 1, 0, 1, 1, 1, 1, 1, 1, 1, 1, 0, 1], "split9_prob": [0.2283539614933714, 0.12074183263462024, 0.1395719855504014, 0.10298086478374024, 0.20713922593291922, 0.30070456190933653, 0.2062139793245205, 0.1246161301154477, 0.09853016171197262, 0.056691901912271, 0.056691901912271, 0.1307060312082634, 0.20902646636638014, 0.1929952100507641, 0.16756063348153413, 0.11608725004437248], "split10_index": [195, 196, 197, 198, 199, 200, 201, 202, 203, 204, 205, 206, 207, 208], "split10_pred": [0, 0, 0, 0, 0, 0, 0, 0, 0, 0, 0, 0, 0, 0], "split10_test": [0, 0, 0, 0, 0, 0, 0, 0, 0, 0, 0, 0, 0, 1], "split10_notXOR": [1, 1, 1, 1, 1, 1, 1, 1, 1, 1, 1, 1, 1, 0], "split10_prob": [0.24185382381544113, 0.13265715004962086, 0.1202062792072904, 0.19367468924187264, 0.38653456596759717, 0.19922610148174025, 0.057662975591201544, 0.09695610514377592, 0.057662975591201544, 0.057662975591201544, 0.057662975591201544, 0.057662975591201544, 0.057662975591201544, 0.1750862962948454], "split11_index": [209, 210, 211, 212, 213, 214, 215, 216, 217, 218, 219, 220, 221, 222], "split11_pred": [0, 0, 0, 0, 1, 0, 0, 0, 0, 0, 0, 0, 0, 0], "split11_test": [0, 0, 0, 0, 0, 0, 0, 0, 0, 0, 0, 0, 0, 1], "split11_notXOR": [1, 1, 1, 1, 0, 1, 1, 1, 1, 1, 1, 1, 1, 0],