{"split0_index": [5, 6, 7, 8, 9, 10, 11, 12, 13], "split0_pred": [0, 0, 0, 0, 0, 0, 0, 0, 0], "split0_test": [0, 0, 0, 0, 0, 0, 1, 0, 0], "split0_notXOR": [1, 1, 1, 1, 1, 1, 0, 1, 1], "split0_prob": [0.0, 0.0, 0.0, 0.0, 0.0, 0.0, 0.0, 0.0, 0.0], "split1_index": [14, 15, 16, 17, 18, 19, 20, 21, 22, 23], "split1_pred": [0, 0, 0, 0, 0, 0, 0, 0, 0, 0], "split1_test": [0, 0, 0, 0, 0, 0, 0, 1, 0, 0], "split1_notXOR": [1, 1, 1, 1, 1, 1, 1, 0, 1, 1], "split1_prob": [6.420947298508121e-08, 6.420947298508121e-08, 4.555970825136361e-27, 6.420947298508121e-08, 9.108689379333978e-05, 6.420947298508121e-08, 6.420947298508121e-08, 6.420947298508121e-08, 6.420947298508121e-08, 0.0002453444242267087]}