{"split0_index": [13, 14, 15, 16, 17], "split0_pred": [0, 1, 0, 0, 0], "split0_test": [0, 0, 0, 1, 0], "split0_notXOR": [1, 0, 1, 0, 1], "split0_prob": [0.03513908213010483, 0.66935354542729, 0.026504479870254685, 0.0004329663321093752, 0.01831950706919809], "split1_index": [18, 19, 20, 21, 22], "split1_pred": [0, 0, 0, 1, 0], "split1_test": [0, 0, 0, 1, 0], "split1_notXOR": [1, 1, 1, 1, 1], "split1_prob": [0.02578142133395468, 0.3366728849094751, 0.024005682587386255, 0.9063366151860056, 0.010463497292651138], "split2_index": [23, 24, 25, 26, 27], "split2_pred": [0, 0, 0, 1, 0], "split2_test": [0, 0, 0, 1, 0], "split2_notXOR": [1, 1, 1, 1, 1], "split2_prob": [0.021678936420799953, 0.22912738670133312, 0.0214109939620454, 0.9446156981275751, 0.008988111057541949], "split3_index": [28, 29, 30, 31, 32], "split3_pred": [0, 0, 0, 1, 0], "split3_test": [0, 0, 0, 1, 0], "split3_notXOR": [1, 1, 1, 1, 1], "split3_prob": [0.018245725433006784, 0.17362027483763298, 0.018122843731529097, 0.9629560983933305, 0.007717627164683309]}