{"split0_index": [9, 10, 11, 12, 13, 14, 15, 16, 17], "split0_pred": [1, 1, 0, 1, 0, 1, 1, 1, 0], "split0_test": [1, 0, 0, 1, 0, 1, 1, 1, 0], "split0_notXOR": [1, 0, 1, 1, 1, 1, 1, 1, 1], "split0_prob": [0.7452219392688756, 0.9025318427905903, 0.3698012045135738, 0.9075281709879819, 0.29929079122221547, 0.7743098445886767, 0.9171391515431063, 0.6876583465287461, 0.4388043754218932], "split1_index": [18, 19, 20, 21, 22, 23, 24, 25, 26], "split1_pred": [1, 1, 0, 1, 0, 1, 1, 1, 0], "split1_test": [1, 0, 0, 1, 0, 0, 0, 1, 0], "split1_notXOR": [1, 0, 1, 1, 1, 0, 0, 1, 1], "split1_prob": [0.6382121858658877, 0.747712473140835, 0.28074698282041216, 0.8990471511925968, 0.19983760713346033, 0.8483561184586498, 0.9053758633378689, 0.7100729184380281, 0.32056030801701013], "split2_index": [27, 28, 29, 30, 31, 32, 33, 34, 35], "split2_pred": [1, 1, 0, 1, 0, 1, 1, 1, 0], "split2_test": [1, 0, 0, 1, 0, 0, 0, 1, 0], "split2_notXOR": [1, 0, 1, 1, 1, 0, 0, 1, 1], "split2_prob": [0.6058008416588274, 0.5788135664227416, 0.22723276774674223, 0.9069995605013488, 0.12949109481467574, 0.5966821242294646, 0.6262956700512073, 0.7533799816186217, 0.2676498836416624], "split3_index": [36, 37, 38, 39, 40, 41, 42, 43, 44], "split3_pred": [1, 0, 0, 1, 0, 0, 0, 1, 0], "split3_test": [1, 0, 0, 1, 0, 0, 0, 1, 0], "split3_notXOR": [1, 1, 1, 1, 1, 1, 1, 1, 1], "split3_prob": [0.6066118603202754, 0.4994474698068313, 0.18512003487480463, 0.9703208378612478, 0.09847638584364339, 0.46346111681615954, 0.4649949519650753, 0.7880026402255804, 0.2112980475665606], "split4_index": [45, 46, 47, 48, 49, 50, 51, 52, 53], "split4_pred": [1, 0, 0, 1, 0, 0, 0, 1, 0], "split4_test": [1, 1, 0, 1, 0, 0, 0, 1, 0], "split4_notXOR": [1, 0, 1, 1, 1, 1, 1, 1, 1], "split4_prob": [0.6626111659137609, 0.4287044851231143, 0.17682091084928808, 0.9221637080221423, 0.0903501849003095, 0.37822393663940657, 0.35053868443318464, 0.6893803052477196, 0.20584377219868297], "split5_index": [54, 55, 56, 57, 58, 59, 60, 61, 62], "split5_pred": [1, 1, 0, 1, 0, 0, 0, 1, 0], "split5_test": [1, 1, 0, 1, 0, 0, 0, 1, 0], "split5_notXOR": [1, 1, 1, 1, 1, 1, 1, 1, 1], "split5_prob": [0.6980804419635509, 0.5434202522938526, 0.16091902725357182, 0.9366573350009393, 0.0880330161091636, 0.30467540905576, 0.4683553678218806, 0.7341958076037882, 0.18756005505071885], "split6_index": [63, 64, 65, 66, 67, 68, 69, 70, 71], "split6_pred": [1, 1, 0, 1, 0, 0, 0, 1, 0], "split6_test": [1, 1, 0, 1, 0, 0, 0, 1, 0], "split6_notXOR": [1, 1, 1, 1, 1, 1, 1, 1, 1], "split6_prob": [0.7134338621324038, 0.9696054026242189, 0.14969544977351876, 0.9441927800710023, 0.08143143169674703, 0.26137591188785814, 0.37436382432538284, 0.7485635600756897, 0.1769986554309063], "split7_index": [72, 73, 74, 75, 76, 77, 78, 79, 80], "split7_pred": [1, 1, 0, 1, 0, 0, 0, 1, 0], "split7_test": [1, 1, 0, 1, 0, 0, 0, 1, 0], "split7_notXOR": [1, 1, 1, 1, 1, 1, 1, 1, 1], "split7_prob": [0.726902852793593, 0.900761639927859, 0.14446138547682896, 0.923968688615037, 0.07645933534567664, 0.24177934899312925, 0.27295622868751906, 0.7186919844048555, 0.18270251631084952], "split8_index": [81, 82, 83, 84, 85, 86, 87, 88, 89], "split8_pred": [1, 1, 0, 1, 0, 0, 0, 1, 0], "split8_test": [1, 1, 0, 1, 0, 0, 0, 1, 0], "split8_notXOR": [1, 1, 1, 1, 1, 1, 1, 1, 1], "split8_prob": [0.7468002621209558, 0.9130082907180154, 0.14332770618352675, 0.9242726343663641, 0.06706856799202512, 0.2143609516903296, 0.2452673639595505, 0.7257436085764197, 0.17630264775984605], "split9_index": [90, 91, 92, 93, 94, 95, 96, 97, 98], "split9_pred": [1, 1, 0, 1, 0, 0, 0, 1, 0], "split9_test": [1, 1, 0, 1, 0, 0, 0, 1, 0], "split9_notXOR": [1, 1, 1, 1, 1, 1, 1, 1, 1], "split9_prob": [0.7592160432189796, 0.9387297061591068, 0.13658217769377218, 0.9272730484038947, 0.06146926387411401, 0.19819092662977286, 0.21989618809331127, 0.7355109916444877, 0.16760017768170524], "split10_index": [99, 100, 101, 102, 103, 104, 105, 106, 107], "split10_pred": [1, 1, 0, 1, 0, 0, 0, 1, 0], "split10_test": [1, 0, 0, 1, 0, 0, 0, 1, 0], "split10_notXOR": [1, 0, 1, 1, 1, 1, 1, 1, 1], "split10_prob": [0.7710244661888964, 0.9195219951889785, 0.1301372396612543, 0.9323338642722646, 0.056387444363813356, 0.1830025205947677, 0.2020623208298974, 0.7603192260186044, 0.16045156396786642], "split11_index": [108, 109, 110, 111, 112, 113, 114, 115, 116], "split11_pred": [1, 1, 0, 1, 0, 0, 1, 0, 0], "split11_test": [1, 1, 1, 1, 0, 1, 1, 0, 1], "split11_notXOR": [1, 1, 0, 1, 1, 0, 1, 1, 0], "split11_prob": [0.778495517853381, 0.6028591213431287, 0.12032307107879023, 0.9187339075886702, 0.05739701225385436, 0.4689420606500031, 0.7737786687875157, 0.0349303346719786, 0.05596978339820351], "split12_index": [117, 118, 119, 120, 121, 122, 123, 124, 125], "split12_pred": [1, 1, 0, 1, 0, 0, 1, 0, 0], "split12_test": [1, 1, 0, 1, 0, 1, 1, 0, 0], "split12_notXOR": [1, 1, 1, 1, 1, 0, 1, 1, 1], "split12_prob": [0.7834076383506964, 0.5947125660920234, 0.17034117327547219, 0.9094737597752525, 0.09477225924994631, 0.49491573596746946, 0.744829709175346, 0.07374533155258589, 0.20111099584246675], "split13_index": [126, 127, 128, 129, 130, 131, 132, 133, 134], "split13_pred": [1, 1, 0, 1, 0, 1, 1, 0, 0], "split13_test": [1, 1, 0, 1, 0, 1, 1, 0, 0], "split13_notXOR": [1, 1, 1, 1, 1, 1, 1, 1, 1], "split13_prob": [0.7999742797957082, 0.6396985484705979, 0.15951081266610898, 0.918402224197079, 0.08526190333730195, 0.6878039782042079, 0.7635950264310349, 0.07166620652953166, 0.15950869057341108], "split14_index": [135, 136, 137, 138, 139, 140, 141, 142, 143], "split14_pred": [1, 1, 0, 1, 0, 1, 1, 0, 0], "split14_test": [1, 1, 0, 1, 0, 1, 1, 0, 0], "split14_notXOR": [1, 1, 1, 1, 1, 1, 1, 1, 1], "split14_prob": [0.8087283616365935, 0.6149483109219057, 0.14921421795962994, 0.9183597743373672, 0.07639311506376768, 0.7327060885966448, 0.7781656628213349, 0.07102152647497573, 0.1450245433116775], "split15_index": [144, 145, 146, 147, 148, 149, 150, 151, 152], "split15_pred": [1, 1, 0, 1, 0, 1, 1, 0, 0], "split15_test": [1, 1, 0, 1, 0, 1, 1, 0, 0], "split15_notXOR": [1, 1, 1, 1, 1, 1, 1, 1, 1], "split15_prob": [0.8168292706611536, 0.6540335591139653, 0.14032274536266187, 0.9474215338694226, 0.07005184972852907, 0.7622882630479009, 0.7899953966664579, 0.07036148566030265, 0.13085662393608147], "split16_index": [153, 154, 155, 156, 157, 158, 159, 160, 161], "split16_pred": [1, 1, 0, 1, 0, 1, 1, 0, 0], "split16_test": [1, 1, 0, 1, 0, 1, 1, 0, 0], "split16_notXOR": [1, 1, 1, 1, 1, 1, 1, 1, 1], "split16_prob": [0.8242031838462073, 0.6856149252675658, 0.13262790531782223, 0.9518619384097983, 0.0646723275080589, 0.785840662386593, 0.800189981178655, 0.06929149093441496, 0.11977197684850553], "split17_index": [162, 163, 164, 165, 166, 167, 168, 169, 170], "split17_pred": [1, 1, 0, 1, 0, 1, 1, 0, 0], "split17_test": [1, 1, 0, 1, 0, 1, 1, 0, 0], "split17_notXOR": [1, 1, 1, 1, 1, 1, 1, 1, 1], "split17_prob": [0.8268507704792426, 0.7134634630778041, 0.12654351203196104, 0.9566089405909177, 0.06146756632135759, 0.8111491094272087, 0.8142277023239605, 0.07169261776956774, 0.10609039336410522], "split18_index": [171, 172, 173, 174, 175, 176, 177, 178, 179], "split18_pred": [1, 1, 0, 1, 0, 1, 1, 0, 0], "split18_test": [1, 1, 0, 1, 0, 1, 1, 0, 0], "split18_notXOR": [1, 1, 1, 1, 1, 1, 1, 1, 1], "split18_prob": [0.8284512051390441, 0.7667966246749118, 0.121112106526717, 0.9590700003217091, 0.05623301013342672, 0.8077005541600505, 0.8181059127378717, 0.06675246955690124, 0.10212111802791753], "split19_index": [180, 181, 182, 183, 184, 185, 186, 187, 188], "split19_pred": [1, 1, 0, 1, 0, 1, 1, 0, 0], "split19_test": [1, 1, 0, 1, 0, 1, 1, 0, 0], "split19_notXOR": [1, 1, 1, 1, 1, 1, 1, 1, 1], "split19_prob": [0.83393710569416, 0.7869587206727034, 0.11616688787645961, 0.9619900941561306, 0.05257126769793774, 0.8606023327283191, 0.8251376204956691, 0.06531327897643541, 0.09606760471601217], "split20_index": [189, 190, 191, 192, 193, 194, 195, 196, 197],