{"split0_index": [4, 5, 6, 7], "split0_pred": [0, 0, 1, 0], "split0_test": [0, 0, 1, 0], "split0_notXOR": [1, 1, 1, 1], "split0_prob": [0.34994157237830414, 0.38599050439154975, 0.08700356946461613, 0.36897856903302134]}