{"split0_index": [6, 7, 8, 9, 10, 11], "split0_pred": [0, 0, 0, 0, 0, 0], "split0_test": [0, 0, 0, 1, 0, 0], "split0_notXOR": [1, 1, 1, 0, 1, 1], "split0_prob": [NaN, NaN, NaN, NaN, NaN, NaN], "split1_index": [12, 13, 14, 15, 16], "split1_pred": [0, 0, 0, 0, 0], "split1_test": [0, 0, 1, 0, 0], "split1_notXOR": [1, 1, 0, 1, 1], "split1_prob": [0.0003326489422458281, 0.0003326565560630234, 0.0003326565560630234, 0.00033265850593661216, 0.00033265850593661216], "split2_index": [17, 18, 19, 20, 21], "split2_pred": [0, 1, 0, 0, 0], "split2_test": [0, 0, 1, 0, 0], "split2_notXOR": [1, 0, 0, 1, 1], "split2_prob": [0.021421354844017398, 0.999999645680823, 0.016731507937355995, 0.016731507937355995, 0.016731507937355995], "split3_index": [22, 23, 24, 25, 26], "split3_pred": [0, 1, 1, 1, 1], "split3_test": [0, 0, 1, 0, 0], "split3_notXOR": [1, 0, 1, 0, 0], "split3_prob": [0.0, 0.999567298446381, 0.999567298446381, 0.999567298446381, 0.999567298446381], "split4_index": [27, 28, 29, 30, 31], "split4_pred": [1, 1, 0, 1, 1], "split4_test": [0, 0, 1, 0, 0], "split4_notXOR": [0, 0, 0, 0, 0], "split4_prob": [0.9999999991566444, 0.9999999991566444, 0.0, 0.9999999991566444, 0.9999999991566444], "split5_index": [32, 33, 34, 35, 36], "split5_pred": [1, 1, 1, 1, 1], "split5_test": [0, 0, 1, 0, 0], "split5_notXOR": [0, 0, 1, 0, 0], "split5_prob": [0.9998161760949275, 0.9997545636288159, 0.9997545636288159, 0.9997545636288159, 0.9997545636288159], "split6_index": [37, 38, 39, 40, 41], "split6_pred": [1, 1, 1, 1, 1], "split6_test": [0, 0, 1, 0, 0], "split6_notXOR": [0, 0, 1, 0, 0], "split6_prob": [0.9999649659102835, 0.9999507535757973, 0.9999507535757973, 0.9999507535757973, 0.9999507535757973], "split7_index": [42, 43, 44, 45, 46], "split7_pred": [1, 1, 1, 1, 1], "split7_test": [0, 0, 1, 0, 0], "split7_notXOR": [0, 0, 1, 0, 0], "split7_prob": [0.9999660855711452, 0.9999660855711452, 0.9999660855711452, 0.9999660855711452, 0.9999660855711452], "split8_index": [47, 48, 49, 50, 51], "split8_pred": [1, 1, 0, 1, 1], "split8_test": [0, 0, 1, 0, 0], "split8_notXOR": [0, 0, 0, 0, 0], "split8_prob": [0.9999767196445197, 0.9999767196445197, 0.0, 0.9999767196445197, 0.9999767196445197], "split9_index": [52, 53, 54, 55, 56], "split9_pred": [0, 0, 0, 0, 0], "split9_test": [0, 0, 1, 0, 0], "split9_notXOR": [1, 1, 0, 1, 1], "split9_prob": [0.2224473899401304, 0.2224473899401304, 0.2224473899401304, 0.2224473899401304, 0.2224473899401304], "split10_index": [57, 58, 59, 60, 61], "split10_pred": [0, 0, 0, 0, 0], "split10_test": [0, 0, 1, 0, 0], "split10_notXOR": [1, 1, 0, 1, 1], "split10_prob": [0.36751612973969794, 0.36751612973969794, 0.20884403305549054, 0.36751612973969794, 0.36751612973969794], "split11_index": [62, 63, 64, 65, 66], "split11_pred": [0, 0, 0, 1, 0], "split11_test": [0, 0, 1, 1, 0], "split11_notXOR": [1, 1, 0, 1, 1], "split11_prob": [0.11924021842621531, 0.11924021842621531, 0.11924021842621531, 1.0, 0.11924021842621531], "split12_index": [67, 68, 69, 70, 71], "split12_pred": [0, 0, 0, 0, 0], "split12_test": [0, 0, 1, 1, 0], "split12_notXOR": [1, 1, 0, 0, 1], "split12_prob": [0.1602011106344726, 0.1602011106344726, 0.1602011106344726, 0.1602011106344726, 0.1602011106344726], "split13_index": [72, 73, 74, 75, 76], "split13_pred": [1, 1, 1, 0, 0], "split13_test": [0, 0, 1, 1, 0], "split13_notXOR": [0, 0, 1, 0, 1], "split13_prob": [0.9995610177673155, 1.0, 1.0, 0.11757142196796842, 0.11757142196796842], "split14_index": [77, 78, 79, 80, 81], "split14_pred": [0, 0, 0, 1, 0], "split14_test": [0, 0, 1, 1, 0], "split14_notXOR": [1, 1, 0, 1, 1], "split14_prob": [0.08549286187495443, 0.08549286187495443, 0.08549286187495443, 1.0, 0.08549286187495443], "split15_index": [82, 83, 84, 85, 86], "split15_pred": [1, 0, 1, 1, 0], "split15_test": [0, 0, 1, 0, 0], "split15_notXOR": [0, 1, 1, 0, 1], "split15_prob": [0.6722287331209968, 0.015081316134826295, 1.0, 1.0, 0.015081316134826295], "split16_index": [87, 88, 89, 90, 91], "split16_pred": [1, 1, 1, 0, 0], "split16_test": [0, 0, 1, 0, 0], "split16_notXOR": [0, 0, 1, 1, 1], "split16_prob": [0.8516831915977969, 0.7172761006719648, 0.9999999999179217, 0.0335068070199201, 0.0335068070199201], "split17_index": [92, 93, 94, 95, 96], "split17_pred": [0, 0, 0, 0, 0], "split17_test": [0, 0, 1, 0, 0], "split17_notXOR": [1, 1, 0, 1, 1], "split17_prob": [0.11928412006796278, 0.04312864670613894, 0.012504111675470823, 0.012504111675470823, 0.012504111675470823], "split18_index": [97, 98, 99, 100, 101], "split18_pred": [0, 0, 0, 1, 0], "split18_test": [0, 0, 1, 0, 0], "split18_notXOR": [1, 1, 0, 0, 1], "split18_prob": [0.013969225032153424, 0.013969225032153424, 0.01973612387277811, 1.0, 0.013969225032153424]}