{"split0_index": [23, 24, 25, 26, 27, 28, 29, 30, 31, 32, 33, 34, 35, 36, 37, 38, 39, 40, 41, 42, 43, 44, 45, 46], "split0_pred": [0, 0, 0, 0, 0, 0, 0, 0, 0, 0, 0, 0, 0, 0, 0, 0, 0, 0, 0, 0, 0, 0, 0, 0], "split0_test": [0, 0, 1, 0, 0, 0, 0, 0, 0, 0, 0, 0, 0, 0, 1, 0, 0, 0, 0, 0, 0, 0, 0, 0], "split0_notXOR": [1, 1, 0, 1, 1, 1, 1, 1, 1, 1, 1, 1, 1, 1, 0, 1, 1, 1, 1, 1, 1, 1, 1, 1], "split0_prob": [0.495, 0.495, 0.495, 0.495, 0.495, 0.495, 0.495, 0.495, 0.495, 0.495, 0.495, 0.495, 0.495, 0.495, 0.495, 0.495, 0.495, 0.495, 0.495, 0.495, 0.495, 0.495, 0.495, 0.495], "split1_index": [47, 48, 49, 50, 51, 52, 53, 54, 55, 56, 57, 58, 59, 60, 61, 62, 63, 64, 65, 66, 67, 68, 69, 70, 71, 72, 73], "split1_pred": [0, 0, 1, 0, 1, 0, 0, 0, 0, 0, 0, 0, 0, 0, 1, 0, 0, 0, 0, 1, 0, 1, 0, 0, 0, 1, 0], "split1_test": [0, 0, 0, 1, 0, 0, 0, 0, 0, 0, 0, 0, 0, 0, 0, 0, 0, 1, 0, 0, 0, 1, 0, 0, 0, 0, 0], "split1_notXOR": [1, 1, 0, 0, 0, 1, 1, 1, 1, 1, 1, 1, 1, 1, 0, 1, 1, 0, 1, 0, 1, 1, 1, 1, 1, 0, 1], "split1_prob": [0.26476190476190475, 0.26476190476190475, 0.5606666666666666, 0.3290952380952381, 0.5056190476190476, 0.26476190476190475, 0.26476190476190475, 0.26476190476190475, 0.26476190476190475, 0.3290952380952381, 0.26476190476190475, 0.26476190476190475, 0.3290952380952381, 0.26476190476190475, 0.6406666666666666, 0.3290952380952381, 0.26476190476190475, 0.3290952380952381, 0.26476190476190475, 0.6338333333333334, 0.4090952380952381, 0.5606666666666666, 0.26476190476190475, 0.3290952380952381, 0.26476190476190475, 0.5538333333333334, 0.26476190476190475], "split2_index": [74, 75, 76, 77, 78, 79, 80, 81, 82, 83, 84, 85, 86, 87, 88, 89, 90, 91, 92, 93, 94, 95, 96, 97, 98, 99, 100], "split2_pred": [1, 1, 0, 1, 1, 1, 0, 1, 0, 1, 1, 1, 1, 1, 1, 1, 0, 1, 1, 1, 1, 1, 1, 0, 1, 0, 1], "split2_test": [0, 0, 1, 1, 0, 0, 0, 0, 0, 0, 0, 0, 0, 0, 0, 0, 0, 1, 0, 0, 0, 0, 1, 0, 0, 0, 0], "split2_notXOR": [0, 0, 0, 1, 0, 0, 1, 0, 1, 0, 0, 0, 0, 0, 0, 0, 1, 1, 0, 0, 0, 0, 1, 1, 0, 1, 0], "split2_prob": [0.6365, 0.804, 0.47666666666666674, 0.7273333333333332, 0.699, 0.6365, 0.4574999999999999, 0.699, 0.48083333333333333, 0.69, 0.72, 0.67, 0.78, 0.5025, 0.72, 0.75, 0.48083333333333333, 0.6949999999999998, 0.6408333333333335, 0.67, 0.69, 0.62, 0.7273333333333332, 0.4625, 0.67, 0.4625, 0.72], "split3_index": [101, 102, 103, 104, 105, 106, 107, 108, 109, 110, 111, 112, 113, 114, 115, 116, 117, 118, 119, 120, 121, 122, 123, 124, 125, 126, 127, 128], "split3_pred": [1, 1, 1, 1, 1, 1, 1, 0, 0, 0, 0, 0, 1, 0, 0, 0, 0, 0, 0, 1, 0, 0, 0, 0, 0, 0, 0, 0], "split3_test": [0, 0, 1, 0, 0, 1, 0, 0, 0, 0, 0, 0, 0, 0, 0, 0, 0, 0, 0, 1, 0, 0, 0, 0, 1, 0, 0, 0], "split3_notXOR": [0, 0, 1, 0, 0, 1, 0, 1, 1, 1, 1, 1, 0, 1, 1, 1, 1, 1, 1, 1, 1, 1, 1, 1, 0, 1, 1, 1], "split3_prob": [0.51, 0.78, 0.85, 0.68, 0.89, 0.85, 0.67, 0.0505959595959596, 0.08, 0.0505959595959596, 0.0505959595959596, 0.0505959595959596, 0.78, 0.0505959595959596, 0.0505959595959596, 0.48, 0.0505959595959596, 0.48, 0.0505959595959596, 0.92, 0.0505959595959596, 0.48, 0.0505959595959596, 0.48, 0.0505959595959596, 0.48, 0.48, 0.0505959595959596], "split4_index": [129, 130, 131, 132, 133, 134, 135, 136, 137, 138, 139, 140, 141, 142, 143, 144, 145, 146, 147, 148, 149, 150, 151, 152, 153, 154, 155, 156], "split4_pred": [0, 0, 0, 0, 0, 0, 0, 0, 0, 0, 0, 0, 0, 0, 0, 0, 0, 0, 0, 0, 0, 0, 0, 0, 0, 0, 0, 0], "split4_test": [0, 0, 0, 0, 0, 0, 0, 0, 0, 0, 0, 0, 0, 0, 0, 0, 0, 0, 0, 1, 0, 0, 0, 0, 0, 0, 0, 0], "split4_notXOR": [1, 1, 1, 1, 1, 1, 1, 1, 1, 1, 1, 1, 1, 1, 1, 1, 1, 1, 1, 0, 1, 1, 1, 1, 1, 1, 1, 1], "split4_prob": [0.31997474747474725, 0.31997474747474725, 0.1938510101010101, 0.31997474747474725, 0.31997474747474725, 0.159437950937951, 0.31997474747474725, 0.31997474747474725, 0.31997474747474725, 0.31997474747474725, 0.31997474747474725, 0.31997474747474725, 0.31997474747474725, 0.31997474747474725, 0.31997474747474725, 0.31997474747474725, 0.31997474747474725, 0.31997474747474725, 0.31997474747474725, 0.19106998556998556, 0.31997474747474725, 0.31997474747474725, 0.31997474747474725, 0.31997474747474725, 0.1539116161616162, 0.31997474747474725, 0.31997474747474725, 0.31997474747474725], "split5_index": [157, 158, 159, 160, 161, 162, 163, 164, 165, 166, 167, 168, 169, 170, 171, 172, 173, 174, 175, 176, 177, 178, 179, 180, 181, 182, 183, 184], "split5_pred": [0, 0, 0, 1, 0, 0, 0, 0, 0, 1, 0, 0, 0, 0, 0, 0, 0, 0, 0, 1, 0, 0, 0, 0, 0, 0, 0, 0], "split5_test": [0, 0, 0, 0, 0, 0, 0, 0, 0, 0, 0, 0, 0, 0, 0, 0, 0, 0, 0, 1, 0, 0, 0, 0, 0, 0, 0, 0], "split5_notXOR": [1, 1, 1, 0, 1, 1, 1, 1, 1, 0, 1, 1, 1, 1, 1, 1, 1, 1, 1, 1, 1, 1, 1, 1, 1, 1, 1, 1], "split5_prob": [0.003333333333333333, 0.003333333333333333, 0.003333333333333333, 0.58, 0.003333333333333333, 0.003333333333333333, 0.46, 0.003333333333333333, 0.003333333333333333, 0.54, 0.003333333333333333, 0.003333333333333333, 0.003333333333333333, 0.003333333333333333, 0.003333333333333333, 0.37, 0.003333333333333333, 0.003333333333333333, 0.003333333333333333, 0.58, 0.003333333333333333, 0.003333333333333333, 0.003333333333333333, 0.003333333333333333, 0.003333333333333333, 0.003333333333333333, 0.003333333333333333, 0.37], "split6_index": [185, 186, 187, 188, 189, 190, 191, 192, 193, 194, 195, 196, 197, 198, 199, 200, 201, 202, 203, 204, 205, 206, 207, 208, 209, 210, 211, 212], "split6_pred": [0, 1, 0, 0, 0, 0, 0, 0, 0, 0, 0, 0, 0, 0, 0, 0, 0, 0, 0, 1, 0, 0, 0, 0, 0, 0, 0, 0], "split6_test": [0, 0, 0, 0, 0, 0, 0, 0, 0, 0, 0, 0, 0, 0, 0, 0, 0, 0, 0, 1, 0, 0, 0, 0, 0, 0, 0, 0], "split6_notXOR": [1, 0, 1, 1, 1, 1, 1, 1, 1, 1, 1, 1, 1, 1, 1, 1, 1, 1, 1, 1, 1, 1, 1, 1, 1, 1, 1, 1], "split6_prob": [0.41166666666666657, 0.72, 0.41166666666666657, 0.49333333333333335, 0.49333333333333335, 0.41166666666666657, 0.17, 0.41166666666666657, 0.41166666666666657, 0.15349999999999997, 0.41166666666666657, 0.41166666666666657, 0.41166666666666657, 0.41166666666666657, 0.41166666666666657, 0.49333333333333335, 0.41166666666666657, 0.41166666666666657, 0.41166666666666657, 0.59, 0.41166666666666657, 0.41166666666666657, 0.41166666666666657, 0.41166666666666657, 0.41166666666666657, 0.41166666666666657, 0.41166666666666657, 0.32], "split7_index": [213, 214, 215, 216, 217, 218, 219, 220, 221, 222, 223, 224, 225, 226, 227, 228, 229, 230, 231, 232, 233, 234, 235, 236, 237, 238, 239, 240], "split7_pred": [0, 0, 0, 0, 0, 0, 0, 0, 0, 0, 0, 0, 0, 0, 0, 0, 0, 0, 0, 0, 0, 0, 0, 0, 0, 0, 0, 0], "split7_test": [0, 0, 0, 0, 0, 0, 0, 0, 0, 0, 0, 0, 0, 0, 0, 0, 0, 0, 0, 1, 0, 0, 0, 0, 0, 0, 0, 0], "split7_notXOR": [1, 1, 1, 1, 1, 1, 1, 1, 1, 1, 1, 1, 1, 1, 1, 1, 1, 1, 1, 0, 1, 1, 1, 1, 1, 1, 1, 1], "split7_prob": [0.43483333333333335, 0.03, 0.43483333333333335, 0.1125, 0.1125, 0.1125, 0.43483333333333335, 0.1125, 0.1125, 0.1125, 0.1125, 0.1125, 0.1125, 0.1125, 0.1125, 0.1125, 0.29, 0.1125, 0.43483333333333335, 0.1125, 0.43483333333333335, 0.29, 0.1125, 0.1125, 0.1125, 0.03, 0.1125, 0.03], "split8_index": [241, 242, 243, 244, 245, 246, 247, 248, 249, 250, 251, 252, 253, 254, 255, 256, 257, 258, 259, 260, 261, 262, 263, 264, 265, 266, 267, 268], "split8_pred": [0, 0, 0, 0, 0, 0, 0, 0, 0, 0, 0, 0, 0, 0, 0, 0, 0, 0, 0, 0, 0, 0, 0, 0, 0, 0, 0, 0], "split8_test": [0, 0, 0, 0, 0, 0, 0, 0, 0, 0, 0, 0, 0, 0, 0, 0, 0, 0, 0, 1, 0, 0, 0, 0, 0, 0, 0, 0], "split8_notXOR": [1, 1, 1, 1, 1, 1, 1, 1, 1, 1, 1, 1, 1, 1, 1, 1, 1, 1, 1, 0, 1, 1, 1, 1, 1, 1, 1, 1],