{"split0_index": [4, 5, 6, 7], "split0_pred": [1, 1, 1, 1], "split0_test": [0, 0, 1, 0], "split0_notXOR": [0, 0, 1, 0], "split0_prob": [0.8935981304733916, 0.9179612286653059, 0.9794706723335751, 0.9383788922437863], "split1_index": [8, 9, 10, 11], "split1_pred": [1, 0, 1, 1], "split1_test": [0, 0, 1, 0], "split1_notXOR": [0, 1, 1, 0], "split1_prob": [0.516299589686895, 0.4566496109606092, 0.7672512241503311, 0.5480887533044012], "split2_index": [12, 13, 14, 15], "split2_pred": [0, 0, 0, 0], "split2_test": [0, 0, 1, 0], "split2_notXOR": [1, 1, 0, 1], "split2_prob": [0.3529660672307731, 0.3529660672307731, 0.3529660672307731, 0.3529660672307731], "split3_index": [16, 17, 18, 19], "split3_pred": [0, 0, 0, 0], "split3_test": [0, 0, 1, 0], "split3_notXOR": [1, 1, 0, 1], "split3_prob": [0.4768948638737955, 0.4768948638737955, 0.4768948638737955, 0.4768948638737955], "split4_index": [20, 21, 22, 23], "split4_pred": [1, 0, 0, 0], "split4_test": [0, 0, 1, 0], "split4_notXOR": [0, 1, 0, 1], "split4_prob": [0.5583846743679545, 0.23861554487717232, 0.4435007373276961, 0.4435007373276961], "split5_index": [24, 25, 26, 27], "split5_pred": [0, 0, 0, 0], "split5_test": [0, 0, 1, 0], "split5_notXOR": [1, 1, 0, 1], "split5_prob": [0.4946347947500599, 0.4946347947500599, 0.4946347947500599, 0.4946347947500599], "split6_index": [28, 29, 30, 31], "split6_pred": [1, 1, 1, 1], "split6_test": [0, 0, 1, 0], "split6_notXOR": [0, 0, 1, 0], "split6_prob": [0.5393865435002518, 0.5393865435002518, 0.5393865435002518, 0.5393865435002518]}