{"split0_index": [3, 4, 5], "split0_pred": [0, 1, 0], "split0_test": [0, 1, 0], "split0_notXOR": [1, 1, 1], "split0_prob": [0.1138465888424123, 0.5116668408540286, 0.19372963396684037], "split1_index": [6, 7, 8], "split1_pred": [0, 0, 0], "split1_test": [0, 1, 0], "split1_notXOR": [1, 0, 1], "split1_prob": [0.04826331200630523, 0.3189920506274347, 0.1422249022396328], "split2_index": [9, 10, 11], "split2_pred": [0, 0, 0], "split2_test": [0, 1, 0], "split2_notXOR": [1, 0, 1], "split2_prob": [0.00021899432251499463, 0.44789239812308657, 0.1597223580117451], "split3_index": [12, 13, 14], "split3_pred": [0, 1, 0], "split3_test": [0, 1, 0], "split3_notXOR": [1, 1, 1], "split3_prob": [0.00971246266886934, 0.6573516568804734, 0.2167287797901215], "split4_index": [15, 16, 17], "split4_pred": [0, 1, 0], "split4_test": [0, 1, 0], "split4_notXOR": [1, 1, 1], "split4_prob": [0.03234324556521264, 0.7029041074911168, 0.20261896132135024], "split5_index": [18, 19, 20], "split5_pred": [0, 1, 0], "split5_test": [0, 1, 0], "split5_notXOR": [1, 1, 1], "split5_prob": [0.0409692356516359, 0.7438674707994138, 0.19004942551330153], "split6_index": [21, 22, 23, 24], "split6_pred": [0, 1, 0, 0], "split6_test": [0, 1, 1, 0], "split6_notXOR": [1, 1, 0, 1], "split6_prob": [0.05031262911108263, 0.702969194373158, 0.1316029622331932, 0.16832568960975489], "split7_index": [25, 26, 27, 28], "split7_pred": [0, 1, 0, 0], "split7_test": [0, 1, 1, 0], "split7_notXOR": [1, 1, 0, 1], "split7_prob": [0.007759304882826296, 0.8102372124476532, 0.46944764711541986, 0.1652055065459316], "split8_index": [29, 30, 31, 32], "split8_pred": [0, 1, 1, 0], "split8_test": [0, 1, 1, 0], "split8_notXOR": [1, 1, 1, 1], "split8_prob": [0.025551308433776433, 0.829753720295431, 0.5647390371227103, 0.15551827559097953], "split9_index": [33, 34, 35, 36], "split9_pred": [0, 1, 1, 0], "split9_test": [0, 1, 1, 0], "split9_notXOR": [1, 1, 1, 1], "split9_prob": [0.02484020849737601, 0.8407434832683994, 0.6893187911091052, 0.1443743767739524], "split10_index": [37, 38, 39, 40], "split10_pred": [0, 1, 1, 0], "split10_test": [0, 1, 1, 0], "split10_notXOR": [1, 1, 1, 1], "split10_prob": [0.018397699595392364, 0.8565251333233709, 0.7702427885529088, 0.1492477942570753], "split11_index": [41, 42, 43, 44], "split11_pred": [0, 1, 1, 0], "split11_test": [0, 1, 0, 0], "split11_notXOR": [1, 1, 0, 1], "split11_prob": [0.023321595190122796, 0.874178359325901, 0.8074710703617144, 0.16338556309968488], "split12_index": [45, 46, 47, 48], "split12_pred": [0, 1, 1, 0], "split12_test": [0, 1, 0, 0], "split12_notXOR": [1, 1, 0, 1], "split12_prob": [0.02000376870046054, 0.8817324674828795, 0.557143030699557, 0.13012122776086266], "split13_index": [49, 50, 51, 52, 53], "split13_pred": [0, 1, 1, 0, 0], "split13_test": [0, 1, 0, 0, 0], "split13_notXOR": [1, 1, 0, 1, 1], "split13_prob": [0.006976834458514501, 0.8337707388077368, 0.5915393988855253, 0.11742308375907808, 0.1643642862762538], "split14_index": [54, 55, 56, 57, 58, 59], "split14_pred": [0, 0, 0, 0, 1, 0], "split14_test": [0, 1, 0, 0, 1, 0], "split14_notXOR": [1, 0, 1, 1, 1, 1], "split14_prob": [0.10429663557818548, 0.3378849564733809, 0.22391943594860803, 0.006919996206791206, 0.9002675423296401, 0.4366312605802784], "split15_index": [60, 61, 62, 63, 64, 65], "split15_pred": [0, 1, 0, 0, 1, 0], "split15_test": [0, 1, 0, 0, 1, 0], "split15_notXOR": [1, 1, 1, 1, 1, 1], "split15_prob": [0.11125497799782648, 0.5342121694645842, 0.16466616597730083, 0.013886445277021462, 0.8975846202913017, 0.3669552434523433], "split16_index": [66, 67, 68, 69, 70, 71], "split16_pred": [0, 1, 0, 0, 1, 0], "split16_test": [0, 1, 0, 0, 1, 0], "split16_notXOR": [1, 1, 1, 1, 1, 1], "split16_prob": [0.11284650253924479, 0.6819763347963032, 0.1760528835751311, 0.013719666132674934, 0.8975145255674821, 0.3267585240128721], "split17_index": [72, 73, 74, 75, 76, 77, 78], "split17_pred": [0, 1, 0, 0, 1, 0, 0], "split17_test": [0, 1, 0, 0, 1, 0, 0], "split17_notXOR": [1, 1, 1, 1, 1, 1, 1], "split17_prob": [0.10583680420159541, 0.7582842894501699, 0.16400096487551433, 0.010311780953871794, 0.9081231310197898, 0.3068460217964365, 0.1370886353562168], "split18_index": [79, 80, 81, 82, 83, 84, 85], "split18_pred": [0, 1, 0, 0, 1, 0, 0], "split18_test": [0, 1, 0, 0, 1, 0, 0], "split18_notXOR": [1, 1, 1, 1, 1, 1, 1], "split18_prob": [0.09893899821005275, 0.7872966663882938, 0.14048571731824105, 0.012426073774847864, 0.9069246777341804, 0.26824436402962104, 0.13452219020452044], "split19_index": [86, 87, 88, 89, 90, 91, 92], "split19_pred": [0, 1, 0, 0, 1, 0, 0], "split19_test": [0, 1, 0, 0, 1, 0, 0], "split19_notXOR": [1, 1, 1, 1, 1, 1, 1], "split19_prob": [0.08785252160243223, 0.8125966958959694, 0.12456592950850333, 0.011468443435354412, 0.9072001238771613, 0.24555234887287591, 0.11927300333926744], "split20_index": [93, 94, 95, 96, 97], "split20_pred": [0, 0, 1, 0, 1], "split20_test": [0, 0, 1, 0, 1], "split20_notXOR": [1, 1, 1, 1, 1], "split20_prob": [0.12427658266507632, 0.4370158559786145, 0.8672874073825086, 0.03744537961987943, 0.927728248622463], "split21_index": [98, 99, 100, 101, 102], "split21_pred": [0, 0, 1, 0, 1], "split21_test": [0, 0, 1, 0, 1], "split21_notXOR": [1, 1, 1, 1, 1], "split21_prob": [0.07210469824579188, 0.17712337342211304, 0.8458231027806508, 0.00882367289181159, 0.9141240614727805], "split22_index": [103, 104, 105, 106, 107, 108], "split22_pred": [0, 0, 1, 0, 0, 1], "split22_test": [0, 0, 0, 1, 0, 1], "split22_notXOR": [1, 1, 0, 0, 1, 1], "split22_prob": [0.07053565469322386, 0.1937796390690275, 0.7676433650199073, 0.2012320750351087, 0.008734112044702307, 0.9202879409449252], "split23_index": [109, 110, 111, 112, 113, 114], "split23_pred": [0, 0, 1, 0, 0, 1], "split23_test": [0, 0, 0, 1, 0, 1], "split23_notXOR": [1, 1, 0, 0, 1, 1], "split23_prob": [0.07355735465866324, 0.1928490196459839, 0.6178387073734861, 0.30289175994547, 0.008440176991255743, 0.9230477135515708], "split24_index": [115, 116, 117, 118, 119, 120], "split24_pred": [0, 0, 1, 0, 0, 1], "split24_test": [0, 0, 0, 1, 0, 1], "split24_notXOR": [1, 1, 0, 0, 1, 1], "split24_prob": [0.056674307510167464, 0.2080459164338438, 0.5632144455238012, 0.37721511570459143, 0.004694353312518913, 0.9236977829992891], "split25_index": [121, 122, 123, 124, 125, 126], "split25_pred": [0, 0, 0, 0, 0, 1], "split25_test": [0, 0, 0, 1, 0, 1], "split25_notXOR": [1, 1, 1, 0, 1, 1], "split25_prob": [0.08995507643082484, 0.32801546521031905, 0.4797058819262288, 0.4814738316460636, 0.007609975817693519, 0.929664721228179], "split26_index": [127, 128, 129, 130, 131, 132], "split26_pred": [0, 0, 0, 1, 0, 1], "split26_test": [0, 0, 0, 1, 0, 1], "split26_notXOR": [1, 1, 1, 1, 1, 1], "split26_prob": [0.09084551409103687, 0.2692280517777065, 0.41615733153774753, 0.5121965369777087, 0.0051816611333226886, 0.9141038742032546], "split27_index": [133, 134, 135, 136, 137, 138], "split27_pred": [0, 0, 0, 1, 0, 1], "split27_test": [0, 0, 0, 1, 0, 1], "split27_notXOR": [1, 1, 1, 1, 1, 1], "split27_prob": [0.09102675887246889, 0.16602841614405, 0.36284347104636805, 0.5519542817824824, 0.004211781825722374, 0.9240936376229549], "split28_index": [139, 140, 141, 142, 143, 144], "split28_pred": [0, 0, 0, 1, 0, 1], "split28_test": [0, 0, 0, 0, 0, 1], "split28_notXOR": [1, 1, 1, 0, 1, 1], "split28_prob": [0.09978439462055341, 0.17852470652413863, 0.3530360480158212, 0.6079049997570845, 0.003568174957435415, 0.941049266186528], "split29_index": [145, 146, 147, 148, 149, 150], "split29_pred": [0, 0, 0, 1, 0, 1], "split29_test": [0, 0, 0, 0, 0, 1], "split29_notXOR": [1, 1, 1, 0, 1, 1], "split29_prob": [0.08564240245674933, 0.1368400364936592, 0.3111509842278551, 0.5314573158782253, 0.005013774147345165, 0.9335792640041454], "split30_index": [151, 152, 153, 154, 155, 156], "split30_pred": [0, 0, 0, 1, 0, 1], "split30_test": [0, 0, 0, 0, 0, 1], "split30_notXOR": [1, 1, 1, 0, 1, 1],