{"split0_index": [8, 9, 10, 11, 12, 13, 14, 15], "split0_pred": [0, 0, 1, 1, 1, 0, 0, 0], "split0_test": [0, 0, 0, 1, 0, 0, 0, 0], "split0_notXOR": [1, 1, 0, 1, 0, 1, 1, 1], "split0_prob": [0.633538873653107, 0.5, 0.5, 0.33916468932587035, 0.5, 0.5, 0.5, 0.5], "split1_index": [16, 17, 18, 19, 20, 21, 22, 23], "split1_pred": [0, 0, 0, 1, 0, 0, 0, 0], "split1_test": [0, 0, 0, 1, 0, 0, 0, 0], "split1_notXOR": [1, 1, 1, 1, 1, 1, 1, 1], "split1_prob": [0.3678390674786311, 0.061499190021651634, 0.06967589006695268, 0.8777323280141736, 0.06967589006695268, 0.0697561663500247, 0.055074559663005576, 0.05802479870411817], "split2_index": [24, 25, 26, 27, 28, 29, 30, 31], "split2_pred": [0, 0, 0, 1, 0, 0, 0, 0], "split2_test": [0, 0, 0, 1, 0, 0, 0, 0], "split2_notXOR": [1, 1, 1, 1, 1, 1, 1, 1], "split2_prob": [0.13072485706667344, 0.0763372208177879, 0.07633722021399095, 0.7244222684584265, 0.07633722021399095, 0.08875035619748746, 0.06257925800709623, 0.06929981544941895], "split3_index": [32, 33, 34, 35, 36, 37, 38, 39, 40], "split3_pred": [0, 0, 0, 0, 1, 0, 0, 0, 0], "split3_test": [0, 0, 0, 0, 1, 0, 0, 0, 0], "split3_notXOR": [1, 1, 1, 1, 1, 1, 1, 1, 1], "split3_prob": [0.09794403967079743, 0.08812260291082556, 0.09783479511471659, 0.08462549221970005, 0.7822807443420318, 0.09783479511471659, 0.12206082104673266, 0.07969039957603127, 0.08165332947887187], "split4_index": [41, 42, 43, 44, 45, 46, 47, 48, 49], "split4_pred": [1, 0, 0, 0, 1, 0, 0, 0, 0], "split4_test": [0, 0, 0, 0, 1, 0, 0, 0, 0], "split4_notXOR": [0, 1, 1, 1, 1, 1, 1, 1, 1], "split4_prob": [0.5125761132826288, 0.3395086383839008, 0.14463520700697377, 0.13116836774579732, 0.8592097010789155, 0.14463520700697377, 0.47181262051141504, 0.13116836774579732, 0.144595435587893], "split5_index": [50, 51, 52, 53, 54, 55, 56, 57, 58], "split5_pred": [0, 0, 0, 0, 1, 0, 0, 0, 0], "split5_test": [0, 0, 0, 0, 1, 0, 0, 0, 0], "split5_notXOR": [1, 1, 1, 1, 1, 1, 1, 1, 1], "split5_prob": [0.0980680182136697, 0.086143164463258, 0.09812834642448348, 0.07500433933662393, 0.8484593223766466, 0.09812834642448348, 0.12885610345994983, 0.07500433933662393, 0.07739842336400081], "split6_index": [59, 60, 61, 62, 63, 64, 65, 66, 67], "split6_pred": [0, 0, 0, 0, 1, 0, 0, 0, 0], "split6_test": [0, 0, 0, 0, 1, 0, 0, 0, 0], "split6_notXOR": [1, 1, 1, 1, 1, 1, 1, 1, 1], "split6_prob": [0.40943357046879897, 0.08616805100957968, 0.10989409408589526, 0.08319225476381399, 0.8839725117872903, 0.10989409408589526, 0.10989409555435173, 0.08319225476381399, 0.08421477958011148]}