{"split0_index": [4, 5, 6, 7], "split0_pred": [0, 0, 1, 0], "split0_test": [0, 1, 0, 0], "split0_notXOR": [1, 0, 0, 1], "split0_prob": [0.7490080309615963, 0.7490080309615963, 0.5, 0.7490080309615963], "split1_index": [8, 9, 10, 11], "split1_pred": [1, 1, 0, 1], "split1_test": [0, 1, 0, 0], "split1_notXOR": [0, 1, 1, 0], "split1_prob": [0.28322466877662295, 0.3085539326397889, 0.6957584021026676, 0.3085539326397889], "split2_index": [12, 13, 14, 15], "split2_pred": [0, 1, 1, 1], "split2_test": [0, 1, 0, 0], "split2_notXOR": [1, 1, 0, 0], "split2_prob": [0.5458626590764035, 0.4297976249984594, 0.4620654546783042, 0.4297976249984594], "split3_index": [16, 17, 18, 19], "split3_pred": [0, 1, 1, 1], "split3_test": [0, 1, 0, 0], "split3_notXOR": [1, 1, 0, 0], "split3_prob": [0.3042800432602578, 0.5415653916079517, 0.5415653916079517, 0.5415653916079517], "split4_index": [20, 21, 22, 23], "split4_pred": [0, 1, 0, 1], "split4_test": [0, 1, 0, 0], "split4_notXOR": [1, 1, 1, 0], "split4_prob": [0.27742460532105806, 0.5701454216777241, 0.2918524779759203, 0.5701454216777241], "split5_index": [24, 25, 26, 27], "split5_pred": [1, 0, 1, 1], "split5_test": [1, 0, 0, 0], "split5_notXOR": [1, 1, 0, 0], "split5_prob": [0.572886916292289, 0.25740455120443206, 0.572886916292289, 0.572886916292289], "split6_index": [28, 29, 30, 31], "split6_pred": [1, 0, 0, 1], "split6_test": [1, 0, 0, 0], "split6_notXOR": [1, 1, 1, 0], "split6_prob": [0.6045612529718675, 0.17681546603303094, 0.24087307402059438, 0.6045612529718675], "split7_index": [32, 33, 34, 35], "split7_pred": [1, 0, 1, 0], "split7_test": [1, 0, 0, 0], "split7_notXOR": [1, 1, 0, 1], "split7_prob": [0.6351878958236026, 0.13815019341326215, 0.6351878958236026, 0.10363618012831635]}