{"split0_index": [24, 25, 26, 27, 28, 29, 30, 31, 32, 33, 34, 35, 36, 37, 38, 39, 40, 41, 42, 43, 44, 45, 46, 47], "split0_pred": [0, 0, 1, 0, 0, 0, 0, 0, 0, 0, 0, 0, 0, 0, 0, 0, 0, 0, 0, 0, 0, 0, 0, 0], "split0_test": [0, 0, 1, 0, 0, 0, 0, 0, 0, 0, 0, 0, 0, 0, 0, 0, 0, 0, 0, 0, 0, 0, 0, 0], "split0_notXOR": [1, 1, 1, 1, 1, 1, 1, 1, 1, 1, 1, 1, 1, 1, 1, 1, 1, 1, 1, 1, 1, 1, 1, 1], "split0_prob": [0.09297083310501189, 0.016714226426719738, 0.9673601561123778, 0.013002681446462211, 0.015137251525758077, 0.013247417932195686, 0.1535045860629679, 0.04153835328202932, 0.027629214682213965, 0.013027998654012718, 0.016279798034199027, 0.04147336707576137, 0.022027398027151916, 0.04153835328202932, 0.023715965335935778, 0.04153835328202932, 0.012842802279339283, 0.028266561631405222, 0.012099513224368497, 0.0183165286847653, 0.013247417932195686, 0.04153835328202932, 0.04153835328202932, 0.012842802279339283]}