{"split0_index": [10, 11, 12, 13, 14, 15, 16, 17, 18, 19], "split0_pred": [0, 0, 0, 0, 0, 0, 0, 0, 0, 0], "split0_test": [0, 0, 0, 0, 0, 0, 0, 0, 0, 1], "split0_notXOR": [1, 1, 1, 1, 1, 1, 1, 1, 1, 0], "split0_prob": [0.1547214632395304, 0.15374495285345507, 0.15437113206607292, 0.15400248727888316, 0.15397008249944016, 0.15408380635688695, 0.08242552173991805, 0.1540838081387509, 0.16085904127889092, 0.0015768491410218335], "split1_index": [20, 21, 22, 23, 24, 25, 26, 27, 28, 29], "split1_pred": [0, 0, 0, 0, 0, 0, 0, 0, 0, 1], "split1_test": [0, 1, 0, 0, 0, 0, 0, 0, 0, 1], "split1_notXOR": [1, 0, 1, 1, 1, 1, 1, 1, 1, 1], "split1_prob": [0.032099493926025825, 0.09012777519912522, 0.03326788393948454, 0.03297707673308401, 0.03291768213559708, 0.03286174519595257, 0.03292908412291978, 0.03292908412291978, 0.0289229482133589, 0.9999998804792867], "split2_index": [30, 31, 32, 33, 34, 35, 36, 37, 38, 39], "split2_pred": [0, 0, 1, 0, 0, 0, 0, 0, 0, 0], "split2_test": [0, 0, 0, 0, 0, 0, 0, 0, 0, 1], "split2_notXOR": [1, 1, 0, 1, 1, 1, 1, 1, 1, 0], "split2_prob": [0.050872816130019226, 0.06724921676963456, 0.8843519657061316, 0.050624801062512166, 0.1485369926286022, 0.16302611080328522, 0.05797813610609255, 0.05792487722386718, 0.055790043355043534, 0.06032479060433402], "split3_index": [40, 41, 42, 43, 44, 45, 46, 47, 48, 49], "split3_pred": [0, 0, 0, 0, 0, 0, 0, 0, 0, 0], "split3_test": [0, 0, 0, 0, 0, 0, 0, 0, 0, 1], "split3_notXOR": [1, 1, 1, 1, 1, 1, 1, 1, 1, 0], "split3_prob": [0.07321612906226767, 0.0732012098512392, 0.07487411440478428, 0.0751359215149674, 0.07410887307233918, 0.07648477570323453, 0.07515773908871548, 0.07515773908871548, 0.0730222325313628, 0.07499935282882005], "split4_index": [50, 51, 52, 53, 54, 55, 56, 57, 58, 59], "split4_pred": [0, 0, 0, 0, 0, 0, 0, 0, 0, 0], "split4_test": [0, 0, 0, 0, 0, 0, 0, 0, 0, 1], "split4_notXOR": [1, 1, 1, 1, 1, 1, 1, 1, 1, 0], "split4_prob": [0.06347494643991061, 0.21497473617389642, 0.10726172593838917, 0.15455639523253878, 0.148461317207703, 0.06716160797479831, 0.0670847110030113, 0.06713716073833356, 0.0636030830356345, 0.14856561550007782], "split5_index": [60, 61, 62, 63, 64, 65, 66, 67, 68, 69], "split5_pred": [0, 0, 0, 0, 0, 0, 0, 0, 0, 0], "split5_test": [0, 0, 0, 0, 0, 0, 0, 0, 0, 1], "split5_notXOR": [1, 1, 1, 1, 1, 1, 1, 1, 1, 0], "split5_prob": [0.11259197842545512, 0.06500175857671658, 0.06082913422666684, 0.06375401039108575, 0.061165421238946006, 0.07172767224816272, 0.07014440349542218, 0.07183005226723545, 0.06818129990146322, 0.09830978395986006]}