{"split0_index": [3, 4, 5, 6, 7, 8], "split0_pred": [0, 0, 0, 0, 1, 0], "split0_test": [1, 1, 0, 1, 0, 1], "split0_notXOR": [0, 0, 1, 0, 0, 0], "split0_prob": [0.519836281999384, 0.5177439698357094, 0.6563598329005373, 0.6186155356916405, 0.22954603311269917, 0.519836281999384], "split1_index": [9, 10, 11, 12, 13, 14], "split1_pred": [1, 1, 1, 0, 1, 1], "split1_test": [1, 0, 1, 0, 1, 0], "split1_notXOR": [1, 0, 1, 1, 1, 0], "split1_prob": [0.46975852428659626, 0.5123139702659837, 0.46352562563713207, 0.6604505337140809, 0.46352562563713207, 0.5149783389231238], "split2_index": [15, 16, 17, 18, 19, 20], "split2_pred": [1, 0, 1, 0, 1, 0], "split2_test": [1, 0, 1, 0, 1, 0], "split2_notXOR": [1, 1, 1, 1, 1, 1], "split2_prob": [0.6406362917017151, 0.3412869765487223, 0.6469044975630279, 0.3445780825368321, 0.6469044975630279, 0.3445446552989924], "split3_index": [21, 22, 23, 24, 25, 26], "split3_pred": [1, 0, 1, 0, 1, 0], "split3_test": [1, 0, 1, 0, 1, 0], "split3_notXOR": [1, 1, 1, 1, 1, 1], "split3_prob": [0.8705519321482144, 0.1794171034447275, 0.877245533991684, 0.18566509503498463, 0.877245533991684, 0.19711575340359658], "split4_index": [27, 28, 29, 30, 31, 32, 33], "split4_pred": [1, 0, 1, 0, 1, 1, 0], "split4_test": [1, 0, 1, 0, 1, 1, 0], "split4_notXOR": [1, 1, 1, 1, 1, 1, 1], "split4_prob": [0.9307589956187595, 0.16632678254298586, 0.9332345414864371, 0.17344032097319576, 0.9332345414864371, 0.9332345414864371, 0.26691866734369263], "split5_index": [34, 35, 36, 37, 38, 39, 40], "split5_pred": [1, 0, 1, 0, 1, 1, 0], "split5_test": [1, 0, 1, 0, 1, 1, 1], "split5_notXOR": [1, 1, 1, 1, 1, 1, 0], "split5_prob": [0.9111662392607945, 0.10512665132808993, 0.912172853984704, 0.10777524083730307, 0.912172853984704, 0.912172853984704, 0.14631461459076875], "split6_index": [41, 42, 43, 44, 45, 46, 47, 48], "split6_pred": [1, 0, 1, 0, 0, 1, 1, 0], "split6_test": [1, 0, 1, 0, 0, 1, 1, 0], "split6_notXOR": [1, 1, 1, 1, 1, 1, 1, 1], "split6_prob": [0.887395748803348, 0.15578910905649243, 0.9487926565610179, 0.33838732825866263, 0.3455380973979615, 0.9487926565610179, 0.9487926565610179, 0.36667712062255514]}