{"split0_index": [3, 4, 5], "split0_pred": [0, 1, 0], "split0_test": [0, 1, 0], "split0_notXOR": [1, 1, 1], "split0_prob": [0.0, 1.0, 0.0], "split1_index": [6, 7, 8], "split1_pred": [0, 1, 0], "split1_test": [0, 1, 0], "split1_notXOR": [1, 1, 1], "split1_prob": [0.0, 1.0, 0.0], "split2_index": [9, 10, 11], "split2_pred": [0, 1, 0], "split2_test": [0, 1, 0], "split2_notXOR": [1, 1, 1], "split2_prob": [0.0, 1.0, 0.0], "split3_index": [12, 13, 14], "split3_pred": [0, 1, 0], "split3_test": [0, 1, 0], "split3_notXOR": [1, 1, 1], "split3_prob": [0.0, 1.0, 0.0], "split4_index": [15, 16, 17], "split4_pred": [0, 1, 0], "split4_test": [0, 1, 0], "split4_notXOR": [1, 1, 1], "split4_prob": [0.0, 1.0, 0.0], "split5_index": [18, 19, 20], "split5_pred": [0, 1, 0], "split5_test": [0, 1, 0], "split5_notXOR": [1, 1, 1], "split5_prob": [0.0, 1.0, 0.0], "split6_index": [21, 22, 23, 24], "split6_pred": [0, 1, 0, 0], "split6_test": [0, 1, 1, 0], "split6_notXOR": [1, 1, 0, 1], "split6_prob": [0.0, 1.0, 0.0, 0.0], "split7_index": [25, 26, 27, 28], "split7_pred": [0, 1, 1, 0], "split7_test": [0, 1, 1, 0], "split7_notXOR": [1, 1, 1, 1], "split7_prob": [0.0, 1.0, 1.0, 7.538064306168546e-32], "split8_index": [29, 30, 31, 32], "split8_pred": [0, 1, 1, 0], "split8_test": [0, 1, 1, 0], "split8_notXOR": [1, 1, 1, 1], "split8_prob": [0.0, 1.0, 1.0, 9.065920540290196e-11], "split9_index": [33, 34, 35, 36], "split9_pred": [0, 1, 1, 0], "split9_test": [0, 1, 1, 0], "split9_notXOR": [1, 1, 1, 1], "split9_prob": [0.0, 1.0, 1.0, 2.1369833455227334e-08], "split10_index": [37, 38, 39, 40], "split10_pred": [0, 1, 1, 0], "split10_test": [0, 1, 1, 0], "split10_notXOR": [1, 1, 1, 1], "split10_prob": [0.0, 1.0, 1.0, 9.588677415012253e-06], "split11_index": [41, 42, 43, 44], "split11_pred": [0, 1, 1, 0], "split11_test": [0, 1, 0, 0], "split11_notXOR": [1, 1, 0, 1], "split11_prob": [0.0, 1.0, 1.0, 3.064112251756574e-05], "split12_index": [45, 46, 47, 48], "split12_pred": [0, 1, 1, 0], "split12_test": [0, 1, 0, 0], "split12_notXOR": [1, 1, 0, 1], "split12_prob": [0.0, 1.0, 0.9999999999988904, 0.0642386028851384], "split13_index": [49, 50, 51, 52, 53], "split13_pred": [0, 1, 1, 0, 1], "split13_test": [0, 1, 0, 0, 0], "split13_notXOR": [1, 1, 0, 1, 0], "split13_prob": [0.0, 1.0, 0.999999997327887, 0.2990759399433512, 0.9998634786520468], "split14_index": [54, 55, 56, 57, 58, 59], "split14_pred": [0, 0, 1, 0, 1, 1], "split14_test": [0, 1, 0, 0, 1, 0], "split14_notXOR": [1, 0, 0, 1, 1, 0], "split14_prob": [0.17101630120927563, 0.0, 0.9997673694957979, 0.0, 1.0, 0.9999988719497973], "split15_index": [60, 61, 62, 63, 64, 65], "split15_pred": [0, 1, 0, 0, 1, 0], "split15_test": [0, 1, 0, 0, 1, 0], "split15_notXOR": [1, 1, 1, 1, 1, 1], "split15_prob": [1.8195224014256683e-07, 0.733809404159808, 0.00017100568661956118, 3.400292080335066e-179, 1.0, 0.2667854952970938], "split16_index": [66, 67, 68, 69, 70, 71], "split16_pred": [0, 0, 0, 0, 1, 0], "split16_test": [0, 1, 0, 0, 1, 0], "split16_notXOR": [1, 0, 1, 1, 1, 1], "split16_prob": [2.205573701384937e-07, 0.40120064184960613, 0.00017537548835626148, 4.7622886253519996e-167, 1.0, 0.06846310708743894], "split17_index": [72, 73, 74, 75, 76, 77, 78], "split17_pred": [0, 1, 0, 0, 1, 0, 0], "split17_test": [0, 1, 0, 0, 1, 0, 0], "split17_notXOR": [1, 1, 1, 1, 1, 1, 1], "split17_prob": [3.678820241393631e-13, 1.0, 2.425903365938152e-10, 1.8110845723423853e-101, 1.0, 1.0118015205756648e-07, 1.2965208242506887e-10], "split18_index": [79, 80, 81, 82, 83, 84, 85], "split18_pred": [0, 1, 0, 0, 1, 0, 0], "split18_test": [0, 1, 0, 0, 1, 0, 0], "split18_notXOR": [1, 1, 1, 1, 1, 1, 1], "split18_prob": [2.1725766967390857e-12, 1.0, 1.3290313672130714e-09, 1.0211964910714094e-146, 1.0, 2.3395287622469138e-07, 7.025268216966043e-10], "split19_index": [86, 87, 88, 89, 90, 91, 92], "split19_pred": [0, 1, 0, 0, 1, 0, 0], "split19_test": [0, 1, 0, 0, 1, 0, 0], "split19_notXOR": [1, 1, 1, 1, 1, 1, 1], "split19_prob": [6.001408756086128e-12, 1.0, 1.759323433105153e-09, 3.8135648264728964e-94, 1.0, 3.245945015225997e-08, 9.304339239707727e-10], "split20_index": [93, 94, 95, 96, 97], "split20_pred": [0, 0, 1, 0, 1], "split20_test": [0, 0, 1, 0, 1], "split20_notXOR": [1, 1, 1, 1, 1], "split20_prob": [8.31210628349411e-13, 3.2859084358934428e-09, 1.0, 7.851968317740896e-99, 1.0], "split21_index": [98, 99, 100, 101, 102], "split21_pred": [0, 0, 1, 0, 1], "split21_test": [0, 0, 1, 0, 1], "split21_notXOR": [1, 1, 1, 1, 1], "split21_prob": [7.357600237450503e-13, 7.108341823956953e-09, 1.0, 3.003048983641366e-97, 1.0], "split22_index": [103, 104, 105, 106, 107, 108], "split22_pred": [0, 0, 1, 0, 0, 1], "split22_test": [0, 0, 0, 1, 0, 1], "split22_notXOR": [1, 1, 0, 0, 1, 1], "split22_prob": [2.2797141374028574e-07, 0.0012468354348173962, 0.9851492273584592, 0.0019844708300703175, 1.0626676839101234e-118, 1.0], "split23_index": [109, 110, 111, 112, 113, 114], "split23_pred": [0, 0, 1, 1, 0, 1], "split23_test": [0, 0, 0, 1, 0, 1], "split23_notXOR": [1, 1, 0, 1, 1, 1], "split23_prob": [3.0705573482572543e-09, 1.3122010051935649e-06, 0.9999999999999929, 0.9999999999962643, 6.738645557731139e-68, 1.0], "split24_index": [115, 116, 117, 118, 119, 120], "split24_pred": [0, 1, 1, 1, 0, 1], "split24_test": [0, 0, 0, 1, 0, 1], "split24_notXOR": [1, 0, 0, 1, 1, 1], "split24_prob": [1.1828969065498071e-08, 0.9982796840310392, 0.9999997490768702, 0.999953626745991, 1.8309252893862714e-116, 1.0], "split25_index": [121, 122, 123, 124, 125, 126], "split25_pred": [0, 0, 1, 1, 0, 1], "split25_test": [0, 0, 0, 1, 0, 1], "split25_notXOR": [1, 1, 0, 1, 1, 1], "split25_prob": [1.9432604511938622e-07, 4.482348460712774e-10, 0.962301646114761, 0.9960360359107645, 2.9656814916262256e-95, 1.0], "split26_index": [127, 128, 129, 130, 131, 132], "split26_pred": [0, 0, 1, 1, 0, 1], "split26_test": [0, 0, 0, 1, 0, 1], "split26_notXOR": [1, 1, 0, 1, 1, 1], "split26_prob": [2.7337950648950676e-06, 3.2765102850248748e-12, 0.9139307217264558, 0.9840596206459955, 1.2811290835882407e-134, 1.0], "split27_index": [133, 134, 135, 136, 137, 138], "split27_pred": [0, 0, 0, 1, 0, 1], "split27_test": [0, 0, 0, 1, 0, 1], "split27_notXOR": [1, 1, 1, 1, 1, 1], "split27_prob": [1.94230674190131e-06, 2.0444056813189637e-16, 0.4715300770023578, 0.9252037328519479, 4.995655542041472e-131, 1.0], "split28_index": [139, 140, 141, 142, 143, 144], "split28_pred": [0, 0, 0, 0, 0, 1], "split28_test": [0, 0, 0, 0, 0, 1], "split28_notXOR": [1, 1, 1, 1, 1, 1], "split28_prob": [2.0637134247127948e-07, 2.6038788083422938e-17, 0.07397212276372707, 0.4556479970481488, 2.63893370157218e-161, 1.0], "split29_index": [145, 146, 147, 148, 149, 150], "split29_pred": [0, 0, 0, 1, 0, 1], "split29_test": [0, 0, 0, 0, 0, 1], "split29_notXOR": [1, 1, 1, 0, 1, 1], "split29_prob": [5.71408670115514e-06, 5.026248015779638e-19, 0.38106426087189127, 0.9615046755793146, 7.687826481101814e-171, 1.0], "split30_index": [151, 152, 153, 154, 155, 156], "split30_pred": [0, 0, 0, 0, 0, 1], "split30_test": [0, 0, 0, 0, 0, 1], "split30_notXOR": [1, 1, 1, 1, 1, 1], "split30_prob": [3.750125635516889e-07, 1.1898169345835383e-20, 0.017363483525233273, 0.46029971410966913, 6.344291750784861e-172, 1.0], "split31_index": [157, 158, 159, 160, 161, 162], "split31_pred": [0, 0, 0, 0, 0, 1], "split31_test": [0, 0, 0, 0, 0, 1], "split31_notXOR": [1, 1, 1, 1, 1, 1], "split31_prob": [4.040786689856435e-07, 1.815935258473292e-20, 0.012039270471730253, 0.40240740244355283, 1.0809711095541241e-175, 1.0], "split32_index": [163, 164, 165, 166, 167, 168], "split32_pred": [0, 0, 0, 0, 0, 1], "split32_test": [0, 0, 0, 0, 0, 1], "split32_notXOR": [1, 1, 1, 1, 1, 1], "split32_prob": [4.192361124845977e-07, 7.436552431481449e-22, 0.009832427353872282, 0.2613327766320366, 2.858599137659585e-181, 1.0], "split33_index": [169, 170, 171, 172, 173, 174], "split33_pred": [0, 0, 0, 0, 0, 1], "split33_test": [0, 0, 0, 0, 0, 1], "split33_notXOR": [1, 1, 1, 1, 1, 1],