{"split0_index": [9, 10, 11, 12, 13, 14, 15, 16, 17, 18], "split0_pred": [0, 0, 0, 0, 0, 0, 0, 0, 0, 0], "split0_test": [0, 0, 0, 0, 0, 0, 1, 0, 0, 0], "split0_notXOR": [1, 1, 1, 1, 1, 1, 0, 1, 1, 1], "split0_prob": [0.12037301587301583, 0.12037301587301583, 0.12037301587301583, 0.12037301587301583, 0.12037301587301583, 0.12037301587301583, 0.12037301587301583, 0.12037301587301583, 0.044444444444444446, 0.12037301587301583], "split1_index": [19, 20, 21, 22, 23, 24, 25, 26, 27, 28], "split1_pred": [0, 0, 0, 0, 0, 0, 0, 0, 0, 0], "split1_test": [0, 0, 0, 0, 0, 0, 1, 0, 0, 0], "split1_notXOR": [1, 1, 1, 1, 1, 1, 0, 1, 1, 1], "split1_prob": [0.1250714408570445, 0.1250714408570445, 0.1250714408570445, 0.1250714408570445, 0.1250714408570445, 0.1250714408570445, 0.1250714408570445, 0.1250714408570445, 0.017894736842105262, 0.1250714408570445], "split2_index": [29, 30, 31, 32, 33, 34, 35, 36, 37, 38], "split2_pred": [0, 0, 0, 0, 0, 0, 0, 0, 0, 0], "split2_test": [0, 0, 0, 0, 0, 0, 1, 0, 0, 0], "split2_notXOR": [1, 1, 1, 1, 1, 1, 0, 1, 1, 1], "split2_prob": [0.12234029334539079, 0.12234029334539079, 0.12234029334539079, 0.12234029334539079, 0.12234029334539079, 0.12234029334539079, 0.12234029334539079, 0.12234029334539079, 0.003448275862068965, 0.12234029334539079], "split3_index": [39, 40, 41, 42, 43, 44, 45, 46, 47, 48], "split3_pred": [0, 0, 0, 0, 0, 0, 0, 0, 0, 0], "split3_test": [0, 0, 0, 0, 0, 0, 1, 0, 0, 0], "split3_notXOR": [1, 1, 1, 1, 1, 1, 0, 1, 1, 1], "split3_prob": [0.1126897638134467, 0.1126897638134467, 0.1126897638134467, 0.1126897638134467, 0.1126897638134467, 0.1126897638134467, 0.1126897638134467, 0.1126897638134467, 0.004358974358974359, 0.1126897638134467], "split4_index": [49, 50, 51, 52, 53, 54, 55, 56, 57, 58], "split4_pred": [0, 0, 0, 0, 0, 0, 0, 0, 0, 0], "split4_test": [0, 0, 0, 0, 0, 0, 1, 0, 0, 0], "split4_notXOR": [1, 1, 1, 1, 1, 1, 0, 1, 1, 1], "split4_prob": [0.11525502155497425, 0.11525502155497425, 0.11525502155497425, 0.11525502155497425, 0.11525502155497425, 0.11525502155497425, 0.11525502155497425, 0.11525502155497425, 0.0012244897959183673, 0.11525502155497425], "split5_index": [59, 60, 61, 62, 63, 64, 65, 66, 67, 68], "split5_pred": [0, 0, 0, 0, 0, 0, 0, 0, 0, 0], "split5_test": [0, 0, 0, 0, 0, 0, 1, 0, 0, 0], "split5_notXOR": [1, 1, 1, 1, 1, 1, 0, 1, 1, 1], "split5_prob": [0.10993382490426118, 0.10993382490426118, 0.10993382490426118, 0.10993382490426118, 0.10993382490426118, 0.10993382490426118, 0.10993382490426118, 0.10993382490426118, 0.0011864406779661016, 0.10993382490426118], "split6_index": [69, 70, 71, 72, 73, 74, 75, 76, 77, 78], "split6_pred": [0, 0, 0, 0, 0, 0, 0, 0, 0, 0], "split6_test": [0, 0, 0, 0, 0, 0, 1, 0, 0, 0], "split6_notXOR": [1, 1, 1, 1, 1, 1, 0, 1, 1, 1], "split6_prob": [0.0, 0.03070996052601176, 0.0, 0.0, 0.0, 0.0, 0.0, 0.11659179670506876, 0.0, 0.11659179670506876]}