{"split0_index": [7, 8, 9, 10, 11, 12, 13, 14, 15, 16], "split0_pred": [0, 0, 0, 1, 0, 0, 0, 0, 0, 0], "split0_test": [0, 0, 0, 1, 0, 0, 0, 0, 0, 1], "split0_notXOR": [1, 1, 1, 1, 1, 1, 1, 1, 1, 0], "split0_prob": [0.0, 9.68251022537846e-28, 2.599063104856761e-77, 1.0, 1.6679450347216842e-31, 0.0, 1.9481551845676104e-82, 6.44678720950547e-66, 6.476869467760416e-96, 0.0], "split1_index": [17, 18, 19, 20, 21, 22, 23, 24, 25, 26], "split1_pred": [0, 0, 0, 1, 0, 0, 0, 0, 0, 0], "split1_test": [0, 0, 0, 1, 0, 0, 0, 0, 0, 0], "split1_notXOR": [1, 1, 1, 1, 1, 1, 1, 1, 1, 1], "split1_prob": [5.1100873298016143e-23, 2.2316564140641386e-29, 6.106813236558564e-37, 1.0, 1.0821031209135412e-29, 9.281602300812104e-47, 3.1185419222093885e-38, 1.8862762151764948e-36, 6.670334054753122e-40, 1.0275565863265553e-20], "split2_index": [27, 28, 29, 30, 31, 32, 33, 34, 35, 36], "split2_pred": [0, 0, 0, 1, 0, 0, 0, 0, 0, 0], "split2_test": [0, 0, 0, 1, 0, 0, 0, 0, 0, 0], "split2_notXOR": [1, 1, 1, 1, 1, 1, 1, 1, 1, 1], "split2_prob": [1.820870139367887e-75, 7.957736651203459e-39, 3.756947951310798e-47, 1.0, 3.883584095903848e-40, 9.187536231320391e-40, 1.3964097124995402e-48, 1.62508072550919e-42, 3.206220637493286e-50, 4.223527363260139e-28], "split3_index": [37, 38, 39, 40, 41, 42, 43, 44, 45, 46], "split3_pred": [0, 0, 0, 1, 0, 0, 0, 0, 0, 1], "split3_test": [0, 0, 0, 1, 0, 0, 0, 0, 0, 0], "split3_notXOR": [1, 1, 1, 1, 1, 1, 1, 1, 1, 0], "split3_prob": [1.057616712364421e-84, 7.150475306617059e-40, 3.599823654523305e-50, 1.0, 8.805637110871919e-41, 7.601749095184333e-42, 3.1143632697080295e-52, 5.899812484143245e-47, 2.7080396291183784e-52, 1.0], "split4_index": [47, 48, 49, 50, 51, 52, 53, 54, 55, 56], "split4_pred": [0, 0, 0, 0, 1, 0, 0, 0, 0, 0], "split4_test": [0, 0, 0, 0, 1, 0, 0, 0, 0, 0], "split4_notXOR": [1, 1, 1, 1, 1, 1, 1, 1, 1, 1], "split4_prob": [2.5638087915840468e-30, 2.0270733931589255e-45, 2.0835000935911164e-37, 3.3320978198290775e-48, 1.0, 5.187725134364742e-37, 8.163278824871498e-41, 2.2591486316691542e-49, 1.8450979471635574e-50, 9.783551522791365e-25], "split5_index": [57, 58, 59, 60, 61, 62, 63, 64, 65, 66, 67], "split5_pred": [1, 0, 0, 0, 0, 0, 0, 0, 0, 0, 0], "split5_test": [1, 0, 0, 0, 0, 0, 0, 0, 0, 0, 0], "split5_notXOR": [1, 1, 1, 1, 1, 1, 1, 1, 1, 1, 1], "split5_prob": [1.0, 1.6331821609399955e-37, 2.0438249799197016e-37, 1.0062014757379634e-39, 5.9130453871263676e-36, 1.1112308473040423e-95, 3.546900043060715e-33, 1.1385452898082456e-46, 6.32550488127024e-52, 1.5369080396153547e-49, 3.9186977064126994e-35], "split6_index": [68, 69, 70, 71, 72, 73, 74, 75, 76, 77, 78], "split6_pred": [1, 0, 0, 0, 0, 0, 0, 0, 0, 0, 0], "split6_test": [1, 0, 0, 0, 0, 0, 0, 0, 0, 1, 0], "split6_notXOR": [1, 1, 1, 1, 1, 1, 1, 1, 1, 0, 1], "split6_prob": [1.0, 5.426912206631721e-52, 1.1432667986525107e-44, 1.257884735957817e-39, 4.1263308472940095e-42, 5.3563430808296546e-39, 1.512901603146832e-104, 1.6418554474229472e-55, 5.4201659161261495e-49, 3.971109162547582e-35, 1.7575926052145325e-35], "split7_index": [79, 80, 81, 82, 83, 84, 85, 86, 87, 88, 89], "split7_pred": [1, 0, 0, 0, 0, 0, 0, 0, 0, 0, 0], "split7_test": [1, 0, 0, 0, 0, 0, 0, 0, 0, 0, 0], "split7_notXOR": [1, 1, 1, 1, 1, 1, 1, 1, 1, 1, 1], "split7_prob": [1.0, 5.889831686788809e-48, 5.750763894142256e-37, 7.203980049891556e-34, 2.0640472596351027e-36, 2.8545916146352245e-32, 2.737407520128013e-25, 1.8769523746719468e-51, 2.892442530628196e-45, 9.266680071883453e-18, 5.6360348259676566e-30], "split8_index": [90, 91, 92, 93, 94, 95, 96, 97, 98, 99, 100, 101], "split8_pred": [1, 0, 0, 0, 0, 0, 0, 0, 0, 0, 0, 0], "split8_test": [1, 0, 0, 0, 0, 0, 0, 1, 0, 0, 0, 0], "split8_notXOR": [1, 1, 1, 1, 1, 1, 1, 0, 1, 1, 1, 1], "split8_prob": [1.0, 3.10049272217745e-51, 1.569033810351724e-35, 6.137845148927021e-36, 1.0479480923796126e-40, 7.772013251514487e-39, 4.0527560983750194e-26, 5.427081066428041e-54, 5.566860214673314e-56, 3.236268320458559e-48, 1.0124213375409762e-22, 2.6996517653410027e-31], "split9_index": [102, 103, 104, 105, 106, 107, 108, 109, 110, 111, 112, 113, 114], "split9_pred": [1, 0, 0, 0, 0, 0, 0, 0, 0, 0, 0, 0, 0], "split9_test": [1, 0, 0, 0, 0, 0, 0, 0, 0, 0, 0, 0, 0], "split9_notXOR": [1, 1, 1, 1, 1, 1, 1, 1, 1, 1, 1, 1, 1], "split9_prob": [1.0, 1.7940273203341746e-34, 1.4687366296778288e-36, 1.1947692283097524e-41, 3.5449083446808948e-31, 4.866998896894043e-183, 7.40650698683624e-33, 2.089915127781137e-45, 1.0922155057795364e-38, 1.0146099488261498e-37, 8.599707723035275e-33, 3.076949131096606e-32, 1.386420274978435e-30], "split10_index": [115, 116, 117, 118, 119, 120, 121, 122, 123, 124, 125, 126, 127], "split10_pred": [1, 0, 0, 0, 0, 0, 0, 0, 0, 0, 0, 0, 0], "split10_test": [1, 0, 0, 0, 0, 0, 0, 0, 0, 0, 0, 0, 0], "split10_notXOR": [1, 1, 1, 1, 1, 1, 1, 1, 1, 1, 1, 1, 1], "split10_prob": [1.0, 4.469831695738737e-35, 2.4733762691015077e-37, 8.662929087654432e-40, 4.3291879972201686e-32, 4.049313439004571e-33, 2.6148462819949187e-33, 1.6869297804644228e-24, 1.8414181132462836e-39, 1.1305063887736136e-38, 1.6408822110099525e-27, 8.766966818589325e-33, 9.23036325992454e-30], "split11_index": [128, 129, 130, 131, 132, 133, 134, 135, 136, 137, 138, 139, 140], "split11_pred": [1, 0, 0, 0, 0, 0, 0, 0, 0, 0, 0, 0, 1], "split11_test": [1, 0, 0, 0, 0, 0, 0, 0, 0, 0, 0, 0, 0], "split11_notXOR": [1, 1, 1, 1, 1, 1, 1, 1, 1, 1, 1, 1, 0], "split11_prob": [1.0, 1.4791771502410272e-26, 5.552831870375147e-29, 5.367365606557373e-33, 9.838507843036748e-43, 2.18273441748709e-27, 1.4760631447497964e-25, 7.623462000626079e-41, 2.4630687465598686e-31, 1.7375365752261398e-30, 1.9741295826293775e-26, 3.328318453052667e-24, 0.9903048845399837], "split12_index": [141, 142, 143, 144, 145, 146, 147, 148, 149, 150, 151, 152, 153], "split12_pred": [1, 0, 0, 0, 0, 0, 0, 0, 0, 0, 0, 0, 0], "split12_test": [1, 0, 0, 0, 0, 0, 0, 0, 0, 0, 0, 0, 0], "split12_notXOR": [1, 1, 1, 1, 1, 1, 1, 1, 1, 1, 1, 1, 1], "split12_prob": [1.0, 1.8565721646080442e-31, 4.030564407034963e-34, 5.010715956102594e-39, 1.706274234301478e-30, 8.9649947046438e-33, 1.0071582763162243e-30, 2.641636689602187e-47, 1.0722538398556969e-36, 8.784163385263504e-36, 1.7773880478085532e-32, 5.465584273181024e-29, 8.612712132761754e-26], "split13_index": [154, 155, 156, 157, 158, 159, 160, 161, 162, 163, 164, 165, 166], "split13_pred": [1, 0, 0, 0, 0, 0, 0, 0, 0, 0, 0, 0, 0], "split13_test": [1, 0, 0, 0, 0, 0, 0, 0, 0, 0, 0, 0, 0], "split13_notXOR": [1, 1, 1, 1, 1, 1, 1, 1, 1, 1, 1, 1, 1], "split13_prob": [1.0, 6.811124522836709e-31, 1.1895993475130918e-33, 2.0505476963138826e-39, 4.0406914867250694e-30, 1.6044376601203455e-32, 2.969623217844888e-30, 4.180066861816726e-48, 1.8912470129870637e-36, 1.8392944641246373e-35, 1.7328861855119264e-32, 2.0029543818068396e-28, 1.3461603962918931e-25], "split14_index": [167, 168, 169, 170, 171, 172, 173, 174, 175, 176, 177, 178], "split14_pred": [1, 0, 0, 0, 0, 0, 0, 0, 0, 0, 0, 0], "split14_test": [1, 0, 0, 0, 0, 0, 0, 0, 0, 0, 0, 0], "split14_notXOR": [1, 1, 1, 1, 1, 1, 1, 1, 1, 1, 1, 1], "split14_prob": [1.0, 3.798696149198106e-35, 4.549632201880499e-38, 8.29600202566319e-45, 1.1229229781564835e-34, 4.079668426729974e-37, 9.72330857107882e-35, 1.0429448801420168e-45, 7.842126074644901e-41, 5.244264891502995e-40, 1.694314207692134e-37, 2.7169002895067014e-30], "split15_index": [179, 180, 181, 182, 183, 184, 185, 186, 187, 188, 189, 190], "split15_pred": [1, 0, 0, 0, 0, 0, 0, 0, 0, 0, 0, 0], "split15_test": [1, 0, 0, 0, 0, 0, 0, 0, 0, 0, 0, 0], "split15_notXOR": [1, 1, 1, 1, 1, 1, 1, 1, 1, 1, 1, 1], "split15_prob": [1.0, 7.097126516134306e-31, 6.434728884814017e-34, 3.585130286798168e-44, 8.392592307371707e-32, 3.857245871701199e-33, 1.1960067385024158e-30, 8.12004184687713e-43, 6.803285844818776e-37, 5.518112039078845e-36, 3.623213138566454e-34, 1.313969680231435e-26], "split16_index": [191, 192, 193, 194, 195, 196, 197, 198, 199, 200, 201, 202], "split16_pred": [1, 0, 0, 0, 0, 0, 0, 0, 0, 0, 0, 0],