{"split0_index": [8, 9, 10, 11, 12, 13, 14, 15], "split0_pred": [0, 0, 0, 0, 0, 0, 0, 0], "split0_test": [0, 0, 0, 1, 0, 0, 0, 0], "split0_notXOR": [1, 1, 1, 0, 1, 1, 1, 1], "split0_prob": [0.18055698737585305, 0.18055698737585305, 0.18055698737585305, 0.18055698737585305, 0.18055698737585305, 0.18055698737585305, 0.18055698737585305, 0.18055698737585305], "split1_index": [16, 17, 18, 19, 20, 21, 22, 23], "split1_pred": [0, 0, 0, 0, 0, 0, 0, 0], "split1_test": [0, 0, 0, 1, 0, 0, 0, 0], "split1_notXOR": [1, 1, 1, 0, 1, 1, 1, 1], "split1_prob": [0.15725822423359037, 0.1484378103090664, 0.1484378103090664, 0.15725822423686853, 0.1484378103090664, 0.1484378103090664, 0.1484378103090664, 0.1484378103090664], "split2_index": [24, 25, 26, 27, 28, 29, 30, 31], "split2_pred": [0, 0, 0, 0, 0, 0, 0, 0], "split2_test": [0, 0, 0, 1, 0, 0, 0, 0], "split2_notXOR": [1, 1, 1, 0, 1, 1, 1, 1], "split2_prob": [0.09904644344794532, 0.09904644344794532, 0.09904644344794532, 0.09904644344794532, 0.09904644344794532, 0.0666686925844674, 0.09904644344794532, 0.09904644344794532], "split3_index": [32, 33, 34, 35, 36, 37, 38, 39, 40], "split3_pred": [0, 0, 0, 0, 0, 0, 0, 0, 0], "split3_test": [0, 0, 0, 0, 1, 0, 0, 0, 0], "split3_notXOR": [1, 1, 1, 1, 0, 1, 1, 1, 1], "split3_prob": [0.08459652512318591, 0.08459652512318591, 0.08459652512318591, 0.08459652512318591, 0.8857188370000402, 0.9007985019352358, 0.04537927342835403, 0.08459652512318591, 0.08459652512318591], "split4_index": [41, 42, 43, 44, 45, 46, 47, 48, 49], "split4_pred": [0, 0, 0, 0, 0, 0, 0, 0, 0], "split4_test": [0, 0, 0, 0, 1, 0, 0, 0, 0], "split4_notXOR": [1, 1, 1, 1, 0, 1, 1, 1, 1], "split4_prob": [0.0961383276643034, 0.0961383276643034, 0.0961383276643034, 0.3046487737972669, 0.0961383276643034, 0.0961383276643034, 0.0961383276643034, 0.0961383276643034, 0.0961383276643034], "split5_index": [50, 51, 52, 53, 54, 55, 56, 57, 58], "split5_pred": [0, 0, 0, 0, 0, 0, 0, 0, 0], "split5_test": [0, 0, 0, 0, 1, 0, 0, 0, 0], "split5_notXOR": [1, 1, 1, 1, 0, 1, 1, 1, 1], "split5_prob": [0.10489162033550965, 0.10489162033550965, 0.10489162033550965, 0.10489162033550965, 0.10489162033550965, 0.10489162033550965, 0.1289294212675957, 0.10489162033550965, 0.10489162033550965], "split6_index": [59, 60, 61, 62, 63, 64, 65, 66, 67], "split6_pred": [0, 0, 0, 0, 0, 0, 0, 0, 0], "split6_test": [0, 0, 0, 0, 1, 0, 0, 0, 0], "split6_notXOR": [1, 1, 1, 1, 0, 1, 1, 1, 1], "split6_prob": [0.1178348884318536, 0.1178348884318536, 0.1178348884318536, 0.1178348884318536, 0.1178348884318536, 0.1178348884318536, 0.1178348884318536, 0.1178348884318536, 0.1178348884318536]}