{"split0_index": [3, 4, 5], "split0_pred": [0, 0, 0], "split0_test": [1, 0, 0], "split0_notXOR": [0, 1, 1], "split0_prob": [0.445, 0.445, 0.445], "split1_index": [6, 7, 8], "split1_pred": [0, 0, 0], "split1_test": [1, 0, 0], "split1_notXOR": [0, 1, 1], "split1_prob": [0.33666666666666656, 0.41666666666666663, 0.33666666666666656], "split2_index": [9, 10, 11], "split2_pred": [0, 0, 0], "split2_test": [1, 0, 0], "split2_notXOR": [0, 1, 1], "split2_prob": [0.4260000000000002, 0.4260000000000002, 0.4260000000000002], "split3_index": [12, 13, 14], "split3_pred": [0, 0, 0], "split3_test": [1, 0, 0], "split3_notXOR": [0, 1, 1], "split3_prob": [0.38901190476190484, 0.38901190476190484, 0.38901190476190484], "split4_index": [15, 16, 17], "split4_pred": [1, 0, 1], "split4_test": [1, 0, 1], "split4_notXOR": [1, 1, 1], "split4_prob": [0.5936111111111111, 0.44570634920634916, 0.5071825396825398], "split5_index": [18, 19, 20], "split5_pred": [1, 1, 0], "split5_test": [1, 0, 1], "split5_notXOR": [1, 0, 0], "split5_prob": [0.970974025974026, 0.8381168831168831, 0.34140656565656563], "split6_index": [21, 22, 23], "split6_pred": [1, 1, 0], "split6_test": [1, 0, 1], "split6_notXOR": [1, 0, 0], "split6_prob": [0.85, 0.6145777000777, 0.39499783549783535], "split7_index": [24, 25, 26], "split7_pred": [1, 1, 0], "split7_test": [1, 0, 1], "split7_notXOR": [1, 0, 0], "split7_prob": [0.6991693910664497, 0.535, 0.17481861194361195], "split8_index": [27, 28, 29], "split8_pred": [0, 0, 0], "split8_test": [1, 0, 1], "split8_notXOR": [0, 1, 0], "split8_prob": [0.41707914063061124, 0.41707914063061124, 0.41707914063061124], "split9_index": [30, 31, 32], "split9_pred": [0, 0, 0], "split9_test": [1, 0, 1], "split9_notXOR": [0, 1, 0], "split9_prob": [0.34009263515122645, 0.44334962007862466, 0.44334962007862466], "split10_index": [33, 34, 35], "split10_pred": [0, 0, 0], "split10_test": [1, 0, 1], "split10_notXOR": [0, 1, 0], "split10_prob": [0.4570856999038114, 0.4570856999038114, 0.4570856999038114], "split11_index": [36, 37, 38], "split11_pred": [0, 0, 0], "split11_test": [1, 0, 1], "split11_notXOR": [0, 1, 0], "split11_prob": [0.44266183095743933, 0.44266183095743933, 0.44266183095743933], "split12_index": [39, 40, 41], "split12_pred": [0, 0, 0], "split12_test": [1, 0, 1], "split12_notXOR": [0, 1, 0], "split12_prob": [0.4733361421030621, 0.39, 0.44358112428843327], "split13_index": [42, 43, 44], "split13_pred": [0, 0, 0], "split13_test": [1, 0, 1], "split13_notXOR": [0, 1, 0], "split13_prob": [0.436603074338254, 0.436603074338254, 0.436603074338254], "split14_index": [45, 46, 47], "split14_pred": [1, 0, 1], "split14_test": [1, 0, 1], "split14_notXOR": [1, 1, 1], "split14_prob": [0.5017148700177969, 0.3401487398032389, 0.5017148700177969], "split15_index": [48, 49, 50], "split15_pred": [0, 0, 0], "split15_test": [1, 0, 1], "split15_notXOR": [0, 1, 0], "split15_prob": [0.49551747666386853, 0.43, 0.49551747666386853], "split16_index": [51, 52, 53], "split16_pred": [0, 1, 1], "split16_test": [1, 0, 1], "split16_notXOR": [0, 0, 1], "split16_prob": [0.4103104838709678, 0.5103982789701766, 0.5103982789701766], "split17_index": [54, 55, 56], "split17_pred": [1, 1, 1], "split17_test": [1, 0, 1], "split17_notXOR": [1, 0, 1], "split17_prob": [0.5035016778210564, 0.5035016778210564, 0.5035016778210564], "split18_index": [57, 58, 59], "split18_pred": [0, 0, 0], "split18_test": [1, 0, 1], "split18_notXOR": [0, 1, 0], "split18_prob": [0.49365496287839683, 0.4940018048586918, 0.4940018048586918], "split19_index": [60, 61, 62], "split19_pred": [0, 0, 0], "split19_test": [1, 0, 1], "split19_notXOR": [0, 1, 0], "split19_prob": [0.47296728954024725, 0.47296728954024725, 0.47296728954024725], "split20_index": [63, 64, 65], "split20_pred": [1, 1, 1], "split20_test": [1, 0, 1], "split20_notXOR": [1, 0, 1], "split20_prob": [0.6484273970382293, 0.5075994171462871, 0.6593890971892467], "split21_index": [66, 67, 68], "split21_pred": [0, 0, 0], "split21_test": [1, 0, 1], "split21_notXOR": [0, 1, 0], "split21_prob": [0.4683540666236077, 0.4683540666236077, 0.4683540666236077]}