{"split0_index": [9, 10, 11, 12, 13, 14, 15, 16, 17, 18], "split0_pred": [0, 0, 0, 0, 0, 0, 0, 0, 0, 0], "split0_test": [0, 0, 0, 0, 0, 0, 1, 0, 0, 0], "split0_notXOR": [1, 1, 1, 1, 1, 1, 0, 1, 1, 1], "split0_prob": [0.24684656296090574, 0.21678286098902694, 0.09721951663728842, 0.09721953267916876, 0.05368488474612668, 0.09721951590826251, 0.03487368516720148, 0.09721945247737776, 0.0905031689314455, 0.09721814017771058], "split1_index": [19, 20, 21, 22, 23, 24, 25, 26, 27, 28], "split1_pred": [0, 0, 0, 0, 0, 0, 0, 0, 0, 0], "split1_test": [0, 0, 0, 0, 0, 0, 1, 0, 0, 0], "split1_notXOR": [1, 1, 1, 1, 1, 1, 0, 1, 1, 1], "split1_prob": [0.09608024816873402, 0.06989368674010418, 0.07387399121609062, 0.10083336372905602, 0.1294890917889827, 0.10460582954732951, 0.4741815806663214, 0.06437549466821901, 0.09332987798686017, 0.0748677153786026], "split2_index": [29, 30, 31, 32, 33, 34, 35, 36, 37, 38], "split2_pred": [0, 0, 0, 0, 0, 0, 0, 0, 0, 0], "split2_test": [0, 0, 0, 0, 0, 0, 1, 0, 0, 0], "split2_notXOR": [1, 1, 1, 1, 1, 1, 0, 1, 1, 1], "split2_prob": [0.13284687231445103, 0.06359974825415877, 0.06697051410982448, 0.08708019240603246, 0.124296823205644, 0.08703250722180964, 0.5121671540525937, 0.05628878634501248, 0.08698692374089174, 0.06756124047589625], "split3_index": [39, 40, 41, 42, 43, 44, 45, 46, 47, 48], "split3_pred": [0, 0, 0, 0, 0, 0, 1, 0, 0, 0], "split3_test": [0, 0, 0, 0, 0, 0, 1, 0, 0, 0], "split3_notXOR": [1, 1, 1, 1, 1, 1, 1, 1, 1, 1], "split3_prob": [0.05699232960212131, 0.015765824980105068, 0.014429427956733, 0.04518042200058425, 0.07910659582278627, 0.04521822113591922, 0.8994184126220083, 0.009203958576459633, 0.04524303963420365, 0.016010202184536627], "split4_index": [49, 50, 51, 52, 53, 54, 55, 56, 57, 58], "split4_pred": [0, 0, 0, 0, 0, 0, 1, 0, 0, 0], "split4_test": [0, 0, 0, 0, 0, 0, 1, 0, 0, 0], "split4_notXOR": [1, 1, 1, 1, 1, 1, 1, 1, 1, 1], "split4_prob": [0.02702417218195634, 0.00955922299943956, 0.008441307978171305, 0.02693983546764903, 0.04502136118020713, 0.027054283103719896, 0.9859045846372876, 0.004770455380520604, 0.026921800911673576, 0.009637824996303598], "split5_index": [59, 60, 61, 62, 63, 64, 65, 66, 67, 68], "split5_pred": [0, 0, 0, 0, 0, 0, 1, 0, 0, 0], "split5_test": [0, 0, 0, 0, 0, 0, 1, 0, 0, 0], "split5_notXOR": [1, 1, 1, 1, 1, 1, 1, 1, 1, 1], "split5_prob": [0.02377082093254183, 0.009346312222064682, 0.007997938323470904, 0.02370450618463306, 0.04361866363768717, 0.023775996686333366, 0.9689269200519427, 0.005050297400198338, 0.023494201224004505, 0.009348977300276022], "split6_index": [69, 70, 71, 72, 73, 74, 75, 76, 77, 78], "split6_pred": [0, 0, 0, 0, 0, 0, 1, 0, 0, 0], "split6_test": [0, 0, 0, 0, 0, 0, 1, 0, 0, 0], "split6_notXOR": [1, 1, 1, 1, 1, 1, 1, 1, 1, 1], "split6_prob": [0.024633538707026253, 0.008704089627828905, 0.00659844851157847, 0.024651336071764996, 0.0536387656639038, 0.02472368773018543, 0.9966340962897201, 0.004105106884629279, 0.024540557899097443, 0.008327998119609192]}