{"split0_index": [3, 4, 5], "split0_pred": [0, 0, 0], "split0_test": [0, 1, 0], "split0_notXOR": [1, 0, 1], "split0_prob": [0.0, 0.0, 0.0], "split1_index": [6, 7, 8], "split1_pred": [0, 0, 0], "split1_test": [0, 1, 0], "split1_notXOR": [1, 0, 1], "split1_prob": [0.0, 0.0, 0.0], "split2_index": [9, 10, 11], "split2_pred": [0, 1, 0], "split2_test": [0, 1, 0], "split2_notXOR": [1, 1, 1], "split2_prob": [0.0, 1.0, 0.0], "split3_index": [12, 13, 14], "split3_pred": [0, 1, 0], "split3_test": [0, 1, 0], "split3_notXOR": [1, 1, 1], "split3_prob": [0.0, 1.0, 0.0], "split4_index": [15, 16, 17], "split4_pred": [0, 1, 0], "split4_test": [0, 1, 0], "split4_notXOR": [1, 1, 1], "split4_prob": [0.0, 1.0, 0.0], "split5_index": [18, 19, 20], "split5_pred": [0, 1, 0], "split5_test": [0, 1, 0], "split5_notXOR": [1, 1, 1], "split5_prob": [0.0, 1.0, 0.0], "split6_index": [21, 22, 23, 24], "split6_pred": [0, 1, 0, 0], "split6_test": [0, 1, 1, 0], "split6_notXOR": [1, 1, 0, 1], "split6_prob": [0.0, 1.0, 0.0, 0.0], "split7_index": [25, 26, 27, 28], "split7_pred": [0, 1, 1, 0], "split7_test": [0, 1, 1, 0], "split7_notXOR": [1, 1, 1, 1], "split7_prob": [0.0, 1.0, 1.0, 1.497207877508874e-23], "split8_index": [29, 30, 31, 32], "split8_pred": [0, 1, 1, 0], "split8_test": [0, 1, 1, 0], "split8_notXOR": [1, 1, 1, 1], "split8_prob": [0.0, 1.0, 1.0, 1.0596676217009803e-12], "split9_index": [33, 34, 35, 36], "split9_pred": [0, 1, 1, 0], "split9_test": [0, 1, 1, 0], "split9_notXOR": [1, 1, 1, 1], "split9_prob": [0.0, 1.0, 1.0, 3.0669241898171434e-11], "split10_index": [37, 38, 39, 40], "split10_pred": [0, 1, 1, 0], "split10_test": [0, 1, 1, 0], "split10_notXOR": [1, 1, 1, 1], "split10_prob": [0.0, 1.0, 1.0, 1.5309579408245014e-06], "split11_index": [41, 42, 43, 44], "split11_pred": [0, 1, 1, 0], "split11_test": [0, 1, 0, 0], "split11_notXOR": [1, 1, 0, 1], "split11_prob": [0.0, 1.0, 1.0, 9.65814269607838e-06], "split12_index": [45, 46, 47, 48], "split12_pred": [0, 1, 1, 0], "split12_test": [0, 1, 0, 0], "split12_notXOR": [1, 1, 0, 1], "split12_prob": [0.0, 1.0, 0.9999999999813962, 0.094459261366507], "split13_index": [49, 50, 51, 52, 53], "split13_pred": [0, 1, 1, 0, 1], "split13_test": [0, 1, 0, 0, 0], "split13_notXOR": [1, 1, 0, 1, 0], "split13_prob": [0.0, 1.0, 0.9999994099482237, 0.06135260740261355, 0.9992336720891978], "split14_index": [54, 55, 56, 57, 58, 59], "split14_pred": [0, 0, 1, 0, 1, 1], "split14_test": [0, 1, 0, 0, 1, 0], "split14_notXOR": [1, 0, 0, 1, 1, 0], "split14_prob": [0.3515498335974572, 0.0, 0.9999348893659447, 0.0, 1.0, 0.999936839248896], "split15_index": [60, 61, 62, 63, 64, 65], "split15_pred": [0, 0, 0, 0, 1, 0], "split15_test": [0, 1, 0, 0, 1, 0], "split15_notXOR": [1, 0, 1, 1, 1, 1], "split15_prob": [6.235242155581406e-09, 3.91301471747466e-09, 2.3477063089863624e-05, 0.0, 1.0, 0.0005146295277095301], "split16_index": [66, 67, 68, 69, 70, 71], "split16_pred": [0, 1, 0, 0, 1, 0], "split16_test": [0, 1, 0, 0, 1, 0], "split16_notXOR": [1, 1, 1, 1, 1, 1], "split16_prob": [2.4291519287680265e-12, 1.0, 3.754713295155098e-09, 4.8199924046090187e-228, 1.0, 4.428747103033576e-08], "split17_index": [72, 73, 74, 75, 76, 77, 78], "split17_pred": [0, 1, 0, 0, 1, 0, 0], "split17_test": [0, 1, 0, 0, 1, 0, 0], "split17_notXOR": [1, 1, 1, 1, 1, 1, 1], "split17_prob": [2.043011888141604e-12, 1.0, 1.6693274620994182e-09, 2.414341200691118e-187, 1.0, 3.2603461947177212e-09, 2.3280282351264093e-09], "split18_index": [79, 80, 81, 82, 83, 84, 85], "split18_pred": [0, 1, 0, 0, 1, 0, 0], "split18_test": [0, 1, 0, 0, 1, 0, 0], "split18_notXOR": [1, 1, 1, 1, 1, 1, 1], "split18_prob": [6.492916286165888e-16, 1.0, 3.053230205084861e-13, 1.3253515212413954e-173, 1.0, 1.8454860485385298e-13, 1.6380203637039176e-13], "split19_index": [86, 87, 88, 89, 90, 91, 92], "split19_pred": [0, 1, 0, 0, 1, 0, 0], "split19_test": [0, 1, 0, 0, 1, 0, 0], "split19_notXOR": [1, 1, 1, 1, 1, 1, 1], "split19_prob": [1.5899014753454662e-17, 1.0, 5.2654538986486044e-15, 2.3495630187457885e-115, 1.0, 6.04686197132123e-15, 2.8791870434795687e-15], "split20_index": [93, 94, 95, 96, 97], "split20_pred": [0, 0, 1, 0, 1], "split20_test": [0, 0, 1, 0, 1], "split20_notXOR": [1, 1, 1, 1, 1], "split20_prob": [1.2222484510821385e-16, 1.804117721168346e-14, 1.0, 9.846825238793575e-115, 1.0], "split21_index": [98, 99, 100, 101, 102], "split21_pred": [0, 0, 1, 0, 1], "split21_test": [0, 0, 1, 0, 1], "split21_notXOR": [1, 1, 1, 1, 1], "split21_prob": [6.390217463716633e-17, 1.1051495030295651e-14, 1.0, 8.216239761244858e-119, 1.0], "split22_index": [103, 104, 105, 106, 107, 108], "split22_pred": [0, 0, 1, 1, 0, 1], "split22_test": [0, 0, 0, 1, 0, 1], "split22_notXOR": [1, 1, 0, 1, 1, 1], "split22_prob": [7.078940309434995e-16, 8.955538321860013e-14, 1.0, 1.0, 7.366964980250337e-144, 1.0], "split23_index": [109, 110, 111, 112, 113, 114], "split23_pred": [0, 0, 1, 1, 0, 1], "split23_test": [0, 0, 0, 1, 0, 1], "split23_notXOR": [1, 1, 0, 1, 1, 1], "split23_prob": [2.195198352472026e-08, 2.6510528586795833e-07, 1.0, 0.9999999999996128, 1.7182653187781744e-110, 1.0], "split24_index": [115, 116, 117, 118, 119, 120], "split24_pred": [0, 0, 1, 1, 0, 1], "split24_test": [0, 0, 0, 1, 0, 1], "split24_notXOR": [1, 1, 0, 1, 1, 1], "split24_prob": [2.9349513282987234e-08, 0.0033289132586978524, 0.9999999999999512, 0.9999639998712783, 1.8352310533966904e-138, 1.0], "split25_index": [121, 122, 123, 124, 125, 126], "split25_pred": [0, 0, 1, 1, 0, 1], "split25_test": [0, 0, 0, 1, 0, 1], "split25_notXOR": [1, 1, 0, 1, 1, 1], "split25_prob": [1.818549864384985e-08, 4.1455141259088934e-11, 0.9999955795035746, 0.7741619123668915, 1.9163231957592106e-137, 1.0], "split26_index": [127, 128, 129, 130, 131, 132], "split26_pred": [0, 0, 0, 1, 0, 1], "split26_test": [0, 0, 0, 1, 0, 1], "split26_notXOR": [1, 1, 1, 1, 1, 1], "split26_prob": [2.0833400753756127e-07, 2.1232725329629563e-15, 0.37959863921500386, 0.7461528588629396, 4.5052995386043286e-145, 1.0], "split27_index": [133, 134, 135, 136, 137, 138], "split27_pred": [0, 0, 0, 0, 0, 1], "split27_test": [0, 0, 0, 1, 0, 1], "split27_notXOR": [1, 1, 1, 0, 1, 1], "split27_prob": [1.6711794876274785e-07, 1.1449120127561072e-22, 0.03031432365280817, 0.43597894937042475, 4.750104901126573e-149, 1.0], "split28_index": [139, 140, 141, 142, 143, 144], "split28_pred": [0, 0, 0, 0, 0, 1], "split28_test": [0, 0, 0, 0, 0, 1], "split28_notXOR": [1, 1, 1, 1, 1, 1], "split28_prob": [1.9735196695597908e-07, 4.978289978750202e-26, 0.044273777410955825, 0.35236016480602617, 2.444849514536614e-184, 1.0], "split29_index": [145, 146, 147, 148, 149, 150], "split29_pred": [0, 0, 0, 0, 0, 1], "split29_test": [0, 0, 0, 0, 0, 1], "split29_notXOR": [1, 1, 1, 1, 1, 1], "split29_prob": [3.761889465387542e-07, 1.8678585655591274e-26, 0.008349248153576825, 0.4299015359084131, 1.2980728205532483e-187, 1.0], "split30_index": [151, 152, 153, 154, 155, 156], "split30_pred": [0, 0, 0, 0, 0, 1], "split30_test": [0, 0, 0, 0, 0, 1], "split30_notXOR": [1, 1, 1, 1, 1, 1], "split30_prob": [5.076197335393976e-07, 1.8054807492824878e-27, 0.005372557777662853, 0.3587175367488289, 5.571590234527714e-192, 1.0], "split31_index": [157, 158, 159, 160, 161, 162], "split31_pred": [0, 0, 0, 1, 0, 1], "split31_test": [0, 0, 0, 0, 0, 1], "split31_notXOR": [1, 1, 1, 0, 1, 1], "split31_prob": [5.480988824071303e-07, 2.873637738324883e-30, 0.01414678594241392, 0.6398774448727168, 1.8501972552286954e-195, 1.0], "split32_index": [163, 164, 165, 166, 167, 168], "split32_pred": [0, 0, 0, 0, 0, 1], "split32_test": [0, 0, 0, 0, 0, 1], "split32_notXOR": [1, 1, 1, 1, 1, 1], "split32_prob": [9.495535818534973e-07, 3.9271600857139873e-29, 0.00372095751249166, 0.3541725962684196, 1.0459349876857562e-198, 1.0], "split33_index": [169, 170, 171, 172, 173, 174], "split33_pred": [0, 0, 0, 0, 0, 1], "split33_test": [0, 0, 0, 0, 0, 1], "split33_notXOR": [1, 1, 1, 1, 1, 1],