{"split0_index": [2, 3], "split0_pred": [0, 0], "split0_test": [1, 0], "split0_notXOR": [0, 1], "split0_prob": [0.43, 0.43], "split1_index": [4, 5], "split1_pred": [0, 0], "split1_test": [1, 0], "split1_notXOR": [0, 1], "split1_prob": [0.22583333333333333, 0.4391666666666667], "split2_index": [6, 7], "split2_pred": [0, 0], "split2_test": [1, 0], "split2_notXOR": [0, 1], "split2_prob": [0.39416666666666667, 0.2588333333333333], "split3_index": [8, 9], "split3_pred": [0, 1], "split3_test": [1, 0], "split3_notXOR": [0, 0], "split3_prob": [0.28, 0.625], "split4_index": [10, 11], "split4_pred": [1, 0], "split4_test": [1, 0], "split4_notXOR": [1, 1], "split4_prob": [0.64, 0.1705], "split5_index": [12, 13], "split5_pred": [0, 0], "split5_test": [1, 0], "split5_notXOR": [0, 1], "split5_prob": [0.39, 0.01], "split6_index": [14, 15], "split6_pred": [0, 0], "split6_test": [1, 0], "split6_notXOR": [0, 1], "split6_prob": [0.39083333333333337, 0.06333333333333332], "split7_index": [16, 17], "split7_pred": [1, 0], "split7_test": [1, 0], "split7_notXOR": [1, 1], "split7_prob": [0.52, 0.003333333333333333], "split8_index": [18, 19], "split8_pred": [0, 1], "split8_test": [1, 0], "split8_notXOR": [0, 0], "split8_prob": [0.0, 0.96], "split9_index": [20, 21], "split9_pred": [1, 0], "split9_test": [1, 0], "split9_notXOR": [1, 1], "split9_prob": [0.79, 0.030833333333333334], "split10_index": [22, 23], "split10_pred": [1, 0], "split10_test": [1, 0], "split10_notXOR": [1, 1], "split10_prob": [0.8, 0.0]}