{"split0_index": [7, 8, 9, 10, 11, 12, 13], "split0_pred": [1, 0, 0, 1, 1, 0, 0], "split0_test": [0, 0, 0, 1, 0, 0, 0], "split0_notXOR": [0, 1, 1, 1, 0, 1, 1], "split0_prob": [1.0, 0.022263310416796845, 0.03054958586859071, 0.9999999999993348, 0.9991707403084106, 0.02446561346196284, 0.01119543003183941], "split1_index": [14, 15, 16, 17, 18, 19, 20], "split1_pred": [1, 0, 0, 1, 1, 0, 0], "split1_test": [0, 0, 0, 1, 0, 0, 0], "split1_notXOR": [0, 1, 1, 1, 0, 1, 1], "split1_prob": [0.8299250395638308, 0.01955582658209845, 0.018795896915650527, 0.9996468171796624, 0.8014089882005698, 0.022176809113132873, 0.044298049122186184], "split2_index": [21, 22, 23, 24, 25, 26, 27], "split2_pred": [0, 0, 0, 1, 1, 0, 0], "split2_test": [0, 0, 0, 1, 0, 0, 0], "split2_notXOR": [1, 1, 1, 1, 0, 1, 1], "split2_prob": [0.16565399205013873, 0.013174705616989565, 0.012243287030842072, 0.9993783690457468, 0.8030423682148748, 0.017939104802824145, 0.04612556185362577], "split3_index": [28, 29, 30, 31, 32, 33, 34], "split3_pred": [0, 0, 0, 1, 1, 0, 0], "split3_test": [0, 0, 0, 1, 0, 0, 0], "split3_notXOR": [1, 1, 1, 1, 0, 1, 1], "split3_prob": [0.01670393403361455, 0.007336490695077827, 0.005684909728886885, 0.9999843343080921, 0.5444716858033242, 0.007824335345101957, 0.07570397420925937]}