{"split0_index": [4, 5, 6, 7], "split0_pred": [1, 1, 1, 1], "split0_test": [1, 1, 0, 0], "split0_notXOR": [1, 1, 0, 0], "split0_prob": [0.88, 0.88, 0.88, 0.88], "split1_index": [8, 9, 10, 11], "split1_pred": [0, 1, 1, 0], "split1_test": [1, 1, 0, 0], "split1_notXOR": [0, 1, 0, 1], "split1_prob": [0.31, 0.94, 0.94, 0.23], "split2_index": [12, 13, 14, 15], "split2_pred": [0, 1, 0, 0], "split2_test": [1, 1, 0, 0], "split2_notXOR": [0, 1, 1, 1], "split2_prob": [0.29, 0.9333333333333335, 0.21, 0.05], "split3_index": [16, 17, 18, 19, 20, 21], "split3_pred": [0, 1, 0, 0, 0, 0], "split3_test": [0, 1, 1, 0, 0, 0], "split3_notXOR": [1, 1, 0, 1, 1, 1], "split3_prob": [0.27, 0.9725, 0.31, 0.45, 0.13, 0.34], "split4_index": [22, 23, 24, 25], "split4_pred": [1, 1, 0, 1], "split4_test": [1, 1, 0, 0], "split4_notXOR": [1, 1, 1, 0], "split4_prob": [0.99, 0.99, 0.34, 0.63], "split5_index": [26, 27, 28, 29], "split5_pred": [1, 1, 0, 1], "split5_test": [1, 1, 0, 0], "split5_notXOR": [1, 1, 1, 0], "split5_prob": [0.5475, 0.5475, 0.12, 0.5475], "split6_index": [30, 31, 32, 33], "split6_pred": [1, 1, 0, 1], "split6_test": [1, 1, 0, 0], "split6_notXOR": [1, 1, 1, 0], "split6_prob": [0.5464999999999999, 0.5464999999999999, 0.21166666666666667, 0.5464999999999999], "split7_index": [34, 35, 36, 37], "split7_pred": [1, 1, 0, 1], "split7_test": [1, 1, 0, 0], "split7_notXOR": [1, 1, 1, 0], "split7_prob": [0.6241056998556999, 0.6241056998556999, 0.3885833333333333, 0.6241056998556999], "split8_index": [38, 39, 40, 41], "split8_pred": [0, 1, 1, 1], "split8_test": [1, 1, 0, 0], "split8_notXOR": [0, 1, 0, 0], "split8_prob": [0.179, 0.6970833333333332, 0.6970833333333332, 0.6970833333333332], "split9_index": [42, 43, 44, 45], "split9_pred": [0, 0, 0, 0], "split9_test": [1, 1, 0, 0], "split9_notXOR": [0, 0, 1, 1], "split9_prob": [0.23, 0.4672539682539682, 0.46, 0.4672539682539682], "split10_index": [46, 47, 48, 49], "split10_pred": [0, 1, 1, 1], "split10_test": [1, 1, 0, 0], "split10_notXOR": [0, 1, 0, 0], "split10_prob": [0.07, 0.6122301587301585, 0.6122301587301585, 0.6122301587301585], "split11_index": [50, 51, 52, 53], "split11_pred": [0, 1, 1, 1], "split11_test": [1, 1, 0, 0], "split11_notXOR": [0, 1, 0, 0], "split11_prob": [0.2725, 0.6530634920634918, 0.6530634920634918, 0.6530634920634918], "split12_index": [54, 55, 56, 57], "split12_pred": [0, 0, 0, 1], "split12_test": [1, 1, 0, 0], "split12_notXOR": [0, 0, 1, 0], "split12_prob": [0.38, 0.45226190476190475, 0.28, 0.5144649195833406], "split13_index": [58, 59, 60, 61], "split13_pred": [0, 1, 0, 0], "split13_test": [1, 1, 0, 0], "split13_notXOR": [0, 1, 1, 1], "split13_prob": [0.06, 0.8654761904761905, 0.04, 0.13], "split14_index": [62, 63, 64, 65], "split14_pred": [1, 1, 0, 0], "split14_test": [1, 1, 0, 0], "split14_notXOR": [1, 1, 1, 1], "split14_prob": [0.8864285714285713, 0.8864285714285713, 0.01, 0.39685317460317454], "split15_index": [66, 67, 68, 69], "split15_pred": [0, 0, 0, 0], "split15_test": [1, 1, 0, 0], "split15_notXOR": [0, 0, 1, 1], "split15_prob": [0.31, 0.08, 0.31, 0.4317674328595384], "split16_index": [70, 71, 72, 73], "split16_pred": [1, 0, 0, 1], "split16_test": [1, 0, 0, 1], "split16_notXOR": [1, 1, 1, 1], "split16_prob": [0.98, 0.08, 0.28, 0.62], "split17_index": [74, 75, 76, 77], "split17_pred": [1, 0, 1, 1], "split17_test": [1, 0, 0, 1], "split17_notXOR": [1, 1, 0, 1], "split17_prob": [0.6286489898989899, 0.32049999999999995, 0.6286489898989899, 0.6286489898989899], "split18_index": [78, 79, 80, 81], "split18_pred": [1, 1, 1, 0], "split18_test": [1, 0, 0, 0], "split18_notXOR": [1, 0, 0, 1], "split18_prob": [0.8562222222222222, 0.81, 0.8562222222222222, 0.03]}